\BOOKMARK [0][]{chapter.1}{\376\377\0001\000\040\000I\000n\000t\000r\000o\000d\000u\000c\000t\000i\000o\000n\000:\000\040\000T\000h\000e\000\040\000A\000P\000I\000\040\000E\000c\000o\000n\000o\000m\000y\000\040\000\046\000\040\000H\000o\000w\000\040\000t\000o\000\040\000U\000s\000e\000\040\000T\000h\000i\000s\000\040\000B\000o\000o\000k}{}% 1
\BOOKMARK [1][]{section*.4}{\376\377\000E\000x\000e\000c\000u\000t\000i\000v\000e\000\040\000S\000u\000m\000m\000a\000r\000y}{chapter.1}% 2
\BOOKMARK [1][]{section.1.1}{\376\377\0001\000.\0001\000\040\000L\000e\000a\000r\000n\000i\000n\000g\000\040\000O\000b\000j\000e\000c\000t\000i\000v\000e\000s\000\040\000\046\000\040\000P\000r\000e\000r\000e\000q\000u\000i\000s\000i\000t\000e\000s}{chapter.1}% 3
\BOOKMARK [2][]{subsection.1.1.1}{\376\377\0001\000.\0001\000.\0001\000\040\000L\000e\000a\000r\000n\000i\000n\000g\000\040\000O\000b\000j\000e\000c\000t\000i\000v\000e\000s}{section.1.1}% 4
\BOOKMARK [2][]{subsection.1.1.2}{\376\377\0001\000.\0001\000.\0002\000\040\000P\000r\000e\000r\000e\000q\000u\000i\000s\000i\000t\000e\000s}{section.1.1}% 5
\BOOKMARK [2][]{subsection.1.1.3}{\376\377\0001\000.\0001\000.\0003\000\040\000H\000o\000w\000\040\000t\000o\000\040\000U\000s\000e\000\040\000T\000h\000i\000s\000\040\000T\000e\000x\000t\000b\000o\000o\000k}{section.1.1}% 6
\BOOKMARK [2][]{subsection.1.1.4}{\376\377\0001\000.\0001\000.\0004\000\040\000R\000e\000a\000d\000e\000r\000\040\000P\000a\000t\000h\000w\000a\000y\000s}{section.1.1}% 7
\BOOKMARK [2][]{subsection.1.1.5}{\376\377\0001\000.\0001\000.\0005\000\040\000C\000o\000n\000v\000e\000n\000t\000i\000o\000n\000s\000\040\000U\000s\000e\000d\000\040\000i\000n\000\040\000T\000h\000i\000s\000\040\000B\000o\000o\000k}{section.1.1}% 8
\BOOKMARK [1][]{section.1.2}{\376\377\0001\000.\0002\000\040\000D\000e\000e\000p\000\040\000T\000e\000c\000h\000n\000i\000c\000a\000l\000\040\000M\000e\000c\000h\000a\000n\000i\000c\000s\000\040\000\046\000\040\000A\000r\000c\000h\000i\000t\000e\000c\000t\000u\000r\000a\000l\000\040\000C\000o\000n\000c\000e\000p\000t\000s}{chapter.1}% 9
\BOOKMARK [2][]{subsection.1.2.1}{\376\377\0001\000.\0002\000.\0001\000\040\000W\000h\000a\000t\000\040\000a\000n\000\040\000A\000P\000I\000\040\000I\000s\000:\000\040\000A\000\040\000F\000o\000r\000m\000a\000l\000\040\000D\000e\000f\000i\000n\000i\000t\000i\000o\000n}{section.1.2}% 10
\BOOKMARK [2][]{subsection.1.2.2}{\376\377\0001\000.\0002\000.\0002\000\040\000T\000h\000e\000\040\000A\000P\000I\000\040\000V\000a\000l\000u\000e\000\040\000C\000h\000a\000i\000n}{section.1.2}% 11
\BOOKMARK [2][]{subsection.1.2.3}{\376\377\0001\000.\0002\000.\0003\000\040\000T\000h\000r\000e\000e\000\040\000M\000e\000n\000t\000a\000l\000\040\000M\000o\000d\000e\000l\000s\000:\000\040\000P\000r\000o\000d\000u\000c\000t\000,\000\040\000C\000o\000n\000t\000r\000a\000c\000t\000,\000\040\000F\000a\000i\000l\000u\000r\000e\000\040\000S\000u\000r\000f\000a\000c\000e}{section.1.2}% 12
\BOOKMARK [2][]{subsection.1.2.4}{\376\377\0001\000.\0002\000.\0004\000\040\000T\000h\000e\000\040\000F\000i\000v\000e\000-\000C\000a\000t\000e\000g\000o\000r\000y\000\040\000A\000P\000I\000\040\000F\000a\000i\000l\000u\000r\000e\000\040\000T\000a\000x\000o\000n\000o\000m\000y}{section.1.2}% 13
\BOOKMARK [2][]{subsection.1.2.5}{\376\377\0001\000.\0002\000.\0005\000\040\000T\000h\000e\000\040\000A\000P\000I\000\040\000M\000a\000t\000u\000r\000i\000t\000y\000\040\000M\000o\000d\000e\000l\000\040\000\050\000L\0000\040\023\000L\0004\000\051}{section.1.2}% 14
\BOOKMARK [2][]{subsection.1.2.6}{\376\377\0001\000.\0002\000.\0006\000\040\000M\000a\000p\000\040\000o\000f\000\040\000t\000h\000e\000\040\000B\000o\000o\000k\000:\000\040\000F\000o\000u\000r\000\040\000M\000o\000d\000u\000l\000e\000s\000\040\000a\000n\000d\000\040\000a\000\040\000S\000y\000n\000t\000h\000e\000s\000i\000s}{section.1.2}% 15
\BOOKMARK [2][]{subsection.1.2.7}{\376\377\0001\000.\0002\000.\0007\000\040\000R\000e\000f\000e\000r\000e\000n\000c\000e\000\040\000A\000r\000c\000h\000i\000t\000e\000c\000t\000u\000r\000e\000\040\000V\000a\000r\000i\000a\000n\000t\000s}{section.1.2}% 16
\BOOKMARK [2][]{subsection.1.2.8}{\376\377\0001\000.\0002\000.\0008\000\040\000C\000o\000s\000t\000\040\000a\000n\000d\000\040\000L\000a\000t\000e\000n\000c\000y\000\040\000B\000u\000d\000g\000e\000t\000i\000n\000g}{section.1.2}% 17
\BOOKMARK [2][]{subsection.1.2.9}{\376\377\0001\000.\0002\000.\0009\000\040\000G\000o\000v\000e\000r\000n\000a\000n\000c\000e\000,\000\040\000S\000L\000O\000s\000,\000\040\000a\000n\000d\000\040\000T\000h\000r\000e\000a\000t\000\040\000M\000o\000d\000e\000l\000i\000n\000g\000:\000\040\000T\000h\000e\000\040\000B\000a\000s\000e\000l\000i\000n\000e}{section.1.2}% 18
\BOOKMARK [2][]{subsection.1.2.10}{\376\377\0001\000.\0002\000.\0001\0000\000\040\000S\000c\000o\000p\000e\000\040\000B\000o\000u\000n\000d\000a\000r\000i\000e\000s\000,\000\040\000A\000s\000s\000u\000m\000p\000t\000i\000o\000n\000s\000,\000\040\000a\000n\000d\000\040\000R\000i\000s\000k\000s}{section.1.2}% 19
\BOOKMARK [1][]{section.1.3}{\376\377\0001\000.\0003\000\040\000P\000r\000o\000d\000u\000c\000t\000i\000o\000n\000-\000R\000e\000a\000d\000y\000\040\000C\000o\000d\000e\000\040\000I\000m\000p\000l\000e\000m\000e\000n\000t\000a\000t\000i\000o\000n}{chapter.1}% 20
\BOOKMARK [2][]{subsection.1.3.1}{\376\377\0001\000.\0003\000.\0001\000\040\000E\000n\000v\000i\000r\000o\000n\000m\000e\000n\000t\000\040\000S\000e\000t\000u\000p\000\040\000B\000a\000s\000e\000l\000i\000n\000e}{section.1.3}% 21
\BOOKMARK [2][]{subsection.1.3.2}{\376\377\0001\000.\0003\000.\0002\000\040\000E\000v\000a\000l\000u\000a\000t\000i\000o\000n\000\040\000P\000r\000i\000m\000e\000r\000:\000\040\000M\000e\000a\000s\000u\000r\000i\000n\000g\000\040\000L\000a\000t\000e\000n\000c\000y\000\040\000C\000o\000r\000r\000e\000c\000t\000l\000y}{section.1.3}% 22
\BOOKMARK [2][]{subsection.1.3.3}{\376\377\0001\000.\0003\000.\0003\000\040\000A\000\040\000C\000o\000m\000p\000l\000e\000t\000e\000\040\000O\000f\000f\000l\000i\000n\000e\000\040\000A\000P\000I\000\040\000a\000n\000d\000\040\000C\000l\000i\000e\000n\000t\000\040\000i\000n\000\040\000t\000h\000e\000\040\000S\000t\000a\000n\000d\000a\000r\000d\000\040\000L\000i\000b\000r\000a\000r\000y}{section.1.3}% 23
\BOOKMARK [1][]{section.1.4}{\376\377\0001\000.\0004\000\040\000C\000o\000m\000m\000o\000n\000\040\000P\000i\000t\000f\000a\000l\000l\000s\000\040\000\046\000\040\000A\000n\000t\000i\000-\000P\000a\000t\000t\000e\000r\000n\000s}{chapter.1}% 24
\BOOKMARK [2][]{subsection.1.4.1}{\376\377\0001\000.\0004\000.\0001\000\040\000C\000o\000n\000s\000u\000m\000e\000r\000-\000S\000i\000d\000e\000\040\000P\000i\000t\000f\000a\000l\000l\000s}{section.1.4}% 25
\BOOKMARK [2][]{subsection.1.4.2}{\376\377\0001\000.\0004\000.\0002\000\040\000P\000r\000o\000v\000i\000d\000e\000r\000-\000S\000i\000d\000e\000\040\000P\000i\000t\000f\000a\000l\000l\000s}{section.1.4}% 26
\BOOKMARK [2][]{subsection.1.4.3}{\376\377\0001\000.\0004\000.\0003\000\040\000O\000r\000g\000a\000n\000i\000z\000a\000t\000i\000o\000n\000a\000l\000\040\000A\000n\000t\000i\000-\000P\000a\000t\000t\000e\000r\000n\000s}{section.1.4}% 27
\BOOKMARK [2][]{subsection.1.4.4}{\376\377\0001\000.\0004\000.\0004\000\040\000C\000o\000m\000m\000o\000n\000\040\000M\000y\000t\000h\000s\000\040\000A\000b\000o\000u\000t\000\040\000A\000P\000I\000s}{section.1.4}% 28
\BOOKMARK [2][]{subsection.1.4.5}{\376\377\0001\000.\0004\000.\0005\000\040\000C\000o\000m\000m\000o\000n\000\040\000M\000i\000s\000t\000a\000k\000e\000s\000\040\000\046\000\040\000D\000e\000b\000u\000g\000g\000i\000n\000g\000\040\000G\000a\000l\000l\000e\000r\000y}{section.1.4}% 29
\BOOKMARK [1][]{section.1.5}{\376\377\0001\000.\0005\000\040\000H\000a\000n\000d\000s\000-\000O\000n\000\040\000P\000r\000o\000d\000u\000c\000t\000i\000o\000n\000\040\000L\000a\000b\000\040\000\046\000\040\000R\000e\000a\000l\000-\000W\000o\000r\000l\000d\000\040\000C\000a\000s\000e\000\040\000S\000t\000u\000d\000y}{chapter.1}% 30
\BOOKMARK [2][]{subsection.1.5.1}{\376\377\0001\000.\0005\000.\0001\000\040\000Q\000u\000i\000c\000k\000-\000S\000t\000a\000r\000t\000\040\000L\000a\000b\000:\000\040\000B\000u\000i\000l\000d\000,\000\040\000R\000u\000n\000,\000\040\000M\000e\000a\000s\000u\000r\000e\000\040\000\050\0002\040\023\0003\000\040\000H\000o\000u\000r\000s\000,\000\040\000O\000f\000f\000l\000i\000n\000e\000\051}{section.1.5}% 31
\BOOKMARK [2][]{subsection.1.5.2}{\376\377\0001\000.\0005\000.\0002\000\040\000P\000r\000o\000d\000u\000c\000t\000i\000o\000n\000\040\000W\000a\000r\000\040\000S\000t\000o\000r\000y\000:\000\040\000T\000h\000e\000\040\000M\000i\000s\000s\000i\000n\000g\000\040\000T\000i\000m\000e\000o\000u\000t}{section.1.5}% 32
\BOOKMARK [2][]{subsection.1.5.3}{\376\377\0001\000.\0005\000.\0003\000\040\000D\000i\000a\000g\000n\000o\000s\000t\000i\000c\000\040\000P\000l\000a\000y\000b\000o\000o\000k\000:\000\040\000`\000`\000T\000h\000e\000\040\000A\000P\000I\000\040\000I\000s\000\040\000S\000l\000o\000w\000'\000'\000\040\000/\000\040\000`\000`\000T\000h\000e\000\040\000A\000P\000I\000\040\000I\000s\000\040\000B\000r\000o\000k\000e\000n\000'\000'}{section.1.5}% 33
\BOOKMARK [1][]{section.1.6}{\376\377\0001\000.\0006\000\040\000S\000e\000l\000f\000-\000A\000s\000s\000e\000s\000s\000m\000e\000n\000t\000\040\000E\000x\000e\000r\000c\000i\000s\000e\000s\000\040\000\046\000\040\000D\000e\000e\000p\000-\000D\000i\000v\000e\000\040\000Q\000u\000e\000s\000t\000i\000o\000n\000s}{chapter.1}% 34
\BOOKMARK [2][]{subsection.1.6.1}{\376\377\0001\000.\0006\000.\0001\000\040\000R\000e\000a\000d\000i\000n\000e\000s\000s\000\040\000S\000e\000l\000f\000-\000A\000s\000s\000e\000s\000s\000m\000e\000n\000t}{section.1.6}% 35
\BOOKMARK [2][]{subsection.1.6.2}{\376\377\0001\000.\0006\000.\0002\000\040\000E\000x\000e\000r\000c\000i\000s\000e\000s}{section.1.6}% 36
\BOOKMARK [2][]{subsection.1.6.3}{\376\377\0001\000.\0006\000.\0003\000\040\000D\000e\000e\000p\000-\000D\000i\000v\000e\000\040\000Q\000u\000e\000s\000t\000i\000o\000n\000s}{section.1.6}% 37
\BOOKMARK [1][]{section.1.7}{\376\377\0001\000.\0007\000\040\000I\000n\000t\000e\000r\000v\000i\000e\000w\000\040\000Q\000\046\000A\000\040\000V\000a\000u\000l\000t}{chapter.1}% 38
\BOOKMARK [1][]{section.1.8}{\376\377\0001\000.\0008\000\040\000E\000x\000t\000e\000r\000n\000a\000l\000\040\000B\000i\000b\000l\000i\000o\000g\000r\000a\000p\000h\000y\000\040\000\046\000\040\000F\000u\000r\000t\000h\000e\000r\000\040\000R\000e\000a\000d\000i\000n\000g}{chapter.1}% 39
\BOOKMARK [2][]{subsection.1.8.1}{\376\377\0001\000.\0008\000.\0001\000\040\000F\000o\000u\000n\000d\000a\000t\000i\000o\000n\000a\000l\000\040\000B\000o\000o\000k\000s}{section.1.8}% 40
\BOOKMARK [2][]{subsection.1.8.2}{\376\377\0001\000.\0008\000.\0002\000\040\000S\000t\000a\000n\000d\000a\000r\000d\000s\000\040\000a\000n\000d\000\040\000S\000p\000e\000c\000i\000f\000i\000c\000a\000t\000i\000o\000n\000s}{section.1.8}% 41
\BOOKMARK [2][]{subsection.1.8.3}{\376\377\0001\000.\0008\000.\0003\000\040\000O\000n\000l\000i\000n\000e\000\040\000D\000o\000c\000u\000m\000e\000n\000t\000a\000t\000i\000o\000n\000\040\000a\000n\000d\000\040\000C\000o\000u\000r\000s\000e\000s}{section.1.8}% 42
\BOOKMARK [2][]{subsection.1.8.4}{\376\377\0001\000.\0008\000.\0004\000\040\000R\000e\000c\000o\000m\000m\000e\000n\000d\000e\000d\000\040\000D\000a\000t\000a\000s\000e\000t\000s\000\040\000\050\000S\000y\000n\000t\000h\000e\000t\000i\000c\000\040\000O\000n\000l\000y\000\051}{section.1.8}% 43
\BOOKMARK [1][]{section.1.9}{\376\377\0001\000.\0009\000\040\000C\000a\000p\000s\000t\000o\000n\000e\000\040\000P\000r\000o\000j\000e\000c\000t\000s}{chapter.1}% 44
\BOOKMARK [2][]{subsection.1.9.1}{\376\377\0001\000.\0009\000.\0001\000\040\000P\000r\000o\000j\000e\000c\000t\000\040\0000\000.\0001\000\040\040\024\000\040\000C\000o\000n\000t\000r\000a\000c\000t\000\040\000A\000r\000c\000h\000a\000e\000o\000l\000o\000g\000y\000\040\000[\000j\000u\000n\000i\000o\000r\000]}{section.1.9}% 45
\BOOKMARK [2][]{subsection.1.9.2}{\376\377\0001\000.\0009\000.\0002\000\040\000P\000r\000o\000j\000e\000c\000t\000\040\0000\000.\0002\000\040\040\024\000\040\000H\000o\000n\000e\000s\000t\000\040\000B\000e\000n\000c\000h\000m\000a\000r\000k\000s\000\040\000[\000m\000i\000d\000]}{section.1.9}% 46
\BOOKMARK [2][]{subsection.1.9.3}{\376\377\0001\000.\0009\000.\0003\000\040\000P\000r\000o\000j\000e\000c\000t\000\040\0000\000.\0003\000\040\040\024\000\040\000F\000a\000i\000l\000u\000r\000e\000\040\000T\000a\000x\000o\000n\000o\000m\000y\000\040\000F\000i\000e\000l\000d\000\040\000G\000u\000i\000d\000e\000\040\000[\000m\000i\000d\000]}{section.1.9}% 47
\BOOKMARK [2][]{subsection.1.9.4}{\376\377\0001\000.\0009\000.\0004\000\040\000P\000r\000o\000j\000e\000c\000t\000\040\0000\000.\0004\000\040\040\024\000\040\000B\000u\000d\000g\000e\000t\000s\000\040\000a\000n\000d\000\040\000B\000r\000e\000a\000k\000e\000r\000s\000\040\000f\000o\000r\000\040\000t\000h\000e\000\040\000M\000i\000n\000i\000\040\000A\000P\000I\000\040\000[\000s\000e\000n\000i\000o\000r\000]}{section.1.9}% 48
\BOOKMARK [2][]{subsection.1.9.5}{\376\377\0001\000.\0009\000.\0005\000\040\000P\000r\000o\000j\000e\000c\000t\000\040\0000\000.\0005\000\040\040\024\000\040\000A\000P\000I\000\040\000P\000l\000a\000t\000f\000o\000r\000m\000\040\000G\000o\000v\000e\000r\000n\000a\000n\000c\000e\000\040\000S\000t\000a\000r\000t\000e\000r\000\040\000[\000s\000t\000a\000f\000f\000]}{section.1.9}% 49
\BOOKMARK [1][]{section.1.10}{\376\377\0001\000.\0001\0000\000\040\000P\000y\000t\000h\000o\000n\000\040\000D\000e\000p\000e\000n\000d\000e\000n\000c\000i\000e\000s\000\040\000A\000p\000p\000e\000n\000d\000i\000x}{chapter.1}% 50
\BOOKMARK [2][]{subsection.1.10.1}{\376\377\0001\000.\0001\0000\000.\0001\000\040\000f\000a\000s\000t\000a\000p\000i}{section.1.10}% 51
\BOOKMARK [2][]{subsection.1.10.2}{\376\377\0001\000.\0001\0000\000.\0002\000\040\000u\000v\000i\000c\000o\000r\000n}{section.1.10}% 52
\BOOKMARK [2][]{subsection.1.10.3}{\376\377\0001\000.\0001\0000\000.\0003\000\040\000h\000t\000t\000p\000x}{section.1.10}% 53
\BOOKMARK [2][]{subsection.1.10.4}{\376\377\0001\000.\0001\0000\000.\0004\000\040\000p\000y\000d\000a\000n\000t\000i\000c}{section.1.10}% 54
\BOOKMARK [2][]{subsection.1.10.5}{\376\377\0001\000.\0001\0000\000.\0005\000\040\000p\000y\000t\000e\000s\000t}{section.1.10}% 55
\BOOKMARK [1][]{section.1.11}{\376\377\0001\000.\0001\0001\000\040\000C\000h\000a\000p\000t\000e\000r\000\040\000S\000u\000m\000m\000a\000r\000y\000\040\000\046\000\040\000K\000e\000y\000\040\000T\000a\000k\000e\000a\000w\000a\000y\000s}{chapter.1}% 56
\BOOKMARK [1][]{section.1.12}{\376\377\0001\000.\0001\0002\000\040\000Q\000u\000i\000c\000k\000-\000R\000e\000f\000e\000r\000e\000n\000c\000e\000\040\000C\000a\000r\000d}{chapter.1}% 57
\BOOKMARK [1][]{section.1.13}{\376\377\0001\000.\0001\0003\000\040\000S\000t\000a\000n\000d\000a\000r\000d\000i\000z\000e\000d\000\040\000E\000v\000i\000d\000e\000n\000c\000e\000\040\000A\000d\000d\000e\000n\000d\000u\000m}{chapter.1}% 58
\BOOKMARK [2][]{subsection.1.13.1}{\376\377\0001\000.\0001\0003\000.\0001\000\040\000B\000e\000n\000c\000h\000m\000a\000r\000k\000\040\000S\000n\000a\000p\000s\000h\000o\000t\000\040\000T\000e\000m\000p\000l\000a\000t\000e}{section.1.13}% 59
\BOOKMARK [2][]{subsection.1.13.2}{\376\377\0001\000.\0001\0003\000.\0002\000\040\000R\000e\000q\000u\000e\000s\000t\000\040\000T\000r\000a\000c\000e\000\040\000T\000e\000m\000p\000l\000a\000t\000e}{section.1.13}% 60
\BOOKMARK [2][]{subsection.1.13.3}{\376\377\0001\000.\0001\0003\000.\0003\000\040\000C\000o\000s\000t\000\040\000a\000n\000d\000\040\000L\000a\000t\000e\000n\000c\000y\000\040\000B\000u\000d\000g\000e\000t\000\040\000S\000n\000a\000p\000s\000h\000o\000t}{section.1.13}% 61
\BOOKMARK [1][]{section.1.14}{\376\377\0001\000.\0001\0004\000\040\000C\000o\000n\000f\000i\000g\000u\000r\000a\000t\000i\000o\000n\000\040\000P\000r\000e\000s\000e\000t\000\040\000T\000e\000m\000p\000l\000a\000t\000e}{chapter.1}% 62
\BOOKMARK [1][]{section.1.15}{\376\377\0001\000.\0001\0005\000\040\000C\000I\000\040\000Q\000u\000a\000l\000i\000t\000y\000\040\000G\000a\000t\000e\000\040\000S\000p\000e\000c\000i\000f\000i\000c\000a\000t\000i\000o\000n}{chapter.1}% 63
\BOOKMARK [1][]{section.1.16}{\376\377\0001\000.\0001\0006\000\040\000I\000n\000c\000i\000d\000e\000n\000t\000\040\000R\000u\000n\000b\000o\000o\000k\000\040\000T\000e\000m\000p\000l\000a\000t\000e}{chapter.1}% 64
\BOOKMARK [1][]{section.1.17}{\376\377\0001\000.\0001\0007\000\040\000C\000r\000o\000s\000s\000-\000C\000h\000a\000p\000t\000e\000r\000\040\000D\000e\000c\000i\000s\000i\000o\000n\000\040\000C\000a\000r\000d}{chapter.1}% 65
\BOOKMARK [1][]{section.1.18}{\376\377\0001\000.\0001\0008\000\040\000R\000O\000I\000\040\000M\000o\000d\000e\000l\000\040\000a\000n\000d\000\040\000B\000u\000i\000l\000d\000-\000v\000s\000-\000B\000u\000y}{chapter.1}% 66
\BOOKMARK [1][]{section.1.19}{\376\377\0001\000.\0001\0009\000\040\000D\000i\000s\000a\000s\000t\000e\000r\000\040\000R\000e\000c\000o\000v\000e\000r\000y\000\040\000N\000o\000t\000e\000s\000\040\000\050\000R\000P\000O\000/\000R\000T\000O\000\051}{chapter.1}% 67
\BOOKMARK [0][]{chapter.2}{\376\377\0002\000\040\000T\000h\000e\000\040\000H\000T\000T\000P\000\040\000W\000i\000r\000e\000\040\000P\000r\000o\000t\000o\000c\000o\000l\000:\000\040\000H\000T\000T\000P\000/\0001\000.\0001\000,\000\040\000H\000T\000T\000P\000/\0002\000\040\000\046\000\040\000H\000T\000T\000P\000/\0003}{}% 68
\BOOKMARK [1][]{section.2.1}{\376\377\0002\000.\0001\000\040\000L\000e\000a\000r\000n\000i\000n\000g\000\040\000O\000b\000j\000e\000c\000t\000i\000v\000e\000s\000\040\000\046\000\040\000P\000r\000e\000r\000e\000q\000u\000i\000s\000i\000t\000e\000s}{chapter.2}% 69
\BOOKMARK [1][]{section.2.2}{\376\377\0002\000.\0002\000\040\000D\000e\000e\000p\000\040\000T\000e\000c\000h\000n\000i\000c\000a\000l\000\040\000M\000e\000c\000h\000a\000n\000i\000c\000s\000\040\000\046\000\040\000A\000r\000c\000h\000i\000t\000e\000c\000t\000u\000r\000a\000l\000\040\000C\000o\000n\000c\000e\000p\000t\000s}{chapter.2}% 70
\BOOKMARK [2][]{subsection.2.2.1}{\376\377\0002\000.\0002\000.\0001\000\040\000H\000T\000T\000P\000/\0001\000.\0001\000\040\000M\000e\000s\000s\000a\000g\000e\000\040\000A\000n\000a\000t\000o\000m\000y\000\040\000o\000n\000\040\000t\000h\000e\000\040\000W\000i\000r\000e}{section.2.2}% 71
\BOOKMARK [2][]{subsection.2.2.2}{\376\377\0002\000.\0002\000.\0002\000\040\000M\000e\000t\000h\000o\000d\000\040\000S\000e\000m\000a\000n\000t\000i\000c\000s\000\040\000p\000e\000r\000\040\000R\000F\000C\000\040\0009\0001\0001\0000}{section.2.2}% 72
\BOOKMARK [2][]{subsection.2.2.3}{\376\377\0002\000.\0002\000.\0003\000\040\000S\000t\000a\000t\000u\000s\000-\000C\000o\000d\000e\000\040\000T\000a\000x\000o\000n\000o\000m\000y\000\040\000a\000n\000d\000\040\000S\000e\000l\000e\000c\000t\000i\000o\000n\000\040\000G\000u\000i\000d\000a\000n\000c\000e}{section.2.2}% 73
\BOOKMARK [2][]{subsection.2.2.4}{\376\377\0002\000.\0002\000.\0004\000\040\000H\000e\000a\000d\000e\000r\000\040\000R\000e\000g\000i\000s\000t\000r\000y\000\040\000E\000s\000s\000e\000n\000t\000i\000a\000l\000s}{section.2.2}% 74
\BOOKMARK [2][]{subsection.2.2.5}{\376\377\0002\000.\0002\000.\0005\000\040\000H\000T\000T\000P\000/\0002\000:\000\040\000T\000h\000e\000\040\000B\000i\000n\000a\000r\000y\000\040\000F\000r\000a\000m\000i\000n\000g\000\040\000L\000a\000y\000e\000r}{section.2.2}% 75
\BOOKMARK [2][]{subsection.2.2.6}{\376\377\0002\000.\0002\000.\0006\000\040\000H\000T\000T\000P\000/\0003\000\040\000a\000n\000d\000\040\000Q\000U\000I\000C}{section.2.2}% 76
\BOOKMARK [2][]{subsection.2.2.7}{\376\377\0002\000.\0002\000.\0007\000\040\000T\000L\000S\000\040\0001\000.\0003\000:\000\040\000T\000h\000e\000\040\000H\000a\000n\000d\000s\000h\000a\000k\000e\000\040\000B\000e\000h\000i\000n\000d\000\040\000E\000v\000e\000r\000y\000\040\000H\000T\000T\000P\000S\000\040\000R\000e\000q\000u\000e\000s\000t}{section.2.2}% 77
\BOOKMARK [1][]{section.2.3}{\376\377\0002\000.\0003\000\040\000P\000r\000o\000d\000u\000c\000t\000i\000o\000n\000-\000R\000e\000a\000d\000y\000\040\000C\000o\000d\000e\000\040\000I\000m\000p\000l\000e\000m\000e\000n\000t\000a\000t\000i\000o\000n}{chapter.2}% 78
\BOOKMARK [2][]{subsection.2.3.1}{\376\377\0002\000.\0003\000.\0001\000\040\000L\000i\000s\000t\000i\000n\000g\000\040\0001\000\040\040\024\000\040\000R\000a\000w\000-\000S\000o\000c\000k\000e\000t\000\040\000H\000T\000T\000P\000/\0001\000.\0001\000\040\000C\000l\000i\000e\000n\000t\000\040\000w\000i\000t\000h\000\040\000B\000y\000t\000e\000-\000L\000e\000v\000e\000l\000\040\000T\000r\000a\000c\000i\000n\000g}{section.2.3}% 79
\BOOKMARK [2][]{subsection.2.3.2}{\376\377\0002\000.\0003\000.\0002\000\040\000L\000i\000s\000t\000i\000n\000g\000\040\0002\000\040\040\024\000\040\000C\000h\000u\000n\000k\000e\000d\000\040\000T\000r\000a\000n\000s\000f\000e\000r\000\040\000E\000n\000c\000o\000d\000i\000n\000g\000\040\000a\000n\000d\000\040\000K\000e\000e\000p\000-\000A\000l\000i\000v\000e\000,\000\040\000B\000y\000\040\000H\000a\000n\000d}{section.2.3}% 80
\BOOKMARK [2][]{subsection.2.3.3}{\376\377\0002\000.\0003\000.\0003\000\040\000L\000i\000s\000t\000i\000n\000g\000\040\0003\000\040\040\024\000\040\000T\000L\000S\000\040\000I\000n\000s\000p\000e\000c\000t\000o\000r\000:\000\040\000C\000o\000n\000t\000e\000x\000t\000\040\000C\000o\000n\000f\000i\000g\000u\000r\000a\000t\000i\000o\000n\000,\000\040\000A\000L\000P\000N\000,\000\040\000a\000n\000d\000\040\000C\000i\000p\000h\000e\000r\000s}{section.2.3}% 81
\BOOKMARK [2][]{subsection.2.3.4}{\376\377\0002\000.\0003\000.\0004\000\040\000L\000i\000s\000t\000i\000n\000g\000\040\0004\000\040\040\024\000\040\000H\000T\000T\000P\000/\0002\000\040\000F\000r\000a\000m\000e\000\040\000P\000a\000r\000s\000e\000r\000\040\000o\000v\000e\000r\000\040\000a\000\040\000C\000a\000p\000t\000u\000r\000e\000d\000\040\000B\000y\000t\000e\000\040\000S\000t\000r\000e\000a\000m}{section.2.3}% 82
\BOOKMARK [1][]{section.2.4}{\376\377\0002\000.\0004\000\040\000C\000o\000m\000m\000o\000n\000\040\000P\000i\000t\000f\000a\000l\000l\000s\000\040\000\046\000\040\000A\000n\000t\000i\000-\000P\000a\000t\000t\000e\000r\000n\000s}{chapter.2}% 83
\BOOKMARK [1][]{section.2.5}{\376\377\0002\000.\0005\000\040\000H\000a\000n\000d\000s\000-\000O\000n\000\040\000P\000r\000o\000d\000u\000c\000t\000i\000o\000n\000\040\000L\000a\000b\000\040\000\046\000\040\000R\000e\000a\000l\000-\000W\000o\000r\000l\000d\000\040\000C\000a\000s\000e\000\040\000S\000t\000u\000d\000y}{chapter.2}% 84
\BOOKMARK [2][]{subsection.2.5.1}{\376\377\0002\000.\0005\000.\0001\000\040\000L\000a\000b\000\040\000A\000\040\040\024\000\040\000D\000i\000s\000s\000e\000c\000t\000\040\000R\000e\000a\000l\000\040\000T\000r\000a\000f\000f\000i\000c\000\040\000w\000i\000t\000h\000\040\000c\000u\000r\000l\000.\000e\000x\000e}{section.2.5}% 85
\BOOKMARK [2][]{subsection.2.5.2}{\376\377\0002\000.\0005\000.\0002\000\040\000L\000a\000b\000\040\000B\000\040\040\024\000\040\000Y\000o\000u\000r\000\040\000R\000a\000w\000\040\000C\000l\000i\000e\000n\000t\000\040\000v\000s\000.\000\040\000t\000h\000e\000\040\000S\000t\000d\000l\000i\000b\000\040\000S\000e\000r\000v\000e\000r}{section.2.5}% 86
\BOOKMARK [2][]{subsection.2.5.3}{\376\377\0002\000.\0005\000.\0003\000\040\000L\000a\000b\000\040\000C\000\040\040\024\000\040\000M\000i\000n\000t\000\040\000a\000\040\000S\000e\000l\000f\000-\000S\000i\000g\000n\000e\000d\000\040\000C\000e\000r\000t\000i\000f\000i\000c\000a\000t\000e\000\040\000a\000n\000d\000\040\000I\000n\000s\000p\000e\000c\000t\000\040\000T\000L\000S}{section.2.5}% 87
\BOOKMARK [2][]{subsection.2.5.4}{\376\377\0002\000.\0005\000.\0004\000\040\000L\000a\000b\000\040\000D\000\040\040\024\000\040\000H\000T\000T\000P\000/\0002\000\040\000F\000r\000a\000m\000e\000\040\000D\000i\000s\000s\000e\000c\000t\000i\000o\000n}{section.2.5}% 88
\BOOKMARK [2][]{subsection.2.5.5}{\376\377\0002\000.\0005\000.\0005\000\040\000R\000e\000a\000l\000-\000W\000o\000r\000l\000d\000\040\000C\000a\000s\000e\000\040\000S\000t\000u\000d\000y\000:\000\040\000T\000h\000e\000\040\0006\0000\000-\000S\000e\000c\000o\000n\000d\000\040\000M\000y\000s\000t\000e\000r\000y}{section.2.5}% 89
\BOOKMARK [1][]{section.2.6}{\376\377\0002\000.\0006\000\040\000S\000e\000l\000f\000-\000A\000s\000s\000e\000s\000s\000m\000e\000n\000t\000\040\000E\000x\000e\000r\000c\000i\000s\000e\000s\000\040\000\046\000\040\000D\000e\000e\000p\000-\000D\000i\000v\000e\000\040\000Q\000u\000e\000s\000t\000i\000o\000n\000s}{chapter.2}% 90
\BOOKMARK [1][]{section.2.7}{\376\377\0002\000.\0007\000\040\000I\000n\000t\000e\000r\000v\000i\000e\000w\000\040\000Q\000\046\000A\000\040\000V\000a\000u\000l\000t}{chapter.2}% 91
\BOOKMARK [1][]{section.2.8}{\376\377\0002\000.\0008\000\040\000E\000x\000t\000e\000r\000n\000a\000l\000\040\000B\000i\000b\000l\000i\000o\000g\000r\000a\000p\000h\000y\000\040\000\046\000\040\000F\000u\000r\000t\000h\000e\000r\000\040\000R\000e\000a\000d\000i\000n\000g}{chapter.2}% 92
\BOOKMARK [1][]{section.2.9}{\376\377\0002\000.\0009\000\040\000C\000a\000p\000s\000t\000o\000n\000e\000\040\000P\000r\000o\000j\000e\000c\000t\000s}{chapter.2}% 93
\BOOKMARK [2][]{subsection.2.9.1}{\376\377\0002\000.\0009\000.\0001\000\040\000C\000a\000p\000s\000t\000o\000n\000e\000\040\0001\000\040\040\024\000\040\000F\000r\000o\000m\000-\000S\000c\000r\000a\000t\000c\000h\000\040\000H\000T\000T\000P\000/\0001\000.\0001\000\040\000S\000e\000r\000v\000e\000r\000\040\000[\000j\000u\000n\000i\000o\000r\000]}{section.2.9}% 94
\BOOKMARK [2][]{subsection.2.9.2}{\376\377\0002\000.\0009\000.\0002\000\040\000C\000a\000p\000s\000t\000o\000n\000e\000\040\0002\000\040\040\024\000\040\000C\000h\000u\000n\000k\000e\000d\000\040\000S\000t\000r\000e\000a\000m\000i\000n\000g\000\040\000P\000r\000o\000x\000y\000\040\000[\000m\000i\000d\000]}{section.2.9}% 95
\BOOKMARK [2][]{subsection.2.9.3}{\376\377\0002\000.\0009\000.\0003\000\040\000C\000a\000p\000s\000t\000o\000n\000e\000\040\0003\000\040\040\024\000\040\000H\000P\000A\000C\000K\000-\000L\000i\000t\000e\000\040\000H\000e\000a\000d\000e\000r\000\040\000E\000n\000c\000o\000d\000e\000r\000\040\000[\000m\000i\000d\000]}{section.2.9}% 96
\BOOKMARK [2][]{subsection.2.9.4}{\376\377\0002\000.\0009\000.\0004\000\040\000C\000a\000p\000s\000t\000o\000n\000e\000\040\0004\000\040\040\024\000\040\000P\000r\000o\000t\000o\000c\000o\000l\000\040\000F\000i\000n\000g\000e\000r\000p\000r\000i\000n\000t\000i\000n\000g\000\040\000\046\000\040\000F\000r\000a\000m\000e\000\040\000D\000i\000s\000s\000e\000c\000t\000i\000o\000n\000\040\000T\000o\000o\000l\000k\000i\000t\000\040\000[\000s\000e\000n\000i\000o\000r\000]}{section.2.9}% 97
\BOOKMARK [2][]{subsection.2.9.5}{\376\377\0002\000.\0009\000.\0005\000\040\000C\000a\000p\000s\000t\000o\000n\000e\000\040\0005\000\040\040\024\000\040\000H\000T\000T\000P\000\040\000V\000e\000r\000s\000i\000o\000n\000\040\000L\000a\000t\000e\000n\000c\000y\000\040\000P\000r\000o\000f\000i\000l\000e\000r\000\040\000\046\000\040\000W\000i\000r\000e\000-\000D\000e\000b\000u\000g\000g\000i\000n\000g\000\040\000W\000o\000r\000k\000b\000e\000n\000c\000h\000\040\000[\000s\000t\000a\000f\000f\000]}{section.2.9}% 98
\BOOKMARK [1][]{section.2.10}{\376\377\0002\000.\0001\0000\000\040\000P\000y\000t\000h\000o\000n\000\040\000D\000e\000p\000e\000n\000d\000e\000n\000c\000i\000e\000s\000\040\000A\000p\000p\000e\000n\000d\000i\000x}{chapter.2}% 99
\BOOKMARK [2][]{subsection.2.10.1}{\376\377\0002\000.\0001\0000\000.\0001\000\040\000h\0002\000\040\000\050\0004\000.\0001\000.\0000\000\051}{section.2.10}% 100
\BOOKMARK [1][]{section.2.11}{\376\377\0002\000.\0001\0001\000\040\000C\000h\000a\000p\000t\000e\000r\000\040\000S\000u\000m\000m\000a\000r\000y\000\040\000\046\000\040\000K\000e\000y\000\040\000T\000a\000k\000e\000a\000w\000a\000y\000s}{chapter.2}% 101
\BOOKMARK [1][]{section.2.12}{\376\377\0002\000.\0001\0002\000\040\000Q\000u\000i\000c\000k\000-\000R\000e\000f\000e\000r\000e\000n\000c\000e\000\040\000C\000a\000r\000d}{chapter.2}% 102
\BOOKMARK [1][]{section.2.13}{\376\377\0002\000.\0001\0003\000\040\000S\000t\000a\000n\000d\000a\000r\000d\000i\000z\000e\000d\000\040\000E\000v\000i\000d\000e\000n\000c\000e\000\040\000A\000d\000d\000e\000n\000d\000u\000m}{chapter.2}% 103
\BOOKMARK [2][]{subsection.2.13.1}{\376\377\0002\000.\0001\0003\000.\0001\000\040\000B\000e\000n\000c\000h\000m\000a\000r\000k\000\040\000S\000n\000a\000p\000s\000h\000o\000t\000\040\000T\000e\000m\000p\000l\000a\000t\000e}{section.2.13}% 104
\BOOKMARK [2][]{subsection.2.13.2}{\376\377\0002\000.\0001\0003\000.\0002\000\040\000R\000e\000q\000u\000e\000s\000t\000\040\000T\000r\000a\000c\000e\000\040\000T\000e\000m\000p\000l\000a\000t\000e}{section.2.13}% 105
\BOOKMARK [2][]{subsection.2.13.3}{\376\377\0002\000.\0001\0003\000.\0003\000\040\000C\000o\000s\000t\000\040\000a\000n\000d\000\040\000L\000a\000t\000e\000n\000c\000y\000\040\000B\000u\000d\000g\000e\000t\000\040\000S\000n\000a\000p\000s\000h\000o\000t}{section.2.13}% 106
\BOOKMARK [1][]{section.2.14}{\376\377\0002\000.\0001\0004\000\040\000C\000o\000n\000f\000i\000g\000u\000r\000a\000t\000i\000o\000n\000\040\000P\000r\000e\000s\000e\000t\000\040\000T\000e\000m\000p\000l\000a\000t\000e}{chapter.2}% 107
\BOOKMARK [1][]{section.2.15}{\376\377\0002\000.\0001\0005\000\040\000C\000I\000\040\000Q\000u\000a\000l\000i\000t\000y\000\040\000G\000a\000t\000e\000\040\000S\000p\000e\000c\000i\000f\000i\000c\000a\000t\000i\000o\000n}{chapter.2}% 108
\BOOKMARK [1][]{section.2.16}{\376\377\0002\000.\0001\0006\000\040\000I\000n\000c\000i\000d\000e\000n\000t\000\040\000R\000u\000n\000b\000o\000o\000k\000\040\000T\000e\000m\000p\000l\000a\000t\000e}{chapter.2}% 109
\BOOKMARK [1][]{section.2.17}{\376\377\0002\000.\0001\0007\000\040\000C\000r\000o\000s\000s\000-\000C\000h\000a\000p\000t\000e\000r\000\040\000D\000e\000c\000i\000s\000i\000o\000n\000\040\000C\000a\000r\000d}{chapter.2}% 110
\BOOKMARK [1][]{section.2.18}{\376\377\0002\000.\0001\0008\000\040\000R\000O\000I\000\040\000M\000o\000d\000e\000l\000\040\000a\000n\000d\000\040\000B\000u\000i\000l\000d\000-\000v\000s\000-\000B\000u\000y}{chapter.2}% 111
\BOOKMARK [1][]{section.2.19}{\376\377\0002\000.\0001\0009\000\040\000D\000i\000s\000a\000s\000t\000e\000r\000\040\000R\000e\000c\000o\000v\000e\000r\000y\000\040\000N\000o\000t\000e\000s\000\040\000\050\000R\000P\000O\000/\000R\000T\000O\000\051}{chapter.2}% 112
\BOOKMARK [0][]{chapter.3}{\376\377\0003\000\040\000C\000o\000n\000s\000u\000m\000i\000n\000g\000\040\000A\000P\000I\000s\000\040\000i\000n\000\040\000P\000y\000t\000h\000o\000n\000:\000\040\000F\000r\000o\000m\000\040\000u\000r\000l\000l\000i\000b\000\040\000t\000o\000\040\000h\000t\000t\000p\000x}{}% 113
\BOOKMARK [1][]{section.3.1}{\376\377\0003\000.\0001\000\040\000L\000e\000a\000r\000n\000i\000n\000g\000\040\000O\000b\000j\000e\000c\000t\000i\000v\000e\000s\000\040\000\046\000\040\000P\000r\000e\000r\000e\000q\000u\000i\000s\000i\000t\000e\000s}{chapter.3}% 114
\BOOKMARK [2][]{subsection.3.1.1}{\376\377\0003\000.\0001\000.\0001\000\040\000L\000e\000a\000r\000n\000i\000n\000g\000\040\000O\000b\000j\000e\000c\000t\000i\000v\000e\000s}{section.3.1}% 115
\BOOKMARK [2][]{subsection.3.1.2}{\376\377\0003\000.\0001\000.\0002\000\040\000P\000r\000e\000r\000e\000q\000u\000i\000s\000i\000t\000e\000s}{section.3.1}% 116
\BOOKMARK [1][]{section.3.2}{\376\377\0003\000.\0002\000\040\000D\000e\000e\000p\000\040\000T\000e\000c\000h\000n\000i\000c\000a\000l\000\040\000M\000e\000c\000h\000a\000n\000i\000c\000s\000\040\000\046\000\040\000A\000r\000c\000h\000i\000t\000e\000c\000t\000u\000r\000a\000l\000\040\000C\000o\000n\000c\000e\000p\000t\000s}{chapter.3}% 117
\BOOKMARK [2][]{subsection.3.2.1}{\376\377\0003\000.\0002\000.\0001\000\040\000T\000h\000e\000\040\000E\000v\000o\000l\000u\000t\000i\000o\000n\000\040\000o\000f\000\040\000P\000y\000t\000h\000o\000n\000\040\000H\000T\000T\000P\000\040\000C\000l\000i\000e\000n\000t\000s}{section.3.2}% 118
\BOOKMARK [2][]{subsection.3.2.2}{\376\377\0003\000.\0002\000.\0002\000\040\000A\000n\000a\000t\000o\000m\000y\000\040\000o\000f\000\040\000a\000\040\000R\000o\000b\000u\000s\000t\000\040\000C\000l\000i\000e\000n\000t}{section.3.2}% 119
\BOOKMARK [2][]{subsection.3.2.3}{\376\377\0003\000.\0002\000.\0003\000\040\000T\000i\000m\000e\000o\000u\000t\000\040\000T\000a\000x\000o\000n\000o\000m\000y\000:\000\040\000B\000o\000u\000n\000d\000i\000n\000g\000\040\000E\000v\000e\000r\000y\000\040\000W\000a\000i\000t}{section.3.2}% 120
\BOOKMARK [2][]{subsection.3.2.4}{\376\377\0003\000.\0002\000.\0004\000\040\000C\000o\000n\000n\000e\000c\000t\000i\000o\000n\000\040\000P\000o\000o\000l\000i\000n\000g\000,\000\040\000K\000e\000e\000p\000-\000A\000l\000i\000v\000e\000,\000\040\000a\000n\000d\000\040\000t\000h\000e\000\040\000C\000o\000s\000t\000\040\000o\000f\000\040\000C\000h\000u\000r\000n}{section.3.2}% 121
\BOOKMARK [2][]{subsection.3.2.5}{\376\377\0003\000.\0002\000.\0005\000\040\000R\000e\000t\000r\000y\000\040\000E\000n\000g\000i\000n\000e\000e\000r\000i\000n\000g\000:\000\040\000B\000a\000c\000k\000o\000f\000f\000,\000\040\000J\000i\000t\000t\000e\000r\000,\000\040\000B\000u\000d\000g\000e\000t\000s\000,\000\040\000I\000d\000e\000m\000p\000o\000t\000e\000n\000c\000y}{section.3.2}% 122
\BOOKMARK [2][]{subsection.3.2.6}{\376\377\0003\000.\0002\000.\0006\000\040\000R\000a\000t\000e\000-\000L\000i\000m\000i\000t\000-\000A\000w\000a\000r\000e\000\040\000C\000o\000n\000s\000u\000m\000p\000t\000i\000o\000n}{section.3.2}% 123
\BOOKMARK [2][]{subsection.3.2.7}{\376\377\0003\000.\0002\000.\0007\000\040\000P\000a\000g\000i\000n\000a\000t\000i\000o\000n\000\040\000a\000n\000d\000\040\000S\000t\000r\000e\000a\000m\000i\000n\000g}{section.3.2}% 124
\BOOKMARK [2][]{subsection.3.2.8}{\376\377\0003\000.\0002\000.\0008\000\040\000A\000n\000\040\000E\000r\000r\000o\000r\000\040\000T\000a\000x\000o\000n\000o\000m\000y\000\040\000f\000o\000r\000\040\000C\000o\000n\000s\000u\000m\000e\000r\000s}{section.3.2}% 125
\BOOKMARK [1][]{section.3.3}{\376\377\0003\000.\0003\000\040\000P\000r\000o\000d\000u\000c\000t\000i\000o\000n\000-\000R\000e\000a\000d\000y\000\040\000C\000o\000d\000e\000\040\000I\000m\000p\000l\000e\000m\000e\000n\000t\000a\000t\000i\000o\000n}{chapter.3}% 126
\BOOKMARK [2][]{subsection.3.3.1}{\376\377\0003\000.\0003\000.\0001\000\040\000B\000a\000s\000e\000l\000i\000n\000e\000:\000\040\000A\000\040\000s\000t\000d\000l\000i\000b\000\040\000u\000r\000l\000l\000i\000b\000\040\000C\000o\000n\000s\000u\000m\000e\000r}{section.3.3}% 127
\BOOKMARK [2][]{subsection.3.3.2}{\376\377\0003\000.\0003\000.\0002\000\040\000A\000\040\000P\000r\000o\000d\000u\000c\000t\000i\000o\000n\000-\000G\000r\000a\000d\000e\000\040\000h\000t\000t\000p\000x\000\040\000C\000l\000i\000e\000n\000t}{section.3.3}% 128
\BOOKMARK [2][]{subsection.3.3.3}{\376\377\0003\000.\0003\000.\0003\000\040\000R\000e\000t\000r\000y\000\040\000E\000n\000g\000i\000n\000e\000e\000r\000i\000n\000g\000\040\000w\000i\000t\000h\000\040\000t\000e\000n\000a\000c\000i\000t\000y}{section.3.3}% 129
\BOOKMARK [2][]{subsection.3.3.4}{\376\377\0003\000.\0003\000.\0004\000\040\000P\000a\000g\000i\000n\000a\000t\000i\000o\000n\000\040\000I\000t\000e\000r\000a\000t\000o\000r\000s\000\040\000a\000n\000d\000\040\000a\000\040\000S\000t\000r\000e\000a\000m\000i\000n\000g\000\040\000D\000o\000w\000n\000l\000o\000a\000d\000e\000r}{section.3.3}% 130
\BOOKMARK [2][]{subsection.3.3.5}{\376\377\0003\000.\0003\000.\0005\000\040\000H\000e\000r\000m\000e\000t\000i\000c\000\040\000O\000f\000f\000l\000i\000n\000e\000\040\000T\000e\000s\000t\000s\000\040\000w\000i\000t\000h\000\040\000h\000t\000t\000p\000x\000.\000M\000o\000c\000k\000T\000r\000a\000n\000s\000p\000o\000r\000t}{section.3.3}% 131
\BOOKMARK [1][]{section.3.4}{\376\377\0003\000.\0004\000\040\000C\000o\000m\000m\000o\000n\000\040\000P\000i\000t\000f\000a\000l\000l\000s\000\040\000\046\000\040\000A\000n\000t\000i\000-\000P\000a\000t\000t\000e\000r\000n\000s}{chapter.3}% 132
\BOOKMARK [2][]{subsection.3.4.1}{\376\377\0003\000.\0004\000.\0001\000\040\000M\000i\000s\000s\000i\000n\000g\000\040\000T\000i\000m\000e\000o\000u\000t\000s}{section.3.4}% 133
\BOOKMARK [2][]{subsection.3.4.2}{\376\377\0003\000.\0004\000.\0002\000\040\000R\000e\000t\000r\000y\000\040\000S\000t\000o\000r\000m\000s}{section.3.4}% 134
\BOOKMARK [2][]{subsection.3.4.3}{\376\377\0003\000.\0004\000.\0003\000\040\000S\000w\000a\000l\000l\000o\000w\000i\000n\000g\000\040\000E\000x\000c\000e\000p\000t\000i\000o\000n\000s}{section.3.4}% 135
\BOOKMARK [2][]{subsection.3.4.4}{\376\377\0003\000.\0004\000.\0004\000\040\000P\000a\000r\000s\000i\000n\000g\000\040\000B\000e\000f\000o\000r\000e\000\040\000t\000h\000e\000\040\000S\000t\000a\000t\000u\000s\000\040\000C\000h\000e\000c\000k}{section.3.4}% 136
\BOOKMARK [2][]{subsection.3.4.5}{\376\377\0003\000.\0004\000.\0005\000\040\000L\000e\000a\000k\000i\000n\000g\000\040\000C\000r\000e\000d\000e\000n\000t\000i\000a\000l\000s\000\040\000i\000n\000t\000o\000\040\000L\000o\000g\000s}{section.3.4}% 137
\BOOKMARK [2][]{subsection.3.4.6}{\376\377\0003\000.\0004\000.\0006\000\040\000U\000n\000b\000o\000u\000n\000d\000e\000d\000\040\000D\000e\000c\000o\000m\000p\000r\000e\000s\000s\000i\000o\000n\000\040\000a\000n\000d\000\040\000B\000o\000d\000y\000\040\000R\000e\000a\000d\000s}{section.3.4}% 138
\BOOKMARK [1][]{section.3.5}{\376\377\0003\000.\0005\000\040\000H\000a\000n\000d\000s\000-\000O\000n\000\040\000P\000r\000o\000d\000u\000c\000t\000i\000o\000n\000\040\000L\000a\000b\000\040\000\046\000\040\000R\000e\000a\000l\000-\000W\000o\000r\000l\000d\000\040\000C\000a\000s\000e\000\040\000S\000t\000u\000d\000y}{chapter.3}% 139
\BOOKMARK [2][]{subsection.3.5.1}{\376\377\0003\000.\0005\000.\0001\000\040\000L\000a\000b\000\040\000S\000e\000t\000u\000p\000:\000\040\000T\000h\000e\000\040\000N\000o\000r\000t\000h\000w\000i\000n\000d\000\040\000R\000o\000b\000o\000t\000i\000c\000s\000\040\000P\000a\000r\000t\000s\000\040\000A\000P\000I\000\040\000S\000t\000u\000b}{section.3.5}% 140
\BOOKMARK [2][]{subsection.3.5.2}{\376\377\0003\000.\0005\000.\0002\000\040\000L\000a\000b\000\040\000S\000t\000e\000p\000s}{section.3.5}% 141
\BOOKMARK [2][]{subsection.3.5.3}{\376\377\0003\000.\0005\000.\0003\000\040\000W\000a\000r\000\040\000S\000t\000o\000r\000y\000:\000\040\000T\000h\000e\000\040\000M\000i\000s\000s\000i\000n\000g\000\040\000R\000e\000a\000d\000\040\000T\000i\000m\000e\000o\000u\000t\000\040\000a\000n\000d\000\040\000t\000h\000e\000\040\000R\000e\000t\000r\000y\000\040\000S\000t\000o\000r\000m}{section.3.5}% 142
\BOOKMARK [1][]{section.3.6}{\376\377\0003\000.\0006\000\040\000S\000e\000l\000f\000-\000A\000s\000s\000e\000s\000s\000m\000e\000n\000t\000\040\000E\000x\000e\000r\000c\000i\000s\000e\000s\000\040\000\046\000\040\000D\000e\000e\000p\000-\000D\000i\000v\000e\000\040\000Q\000u\000e\000s\000t\000i\000o\000n\000s}{chapter.3}% 143
\BOOKMARK [2][]{subsection.3.6.1}{\376\377\0003\000.\0006\000.\0001\000\040\000E\000x\000e\000r\000c\000i\000s\000e\000s}{section.3.6}% 144
\BOOKMARK [2][]{subsection.3.6.2}{\376\377\0003\000.\0006\000.\0002\000\040\000D\000e\000e\000p\000-\000D\000i\000v\000e\000\040\000Q\000u\000e\000s\000t\000i\000o\000n\000s}{section.3.6}% 145
\BOOKMARK [1][]{section.3.7}{\376\377\0003\000.\0007\000\040\000I\000n\000t\000e\000r\000v\000i\000e\000w\000\040\000Q\000\046\000A\000\040\000V\000a\000u\000l\000t}{chapter.3}% 146
\BOOKMARK [2][]{subsection.3.7.1}{\376\377\0003\000.\0007\000.\0001\000\040\000J\000u\000n\000i\000o\000r}{section.3.7}% 147
\BOOKMARK [2][]{subsection.3.7.2}{\376\377\0003\000.\0007\000.\0002\000\040\000M\000i\000d\000-\000L\000e\000v\000e\000l}{section.3.7}% 148
\BOOKMARK [2][]{subsection.3.7.3}{\376\377\0003\000.\0007\000.\0003\000\040\000S\000e\000n\000i\000o\000r}{section.3.7}% 149
\BOOKMARK [2][]{subsection.3.7.4}{\376\377\0003\000.\0007\000.\0004\000\040\000S\000t\000a\000f\000f}{section.3.7}% 150
\BOOKMARK [1][]{section.3.8}{\376\377\0003\000.\0008\000\040\000E\000x\000t\000e\000r\000n\000a\000l\000\040\000B\000i\000b\000l\000i\000o\000g\000r\000a\000p\000h\000y\000\040\000\046\000\040\000F\000u\000r\000t\000h\000e\000r\000\040\000R\000e\000a\000d\000i\000n\000g}{chapter.3}% 151
\BOOKMARK [1][]{section.3.9}{\376\377\0003\000.\0009\000\040\000C\000a\000p\000s\000t\000o\000n\000e\000\040\000P\000r\000o\000j\000e\000c\000t\000s}{chapter.3}% 152
\BOOKMARK [2][]{subsection.3.9.1}{\376\377\0003\000.\0009\000.\0001\000\040\000C\000a\000p\000s\000t\000o\000n\000e\000\040\0002\000.\0001\000\040\000[\000j\000u\000n\000i\000o\000r\000]\000\040\040\024\000\040\000R\000o\000b\000u\000s\000t\000\040\000C\000L\000I\000\040\000D\000o\000w\000n\000l\000o\000a\000d\000e\000r}{section.3.9}% 153
\BOOKMARK [2][]{subsection.3.9.2}{\376\377\0003\000.\0009\000.\0002\000\040\000C\000a\000p\000s\000t\000o\000n\000e\000\040\0002\000.\0002\000\040\000[\000m\000i\000d\000]\000\040\040\024\000\040\000R\000a\000t\000e\000-\000L\000i\000m\000i\000t\000-\000A\000w\000a\000r\000e\000\040\000C\000a\000t\000a\000l\000o\000g\000\040\000C\000r\000a\000w\000l\000e\000r}{section.3.9}% 154
\BOOKMARK [2][]{subsection.3.9.3}{\376\377\0003\000.\0009\000.\0003\000\040\000C\000a\000p\000s\000t\000o\000n\000e\000\040\0002\000.\0003\000\040\000[\000m\000i\000d\000]\000\040\040\024\000\040\000T\000y\000p\000e\000d\000\040\000S\000D\000K\000\040\000W\000r\000a\000p\000p\000e\000r\000\040\000w\000i\000t\000h\000\040\000F\000u\000l\000l\000\040\000T\000e\000s\000t\000\040\000M\000a\000t\000r\000i\000x}{section.3.9}% 155
\BOOKMARK [2][]{subsection.3.9.4}{\376\377\0003\000.\0009\000.\0004\000\040\000C\000a\000p\000s\000t\000o\000n\000e\000\040\0002\000.\0004\000\040\000[\000s\000e\000n\000i\000o\000r\000]\000\040\040\024\000\040\000C\000h\000a\000o\000s\000-\000C\000l\000i\000e\000n\000t\000\040\000H\000a\000r\000n\000e\000s\000s}{section.3.9}% 156
\BOOKMARK [2][]{subsection.3.9.5}{\376\377\0003\000.\0009\000.\0005\000\040\000C\000a\000p\000s\000t\000o\000n\000e\000\040\0002\000.\0005\000\040\000[\000s\000t\000a\000f\000f\000]\000\040\040\024\000\040\000A\000s\000y\000n\000c\000\040\000C\000o\000n\000c\000u\000r\000r\000e\000n\000t\000\040\000F\000e\000t\000c\000h\000e\000r\000\040\000w\000i\000t\000h\000\040\000B\000o\000u\000n\000d\000e\000d\000\040\000C\000o\000n\000c\000u\000r\000r\000e\000n\000c\000y}{section.3.9}% 157
\BOOKMARK [1][]{section.3.10}{\376\377\0003\000.\0001\0000\000\040\000P\000y\000t\000h\000o\000n\000\040\000D\000e\000p\000e\000n\000d\000e\000n\000c\000i\000e\000s\000\040\000A\000p\000p\000e\000n\000d\000i\000x}{chapter.3}% 158
\BOOKMARK [2][]{subsection.3.10.1}{\376\377\0003\000.\0001\0000\000.\0001\000\040\000h\000t\000t\000p\000x\000\040\000\050\000\040\0000\000.\0002\0007\000\051}{section.3.10}% 159
\BOOKMARK [2][]{subsection.3.10.2}{\376\377\0003\000.\0001\0000\000.\0002\000\040\000t\000e\000n\000a\000c\000i\000t\000y\000\040\000\050\000\040\0008\000.\0003\000\051}{section.3.10}% 160
\BOOKMARK [2][]{subsection.3.10.3}{\376\377\0003\000.\0001\0000\000.\0003\000\040\000p\000y\000d\000a\000n\000t\000i\000c\000\040\000\050\000\040\0002\000.\0007\000\051}{section.3.10}% 161
\BOOKMARK [2][]{subsection.3.10.4}{\376\377\0003\000.\0001\0000\000.\0004\000\040\000p\000y\000t\000e\000s\000t\000\040\000\050\000\040\0008\000.\0000\000\051}{section.3.10}% 162
\BOOKMARK [1][]{section.3.11}{\376\377\0003\000.\0001\0001\000\040\000C\000h\000a\000p\000t\000e\000r\000\040\000S\000u\000m\000m\000a\000r\000y\000\040\000\046\000\040\000K\000e\000y\000\040\000T\000a\000k\000e\000a\000w\000a\000y\000s}{chapter.3}% 163
\BOOKMARK [1][]{section.3.12}{\376\377\0003\000.\0001\0002\000\040\000Q\000u\000i\000c\000k\000-\000R\000e\000f\000e\000r\000e\000n\000c\000e\000\040\000C\000a\000r\000d}{chapter.3}% 164
\BOOKMARK [2][]{subsection.3.12.1}{\376\377\0003\000.\0001\0002\000.\0001\000\040\000T\000i\000m\000e\000o\000u\000t\000\040\000C\000h\000e\000a\000t\000-\000S\000h\000e\000e\000t}{section.3.12}% 165
\BOOKMARK [2][]{subsection.3.12.2}{\376\377\0003\000.\0001\0002\000.\0002\000\040\000R\000e\000t\000r\000y\000\040\000D\000e\000c\000i\000s\000i\000o\000n\000\040\000T\000a\000b\000l\000e}{section.3.12}% 166
\BOOKMARK [2][]{subsection.3.12.3}{\376\377\0003\000.\0001\0002\000.\0003\000\040\000S\000t\000a\000t\000u\000s\000-\000C\000l\000a\000s\000s\000\040\000H\000a\000n\000d\000l\000i\000n\000g\000\040\000T\000a\000b\000l\000e}{section.3.12}% 167
\BOOKMARK [1][]{section.3.13}{\376\377\0003\000.\0001\0003\000\040\000S\000t\000a\000n\000d\000a\000r\000d\000i\000z\000e\000d\000\040\000E\000v\000i\000d\000e\000n\000c\000e\000\040\000A\000d\000d\000e\000n\000d\000u\000m}{chapter.3}% 168
\BOOKMARK [2][]{subsection.3.13.1}{\376\377\0003\000.\0001\0003\000.\0001\000\040\000B\000e\000n\000c\000h\000m\000a\000r\000k\000\040\000S\000n\000a\000p\000s\000h\000o\000t\000\040\000T\000e\000m\000p\000l\000a\000t\000e}{section.3.13}% 169
\BOOKMARK [2][]{subsection.3.13.2}{\376\377\0003\000.\0001\0003\000.\0002\000\040\000R\000e\000q\000u\000e\000s\000t\000\040\000T\000r\000a\000c\000e\000\040\000T\000e\000m\000p\000l\000a\000t\000e}{section.3.13}% 170
\BOOKMARK [2][]{subsection.3.13.3}{\376\377\0003\000.\0001\0003\000.\0003\000\040\000C\000o\000s\000t\000\040\000a\000n\000d\000\040\000L\000a\000t\000e\000n\000c\000y\000\040\000B\000u\000d\000g\000e\000t\000\040\000S\000n\000a\000p\000s\000h\000o\000t}{section.3.13}% 171
\BOOKMARK [1][]{section.3.14}{\376\377\0003\000.\0001\0004\000\040\000C\000o\000n\000f\000i\000g\000u\000r\000a\000t\000i\000o\000n\000\040\000P\000r\000e\000s\000e\000t\000\040\000T\000e\000m\000p\000l\000a\000t\000e}{chapter.3}% 172
\BOOKMARK [1][]{section.3.15}{\376\377\0003\000.\0001\0005\000\040\000C\000I\000\040\000Q\000u\000a\000l\000i\000t\000y\000\040\000G\000a\000t\000e\000\040\000S\000p\000e\000c\000i\000f\000i\000c\000a\000t\000i\000o\000n}{chapter.3}% 173
\BOOKMARK [1][]{section.3.16}{\376\377\0003\000.\0001\0006\000\040\000I\000n\000c\000i\000d\000e\000n\000t\000\040\000R\000u\000n\000b\000o\000o\000k\000\040\000T\000e\000m\000p\000l\000a\000t\000e}{chapter.3}% 174
\BOOKMARK [1][]{section.3.17}{\376\377\0003\000.\0001\0007\000\040\000C\000r\000o\000s\000s\000-\000C\000h\000a\000p\000t\000e\000r\000\040\000D\000e\000c\000i\000s\000i\000o\000n\000\040\000C\000a\000r\000d}{chapter.3}% 175
\BOOKMARK [1][]{section.3.18}{\376\377\0003\000.\0001\0008\000\040\000R\000O\000I\000\040\000M\000o\000d\000e\000l\000\040\000a\000n\000d\000\040\000B\000u\000i\000l\000d\000-\000v\000s\000-\000B\000u\000y}{chapter.3}% 176
\BOOKMARK [1][]{section.3.19}{\376\377\0003\000.\0001\0009\000\040\000D\000i\000s\000a\000s\000t\000e\000r\000\040\000R\000e\000c\000o\000v\000e\000r\000y\000\040\000N\000o\000t\000e\000s\000\040\000\050\000R\000P\000O\000/\000R\000T\000O\000\051}{chapter.3}% 177
\BOOKMARK [0][]{chapter.4}{\376\377\0004\000\040\000T\000h\000e\000\040\000R\000E\000S\000T\000\040\000A\000r\000c\000h\000i\000t\000e\000c\000t\000u\000r\000a\000l\000\040\000S\000t\000y\000l\000e\000\040\000\046\000\040\000R\000e\000s\000o\000u\000r\000c\000e\000\040\000D\000e\000s\000i\000g\000n}{}% 178
\BOOKMARK [1][]{section.4.1}{\376\377\0004\000.\0001\000\040\000L\000e\000a\000r\000n\000i\000n\000g\000\040\000O\000b\000j\000e\000c\000t\000i\000v\000e\000s\000\040\000\046\000\040\000P\000r\000e\000r\000e\000q\000u\000i\000s\000i\000t\000e\000s}{chapter.4}% 179
\BOOKMARK [1][]{section.4.2}{\376\377\0004\000.\0002\000\040\000D\000e\000e\000p\000\040\000T\000e\000c\000h\000n\000i\000c\000a\000l\000\040\000M\000e\000c\000h\000a\000n\000i\000c\000s\000\040\000\046\000\040\000A\000r\000c\000h\000i\000t\000e\000c\000t\000u\000r\000a\000l\000\040\000C\000o\000n\000c\000e\000p\000t\000s}{chapter.4}% 180
\BOOKMARK [2][]{subsection.4.2.1}{\376\377\0004\000.\0002\000.\0001\000\040\000R\000E\000S\000T\000\040\000I\000s\000\040\000a\000n\000\040\000A\000r\000c\000h\000i\000t\000e\000c\000t\000u\000r\000a\000l\000\040\000S\000t\000y\000l\000e\000,\000\040\000N\000o\000t\000\040\000a\000\040\000P\000r\000o\000t\000o\000c\000o\000l}{section.4.2}% 181
\BOOKMARK [2][]{subsection.4.2.2}{\376\377\0004\000.\0002\000.\0002\000\040\000T\000h\000e\000\040\000S\000i\000x\000\040\000C\000o\000n\000s\000t\000r\000a\000i\000n\000t\000s\000,\000\040\000F\000o\000r\000m\000a\000l\000i\000z\000e\000d}{section.4.2}% 182
\BOOKMARK [2][]{subsection.4.2.3}{\376\377\0004\000.\0002\000.\0003\000\040\000`\000`\000J\000S\000O\000N\000\040\000o\000v\000e\000r\000\040\000H\000T\000T\000P\000\040\000I\000s\000\040\000N\000o\000t\000\040\000R\000E\000S\000T\000'\000'\000:\000\040\000T\000h\000e\000\040\000R\000i\000c\000h\000a\000r\000d\000s\000o\000n\000\040\000M\000a\000t\000u\000r\000i\000t\000y\000\040\000M\000o\000d\000e\000l}{section.4.2}% 183
\BOOKMARK [2][]{subsection.4.2.4}{\376\377\0004\000.\0002\000.\0004\000\040\000R\000e\000s\000o\000u\000r\000c\000e\000\040\000M\000o\000d\000e\000l\000i\000n\000g\000\040\000D\000i\000s\000c\000i\000p\000l\000i\000n\000e}{section.4.2}% 184
\BOOKMARK [2][]{subsection.4.2.5}{\376\377\0004\000.\0002\000.\0005\000\040\000U\000n\000i\000f\000o\000r\000m\000\040\000I\000n\000t\000e\000r\000f\000a\000c\000e\000\040\000S\000e\000m\000a\000n\000t\000i\000c\000s}{section.4.2}% 185
\BOOKMARK [2][]{subsection.4.2.6}{\376\377\0004\000.\0002\000.\0006\000\040\000H\000A\000T\000E\000O\000A\000S\000\040\000a\000n\000d\000\040\000H\000y\000p\000e\000r\000m\000e\000d\000i\000a}{section.4.2}% 186
\BOOKMARK [2][]{subsection.4.2.7}{\376\377\0004\000.\0002\000.\0007\000\040\000R\000e\000p\000r\000e\000s\000e\000n\000t\000a\000t\000i\000o\000n\000\040\000D\000e\000s\000i\000g\000n}{section.4.2}% 187
\BOOKMARK [2][]{subsection.4.2.8}{\376\377\0004\000.\0002\000.\0008\000\040\000A\000P\000I\000\040\000a\000s\000\040\000a\000\040\000P\000r\000o\000d\000u\000c\000t}{section.4.2}% 188
\BOOKMARK [1][]{section.4.3}{\376\377\0004\000.\0003\000\040\000P\000r\000o\000d\000u\000c\000t\000i\000o\000n\000-\000R\000e\000a\000d\000y\000\040\000C\000o\000d\000e\000\040\000I\000m\000p\000l\000e\000m\000e\000n\000t\000a\000t\000i\000o\000n}{chapter.4}% 189
\BOOKMARK [2][]{subsection.4.3.1}{\376\377\0004\000.\0003\000.\0001\000\040\000A\000\040\000S\000t\000d\000l\000i\000b\000-\000O\000n\000l\000y\000\040\000R\000E\000S\000T\000\040\000M\000i\000n\000i\000-\000F\000r\000a\000m\000e\000w\000o\000r\000k\000:\000\040\000T\000h\000e\000\040\000P\000a\000r\000t\000s\000\040\000C\000a\000t\000a\000l\000o\000g}{section.4.3}% 190
\BOOKMARK [2][]{subsection.4.3.2}{\376\377\0004\000.\0003\000.\0002\000\040\000A\000\040\000U\000R\000I\000\040\000D\000e\000s\000i\000g\000n\000\040\000V\000a\000l\000i\000d\000a\000t\000o\000r}{section.4.3}% 191
\BOOKMARK [2][]{subsection.4.3.3}{\376\377\0004\000.\0003\000.\0003\000\040\000A\000\040\000H\000A\000L\000-\000S\000t\000y\000l\000e\000\040\000H\000y\000p\000e\000r\000m\000e\000d\000i\000a\000\040\000S\000e\000r\000i\000a\000l\000i\000z\000e\000r}{section.4.3}% 192
\BOOKMARK [2][]{subsection.4.3.4}{\376\377\0004\000.\0003\000.\0004\000\040\000D\000e\000s\000i\000g\000n\000-\000F\000i\000r\000s\000t\000\040\000C\000o\000n\000t\000r\000a\000c\000t\000:\000\040\000O\000p\000e\000n\000A\000P\000I\000\040\0003\000.\0001\000\040\000E\000x\000c\000e\000r\000p\000t}{section.4.3}% 193
\BOOKMARK [1][]{section.4.4}{\376\377\0004\000.\0004\000\040\000C\000o\000m\000m\000o\000n\000\040\000P\000i\000t\000f\000a\000l\000l\000s\000\040\000\046\000\040\000A\000n\000t\000i\000-\000P\000a\000t\000t\000e\000r\000n\000s}{chapter.4}% 194
\BOOKMARK [1][]{section.4.5}{\376\377\0004\000.\0005\000\040\000H\000a\000n\000d\000s\000-\000O\000n\000\040\000P\000r\000o\000d\000u\000c\000t\000i\000o\000n\000\040\000L\000a\000b\000\040\000\046\000\040\000R\000e\000a\000l\000-\000W\000o\000r\000l\000d\000\040\000C\000a\000s\000e\000\040\000S\000t\000u\000d\000y}{chapter.4}% 195
\BOOKMARK [2][]{subsection.4.5.1}{\376\377\0004\000.\0005\000.\0001\000\040\000L\000a\000b\000\040\000P\000a\000r\000t\000\040\000A\000:\000\040\000D\000e\000s\000i\000g\000n\000\040\000t\000h\000e\000\040\000W\000a\000r\000e\000h\000o\000u\000s\000e\000\040\000D\000o\000m\000a\000i\000n\000\040\000a\000s\000\040\000R\000E\000S\000T\000\040\000R\000e\000s\000o\000u\000r\000c\000e\000s}{section.4.5}% 196
\BOOKMARK [2][]{subsection.4.5.2}{\376\377\0004\000.\0005\000.\0002\000\040\000L\000a\000b\000\040\000P\000a\000r\000t\000\040\000B\000:\000\040\000C\000o\000n\000s\000t\000r\000a\000i\000n\000t\000\040\000C\000r\000i\000t\000i\000q\000u\000e\000\040\000o\000f\000\040\000a\000\040\000D\000e\000l\000i\000b\000e\000r\000a\000t\000e\000l\000y\000\040\000B\000a\000d\000\040\000A\000P\000I}{section.4.5}% 197
\BOOKMARK [2][]{subsection.4.5.3}{\376\377\0004\000.\0005\000.\0003\000\040\000C\000a\000s\000e\000\040\000S\000t\000u\000d\000y\000:\000\040\000T\000h\000e\000\040\000R\000e\000d\000e\000s\000i\000g\000n\000\040\000T\000h\000a\000t\000\040\000B\000r\000o\000k\000e\000\040\000t\000h\000e\000\040\000M\000o\000b\000i\000l\000e\000\040\000F\000l\000e\000e\000t}{section.4.5}% 198
\BOOKMARK [1][]{section.4.6}{\376\377\0004\000.\0006\000\040\000S\000e\000l\000f\000-\000A\000s\000s\000e\000s\000s\000m\000e\000n\000t\000\040\000E\000x\000e\000r\000c\000i\000s\000e\000s\000\040\000\046\000\040\000D\000e\000e\000p\000-\000D\000i\000v\000e\000\040\000Q\000u\000e\000s\000t\000i\000o\000n\000s}{chapter.4}% 199
\BOOKMARK [1][]{section.4.7}{\376\377\0004\000.\0007\000\040\000I\000n\000t\000e\000r\000v\000i\000e\000w\000\040\000Q\000\046\000A\000\040\000V\000a\000u\000l\000t}{chapter.4}% 200
\BOOKMARK [2][]{subsection.4.7.1}{\376\377\0004\000.\0007\000.\0001\000\040\000J\000u\000n\000i\000o\000r\000\040\000\050\000Q\0001\040\023\000Q\0001\0000\000\051}{section.4.7}% 201
\BOOKMARK [2][]{subsection.4.7.2}{\376\377\0004\000.\0007\000.\0002\000\040\000M\000i\000d\000-\000L\000e\000v\000e\000l\000\040\000\050\000Q\0001\0001\040\023\000Q\0002\0000\000\051}{section.4.7}% 202
\BOOKMARK [2][]{subsection.4.7.3}{\376\377\0004\000.\0007\000.\0003\000\040\000S\000e\000n\000i\000o\000r\000\040\000\050\000Q\0002\0001\040\023\000Q\0002\0008\000\051}{section.4.7}% 203
\BOOKMARK [2][]{subsection.4.7.4}{\376\377\0004\000.\0007\000.\0004\000\040\000S\000t\000a\000f\000f\000\040\000\050\000Q\0002\0009\040\023\000Q\0003\0006\000\051}{section.4.7}% 204
\BOOKMARK [1][]{section.4.8}{\376\377\0004\000.\0008\000\040\000E\000x\000t\000e\000r\000n\000a\000l\000\040\000B\000i\000b\000l\000i\000o\000g\000r\000a\000p\000h\000y\000\040\000\046\000\040\000F\000u\000r\000t\000h\000e\000r\000\040\000R\000e\000a\000d\000i\000n\000g}{chapter.4}% 205
\BOOKMARK [1][]{section.4.9}{\376\377\0004\000.\0009\000\040\000C\000a\000p\000s\000t\000o\000n\000e\000\040\000P\000r\000o\000j\000e\000c\000t\000s}{chapter.4}% 206
\BOOKMARK [2][]{subsection.4.9.1}{\376\377\0004\000.\0009\000.\0001\000\040\000C\000a\000p\000s\000t\000o\000n\000e\000\040\0003\000.\0001\000\040\000[\000j\000u\000n\000i\000o\000r\000]\000\040\040\024\000\040\000M\000o\000d\000e\000l\000\040\000t\000h\000e\000\040\000L\000i\000b\000r\000a\000r\000y\000\040\000D\000o\000m\000a\000i\000n}{section.4.9}% 207
\BOOKMARK [2][]{subsection.4.9.2}{\376\377\0004\000.\0009\000.\0002\000\040\000C\000a\000p\000s\000t\000o\000n\000e\000\040\0003\000.\0002\000\040\000[\000j\000u\000n\000i\000o\000r\000]\000\040\040\024\000\040\000R\000u\000n\000\040\000a\000n\000d\000\040\000E\000x\000t\000e\000n\000d\000\040\000t\000h\000e\000\040\000S\000t\000d\000l\000i\000b\000\040\000C\000a\000t\000a\000l\000o\000g}{section.4.9}% 208
\BOOKMARK [2][]{subsection.4.9.3}{\376\377\0004\000.\0009\000.\0003\000\040\000C\000a\000p\000s\000t\000o\000n\000e\000\040\0003\000.\0003\000\040\000[\000m\000i\000d\000]\000\040\040\024\000\040\000P\000r\000o\000d\000u\000c\000t\000i\000o\000n\000i\000z\000e\000\040\000t\000h\000e\000\040\000U\000R\000I\000\040\000L\000i\000n\000t\000e\000r}{section.4.9}% 209
\BOOKMARK [2][]{subsection.4.9.4}{\376\377\0004\000.\0009\000.\0004\000\040\000C\000a\000p\000s\000t\000o\000n\000e\000\040\0003\000.\0004\000\040\000[\000s\000e\000n\000i\000o\000r\000]\000\040\040\024\000\040\000P\000o\000r\000t\000\040\000a\000n\000\040\000R\000P\000C\000\040\000A\000P\000I\000\040\000t\000o\000\040\000R\000e\000s\000o\000u\000r\000c\000e\000\040\000O\000r\000i\000e\000n\000t\000a\000t\000i\000o\000n}{section.4.9}% 210
\BOOKMARK [2][]{subsection.4.9.5}{\376\377\0004\000.\0009\000.\0005\000\040\000C\000a\000p\000s\000t\000o\000n\000e\000\040\0003\000.\0005\000\040\000[\000s\000t\000a\000f\000f\000]\000\040\040\024\000\040\000D\000e\000s\000i\000g\000n\000-\000R\000e\000v\000i\000e\000w\000\040\000R\000e\000p\000o\000r\000t\000\040\000o\000n\000\040\000a\000\040\000P\000u\000b\000l\000i\000c\000\040\000A\000P\000I}{section.4.9}% 211
\BOOKMARK [1][]{section.4.10}{\376\377\0004\000.\0001\0000\000\040\000P\000y\000t\000h\000o\000n\000\040\000D\000e\000p\000e\000n\000d\000e\000n\000c\000i\000e\000s\000\040\000A\000p\000p\000e\000n\000d\000i\000x}{chapter.4}% 212
\BOOKMARK [2][]{subsection.4.10.1}{\376\377\0004\000.\0001\0000\000.\0001\000\040\000p\000y\000y\000a\000m\000l\000\040\000\050\000\040\0006\000.\0000\000\051}{section.4.10}% 213
\BOOKMARK [2][]{subsection.4.10.2}{\376\377\0004\000.\0001\0000\000.\0002\000\040\000j\000s\000o\000n\000s\000c\000h\000e\000m\000a\000\040\000\050\000\040\0004\000.\0002\0001\000\051}{section.4.10}% 214
\BOOKMARK [1][]{section.4.11}{\376\377\0004\000.\0001\0001\000\040\000C\000h\000a\000p\000t\000e\000r\000\040\000S\000u\000m\000m\000a\000r\000y\000\040\000\046\000\040\000K\000e\000y\000\040\000T\000a\000k\000e\000a\000w\000a\000y\000s}{chapter.4}% 215
\BOOKMARK [1][]{section.4.12}{\376\377\0004\000.\0001\0002\000\040\000Q\000u\000i\000c\000k\000-\000R\000e\000f\000e\000r\000e\000n\000c\000e\000\040\000C\000a\000r\000d}{chapter.4}% 216
\BOOKMARK [1][]{section.4.13}{\376\377\0004\000.\0001\0003\000\040\000S\000t\000a\000n\000d\000a\000r\000d\000i\000z\000e\000d\000\040\000E\000v\000i\000d\000e\000n\000c\000e\000\040\000A\000d\000d\000e\000n\000d\000u\000m}{chapter.4}% 217
\BOOKMARK [2][]{subsection.4.13.1}{\376\377\0004\000.\0001\0003\000.\0001\000\040\000B\000e\000n\000c\000h\000m\000a\000r\000k\000\040\000S\000n\000a\000p\000s\000h\000o\000t\000\040\000T\000e\000m\000p\000l\000a\000t\000e}{section.4.13}% 218
\BOOKMARK [2][]{subsection.4.13.2}{\376\377\0004\000.\0001\0003\000.\0002\000\040\000R\000e\000q\000u\000e\000s\000t\000\040\000T\000r\000a\000c\000e\000\040\000T\000e\000m\000p\000l\000a\000t\000e}{section.4.13}% 219
\BOOKMARK [2][]{subsection.4.13.3}{\376\377\0004\000.\0001\0003\000.\0003\000\040\000C\000o\000s\000t\000\040\000a\000n\000d\000\040\000L\000a\000t\000e\000n\000c\000y\000\040\000B\000u\000d\000g\000e\000t\000\040\000S\000n\000a\000p\000s\000h\000o\000t}{section.4.13}% 220
\BOOKMARK [1][]{section.4.14}{\376\377\0004\000.\0001\0004\000\040\000C\000o\000n\000f\000i\000g\000u\000r\000a\000t\000i\000o\000n\000\040\000P\000r\000e\000s\000e\000t\000\040\000T\000e\000m\000p\000l\000a\000t\000e}{chapter.4}% 221
\BOOKMARK [1][]{section.4.15}{\376\377\0004\000.\0001\0005\000\040\000C\000I\000\040\000Q\000u\000a\000l\000i\000t\000y\000\040\000G\000a\000t\000e\000\040\000S\000p\000e\000c\000i\000f\000i\000c\000a\000t\000i\000o\000n}{chapter.4}% 222
\BOOKMARK [1][]{section.4.16}{\376\377\0004\000.\0001\0006\000\040\000I\000n\000c\000i\000d\000e\000n\000t\000\040\000R\000u\000n\000b\000o\000o\000k\000\040\000T\000e\000m\000p\000l\000a\000t\000e}{chapter.4}% 223
\BOOKMARK [1][]{section.4.17}{\376\377\0004\000.\0001\0007\000\040\000C\000r\000o\000s\000s\000-\000C\000h\000a\000p\000t\000e\000r\000\040\000D\000e\000c\000i\000s\000i\000o\000n\000\040\000C\000a\000r\000d}{chapter.4}% 224
\BOOKMARK [1][]{section.4.18}{\376\377\0004\000.\0001\0008\000\040\000R\000O\000I\000\040\000M\000o\000d\000e\000l\000\040\000a\000n\000d\000\040\000B\000u\000i\000l\000d\000-\000v\000s\000-\000B\000u\000y}{chapter.4}% 225
\BOOKMARK [1][]{section.4.19}{\376\377\0004\000.\0001\0009\000\040\000D\000i\000s\000a\000s\000t\000e\000r\000\040\000R\000e\000c\000o\000v\000e\000r\000y\000\040\000N\000o\000t\000e\000s\000\040\000\050\000R\000P\000O\000/\000R\000T\000O\000\051}{chapter.4}% 226
\BOOKMARK [0][]{chapter.5}{\376\377\0005\000\040\000D\000a\000t\000a\000\040\000o\000n\000\040\000t\000h\000e\000\040\000W\000i\000r\000e\000:\000\040\000S\000e\000r\000i\000a\000l\000i\000z\000a\000t\000i\000o\000n\000\040\000F\000o\000r\000m\000a\000t\000s\000\040\000\046\000\040\000D\000a\000t\000a\000\040\000C\000o\000n\000t\000r\000a\000c\000t\000s}{}% 227
\BOOKMARK [1][]{section.5.1}{\376\377\0005\000.\0001\000\040\000L\000e\000a\000r\000n\000i\000n\000g\000\040\000O\000b\000j\000e\000c\000t\000i\000v\000e\000s\000\040\000\046\000\040\000P\000r\000e\000r\000e\000q\000u\000i\000s\000i\000t\000e\000s}{chapter.5}% 228
\BOOKMARK [1][]{section.5.2}{\376\377\0005\000.\0002\000\040\000D\000e\000e\000p\000\040\000T\000e\000c\000h\000n\000i\000c\000a\000l\000\040\000M\000e\000c\000h\000a\000n\000i\000c\000s\000\040\000\046\000\040\000A\000r\000c\000h\000i\000t\000e\000c\000t\000u\000r\000a\000l\000\040\000C\000o\000n\000c\000e\000p\000t\000s}{chapter.5}% 229
\BOOKMARK [2][]{subsection.5.2.1}{\376\377\0005\000.\0002\000.\0001\000\040\000J\000S\000O\000N\000\040\000p\000e\000r\000\040\000R\000F\000C\000\040\0008\0002\0005\0009\000:\000\040\000T\000h\000e\000\040\000G\000r\000a\000m\000m\000a\000r\000\040\000Y\000o\000u\000\040\000T\000h\000i\000n\000k\000\040\000Y\000o\000u\000\040\000K\000n\000o\000w}{section.5.2}% 230
\BOOKMARK [2][]{subsection.5.2.2}{\376\377\0005\000.\0002\000.\0002\000\040\000J\000S\000O\000N\000\040\000S\000c\000h\000e\000m\000a\000\040\0002\0000\0002\0000\000-\0001\0002\000:\000\040\000F\000r\000o\000m\000\040\000H\000o\000p\000e\000s\000\040\000t\000o\000\040\000M\000a\000c\000h\000i\000n\000e\000-\000C\000h\000e\000c\000k\000e\000d\000\040\000C\000o\000n\000t\000r\000a\000c\000t\000s}{section.5.2}% 231
\BOOKMARK [2][]{subsection.5.2.3}{\376\377\0005\000.\0002\000.\0003\000\040\000P\000r\000o\000t\000o\000c\000o\000l\000\040\000B\000u\000f\000f\000e\000r\000s\000:\000\040\000T\000h\000e\000\040\000W\000i\000r\000e\000\040\000F\000o\000r\000m\000a\000t\000,\000\040\000B\000y\000t\000e\000\040\000b\000y\000\040\000B\000y\000t\000e}{section.5.2}% 232
\BOOKMARK [2][]{subsection.5.2.4}{\376\377\0005\000.\0002\000.\0004\000\040\000A\000v\000r\000o\000\040\000a\000n\000d\000\040\000M\000e\000s\000s\000a\000g\000e\000P\000a\000c\000k\000:\000\040\000T\000w\000o\000\040\000O\000t\000h\000e\000r\000\040\000B\000e\000t\000s}{section.5.2}% 233
\BOOKMARK [2][]{subsection.5.2.5}{\376\377\0005\000.\0002\000.\0005\000\040\000T\000h\000e\000\040\000F\000o\000r\000m\000a\000t\000\040\000T\000r\000a\000d\000e\000-\000O\000f\000f\000\040\000M\000a\000t\000r\000i\000x}{section.5.2}% 234
\BOOKMARK [2][]{subsection.5.2.6}{\376\377\0005\000.\0002\000.\0006\000\040\000C\000o\000n\000t\000e\000n\000t\000\040\000N\000e\000g\000o\000t\000i\000a\000t\000i\000o\000n\000:\000\040\000A\000g\000r\000e\000e\000i\000n\000g\000\040\000o\000n\000\040\000t\000h\000e\000\040\000B\000y\000t\000e\000s}{section.5.2}% 235
\BOOKMARK [2][]{subsection.5.2.7}{\376\377\0005\000.\0002\000.\0007\000\040\000C\000o\000n\000t\000r\000a\000c\000t\000\040\000E\000n\000g\000i\000n\000e\000e\000r\000i\000n\000g\000:\000\040\000R\000e\000g\000i\000s\000t\000r\000i\000e\000s\000,\000\040\000C\000o\000m\000p\000a\000t\000i\000b\000i\000l\000i\000t\000y\000,\000\040\000C\000o\000n\000s\000u\000m\000e\000r\000s}{section.5.2}% 236
\BOOKMARK [1][]{section.5.3}{\376\377\0005\000.\0003\000\040\000P\000r\000o\000d\000u\000c\000t\000i\000o\000n\000-\000R\000e\000a\000d\000y\000\040\000C\000o\000d\000e\000\040\000I\000m\000p\000l\000e\000m\000e\000n\000t\000a\000t\000i\000o\000n}{chapter.5}% 237
\BOOKMARK [2][]{subsection.5.3.1}{\376\377\0005\000.\0003\000.\0001\000\040\000A\000\040\000H\000a\000n\000d\000-\000R\000o\000l\000l\000e\000d\000\040\000P\000r\000o\000t\000o\000b\000u\000f\000\040\000C\000o\000d\000e\000c\000\040\000\050\000P\000u\000r\000e\000\040\000S\000t\000a\000n\000d\000a\000r\000d\000\040\000L\000i\000b\000r\000a\000r\000y\000\051}{section.5.3}% 238
\BOOKMARK [2][]{subsection.5.3.2}{\376\377\0005\000.\0003\000.\0002\000\040\000J\000S\000O\000N\000\040\000S\000c\000h\000e\000m\000a\000\040\000V\000a\000l\000i\000d\000a\000t\000i\000o\000n\000\040\000P\000i\000p\000e\000l\000i\000n\000e\000\040\000w\000i\000t\000h\000\040\000R\000F\000C\000\040\0009\0004\0005\0007\000\040\000E\000r\000r\000o\000r\000s}{section.5.3}% 239
\BOOKMARK [2][]{subsection.5.3.3}{\376\377\0005\000.\0003\000.\0003\000\040\000A\000\040\000C\000o\000n\000t\000e\000n\000t\000-\000N\000e\000g\000o\000t\000i\000a\000t\000i\000o\000n\000\040\000S\000e\000l\000e\000c\000t\000o\000r\000\040\000\050\000P\000u\000r\000e\000\040\000S\000t\000a\000n\000d\000a\000r\000d\000\040\000L\000i\000b\000r\000a\000r\000y\000\051}{section.5.3}% 240
\BOOKMARK [2][]{subsection.5.3.4}{\376\377\0005\000.\0003\000.\0004\000\040\000A\000\040\000D\000e\000t\000e\000r\000m\000i\000n\000i\000s\000t\000i\000c\000\040\000S\000e\000r\000i\000a\000l\000i\000z\000a\000t\000i\000o\000n\000\040\000B\000e\000n\000c\000h\000m\000a\000r\000k\000\040\000H\000a\000r\000n\000e\000s\000s}{section.5.3}% 241
\BOOKMARK [2][]{subsection.5.3.5}{\376\377\0005\000.\0003\000.\0005\000\040\000S\000t\000r\000e\000a\000m\000i\000n\000g\000\040\000N\000D\000J\000S\000O\000N\000\040\000W\000r\000i\000t\000e\000r\000/\000R\000e\000a\000d\000e\000r}{section.5.3}% 242
\BOOKMARK [1][]{section.5.4}{\376\377\0005\000.\0004\000\040\000C\000o\000m\000m\000o\000n\000\040\000P\000i\000t\000f\000a\000l\000l\000s\000\040\000\046\000\040\000A\000n\000t\000i\000-\000P\000a\000t\000t\000e\000r\000n\000s}{chapter.5}% 243
\BOOKMARK [1][]{section.5.5}{\376\377\0005\000.\0005\000\040\000H\000a\000n\000d\000s\000-\000O\000n\000\040\000P\000r\000o\000d\000u\000c\000t\000i\000o\000n\000\040\000L\000a\000b\000\040\000\046\000\040\000R\000e\000a\000l\000-\000W\000o\000r\000l\000d\000\040\000C\000a\000s\000e\000\040\000S\000t\000u\000d\000y}{chapter.5}% 244
\BOOKMARK [2][]{subsection.5.5.1}{\376\377\0005\000.\0005\000.\0001\000\040\000L\000a\000b\000:\000\040\000B\000e\000n\000c\000h\000m\000a\000r\000k\000\040\000T\000h\000r\000e\000e\000\040\000F\000o\000r\000m\000a\000t\000s\000\040\000a\000n\000d\000\040\000P\000r\000o\000d\000u\000c\000e\000\040\000a\000\040\000D\000e\000c\000i\000s\000i\000o\000n\000\040\000T\000a\000b\000l\000e}{section.5.5}% 245
\BOOKMARK [2][]{subsection.5.5.2}{\376\377\0005\000.\0005\000.\0002\000\040\000C\000a\000s\000e\000\040\000S\000t\000u\000d\000y\000:\000\040\000T\000h\000e\000\040\0002\0005\0003\000\040\000O\000r\000d\000e\000r\000-\000I\000D\000\040\000C\000o\000r\000r\000u\000p\000t\000i\000o\000n\000\040\000I\000n\000c\000i\000d\000e\000n\000t}{section.5.5}% 246
\BOOKMARK [1][]{section.5.6}{\376\377\0005\000.\0006\000\040\000S\000e\000l\000f\000-\000A\000s\000s\000e\000s\000s\000m\000e\000n\000t\000\040\000E\000x\000e\000r\000c\000i\000s\000e\000s\000\040\000\046\000\040\000D\000e\000e\000p\000-\000D\000i\000v\000e\000\040\000Q\000u\000e\000s\000t\000i\000o\000n\000s}{chapter.5}% 247
\BOOKMARK [1][]{section.5.7}{\376\377\0005\000.\0007\000\040\000I\000n\000t\000e\000r\000v\000i\000e\000w\000\040\000Q\000\046\000A\000\040\000V\000a\000u\000l\000t}{chapter.5}% 248
\BOOKMARK [1][]{section.5.8}{\376\377\0005\000.\0008\000\040\000E\000x\000t\000e\000r\000n\000a\000l\000\040\000B\000i\000b\000l\000i\000o\000g\000r\000a\000p\000h\000y\000\040\000\046\000\040\000F\000u\000r\000t\000h\000e\000r\000\040\000R\000e\000a\000d\000i\000n\000g}{chapter.5}% 249
\BOOKMARK [1][]{section.5.9}{\376\377\0005\000.\0009\000\040\000C\000a\000p\000s\000t\000o\000n\000e\000\040\000P\000r\000o\000j\000e\000c\000t\000s}{chapter.5}% 250
\BOOKMARK [2][]{subsection.5.9.1}{\376\377\0005\000.\0009\000.\0001\000\040\000C\000a\000p\000s\000t\000o\000n\000e\000\040\0001\000:\000\040\000N\000D\000J\000S\000O\000N\000\040\000I\000n\000v\000e\000n\000t\000o\000r\000y\000\040\000L\000o\000g\000\040\000S\000h\000i\000p\000p\000e\000r\000\040\000[\000j\000u\000n\000i\000o\000r\000]}{section.5.9}% 251
\BOOKMARK [2][]{subsection.5.9.2}{\376\377\0005\000.\0009\000.\0002\000\040\000C\000a\000p\000s\000t\000o\000n\000e\000\040\0002\000:\000\040\000S\000c\000h\000e\000m\000a\000-\000V\000a\000l\000i\000d\000a\000t\000i\000o\000n\000\040\000M\000i\000d\000d\000l\000e\000w\000a\000r\000e\000\040\000[\000m\000i\000d\000]}{section.5.9}% 252
\BOOKMARK [2][]{subsection.5.9.3}{\376\377\0005\000.\0009\000.\0003\000\040\000C\000a\000p\000s\000t\000o\000n\000e\000\040\0003\000:\000\040\000H\000a\000n\000d\000-\000R\000o\000l\000l\000e\000d\000\040\000P\000r\000o\000t\000o\000b\000u\000f\000\040\000C\000o\000d\000e\000c\000\040\000E\000x\000t\000e\000n\000s\000i\000o\000n\000\040\000[\000s\000e\000n\000i\000o\000r\000]}{section.5.9}% 253
\BOOKMARK [2][]{subsection.5.9.4}{\376\377\0005\000.\0009\000.\0004\000\040\000C\000a\000p\000s\000t\000o\000n\000e\000\040\0004\000:\000\040\000N\000e\000g\000o\000t\000i\000a\000t\000i\000o\000n\000-\000A\000w\000a\000r\000e\000\040\000C\000a\000c\000h\000e\000\040\000K\000e\000y\000\040\000T\000o\000o\000l\000\040\000[\000s\000e\000n\000i\000o\000r\000]}{section.5.9}% 254
\BOOKMARK [2][]{subsection.5.9.5}{\376\377\0005\000.\0009\000.\0005\000\040\000C\000a\000p\000s\000t\000o\000n\000e\000\040\0005\000:\000\040\000F\000o\000r\000m\000a\000t\000-\000M\000i\000g\000r\000a\000t\000i\000o\000n\000\040\000C\000L\000I\000\040\000f\000o\000r\000\040\000a\000\040\000D\000a\000t\000a\000s\000e\000t\000\040\000[\000s\000t\000a\000f\000f\000]}{section.5.9}% 255
\BOOKMARK [1][]{section.5.10}{\376\377\0005\000.\0001\0000\000\040\000P\000y\000t\000h\000o\000n\000\040\000D\000e\000p\000e\000n\000d\000e\000n\000c\000i\000e\000s\000\040\000A\000p\000p\000e\000n\000d\000i\000x}{chapter.5}% 256
\BOOKMARK [2][]{subsection.5.10.1}{\376\377\0005\000.\0001\0000\000.\0001\000\040\000j\000s\000o\000n\000s\000c\000h\000e\000m\000a}{section.5.10}% 257
\BOOKMARK [2][]{subsection.5.10.2}{\376\377\0005\000.\0001\0000\000.\0002\000\040\000m\000s\000g\000p\000a\000c\000k}{section.5.10}% 258
\BOOKMARK [2][]{subsection.5.10.3}{\376\377\0005\000.\0001\0000\000.\0003\000\040\000o\000r\000j\000s\000o\000n\000\040\000\050\000o\000p\000t\000i\000o\000n\000a\000l\000\051}{section.5.10}% 259
\BOOKMARK [1][]{section.5.11}{\376\377\0005\000.\0001\0001\000\040\000C\000h\000a\000p\000t\000e\000r\000\040\000S\000u\000m\000m\000a\000r\000y\000\040\000\046\000\040\000K\000e\000y\000\040\000T\000a\000k\000e\000a\000w\000a\000y\000s}{chapter.5}% 260
\BOOKMARK [1][]{section.5.12}{\376\377\0005\000.\0001\0002\000\040\000Q\000u\000i\000c\000k\000-\000R\000e\000f\000e\000r\000e\000n\000c\000e\000\040\000C\000a\000r\000d}{chapter.5}% 261
\BOOKMARK [1][]{section.5.13}{\376\377\0005\000.\0001\0003\000\040\000S\000t\000a\000n\000d\000a\000r\000d\000i\000z\000e\000d\000\040\000E\000v\000i\000d\000e\000n\000c\000e\000\040\000A\000d\000d\000e\000n\000d\000u\000m}{chapter.5}% 262
\BOOKMARK [2][]{subsection.5.13.1}{\376\377\0005\000.\0001\0003\000.\0001\000\040\000B\000e\000n\000c\000h\000m\000a\000r\000k\000\040\000S\000n\000a\000p\000s\000h\000o\000t\000\040\000T\000e\000m\000p\000l\000a\000t\000e}{section.5.13}% 263
\BOOKMARK [2][]{subsection.5.13.2}{\376\377\0005\000.\0001\0003\000.\0002\000\040\000R\000e\000q\000u\000e\000s\000t\000\040\000T\000r\000a\000c\000e\000\040\000T\000e\000m\000p\000l\000a\000t\000e}{section.5.13}% 264
\BOOKMARK [2][]{subsection.5.13.3}{\376\377\0005\000.\0001\0003\000.\0003\000\040\000C\000o\000s\000t\000\040\000a\000n\000d\000\040\000L\000a\000t\000e\000n\000c\000y\000\040\000B\000u\000d\000g\000e\000t\000\040\000S\000n\000a\000p\000s\000h\000o\000t}{section.5.13}% 265
\BOOKMARK [1][]{section.5.14}{\376\377\0005\000.\0001\0004\000\040\000C\000o\000n\000f\000i\000g\000u\000r\000a\000t\000i\000o\000n\000\040\000P\000r\000e\000s\000e\000t\000\040\000T\000e\000m\000p\000l\000a\000t\000e}{chapter.5}% 266
\BOOKMARK [1][]{section.5.15}{\376\377\0005\000.\0001\0005\000\040\000C\000I\000\040\000Q\000u\000a\000l\000i\000t\000y\000\040\000G\000a\000t\000e\000\040\000S\000p\000e\000c\000i\000f\000i\000c\000a\000t\000i\000o\000n}{chapter.5}% 267
\BOOKMARK [1][]{section.5.16}{\376\377\0005\000.\0001\0006\000\040\000I\000n\000c\000i\000d\000e\000n\000t\000\040\000R\000u\000n\000b\000o\000o\000k\000\040\000T\000e\000m\000p\000l\000a\000t\000e}{chapter.5}% 268
\BOOKMARK [1][]{section.5.17}{\376\377\0005\000.\0001\0007\000\040\000C\000r\000o\000s\000s\000-\000C\000h\000a\000p\000t\000e\000r\000\040\000D\000e\000c\000i\000s\000i\000o\000n\000\040\000C\000a\000r\000d}{chapter.5}% 269
\BOOKMARK [1][]{section.5.18}{\376\377\0005\000.\0001\0008\000\040\000R\000O\000I\000\040\000M\000o\000d\000e\000l\000\040\000a\000n\000d\000\040\000B\000u\000i\000l\000d\000-\000v\000s\000-\000B\000u\000y}{chapter.5}% 270
\BOOKMARK [1][]{section.5.19}{\376\377\0005\000.\0001\0009\000\040\000D\000i\000s\000a\000s\000t\000e\000r\000\040\000R\000e\000c\000o\000v\000e\000r\000y\000\040\000N\000o\000t\000e\000s\000\040\000\050\000R\000P\000O\000/\000R\000T\000O\000\051}{chapter.5}% 271
\BOOKMARK [0][]{chapter.6}{\376\377\0006\000\040\000C\000l\000i\000e\000n\000t\000-\000S\000i\000d\000e\000\040\000S\000e\000c\000u\000r\000i\000t\000y\000:\000\040\000A\000P\000I\000\040\000K\000e\000y\000s\000,\000\040\000O\000A\000u\000t\000h\000\040\0002\000.\0000\000/\000O\000I\000D\000C\000\040\000\046\000\040\000J\000W\000T\000\040\000f\000o\000r\000\040\000C\000o\000n\000s\000u\000m\000e\000r\000s}{}% 272
\BOOKMARK [1][]{section.6.1}{\376\377\0006\000.\0001\000\040\000L\000e\000a\000r\000n\000i\000n\000g\000\040\000O\000b\000j\000e\000c\000t\000i\000v\000e\000s\000\040\000\046\000\040\000P\000r\000e\000r\000e\000q\000u\000i\000s\000i\000t\000e\000s}{chapter.6}% 273
\BOOKMARK [1][]{section.6.2}{\376\377\0006\000.\0002\000\040\000D\000e\000e\000p\000\040\000T\000e\000c\000h\000n\000i\000c\000a\000l\000\040\000M\000e\000c\000h\000a\000n\000i\000c\000s\000\040\000\046\000\040\000A\000r\000c\000h\000i\000t\000e\000c\000t\000u\000r\000a\000l\000\040\000C\000o\000n\000c\000e\000p\000t\000s}{chapter.6}% 274
\BOOKMARK [2][]{subsection.6.2.1}{\376\377\0006\000.\0002\000.\0001\000\040\000T\000h\000e\000\040\000C\000r\000e\000d\000e\000n\000t\000i\000a\000l\000\040\000T\000a\000x\000o\000n\000o\000m\000y}{section.6.2}% 275
\BOOKMARK [2][]{subsection.6.2.2}{\376\377\0006\000.\0002\000.\0002\000\040\000A\000n\000a\000t\000o\000m\000y\000\040\000o\000f\000\040\000a\000\040\000S\000i\000g\000V\0004\000-\000S\000t\000y\000l\000e\000\040\000S\000i\000g\000n\000a\000t\000u\000r\000e}{section.6.2}% 276
\BOOKMARK [2][]{subsection.6.2.3}{\376\377\0006\000.\0002\000.\0003\000\040\000O\000A\000u\000t\000h\000\040\0002\000.\0000\000\040\000D\000e\000c\000o\000d\000e\000d\000\040\000\050\000R\000F\000C\000\040\0006\0007\0004\0009\000\051}{section.6.2}% 277
\BOOKMARK [2][]{subsection.6.2.4}{\376\377\0006\000.\0002\000.\0004\000\040\000O\000p\000e\000n\000I\000D\000\040\000C\000o\000n\000n\000e\000c\000t\000:\000\040\000T\000h\000e\000\040\000I\000d\000e\000n\000t\000i\000t\000y\000\040\000L\000a\000y\000e\000r}{section.6.2}% 278
\BOOKMARK [2][]{subsection.6.2.5}{\376\377\0006\000.\0002\000.\0005\000\040\000J\000W\000T\000\040\000I\000n\000t\000e\000r\000n\000a\000l\000s\000\040\000\050\000R\000F\000C\000\040\0007\0005\0001\0009\000\051}{section.6.2}% 279
\BOOKMARK [2][]{subsection.6.2.6}{\376\377\0006\000.\0002\000.\0006\000\040\000S\000e\000c\000r\000e\000t\000\040\000S\000t\000o\000r\000a\000g\000e\000\040\000f\000o\000r\000\040\000C\000o\000n\000s\000u\000m\000e\000r\000s}{section.6.2}% 280
\BOOKMARK [1][]{section.6.3}{\376\377\0006\000.\0003\000\040\000P\000r\000o\000d\000u\000c\000t\000i\000o\000n\000-\000R\000e\000a\000d\000y\000\040\000C\000o\000d\000e\000\040\000I\000m\000p\000l\000e\000m\000e\000n\000t\000a\000t\000i\000o\000n}{chapter.6}% 281
\BOOKMARK [2][]{subsection.6.3.1}{\376\377\0006\000.\0003\000.\0001\000\040\000L\000i\000s\000t\000i\000n\000g\000\040\0005\000.\0001\000\040\040\024\000\040\000S\000i\000g\000V\0004\000-\000S\000t\000y\000l\000e\000\040\000H\000M\000A\000C\000\040\000S\000i\000g\000n\000e\000r\000\040\000w\000i\000t\000h\000\040\000V\000e\000r\000i\000f\000y\000i\000n\000g\000\040\000S\000t\000u\000b\000\040\000S\000e\000r\000v\000e\000r}{section.6.3}% 282
\BOOKMARK [2][]{subsection.6.3.2}{\376\377\0006\000.\0003\000.\0002\000\040\000L\000i\000s\000t\000i\000n\000g\000\040\0005\000.\0002\000\040\040\024\000\040\000C\000o\000m\000p\000l\000e\000t\000e\000\040\000P\000K\000C\000E\000\040\000F\000l\000o\000w\000\040\000A\000g\000a\000i\000n\000s\000t\000\040\000a\000\040\000L\000o\000c\000a\000l\000\040\000S\000t\000u\000b\000\040\000I\000d\000P}{section.6.3}% 283
\BOOKMARK [2][]{subsection.6.3.3}{\376\377\0006\000.\0003\000.\0003\000\040\000L\000i\000s\000t\000i\000n\000g\000\040\0005\000.\0003\000\040\040\024\000\040\000H\000a\000r\000d\000e\000n\000e\000d\000\040\000J\000W\000T\000\040\000V\000e\000r\000i\000f\000i\000e\000r\000\040\000w\000i\000t\000h\000\040\000A\000d\000v\000e\000r\000s\000a\000r\000i\000a\000l\000\040\000G\000a\000u\000n\000t\000l\000e\000t}{section.6.3}% 284
\BOOKMARK [2][]{subsection.6.3.4}{\376\377\0006\000.\0003\000.\0004\000\040\000L\000i\000s\000t\000i\000n\000g\000\040\0005\000.\0004\000\040\040\024\000\040\000T\000o\000k\000e\000n\000\040\000C\000a\000c\000h\000e\000:\000\040\000S\000i\000n\000g\000l\000e\000-\000F\000l\000i\000g\000h\000t\000\040\000P\000r\000o\000a\000c\000t\000i\000v\000e\000\040\000R\000e\000f\000r\000e\000s\000h\000\040\000a\000n\000d\000\040\000R\000e\000d\000a\000c\000t\000i\000o\000n\000-\000S\000a\000f\000e\000\040\000L\000o\000g\000g\000i\000n\000g}{section.6.3}% 285
\BOOKMARK [2][]{subsection.6.3.5}{\376\377\0006\000.\0003\000.\0005\000\040\000L\000i\000s\000t\000i\000n\000g\000\040\0005\000.\0005\000\040\040\024\000\040\000E\000d\000u\000c\000a\000t\000i\000o\000n\000a\000l\000\040\000A\000t\000t\000a\000c\000k\000\040\000D\000e\000m\000o\000:\000\040\000R\000S\0002\0005\0006\000-\000>\000H\000S\0002\0005\0006\000\040\000C\000o\000n\000f\000u\000s\000i\000o\000n}{section.6.3}% 286
\BOOKMARK [1][]{section.6.4}{\376\377\0006\000.\0004\000\040\000C\000o\000m\000m\000o\000n\000\040\000P\000i\000t\000f\000a\000l\000l\000s\000\040\000\046\000\040\000A\000n\000t\000i\000-\000P\000a\000t\000t\000e\000r\000n\000s}{chapter.6}% 287
\BOOKMARK [1][]{section.6.5}{\376\377\0006\000.\0005\000\040\000H\000a\000n\000d\000s\000-\000O\000n\000\040\000P\000r\000o\000d\000u\000c\000t\000i\000o\000n\000\040\000L\000a\000b\000\040\000\046\000\040\000R\000e\000a\000l\000-\000W\000o\000r\000l\000d\000\040\000C\000a\000s\000e\000\040\000S\000t\000u\000d\000y}{chapter.6}% 288
\BOOKMARK [2][]{subsection.6.5.1}{\376\377\0006\000.\0005\000.\0001\000\040\000L\000a\000b\000:\000\040\000P\000K\000C\000E\000\040\000E\000n\000d\000-\000t\000o\000-\000E\000n\000d\000\040\000a\000n\000d\000\040\000t\000h\000e\000\040\000J\000W\000T\000\040\000H\000a\000r\000d\000e\000n\000i\000n\000g\000\040\000G\000a\000u\000n\000t\000l\000e\000t}{section.6.5}% 289
\BOOKMARK [2][]{subsection.6.5.2}{\376\377\0006\000.\0005\000.\0002\000\040\000W\000a\000r\000\040\000S\000t\000o\000r\000y\000:\000\040\000T\000h\000e\000\040\000C\000I\000\040\000L\000o\000g\000\040\000L\000e\000a\000k\000\040\000a\000n\000d\000\040\000t\000h\000e\000\040\0004\0001\000-\000M\000i\000n\000u\000t\000e\000\040\000R\000o\000t\000a\000t\000i\000o\000n}{section.6.5}% 290
\BOOKMARK [1][]{section.6.6}{\376\377\0006\000.\0006\000\040\000S\000e\000l\000f\000-\000A\000s\000s\000e\000s\000s\000m\000e\000n\000t\000\040\000E\000x\000e\000r\000c\000i\000s\000e\000s\000\040\000\046\000\040\000D\000e\000e\000p\000-\000D\000i\000v\000e\000\040\000Q\000u\000e\000s\000t\000i\000o\000n\000s}{chapter.6}% 291
\BOOKMARK [1][]{section.6.7}{\376\377\0006\000.\0007\000\040\000I\000n\000t\000e\000r\000v\000i\000e\000w\000\040\000Q\000\046\000A\000\040\000V\000a\000u\000l\000t}{chapter.6}% 292
\BOOKMARK [1][]{section.6.8}{\376\377\0006\000.\0008\000\040\000E\000x\000t\000e\000r\000n\000a\000l\000\040\000B\000i\000b\000l\000i\000o\000g\000r\000a\000p\000h\000y\000\040\000\046\000\040\000F\000u\000r\000t\000h\000e\000r\000\040\000R\000e\000a\000d\000i\000n\000g}{chapter.6}% 293
\BOOKMARK [1][]{section.6.9}{\376\377\0006\000.\0009\000\040\000C\000a\000p\000s\000t\000o\000n\000e\000\040\000P\000r\000o\000j\000e\000c\000t\000s}{chapter.6}% 294
\BOOKMARK [1][]{section.6.10}{\376\377\0006\000.\0001\0000\000\040\000P\000y\000t\000h\000o\000n\000\040\000D\000e\000p\000e\000n\000d\000e\000n\000c\000i\000e\000s\000\040\000A\000p\000p\000e\000n\000d\000i\000x}{chapter.6}% 295
\BOOKMARK [2][]{subsection.6.10.1}{\376\377\0006\000.\0001\0000\000.\0001\000\040\000p\000y\000j\000w\000t}{section.6.10}% 296
\BOOKMARK [2][]{subsection.6.10.2}{\376\377\0006\000.\0001\0000\000.\0002\000\040\000c\000r\000y\000p\000t\000o\000g\000r\000a\000p\000h\000y}{section.6.10}% 297
\BOOKMARK [2][]{subsection.6.10.3}{\376\377\0006\000.\0001\0000\000.\0003\000\040\000h\000t\000t\000p\000x}{section.6.10}% 298
\BOOKMARK [2][]{subsection.6.10.4}{\376\377\0006\000.\0001\0000\000.\0004\000\040\000k\000e\000y\000r\000i\000n\000g\000\040\000\050\000o\000p\000t\000i\000o\000n\000a\000l\000\051}{section.6.10}% 299
\BOOKMARK [1][]{section.6.11}{\376\377\0006\000.\0001\0001\000\040\000C\000h\000a\000p\000t\000e\000r\000\040\000S\000u\000m\000m\000a\000r\000y\000\040\000\046\000\040\000K\000e\000y\000\040\000T\000a\000k\000e\000a\000w\000a\000y\000s}{chapter.6}% 300
\BOOKMARK [1][]{section.6.12}{\376\377\0006\000.\0001\0002\000\040\000Q\000u\000i\000c\000k\000-\000R\000e\000f\000e\000r\000e\000n\000c\000e\000\040\000C\000a\000r\000d}{chapter.6}% 301
\BOOKMARK [1][]{section.6.13}{\376\377\0006\000.\0001\0003\000\040\000S\000t\000a\000n\000d\000a\000r\000d\000i\000z\000e\000d\000\040\000E\000v\000i\000d\000e\000n\000c\000e\000\040\000A\000d\000d\000e\000n\000d\000u\000m}{chapter.6}% 302
\BOOKMARK [2][]{subsection.6.13.1}{\376\377\0006\000.\0001\0003\000.\0001\000\040\000B\000e\000n\000c\000h\000m\000a\000r\000k\000\040\000S\000n\000a\000p\000s\000h\000o\000t\000\040\000T\000e\000m\000p\000l\000a\000t\000e}{section.6.13}% 303
\BOOKMARK [2][]{subsection.6.13.2}{\376\377\0006\000.\0001\0003\000.\0002\000\040\000R\000e\000q\000u\000e\000s\000t\000\040\000T\000r\000a\000c\000e\000\040\000T\000e\000m\000p\000l\000a\000t\000e}{section.6.13}% 304
\BOOKMARK [2][]{subsection.6.13.3}{\376\377\0006\000.\0001\0003\000.\0003\000\040\000C\000o\000s\000t\000\040\000a\000n\000d\000\040\000L\000a\000t\000e\000n\000c\000y\000\040\000B\000u\000d\000g\000e\000t\000\040\000S\000n\000a\000p\000s\000h\000o\000t}{section.6.13}% 305
\BOOKMARK [1][]{section.6.14}{\376\377\0006\000.\0001\0004\000\040\000C\000o\000n\000f\000i\000g\000u\000r\000a\000t\000i\000o\000n\000\040\000P\000r\000e\000s\000e\000t\000\040\000T\000e\000m\000p\000l\000a\000t\000e}{chapter.6}% 306
\BOOKMARK [1][]{section.6.15}{\376\377\0006\000.\0001\0005\000\040\000C\000I\000\040\000Q\000u\000a\000l\000i\000t\000y\000\040\000G\000a\000t\000e\000\040\000S\000p\000e\000c\000i\000f\000i\000c\000a\000t\000i\000o\000n}{chapter.6}% 307
\BOOKMARK [1][]{section.6.16}{\376\377\0006\000.\0001\0006\000\040\000I\000n\000c\000i\000d\000e\000n\000t\000\040\000R\000u\000n\000b\000o\000o\000k\000\040\000T\000e\000m\000p\000l\000a\000t\000e}{chapter.6}% 308
\BOOKMARK [1][]{section.6.17}{\376\377\0006\000.\0001\0007\000\040\000C\000r\000o\000s\000s\000-\000C\000h\000a\000p\000t\000e\000r\000\040\000D\000e\000c\000i\000s\000i\000o\000n\000\040\000C\000a\000r\000d}{chapter.6}% 309
\BOOKMARK [1][]{section.6.18}{\376\377\0006\000.\0001\0008\000\040\000R\000O\000I\000\040\000M\000o\000d\000e\000l\000\040\000a\000n\000d\000\040\000B\000u\000i\000l\000d\000-\000v\000s\000-\000B\000u\000y}{chapter.6}% 310
\BOOKMARK [1][]{section.6.19}{\376\377\0006\000.\0001\0009\000\040\000D\000i\000s\000a\000s\000t\000e\000r\000\040\000R\000e\000c\000o\000v\000e\000r\000y\000\040\000N\000o\000t\000e\000s\000\040\000\050\000R\000P\000O\000/\000R\000T\000O\000\051}{chapter.6}% 311
\BOOKMARK [0][]{chapter.7}{\376\377\0007\000\040\000B\000u\000i\000l\000d\000i\000n\000g\000\040\000P\000r\000o\000d\000u\000c\000t\000i\000o\000n\000\040\000R\000E\000S\000T\000\040\000A\000P\000I\000s\000\040\000w\000i\000t\000h\000\040\000F\000a\000s\000t\000A\000P\000I}{}% 312
\BOOKMARK [1][]{section.7.1}{\376\377\0007\000.\0001\000\040\000L\000e\000a\000r\000n\000i\000n\000g\000\040\000O\000b\000j\000e\000c\000t\000i\000v\000e\000s\000\040\000\046\000\040\000P\000r\000e\000r\000e\000q\000u\000i\000s\000i\000t\000e\000s}{chapter.7}% 313
\BOOKMARK [1][]{section.7.2}{\376\377\0007\000.\0002\000\040\000D\000e\000e\000p\000\040\000T\000e\000c\000h\000n\000i\000c\000a\000l\000\040\000M\000e\000c\000h\000a\000n\000i\000c\000s\000\040\000\046\000\040\000A\000r\000c\000h\000i\000t\000e\000c\000t\000u\000r\000a\000l\000\040\000C\000o\000n\000c\000e\000p\000t\000s}{chapter.7}% 314
\BOOKMARK [2][]{subsection.7.2.1}{\376\377\0007\000.\0002\000.\0001\000\040\000D\000e\000s\000i\000g\000n\000-\000F\000i\000r\000s\000t\000\040\000v\000s\000.\000\040\000C\000o\000d\000e\000-\000F\000i\000r\000s\000t\000:\000\040\000W\000h\000o\000\040\000W\000r\000i\000t\000e\000s\000\040\000t\000h\000e\000\040\000C\000o\000n\000t\000r\000a\000c\000t\000?}{section.7.2}% 315
\BOOKMARK [2][]{subsection.7.2.2}{\376\377\0007\000.\0002\000.\0002\000\040\000O\000p\000e\000n\000A\000P\000I\000\040\0003\000.\0001\000\040\000a\000s\000\040\000t\000h\000e\000\040\000B\000a\000c\000k\000b\000o\000n\000e}{section.7.2}% 316
\BOOKMARK [2][]{subsection.7.2.3}{\376\377\0007\000.\0002\000.\0003\000\040\000A\000S\000G\000I\000\040\000a\000n\000d\000\040\000t\000h\000e\000\040\000S\000e\000r\000v\000e\000r\000\040\000S\000t\000a\000c\000k}{section.7.2}% 317
\BOOKMARK [2][]{subsection.7.2.4}{\376\377\0007\000.\0002\000.\0004\000\040\000S\000y\000n\000c\000\040\000v\000s\000.\000\040\000A\000s\000y\000n\000c\000\040\000E\000n\000d\000p\000o\000i\000n\000t\000s\000:\000\040\000T\000h\000r\000e\000a\000d\000p\000o\000o\000l\000\040\000S\000e\000m\000a\000n\000t\000i\000c\000s}{section.7.2}% 318
\BOOKMARK [2][]{subsection.7.2.5}{\376\377\0007\000.\0002\000.\0005\000\040\000T\000h\000e\000\040\000D\000e\000p\000e\000n\000d\000e\000n\000c\000y\000-\000I\000n\000j\000e\000c\000t\000i\000o\000n\000\040\000M\000a\000c\000h\000i\000n\000e}{section.7.2}% 319
\BOOKMARK [2][]{subsection.7.2.6}{\376\377\0007\000.\0002\000.\0006\000\040\000P\000y\000d\000a\000n\000t\000i\000c\000\040\000v\0002\000:\000\040\000T\000h\000e\000\040\000V\000a\000l\000i\000d\000a\000t\000i\000o\000n\000\040\000P\000i\000p\000e\000l\000i\000n\000e}{section.7.2}% 320
\BOOKMARK [2][]{subsection.7.2.7}{\376\377\0007\000.\0002\000.\0007\000\040\000C\000o\000n\000f\000i\000g\000u\000r\000a\000t\000i\000o\000n\000,\000\040\000L\000o\000g\000g\000i\000n\000g\000,\000\040\000a\000n\000d\000\040\000t\000h\000e\000\040\000O\000p\000e\000r\000a\000t\000i\000o\000n\000a\000l\000\040\000S\000u\000r\000f\000a\000c\000e}{section.7.2}% 321
\BOOKMARK [2][]{subsection.7.2.8}{\376\377\0007\000.\0002\000.\0008\000\040\000R\000e\000s\000p\000o\000n\000s\000e\000\040\000E\000n\000g\000i\000n\000e\000e\000r\000i\000n\000g}{section.7.2}% 322
\BOOKMARK [1][]{section.7.3}{\376\377\0007\000.\0003\000\040\000P\000r\000o\000d\000u\000c\000t\000i\000o\000n\000-\000R\000e\000a\000d\000y\000\040\000C\000o\000d\000e\000\040\000I\000m\000p\000l\000e\000m\000e\000n\000t\000a\000t\000i\000o\000n}{chapter.7}% 323
\BOOKMARK [2][]{subsection.7.3.1}{\376\377\0007\000.\0003\000.\0001\000\040\000T\000h\000e\000\040\000C\000e\000n\000t\000e\000r\000p\000i\000e\000c\000e\000:\000\040\000T\000h\000e\000\040\000N\000o\000r\000t\000h\000w\000i\000n\000d\000\040\000R\000o\000b\000o\000t\000i\000c\000s\000\040\000O\000r\000d\000e\000r\000s\000\040\000A\000P\000I}{section.7.3}% 324
\BOOKMARK [2][]{subsection.7.3.2}{\376\377\0007\000.\0003\000.\0002\000\040\000M\000i\000d\000d\000l\000e\000w\000a\000r\000e\000\040\000D\000e\000e\000p\000-\000D\000i\000v\000e\000:\000\040\000C\000o\000r\000r\000e\000l\000a\000t\000i\000o\000n\000\040\000I\000D\000s\000\040\000a\000n\000d\000\040\000T\000i\000m\000i\000n\000g}{section.7.3}% 325
\BOOKMARK [2][]{subsection.7.3.3}{\376\377\0007\000.\0003\000.\0003\000\040\000T\000h\000e\000\040\000D\000I\000\040\000S\000h\000o\000w\000c\000a\000s\000e\000:\000\040\000C\000h\000a\000i\000n\000s\000,\000\040\000Y\000i\000e\000l\000d\000-\000C\000l\000e\000a\000n\000u\000p\000,\000\040\000C\000a\000c\000h\000i\000n\000g\000,\000\040\000O\000v\000e\000r\000r\000i\000d\000e\000s}{section.7.3}% 326
\BOOKMARK [2][]{subsection.7.3.4}{\376\377\0007\000.\0003\000.\0004\000\040\000T\000h\000e\000\040\000T\000e\000s\000t\000\040\000S\000u\000i\000t\000e\000:\000\040\000O\000f\000f\000l\000i\000n\000e\000,\000\040\000I\000n\000-\000P\000r\000o\000c\000e\000s\000s\000,\000\040\000D\000e\000t\000e\000r\000m\000i\000n\000i\000s\000t\000i\000c}{section.7.3}% 327
\BOOKMARK [1][]{section.7.4}{\376\377\0007\000.\0004\000\040\000C\000o\000m\000m\000o\000n\000\040\000P\000i\000t\000f\000a\000l\000l\000s\000\040\000\046\000\040\000A\000n\000t\000i\000-\000P\000a\000t\000t\000e\000r\000n\000s}{chapter.7}% 328
\BOOKMARK [1][]{section.7.5}{\376\377\0007\000.\0005\000\040\000H\000a\000n\000d\000s\000-\000O\000n\000\040\000P\000r\000o\000d\000u\000c\000t\000i\000o\000n\000\040\000L\000a\000b\000\040\000\046\000\040\000R\000e\000a\000l\000-\000W\000o\000r\000l\000d\000\040\000C\000a\000s\000e\000\040\000S\000t\000u\000d\000y}{chapter.7}% 329
\BOOKMARK [2][]{subsection.7.5.1}{\376\377\0007\000.\0005\000.\0001\000\040\000L\000a\000b\000:\000\040\000S\000t\000a\000n\000d\000\040\000U\000p\000\040\000t\000h\000e\000\040\000O\000r\000d\000e\000r\000s\000\040\000A\000P\000I\000\040\000a\000n\000d\000\040\000I\000n\000t\000e\000r\000r\000o\000g\000a\000t\000e\000\040\000I\000t\000s\000\040\000C\000o\000n\000t\000r\000a\000c\000t}{section.7.5}% 330
\BOOKMARK [2][]{subsection.7.5.2}{\376\377\0007\000.\0005\000.\0002\000\040\000C\000a\000s\000e\000\040\000S\000t\000u\000d\000y\000:\000\040\000T\000h\000e\000\040\000T\000h\000r\000e\000a\000d\000p\000o\000o\000l\000\040\000E\000x\000h\000a\000u\000s\000t\000i\000o\000n\000\040\000I\000n\000c\000i\000d\000e\000n\000t}{section.7.5}% 331
\BOOKMARK [1][]{section.7.6}{\376\377\0007\000.\0006\000\040\000S\000e\000l\000f\000-\000A\000s\000s\000e\000s\000s\000m\000e\000n\000t\000\040\000E\000x\000e\000r\000c\000i\000s\000e\000s\000\040\000\046\000\040\000D\000e\000e\000p\000-\000D\000i\000v\000e\000\040\000Q\000u\000e\000s\000t\000i\000o\000n\000s}{chapter.7}% 332
\BOOKMARK [1][]{section.7.7}{\376\377\0007\000.\0007\000\040\000I\000n\000t\000e\000r\000v\000i\000e\000w\000\040\000Q\000\046\000A\000\040\000V\000a\000u\000l\000t}{chapter.7}% 333
\BOOKMARK [1][]{section.7.8}{\376\377\0007\000.\0008\000\040\000E\000x\000t\000e\000r\000n\000a\000l\000\040\000B\000i\000b\000l\000i\000o\000g\000r\000a\000p\000h\000y\000\040\000\046\000\040\000F\000u\000r\000t\000h\000e\000r\000\040\000R\000e\000a\000d\000i\000n\000g}{chapter.7}% 334
\BOOKMARK [1][]{section.7.9}{\376\377\0007\000.\0009\000\040\000C\000a\000p\000s\000t\000o\000n\000e\000\040\000P\000r\000o\000j\000e\000c\000t\000s}{chapter.7}% 335
\BOOKMARK [2][]{subsection.7.9.1}{\376\377\0007\000.\0009\000.\0001\000\040\000C\000a\000p\000s\000t\000o\000n\000e\000\040\0001\000:\000\040\000T\000o\000d\000o\000\040\000A\000P\000I\000\040\000w\000i\000t\000h\000\040\000a\000\040\000F\000u\000l\000l\000\040\000T\000e\000s\000t\000\040\000S\000u\000i\000t\000e\000\040\000[\000j\000u\000n\000i\000o\000r\000]}{section.7.9}% 336
\BOOKMARK [2][]{subsection.7.9.2}{\376\377\0007\000.\0009\000.\0002\000\040\000C\000a\000p\000s\000t\000o\000n\000e\000\040\0002\000:\000\040\000I\000n\000v\000e\000n\000t\000o\000r\000y\000\040\000A\000P\000I\000\040\000w\000i\000t\000h\000\040\000a\000\040\000S\000Q\000L\000i\000t\000e\000\040\000R\000e\000p\000o\000s\000i\000t\000o\000r\000y\000\040\000[\000m\000i\000d\000]}{section.7.9}% 337
\BOOKMARK [2][]{subsection.7.9.3}{\376\377\0007\000.\0009\000.\0003\000\040\000C\000a\000p\000s\000t\000o\000n\000e\000\040\0003\000:\000\040\000P\000l\000u\000g\000i\000n\000-\000S\000t\000y\000l\000e\000\040\000D\000e\000p\000e\000n\000d\000e\000n\000c\000y\000-\000I\000n\000j\000e\000c\000t\000i\000o\000n\000\040\000A\000r\000c\000h\000i\000t\000e\000c\000t\000u\000r\000e\000\040\000[\000s\000e\000n\000i\000o\000r\000]}{section.7.9}% 338
\BOOKMARK [2][]{subsection.7.9.4}{\376\377\0007\000.\0009\000.\0004\000\040\000C\000a\000p\000s\000t\000o\000n\000e\000\040\0004\000:\000\040\000A\000s\000y\000n\000c\000\040\000M\000i\000g\000r\000a\000t\000i\000o\000n\000\040\000o\000f\000\040\000a\000\040\000B\000l\000o\000c\000k\000i\000n\000g\000\040\000S\000e\000r\000v\000i\000c\000e\000\040\000[\000s\000e\000n\000i\000o\000r\000]}{section.7.9}% 339
\BOOKMARK [2][]{subsection.7.9.5}{\376\377\0007\000.\0009\000.\0005\000\040\000C\000a\000p\000s\000t\000o\000n\000e\000\040\0005\000:\000\040\000O\000p\000e\000n\000A\000P\000I\000-\000F\000i\000r\000s\000t\000\040\000G\000e\000n\000e\000r\000a\000t\000o\000r\000\040\000R\000o\000u\000n\000d\000-\000T\000r\000i\000p\000\040\000[\000s\000t\000a\000f\000f\000]}{section.7.9}% 340
\BOOKMARK [1][]{section.7.10}{\376\377\0007\000.\0001\0000\000\040\000P\000y\000t\000h\000o\000n\000\040\000D\000e\000p\000e\000n\000d\000e\000n\000c\000i\000e\000s\000\040\000A\000p\000p\000e\000n\000d\000i\000x}{chapter.7}% 341
\BOOKMARK [2][]{subsection.7.10.1}{\376\377\0007\000.\0001\0000\000.\0001\000\040\000f\000a\000s\000t\000a\000p\000i}{section.7.10}% 342
\BOOKMARK [2][]{subsection.7.10.2}{\376\377\0007\000.\0001\0000\000.\0002\000\040\000u\000v\000i\000c\000o\000r\000n\000[\000s\000t\000a\000n\000d\000a\000r\000d\000]}{section.7.10}% 343
\BOOKMARK [2][]{subsection.7.10.3}{\376\377\0007\000.\0001\0000\000.\0003\000\040\000p\000y\000d\000a\000n\000t\000i\000c}{section.7.10}% 344
\BOOKMARK [2][]{subsection.7.10.4}{\376\377\0007\000.\0001\0000\000.\0004\000\040\000p\000y\000d\000a\000n\000t\000i\000c\000-\000s\000e\000t\000t\000i\000n\000g\000s}{section.7.10}% 345
\BOOKMARK [2][]{subsection.7.10.5}{\376\377\0007\000.\0001\0000\000.\0005\000\040\000h\000t\000t\000p\000x}{section.7.10}% 346
\BOOKMARK [2][]{subsection.7.10.6}{\376\377\0007\000.\0001\0000\000.\0006\000\040\000p\000y\000t\000e\000s\000t}{section.7.10}% 347
\BOOKMARK [1][]{section.7.11}{\376\377\0007\000.\0001\0001\000\040\000C\000h\000a\000p\000t\000e\000r\000\040\000S\000u\000m\000m\000a\000r\000y\000\040\000\046\000\040\000K\000e\000y\000\040\000T\000a\000k\000e\000a\000w\000a\000y\000s}{chapter.7}% 348
\BOOKMARK [1][]{section.7.12}{\376\377\0007\000.\0001\0002\000\040\000Q\000u\000i\000c\000k\000-\000R\000e\000f\000e\000r\000e\000n\000c\000e\000\040\000C\000a\000r\000d}{chapter.7}% 349
\BOOKMARK [1][]{section.7.13}{\376\377\0007\000.\0001\0003\000\040\000S\000t\000a\000n\000d\000a\000r\000d\000i\000z\000e\000d\000\040\000E\000v\000i\000d\000e\000n\000c\000e\000\040\000A\000d\000d\000e\000n\000d\000u\000m}{chapter.7}% 350
\BOOKMARK [2][]{subsection.7.13.1}{\376\377\0007\000.\0001\0003\000.\0001\000\040\000B\000e\000n\000c\000h\000m\000a\000r\000k\000\040\000S\000n\000a\000p\000s\000h\000o\000t\000\040\000T\000e\000m\000p\000l\000a\000t\000e}{section.7.13}% 351
\BOOKMARK [2][]{subsection.7.13.2}{\376\377\0007\000.\0001\0003\000.\0002\000\040\000R\000e\000q\000u\000e\000s\000t\000\040\000T\000r\000a\000c\000e\000\040\000T\000e\000m\000p\000l\000a\000t\000e}{section.7.13}% 352
\BOOKMARK [2][]{subsection.7.13.3}{\376\377\0007\000.\0001\0003\000.\0003\000\040\000C\000o\000s\000t\000\040\000a\000n\000d\000\040\000L\000a\000t\000e\000n\000c\000y\000\040\000B\000u\000d\000g\000e\000t\000\040\000S\000n\000a\000p\000s\000h\000o\000t}{section.7.13}% 353
\BOOKMARK [1][]{section.7.14}{\376\377\0007\000.\0001\0004\000\040\000C\000o\000n\000f\000i\000g\000u\000r\000a\000t\000i\000o\000n\000\040\000P\000r\000e\000s\000e\000t\000\040\000T\000e\000m\000p\000l\000a\000t\000e}{chapter.7}% 354
\BOOKMARK [1][]{section.7.15}{\376\377\0007\000.\0001\0005\000\040\000C\000I\000\040\000Q\000u\000a\000l\000i\000t\000y\000\040\000G\000a\000t\000e\000\040\000S\000p\000e\000c\000i\000f\000i\000c\000a\000t\000i\000o\000n}{chapter.7}% 355
\BOOKMARK [1][]{section.7.16}{\376\377\0007\000.\0001\0006\000\040\000I\000n\000c\000i\000d\000e\000n\000t\000\040\000R\000u\000n\000b\000o\000o\000k\000\040\000T\000e\000m\000p\000l\000a\000t\000e}{chapter.7}% 356
\BOOKMARK [1][]{section.7.17}{\376\377\0007\000.\0001\0007\000\040\000C\000r\000o\000s\000s\000-\000C\000h\000a\000p\000t\000e\000r\000\040\000D\000e\000c\000i\000s\000i\000o\000n\000\040\000C\000a\000r\000d}{chapter.7}% 357
\BOOKMARK [1][]{section.7.18}{\376\377\0007\000.\0001\0008\000\040\000R\000O\000I\000\040\000M\000o\000d\000e\000l\000\040\000a\000n\000d\000\040\000B\000u\000i\000l\000d\000-\000v\000s\000-\000B\000u\000y}{chapter.7}% 358
\BOOKMARK [1][]{section.7.19}{\376\377\0007\000.\0001\0009\000\040\000D\000i\000s\000a\000s\000t\000e\000r\000\040\000R\000e\000c\000o\000v\000e\000r\000y\000\040\000N\000o\000t\000e\000s\000\040\000\050\000R\000P\000O\000/\000R\000T\000O\000\051}{chapter.7}% 359
\BOOKMARK [0][]{chapter.8}{\376\377\0008\000\040\000E\000r\000r\000o\000r\000s\000,\000\040\000V\000a\000l\000i\000d\000a\000t\000i\000o\000n\000\040\000\046\000\040\000P\000r\000o\000b\000l\000e\000m\000\040\000D\000e\000t\000a\000i\000l\000s\000\040\000\050\000R\000F\000C\000\040\0009\0004\0005\0007\000\051}{}% 360
\BOOKMARK [1][]{section.8.1}{\376\377\0008\000.\0001\000\040\000L\000e\000a\000r\000n\000i\000n\000g\000\040\000O\000b\000j\000e\000c\000t\000i\000v\000e\000s\000\040\000\046\000\040\000P\000r\000e\000r\000e\000q\000u\000i\000s\000i\000t\000e\000s}{chapter.8}% 361
\BOOKMARK [1][]{section.8.2}{\376\377\0008\000.\0002\000\040\000D\000e\000e\000p\000\040\000T\000e\000c\000h\000n\000i\000c\000a\000l\000\040\000M\000e\000c\000h\000a\000n\000i\000c\000s\000\040\000\046\000\040\000A\000r\000c\000h\000i\000t\000e\000c\000t\000u\000r\000a\000l\000\040\000C\000o\000n\000c\000e\000p\000t\000s}{chapter.8}% 362
\BOOKMARK [2][]{subsection.8.2.1}{\376\377\0008\000.\0002\000.\0001\000\040\000A\000\040\000T\000a\000x\000o\000n\000o\000m\000y\000\040\000o\000f\000\040\000F\000a\000i\000l\000u\000r\000e}{section.8.2}% 363
\BOOKMARK [2][]{subsection.8.2.2}{\376\377\0008\000.\0002\000.\0002\000\040\000R\000F\000C\000\040\0009\0004\0005\0007\000:\000\040\000P\000r\000o\000b\000l\000e\000m\000\040\000D\000e\000t\000a\000i\000l\000s\000\040\000f\000o\000r\000\040\000H\000T\000T\000P\000\040\000A\000P\000I\000s}{section.8.2}% 364
\BOOKMARK [2][]{subsection.8.2.3}{\376\377\0008\000.\0002\000.\0003\000\040\000S\000t\000a\000t\000u\000s\000-\000C\000o\000d\000e\000\040\000P\000r\000e\000c\000i\000s\000i\000o\000n\000\040\000f\000o\000r\000\040\000E\000r\000r\000o\000r\000\040\000C\000a\000s\000e\000s}{section.8.2}% 365
\BOOKMARK [2][]{subsection.8.2.4}{\376\377\0008\000.\0002\000.\0004\000\040\000V\000a\000l\000i\000d\000a\000t\000i\000o\000n\000\040\000E\000n\000g\000i\000n\000e\000e\000r\000i\000n\000g\000\040\000w\000i\000t\000h\000\040\000P\000y\000d\000a\000n\000t\000i\000c\000\040\000v\0002}{section.8.2}% 366
\BOOKMARK [2][]{subsection.8.2.5}{\376\377\0008\000.\0002\000.\0005\000\040\000E\000r\000r\000o\000r\000\040\000E\000n\000v\000e\000l\000o\000p\000e\000\040\000A\000r\000c\000h\000i\000t\000e\000c\000t\000u\000r\000e}{section.8.2}% 367
\BOOKMARK [2][]{subsection.8.2.6}{\376\377\0008\000.\0002\000.\0006\000\040\000O\000p\000e\000r\000a\000t\000i\000o\000n\000a\000l\000\040\000C\000o\000n\000c\000e\000r\000n\000s}{section.8.2}% 368
\BOOKMARK [1][]{section.8.3}{\376\377\0008\000.\0003\000\040\000P\000r\000o\000d\000u\000c\000t\000i\000o\000n\000-\000R\000e\000a\000d\000y\000\040\000C\000o\000d\000e\000\040\000I\000m\000p\000l\000e\000m\000e\000n\000t\000a\000t\000i\000o\000n}{chapter.8}% 369
\BOOKMARK [2][]{subsection.8.3.1}{\376\377\0008\000.\0003\000.\0001\000\040\000A\000\040\000R\000e\000u\000s\000a\000b\000l\000e\000\040\000P\000r\000o\000b\000l\000e\000m\000-\000D\000e\000t\000a\000i\000l\000s\000\040\000L\000i\000b\000r\000a\000r\000y}{section.8.3}% 370
\BOOKMARK [2][]{subsection.8.3.2}{\376\377\0008\000.\0003\000.\0002\000\040\000S\000t\000r\000i\000c\000t\000\040\000V\000a\000l\000i\000d\000a\000t\000i\000o\000n\000\040\000S\000h\000o\000w\000c\000a\000s\000e}{section.8.3}% 371
\BOOKMARK [2][]{subsection.8.3.3}{\376\377\0008\000.\0003\000.\0003\000\040\000R\000e\000d\000a\000c\000t\000i\000o\000n\000\040\000M\000i\000d\000d\000l\000e\000w\000a\000r\000e\000\040\000a\000n\000d\000\040\000C\000o\000r\000r\000e\000l\000a\000t\000i\000o\000n\000\040\000I\000D\000s}{section.8.3}% 372
\BOOKMARK [2][]{subsection.8.3.4}{\376\377\0008\000.\0003\000.\0004\000\040\000T\000h\000e\000\040\000S\000e\000r\000v\000i\000c\000e\000,\000\040\000W\000i\000r\000e\000d}{section.8.3}% 373
\BOOKMARK [2][]{subsection.8.3.5}{\376\377\0008\000.\0003\000.\0005\000\040\000C\000o\000n\000t\000r\000a\000c\000t\000\040\000T\000e\000s\000t\000s\000:\000\040\000E\000v\000e\000r\000y\000\040\000E\000r\000r\000o\000r\000\040\000P\000a\000t\000h\000\040\000I\000s\000\040\000S\000c\000h\000e\000m\000a\000-\000V\000a\000l\000i\000d}{section.8.3}% 374
\BOOKMARK [2][]{subsection.8.3.6}{\376\377\0008\000.\0003\000.\0006\000\040\000A\000\040\000M\000a\000c\000h\000i\000n\000e\000-\000R\000e\000a\000d\000a\000b\000l\000e\000\040\000E\000r\000r\000o\000r\000-\000C\000o\000d\000e\000\040\000R\000e\000g\000i\000s\000t\000r\000y}{section.8.3}% 375
\BOOKMARK [1][]{section.8.4}{\376\377\0008\000.\0004\000\040\000C\000o\000m\000m\000o\000n\000\040\000P\000i\000t\000f\000a\000l\000l\000s\000\040\000\046\000\040\000A\000n\000t\000i\000-\000P\000a\000t\000t\000e\000r\000n\000s}{chapter.8}% 376
\BOOKMARK [1][]{section.8.5}{\376\377\0008\000.\0005\000\040\000H\000a\000n\000d\000s\000-\000O\000n\000\040\000P\000r\000o\000d\000u\000c\000t\000i\000o\000n\000\040\000L\000a\000b\000\040\000\046\000\040\000R\000e\000a\000l\000-\000W\000o\000r\000l\000d\000\040\000C\000a\000s\000e\000\040\000S\000t\000u\000d\000y}{chapter.8}% 377
\BOOKMARK [2][]{subsection.8.5.1}{\376\377\0008\000.\0005\000.\0001\000\040\000L\000a\000b\000:\000\040\000R\000e\000t\000r\000o\000f\000i\000t\000t\000i\000n\000g\000\040\000a\000\040\000M\000e\000s\000s\000y\000\040\000S\000e\000r\000v\000i\000c\000e\000\040\000t\000o\000\040\000U\000n\000i\000f\000o\000r\000m\000\040\000R\000F\000C\000\040\0009\0004\0005\0007}{section.8.5}% 378
\BOOKMARK [2][]{subsection.8.5.2}{\376\377\0008\000.\0005\000.\0002\000\040\000W\000a\000r\000\040\000S\000t\000o\000r\000y\000:\000\040\000T\000h\000e\000\040\000P\000I\000I\000\040\000L\000e\000a\000k\000\040\000T\000h\000a\000t\000\040\000H\000i\000d\000\040\000i\000n\000\040\000d\000e\000t\000a\000i\000l}{section.8.5}% 379
\BOOKMARK [1][]{section.8.6}{\376\377\0008\000.\0006\000\040\000S\000e\000l\000f\000-\000A\000s\000s\000e\000s\000s\000m\000e\000n\000t\000\040\000E\000x\000e\000r\000c\000i\000s\000e\000s\000\040\000\046\000\040\000D\000e\000e\000p\000-\000D\000i\000v\000e\000\040\000Q\000u\000e\000s\000t\000i\000o\000n\000s}{chapter.8}% 380
\BOOKMARK [1][]{section.8.7}{\376\377\0008\000.\0007\000\040\000I\000n\000t\000e\000r\000v\000i\000e\000w\000\040\000Q\000\046\000A\000\040\000V\000a\000u\000l\000t}{chapter.8}% 381
\BOOKMARK [1][]{section.8.8}{\376\377\0008\000.\0008\000\040\000E\000x\000t\000e\000r\000n\000a\000l\000\040\000B\000i\000b\000l\000i\000o\000g\000r\000a\000p\000h\000y\000\040\000\046\000\040\000F\000u\000r\000t\000h\000e\000r\000\040\000R\000e\000a\000d\000i\000n\000g}{chapter.8}% 382
\BOOKMARK [1][]{section.8.9}{\376\377\0008\000.\0009\000\040\000C\000a\000p\000s\000t\000o\000n\000e\000\040\000P\000r\000o\000j\000e\000c\000t\000s}{chapter.8}% 383
\BOOKMARK [2][]{subsection.8.9.1}{\376\377\0008\000.\0009\000.\0001\000\040\000P\000r\000o\000j\000e\000c\000t\000\040\0001\000\040\000[\000j\000u\000n\000i\000o\000r\000]\000\040\040\024\000\040\000P\000r\000o\000b\000l\000e\000m\000-\000D\000e\000t\000a\000i\000l\000s\000\040\000R\000e\000t\000r\000o\000f\000i\000t}{section.8.9}% 384
\BOOKMARK [2][]{subsection.8.9.2}{\376\377\0008\000.\0009\000.\0002\000\040\000P\000r\000o\000j\000e\000c\000t\000\040\0002\000\040\000[\000m\000i\000d\000]\000\040\040\024\000\040\000E\000r\000r\000o\000r\000-\000C\000o\000d\000e\000\040\000R\000e\000g\000i\000s\000t\000r\000y\000\040\000\046\000\040\000D\000o\000c\000u\000m\000e\000n\000t\000a\000t\000i\000o\000n\000\040\000G\000e\000n\000e\000r\000a\000t\000o\000r}{section.8.9}% 385
\BOOKMARK [2][]{subsection.8.9.3}{\376\377\0008\000.\0009\000.\0003\000\040\000P\000r\000o\000j\000e\000c\000t\000\040\0003\000\040\000[\000m\000i\000d\000]\000\040\040\024\000\040\000R\000e\000d\000a\000c\000t\000i\000o\000n\000\040\000L\000i\000b\000r\000a\000r\000y\000\040\000w\000i\000t\000h\000\040\000F\000u\000z\000z\000\040\000C\000o\000r\000p\000u\000s}{section.8.9}% 386
\BOOKMARK [2][]{subsection.8.9.4}{\376\377\0008\000.\0009\000.\0004\000\040\000P\000r\000o\000j\000e\000c\000t\000\040\0004\000\040\000[\000s\000e\000n\000i\000o\000r\000]\000\040\040\024\000\040\000E\000r\000r\000o\000r\000-\000O\000b\000s\000e\000r\000v\000a\000b\000i\000l\000i\000t\000y\000\040\000D\000a\000s\000h\000b\000o\000a\000r\000d\000\040\000S\000p\000e\000c\000i\000f\000i\000c\000a\000t\000i\000o\000n}{section.8.9}% 387
\BOOKMARK [2][]{subsection.8.9.5}{\376\377\0008\000.\0009\000.\0005\000\040\000P\000r\000o\000j\000e\000c\000t\000\040\0005\000\040\000[\000s\000t\000a\000f\000f\000]\000\040\040\024\000\040\000C\000h\000a\000o\000s\000\040\000E\000r\000r\000o\000r\000-\000I\000n\000j\000e\000c\000t\000i\000o\000n\000\040\000T\000e\000s\000t\000\040\000H\000a\000r\000n\000e\000s\000s}{section.8.9}% 388
\BOOKMARK [1][]{section.8.10}{\376\377\0008\000.\0001\0000\000\040\000P\000y\000t\000h\000o\000n\000\040\000D\000e\000p\000e\000n\000d\000e\000n\000c\000i\000e\000s\000\040\000A\000p\000p\000e\000n\000d\000i\000x}{chapter.8}% 389
\BOOKMARK [2][]{subsection.8.10.1}{\376\377\0008\000.\0001\0000\000.\0001\000\040\000f\000a\000s\000t\000a\000p\000i\000\040\000\050\000\040\0000\000.\0001\0001\0000\000\051}{section.8.10}% 390
\BOOKMARK [2][]{subsection.8.10.2}{\376\377\0008\000.\0001\0000\000.\0002\000\040\000p\000y\000d\000a\000n\000t\000i\000c\000\040\000\050\000\040\0002\000.\0007\000\051}{section.8.10}% 391
\BOOKMARK [2][]{subsection.8.10.3}{\376\377\0008\000.\0001\0000\000.\0003\000\040\000j\000s\000o\000n\000s\000c\000h\000e\000m\000a\000\040\000\050\000\040\0004\000.\0002\0001\000\051}{section.8.10}% 392
\BOOKMARK [2][]{subsection.8.10.4}{\376\377\0008\000.\0001\0000\000.\0004\000\040\000h\000t\000t\000p\000x\000\040\000\050\000\040\0000\000.\0002\0007\000\051}{section.8.10}% 393
\BOOKMARK [2][]{subsection.8.10.5}{\376\377\0008\000.\0001\0000\000.\0005\000\040\000p\000y\000t\000e\000s\000t\000\040\000\050\000\040\0008\000\051}{section.8.10}% 394
\BOOKMARK [1][]{section.8.11}{\376\377\0008\000.\0001\0001\000\040\000C\000h\000a\000p\000t\000e\000r\000\040\000S\000u\000m\000m\000a\000r\000y\000\040\000\046\000\040\000K\000e\000y\000\040\000T\000a\000k\000e\000a\000w\000a\000y\000s}{chapter.8}% 395
\BOOKMARK [1][]{section.8.12}{\376\377\0008\000.\0001\0002\000\040\000Q\000u\000i\000c\000k\000-\000R\000e\000f\000e\000r\000e\000n\000c\000e\000\040\000C\000a\000r\000d}{chapter.8}% 396
\BOOKMARK [1][]{section.8.13}{\376\377\0008\000.\0001\0003\000\040\000S\000t\000a\000n\000d\000a\000r\000d\000i\000z\000e\000d\000\040\000E\000v\000i\000d\000e\000n\000c\000e\000\040\000A\000d\000d\000e\000n\000d\000u\000m}{chapter.8}% 397
\BOOKMARK [2][]{subsection.8.13.1}{\376\377\0008\000.\0001\0003\000.\0001\000\040\000B\000e\000n\000c\000h\000m\000a\000r\000k\000\040\000S\000n\000a\000p\000s\000h\000o\000t\000\040\000T\000e\000m\000p\000l\000a\000t\000e}{section.8.13}% 398
\BOOKMARK [2][]{subsection.8.13.2}{\376\377\0008\000.\0001\0003\000.\0002\000\040\000R\000e\000q\000u\000e\000s\000t\000\040\000T\000r\000a\000c\000e\000\040\000T\000e\000m\000p\000l\000a\000t\000e}{section.8.13}% 399
\BOOKMARK [2][]{subsection.8.13.3}{\376\377\0008\000.\0001\0003\000.\0003\000\040\000C\000o\000s\000t\000\040\000a\000n\000d\000\040\000L\000a\000t\000e\000n\000c\000y\000\040\000B\000u\000d\000g\000e\000t\000\040\000S\000n\000a\000p\000s\000h\000o\000t}{section.8.13}% 400
\BOOKMARK [1][]{section.8.14}{\376\377\0008\000.\0001\0004\000\040\000C\000o\000n\000f\000i\000g\000u\000r\000a\000t\000i\000o\000n\000\040\000P\000r\000e\000s\000e\000t\000\040\000T\000e\000m\000p\000l\000a\000t\000e}{chapter.8}% 401
\BOOKMARK [1][]{section.8.15}{\376\377\0008\000.\0001\0005\000\040\000C\000I\000\040\000Q\000u\000a\000l\000i\000t\000y\000\040\000G\000a\000t\000e\000\040\000S\000p\000e\000c\000i\000f\000i\000c\000a\000t\000i\000o\000n}{chapter.8}% 402
\BOOKMARK [1][]{section.8.16}{\376\377\0008\000.\0001\0006\000\040\000I\000n\000c\000i\000d\000e\000n\000t\000\040\000R\000u\000n\000b\000o\000o\000k\000\040\000T\000e\000m\000p\000l\000a\000t\000e}{chapter.8}% 403
\BOOKMARK [1][]{section.8.17}{\376\377\0008\000.\0001\0007\000\040\000C\000r\000o\000s\000s\000-\000C\000h\000a\000p\000t\000e\000r\000\040\000D\000e\000c\000i\000s\000i\000o\000n\000\040\000C\000a\000r\000d}{chapter.8}% 404
\BOOKMARK [1][]{section.8.18}{\376\377\0008\000.\0001\0008\000\040\000R\000O\000I\000\040\000M\000o\000d\000e\000l\000\040\000a\000n\000d\000\040\000B\000u\000i\000l\000d\000-\000v\000s\000-\000B\000u\000y}{chapter.8}% 405
\BOOKMARK [1][]{section.8.19}{\376\377\0008\000.\0001\0009\000\040\000D\000i\000s\000a\000s\000t\000e\000r\000\040\000R\000e\000c\000o\000v\000e\000r\000y\000\040\000N\000o\000t\000e\000s\000\040\000\050\000R\000P\000O\000/\000R\000T\000O\000\051}{chapter.8}% 406
\BOOKMARK [0][]{chapter.9}{\376\377\0009\000\040\000P\000a\000g\000i\000n\000a\000t\000i\000o\000n\000,\000\040\000F\000i\000l\000t\000e\000r\000i\000n\000g\000,\000\040\000S\000o\000r\000t\000i\000n\000g\000\040\000\046\000\040\000F\000i\000e\000l\000d\000\040\000S\000e\000l\000e\000c\000t\000i\000o\000n}{}% 407
\BOOKMARK [1][]{section*.211}{\376\377\000E\000x\000e\000c\000u\000t\000i\000v\000e\000\040\000S\000u\000m\000m\000a\000r\000y}{chapter.9}% 408
\BOOKMARK [1][]{section.9.1}{\376\377\0009\000.\0001\000\040\000L\000e\000a\000r\000n\000i\000n\000g\000\040\000O\000b\000j\000e\000c\000t\000i\000v\000e\000s\000\040\000\046\000\040\000P\000r\000e\000r\000e\000q\000u\000i\000s\000i\000t\000e\000s}{chapter.9}% 409
\BOOKMARK [2][]{subsection.9.1.1}{\376\377\0009\000.\0001\000.\0001\000\040\000L\000e\000a\000r\000n\000i\000n\000g\000\040\000O\000b\000j\000e\000c\000t\000i\000v\000e\000s}{section.9.1}% 410
\BOOKMARK [2][]{subsection.9.1.2}{\376\377\0009\000.\0001\000.\0002\000\040\000P\000r\000e\000r\000e\000q\000u\000i\000s\000i\000t\000e\000s}{section.9.1}% 411
\BOOKMARK [1][]{section.9.2}{\376\377\0009\000.\0002\000\040\000D\000e\000e\000p\000\040\000T\000e\000c\000h\000n\000i\000c\000a\000l\000\040\000M\000e\000c\000h\000a\000n\000i\000c\000s\000\040\000\046\000\040\000A\000r\000c\000h\000i\000t\000e\000c\000t\000u\000r\000a\000l\000\040\000C\000o\000n\000c\000e\000p\000t\000s}{chapter.9}% 412
\BOOKMARK [2][]{subsection.9.2.1}{\376\377\0009\000.\0002\000.\0001\000\040\000T\000h\000e\000\040\000F\000o\000u\000r\000\040\000D\000i\000m\000e\000n\000s\000i\000o\000n\000s\000\040\000o\000f\000\040\000C\000o\000l\000l\000e\000c\000t\000i\000o\000n\000\040\000D\000e\000s\000i\000g\000n}{section.9.2}% 413
\BOOKMARK [2][]{subsection.9.2.2}{\376\377\0009\000.\0002\000.\0002\000\040\000O\000f\000f\000s\000e\000t\000\040\000P\000a\000g\000i\000n\000a\000t\000i\000o\000n\000\040\000a\000n\000d\000\040\000I\000t\000s\000\040\000T\000r\000u\000e\000\040\000C\000o\000s\000t}{section.9.2}% 414
\BOOKMARK [2][]{subsection.9.2.3}{\376\377\0009\000.\0002\000.\0003\000\040\000T\000h\000e\000\040\000C\000o\000n\000c\000u\000r\000r\000e\000n\000c\000y\000\040\000A\000n\000o\000m\000a\000l\000y\000,\000\040\000F\000o\000r\000m\000a\000l\000i\000z\000e\000d}{section.9.2}% 415
\BOOKMARK [2][]{subsection.9.2.4}{\376\377\0009\000.\0002\000.\0004\000\040\000C\000u\000r\000s\000o\000r\000\040\000a\000n\000d\000\040\000K\000e\000y\000s\000e\000t\000\040\000\050\000S\000e\000e\000k\000\051\000\040\000P\000a\000g\000i\000n\000a\000t\000i\000o\000n}{section.9.2}% 416
\BOOKMARK [2][]{subsection.9.2.5}{\376\377\0009\000.\0002\000.\0005\000\040\000M\000e\000a\000s\000u\000r\000e\000d\000\040\000P\000e\000r\000f\000o\000r\000m\000a\000n\000c\000e\000:\000\040\000O\000f\000f\000s\000e\000t\000\040\000v\000s\000.\000\040\000K\000e\000y\000s\000e\000t}{section.9.2}% 417
\BOOKMARK [2][]{subsection.9.2.6}{\376\377\0009\000.\0002\000.\0006\000\040\000C\000h\000o\000o\000s\000i\000n\000g\000\040\000a\000\040\000S\000t\000r\000a\000t\000e\000g\000y\000:\000\040\000A\000\040\000D\000e\000c\000i\000s\000i\000o\000n\000\040\000T\000r\000e\000e}{section.9.2}% 418
\BOOKMARK [2][]{subsection.9.2.7}{\376\377\0009\000.\0002\000.\0007\000\040\000C\000u\000r\000s\000o\000r\000\040\000T\000o\000k\000e\000n\000\040\000D\000e\000s\000i\000g\000n}{section.9.2}% 419
\BOOKMARK [2][]{subsection.9.2.8}{\376\377\0009\000.\0002\000.\0008\000\040\000H\000y\000p\000e\000r\000m\000e\000d\000i\000a\000\040\000C\000o\000n\000t\000r\000o\000l\000s\000:\000\040\000R\000F\000C\000\040\0008\0002\0008\0008\000\040\000L\000i\000n\000k\000\040\000H\000e\000a\000d\000e\000r\000s}{section.9.2}% 420
\BOOKMARK [2][]{subsection.9.2.9}{\376\377\0009\000.\0002\000.\0009\000\040\000P\000a\000g\000e\000\040\000M\000e\000t\000a\000d\000a\000t\000a\000:\000\040\000h\000a\000s\000\137\000m\000o\000r\000e\000\040\000v\000e\000r\000s\000u\000s\000\040\000t\000o\000t\000a\000l\000\137\000c\000o\000u\000n\000t}{section.9.2}% 421
\BOOKMARK [2][]{subsection.9.2.10}{\376\377\0009\000.\0002\000.\0001\0000\000\040\000F\000i\000l\000t\000e\000r\000i\000n\000g\000:\000\040\000A\000\040\000S\000a\000f\000e\000\040\000Q\000u\000e\000r\000y\000-\000P\000a\000r\000a\000m\000e\000t\000e\000r\000\040\000G\000r\000a\000m\000m\000a\000r}{section.9.2}% 422
\BOOKMARK [2][]{subsection.9.2.11}{\376\377\0009\000.\0002\000.\0001\0001\000\040\000S\000o\000r\000t\000i\000n\000g\000:\000\040\000M\000u\000l\000t\000i\000-\000K\000e\000y\000\040\000O\000r\000d\000e\000r\000i\000n\000g\000s\000\040\000D\000o\000n\000e\000\040\000S\000a\000f\000e\000l\000y}{section.9.2}% 423
\BOOKMARK [2][]{subsection.9.2.12}{\376\377\0009\000.\0002\000.\0001\0002\000\040\000F\000i\000e\000l\000d\000\040\000S\000e\000l\000e\000c\000t\000i\000o\000n\000\040\000a\000n\000d\000\040\000E\000x\000p\000a\000n\000s\000i\000o\000n}{section.9.2}% 424
\BOOKMARK [2][]{subsection.9.2.13}{\376\377\0009\000.\0002\000.\0001\0003\000\040\000D\000a\000t\000a\000b\000a\000s\000e\000\040\000I\000n\000t\000e\000r\000a\000c\000t\000i\000o\000n\000:\000\040\000I\000n\000d\000e\000x\000e\000s\000,\000\040\000E\000X\000P\000L\000A\000I\000N\000,\000\040\000C\000o\000v\000e\000r\000i\000n\000g}{section.9.2}% 425
\BOOKMARK [1][]{section.9.3}{\376\377\0009\000.\0003\000\040\000P\000r\000o\000d\000u\000c\000t\000i\000o\000n\000-\000R\000e\000a\000d\000y\000\040\000C\000o\000d\000e\000\040\000I\000m\000p\000l\000e\000m\000e\000n\000t\000a\000t\000i\000o\000n}{chapter.9}% 426
\BOOKMARK [2][]{subsection.9.3.1}{\376\377\0009\000.\0003\000.\0001\000\040\000L\000i\000s\000t\000i\000n\000g\000\040\0001\000:\000\040\000D\000e\000t\000e\000r\000m\000i\000n\000i\000s\000t\000i\000c\000\040\000D\000a\000t\000a\000s\000e\000t\000\040\000G\000e\000n\000e\000r\000a\000t\000o\000r}{section.9.3}% 427
\BOOKMARK [2][]{subsection.9.3.2}{\376\377\0009\000.\0003\000.\0002\000\040\000L\000i\000s\000t\000i\000n\000g\000\040\0002\000:\000\040\000T\000h\000r\000e\000e\000\040\000P\000a\000g\000i\000n\000a\000t\000i\000o\000n\000\040\000S\000t\000r\000a\000t\000e\000g\000i\000e\000s\000\040\000i\000n\000\040\000O\000n\000e\000\040\000F\000a\000s\000t\000A\000P\000I\000\040\000S\000e\000r\000v\000i\000c\000e}{section.9.3}% 428
\BOOKMARK [2][]{subsection.9.3.3}{\376\377\0009\000.\0003\000.\0003\000\040\000L\000i\000s\000t\000i\000n\000g\000\040\0003\000:\000\040\000A\000l\000l\000o\000w\000-\000L\000i\000s\000t\000e\000d\000\040\000F\000i\000l\000t\000e\000r\000/\000S\000o\000r\000t\000\040\000C\000o\000m\000p\000i\000l\000e\000r}{section.9.3}% 429
\BOOKMARK [2][]{subsection.9.3.4}{\376\377\0009\000.\0003\000.\0004\000\040\000L\000i\000s\000t\000i\000n\000g\000\040\0004\000:\000\040\000B\000e\000n\000c\000h\000m\000a\000r\000k\000\040\000H\000a\000r\000n\000e\000s\000s}{section.9.3}% 430
\BOOKMARK [2][]{subsection.9.3.5}{\376\377\0009\000.\0003\000.\0005\000\040\000L\000i\000s\000t\000i\000n\000g\000\040\0005\000:\000\040\000C\000o\000n\000c\000u\000r\000r\000e\000n\000c\000y\000-\000A\000n\000o\000m\000a\000l\000y\000\040\000D\000e\000m\000o\000n\000s\000t\000r\000a\000t\000i\000o\000n}{section.9.3}% 431
\BOOKMARK [1][]{section.9.4}{\376\377\0009\000.\0004\000\040\000C\000o\000m\000m\000o\000n\000\040\000P\000i\000t\000f\000a\000l\000l\000s\000\040\000\046\000\040\000A\000n\000t\000i\000-\000P\000a\000t\000t\000e\000r\000n\000s}{chapter.9}% 432
\BOOKMARK [2][]{subsection.9.4.1}{\376\377\0009\000.\0004\000.\0001\000\040\000O\000f\000f\000s\000e\000t\000\040\000a\000t\000\040\000D\000e\000p\000t\000h}{section.9.4}% 433
\BOOKMARK [2][]{subsection.9.4.2}{\376\377\0009\000.\0004\000.\0002\000\040\000U\000n\000s\000i\000g\000n\000e\000d\000,\000\040\000G\000u\000e\000s\000s\000a\000b\000l\000e\000\040\000C\000u\000r\000s\000o\000r\000s}{section.9.4}% 434
\BOOKMARK [2][]{subsection.9.4.3}{\376\377\0009\000.\0004\000.\0003\000\040\000t\000o\000t\000a\000l\000\137\000c\000o\000u\000n\000t\000\040\000o\000n\000\040\000E\000v\000e\000r\000y\000\040\000P\000a\000g\000e}{section.9.4}% 435
\BOOKMARK [2][]{subsection.9.4.4}{\376\377\0009\000.\0004\000.\0004\000\040\000M\000i\000s\000s\000i\000n\000g\000\040\000T\000i\000e\000-\000B\000r\000e\000a\000k\000e\000r}{section.9.4}% 436
\BOOKMARK [2][]{subsection.9.4.5}{\376\377\0009\000.\0004\000.\0005\000\040\000U\000n\000b\000o\000u\000n\000d\000e\000d\000\040\000P\000a\000g\000e\000\040\000S\000i\000z\000e\000s}{section.9.4}% 437
\BOOKMARK [2][]{subsection.9.4.6}{\376\377\0009\000.\0004\000.\0006\000\040\000F\000i\000l\000t\000e\000r\000\040\000P\000a\000r\000a\000m\000e\000t\000e\000r\000s\000\040\000I\000n\000t\000e\000r\000p\000o\000l\000a\000t\000e\000d\000\040\000i\000n\000t\000o\000\040\000S\000Q\000L}{section.9.4}% 438
\BOOKMARK [2][]{subsection.9.4.7}{\376\377\0009\000.\0004\000.\0007\000\040\000E\000x\000p\000o\000s\000i\000n\000g\000\040\000I\000n\000t\000e\000r\000n\000a\000l\000\040\000C\000o\000l\000u\000m\000n\000\040\000N\000a\000m\000e\000s}{section.9.4}% 439
\BOOKMARK [1][]{section.9.5}{\376\377\0009\000.\0005\000\040\000H\000a\000n\000d\000s\000-\000O\000n\000\040\000P\000r\000o\000d\000u\000c\000t\000i\000o\000n\000\040\000L\000a\000b\000\040\000\046\000\040\000R\000e\000a\000l\000-\000W\000o\000r\000l\000d\000\040\000C\000a\000s\000e\000\040\000S\000t\000u\000d\000y}{chapter.9}% 440
\BOOKMARK [2][]{subsection.9.5.1}{\376\377\0009\000.\0005\000.\0001\000\040\000L\000a\000b\000:\000\040\000T\000h\000r\000e\000e\000\040\000S\000t\000r\000a\000t\000e\000g\000i\000e\000s\000,\000\040\000O\000n\000e\000\040\000D\000a\000t\000a\000s\000e\000t\000,\000\040\000Z\000e\000r\000o\000\040\000E\000x\000c\000u\000s\000e\000s}{section.9.5}% 441
\BOOKMARK [2][]{subsection.9.5.2}{\376\377\0009\000.\0005\000.\0002\000\040\000C\000a\000s\000e\000\040\000S\000t\000u\000d\000y\000:\000\040\000T\000h\000e\000\040\0002\000\040\000a\000.\000m\000.\000\040\000R\000e\000p\000o\000r\000t\000i\000n\000g\000\040\000A\000P\000I}{section.9.5}% 442
\BOOKMARK [1][]{section.9.6}{\376\377\0009\000.\0006\000\040\000S\000e\000l\000f\000-\000A\000s\000s\000e\000s\000s\000m\000e\000n\000t\000\040\000E\000x\000e\000r\000c\000i\000s\000e\000s\000\040\000\046\000\040\000D\000e\000e\000p\000-\000D\000i\000v\000e\000\040\000Q\000u\000e\000s\000t\000i\000o\000n\000s}{chapter.9}% 443
\BOOKMARK [1][]{section.9.7}{\376\377\0009\000.\0007\000\040\000I\000n\000t\000e\000r\000v\000i\000e\000w\000\040\000Q\000\046\000A\000\040\000V\000a\000u\000l\000t}{chapter.9}% 444
\BOOKMARK [1][]{section.9.8}{\376\377\0009\000.\0008\000\040\000E\000x\000t\000e\000r\000n\000a\000l\000\040\000B\000i\000b\000l\000i\000o\000g\000r\000a\000p\000h\000y\000\040\000\046\000\040\000F\000u\000r\000t\000h\000e\000r\000\040\000R\000e\000a\000d\000i\000n\000g}{chapter.9}% 445
\BOOKMARK [1][]{section.9.9}{\376\377\0009\000.\0009\000\040\000C\000a\000p\000s\000t\000o\000n\000e\000\040\000P\000r\000o\000j\000e\000c\000t\000s}{chapter.9}% 446
\BOOKMARK [2][]{subsection.9.9.1}{\376\377\0009\000.\0009\000.\0001\000\040\000C\000a\000p\000s\000t\000o\000n\000e\000\040\0001\000:\000\040\000C\000u\000r\000s\000o\000r\000-\000P\000a\000g\000i\000n\000a\000t\000e\000d\000\040\000L\000e\000d\000g\000e\000r\000\040\000A\000P\000I\000\040\000[\000j\000u\000n\000i\000o\000r\000]}{section.9.9}% 447
\BOOKMARK [2][]{subsection.9.9.2}{\376\377\0009\000.\0009\000.\0002\000\040\000C\000a\000p\000s\000t\000o\000n\000e\000\040\0002\000:\000\040\000F\000i\000l\000t\000e\000r\000\040\000C\000o\000m\000p\000i\000l\000e\000r\000\040\000w\000i\000t\000h\000\040\000P\000r\000o\000p\000e\000r\000t\000y\000\040\000T\000e\000s\000t\000s\000\040\000[\000m\000i\000d\000]}{section.9.9}% 448
\BOOKMARK [2][]{subsection.9.9.3}{\376\377\0009\000.\0009\000.\0003\000\040\000C\000a\000p\000s\000t\000o\000n\000e\000\040\0003\000:\000\040\000P\000a\000g\000i\000n\000a\000t\000i\000o\000n\000\040\000B\000e\000n\000c\000h\000m\000a\000r\000k\000\040\000R\000e\000p\000o\000r\000t\000\040\000[\000m\000i\000d\000]}{section.9.9}% 449
\BOOKMARK [2][]{subsection.9.9.4}{\376\377\0009\000.\0009\000.\0004\000\040\000C\000a\000p\000s\000t\000o\000n\000e\000\040\0004\000:\000\040\000I\000n\000f\000i\000n\000i\000t\000e\000-\000S\000c\000r\000o\000l\000l\000\040\000C\000l\000i\000e\000n\000t\000\040\000o\000v\000e\000r\000\040\000S\000i\000g\000n\000e\000d\000\040\000C\000u\000r\000s\000o\000r\000s\000\040\000[\000s\000e\000n\000i\000o\000r\000]}{section.9.9}% 450
\BOOKMARK [2][]{subsection.9.9.5}{\376\377\0009\000.\0009\000.\0005\000\040\000C\000a\000p\000s\000t\000o\000n\000e\000\040\0005\000:\000\040\000M\000u\000l\000t\000i\000-\000T\000e\000n\000a\000n\000t\000\040\000K\000e\000y\000s\000e\000t\000\040\000D\000e\000s\000i\000g\000n\000\040\000[\000s\000t\000a\000f\000f\000]}{section.9.9}% 451
\BOOKMARK [1][]{section.9.10}{\376\377\0009\000.\0001\0000\000\040\000P\000y\000t\000h\000o\000n\000\040\000D\000e\000p\000e\000n\000d\000e\000n\000c\000i\000e\000s\000\040\000A\000p\000p\000e\000n\000d\000i\000x}{chapter.9}% 452
\BOOKMARK [2][]{subsection.9.10.1}{\376\377\0009\000.\0001\0000\000.\0001\000\040\000f\000a\000s\000t\000a\000p\000i\000\040\000\050\000f\000a\000s\000t\000a\000p\000i\000>\000=\0000\000.\0001\0001\0000\000\051}{section.9.10}% 453
\BOOKMARK [2][]{subsection.9.10.2}{\376\377\0009\000.\0001\0000\000.\0002\000\040\000p\000y\000d\000a\000n\000t\000i\000c\000\040\000\050\000p\000y\000d\000a\000n\000t\000i\000c\000>\000=\0002\000.\0007\000\051}{section.9.10}% 454
\BOOKMARK [2][]{subsection.9.10.3}{\376\377\0009\000.\0001\0000\000.\0003\000\040\000h\000t\000t\000p\000x\000\040\000\050\000h\000t\000t\000p\000x\000>\000=\0000\000.\0002\0007\000\051}{section.9.10}% 455
\BOOKMARK [2][]{subsection.9.10.4}{\376\377\0009\000.\0001\0000\000.\0004\000\040\000p\000y\000t\000e\000s\000t\000\040\000\050\000p\000y\000t\000e\000s\000t\000>\000=\0008\000\051}{section.9.10}% 456
\BOOKMARK [1][]{section.9.11}{\376\377\0009\000.\0001\0001\000\040\000C\000h\000a\000p\000t\000e\000r\000\040\000S\000u\000m\000m\000a\000r\000y\000\040\000\046\000\040\000K\000e\000y\000\040\000T\000a\000k\000e\000a\000w\000a\000y\000s}{chapter.9}% 457
\BOOKMARK [1][]{section.9.12}{\376\377\0009\000.\0001\0002\000\040\000Q\000u\000i\000c\000k\000-\000R\000e\000f\000e\000r\000e\000n\000c\000e\000\040\000C\000a\000r\000d}{chapter.9}% 458
\BOOKMARK [1][]{section.9.13}{\376\377\0009\000.\0001\0003\000\040\000S\000t\000a\000n\000d\000a\000r\000d\000i\000z\000e\000d\000\040\000E\000v\000i\000d\000e\000n\000c\000e\000\040\000A\000d\000d\000e\000n\000d\000u\000m}{chapter.9}% 459
\BOOKMARK [2][]{subsection.9.13.1}{\376\377\0009\000.\0001\0003\000.\0001\000\040\000B\000e\000n\000c\000h\000m\000a\000r\000k\000\040\000S\000n\000a\000p\000s\000h\000o\000t\000\040\000T\000e\000m\000p\000l\000a\000t\000e}{section.9.13}% 460
\BOOKMARK [2][]{subsection.9.13.2}{\376\377\0009\000.\0001\0003\000.\0002\000\040\000R\000e\000q\000u\000e\000s\000t\000\040\000T\000r\000a\000c\000e\000\040\000T\000e\000m\000p\000l\000a\000t\000e}{section.9.13}% 461
\BOOKMARK [2][]{subsection.9.13.3}{\376\377\0009\000.\0001\0003\000.\0003\000\040\000C\000o\000s\000t\000\040\000a\000n\000d\000\040\000L\000a\000t\000e\000n\000c\000y\000\040\000B\000u\000d\000g\000e\000t\000\040\000S\000n\000a\000p\000s\000h\000o\000t}{section.9.13}% 462
\BOOKMARK [1][]{section.9.14}{\376\377\0009\000.\0001\0004\000\040\000C\000o\000n\000f\000i\000g\000u\000r\000a\000t\000i\000o\000n\000\040\000P\000r\000e\000s\000e\000t\000\040\000T\000e\000m\000p\000l\000a\000t\000e}{chapter.9}% 463
\BOOKMARK [1][]{section.9.15}{\376\377\0009\000.\0001\0005\000\040\000C\000I\000\040\000Q\000u\000a\000l\000i\000t\000y\000\040\000G\000a\000t\000e\000\040\000S\000p\000e\000c\000i\000f\000i\000c\000a\000t\000i\000o\000n}{chapter.9}% 464
\BOOKMARK [1][]{section.9.16}{\376\377\0009\000.\0001\0006\000\040\000I\000n\000c\000i\000d\000e\000n\000t\000\040\000R\000u\000n\000b\000o\000o\000k\000\040\000T\000e\000m\000p\000l\000a\000t\000e}{chapter.9}% 465
\BOOKMARK [1][]{section.9.17}{\376\377\0009\000.\0001\0007\000\040\000C\000r\000o\000s\000s\000-\000C\000h\000a\000p\000t\000e\000r\000\040\000D\000e\000c\000i\000s\000i\000o\000n\000\040\000C\000a\000r\000d}{chapter.9}% 466
\BOOKMARK [1][]{section.9.18}{\376\377\0009\000.\0001\0008\000\040\000R\000O\000I\000\040\000M\000o\000d\000e\000l\000\040\000a\000n\000d\000\040\000B\000u\000i\000l\000d\000-\000v\000s\000-\000B\000u\000y}{chapter.9}% 467
\BOOKMARK [1][]{section.9.19}{\376\377\0009\000.\0001\0009\000\040\000D\000i\000s\000a\000s\000t\000e\000r\000\040\000R\000e\000c\000o\000v\000e\000r\000y\000\040\000N\000o\000t\000e\000s\000\040\000\050\000R\000P\000O\000/\000R\000T\000O\000\051}{chapter.9}% 468
\BOOKMARK [0][]{chapter.10}{\376\377\0001\0000\000\040\000A\000P\000I\000\040\000V\000e\000r\000s\000i\000o\000n\000i\000n\000g\000\040\000\046\000\040\000E\000v\000o\000l\000u\000t\000i\000o\000n\000\040\000S\000t\000r\000a\000t\000e\000g\000i\000e\000s}{}% 469
\BOOKMARK [1][]{section.10.1}{\376\377\0001\0000\000.\0001\000\040\000L\000e\000a\000r\000n\000i\000n\000g\000\040\000O\000b\000j\000e\000c\000t\000i\000v\000e\000s\000\040\000\046\000\040\000P\000r\000e\000r\000e\000q\000u\000i\000s\000i\000t\000e\000s}{chapter.10}% 470
\BOOKMARK [1][]{section.10.2}{\376\377\0001\0000\000.\0002\000\040\000D\000e\000e\000p\000\040\000T\000e\000c\000h\000n\000i\000c\000a\000l\000\040\000M\000e\000c\000h\000a\000n\000i\000c\000s\000\040\000\046\000\040\000A\000r\000c\000h\000i\000t\000e\000c\000t\000u\000r\000a\000l\000\040\000C\000o\000n\000c\000e\000p\000t\000s}{chapter.10}% 471
\BOOKMARK [2][]{subsection.10.2.1}{\376\377\0001\0000\000.\0002\000.\0001\000\040\000A\000\040\000T\000a\000x\000o\000n\000o\000m\000y\000\040\000o\000f\000\040\000C\000h\000a\000n\000g\000e}{section.10.2}% 472
\BOOKMARK [2][]{subsection.10.2.2}{\376\377\0001\0000\000.\0002\000.\0002\000\040\000T\000h\000e\000\040\000R\000o\000b\000u\000s\000t\000n\000e\000s\000s\000\040\000P\000r\000i\000n\000c\000i\000p\000l\000e\000\040\000a\000n\000d\000\040\000I\000t\000s\000\040\000L\000i\000m\000i\000t\000s}{section.10.2}% 473
\BOOKMARK [2][]{subsection.10.2.3}{\376\377\0001\0000\000.\0002\000.\0003\000\040\000V\000e\000r\000s\000i\000o\000n\000i\000n\000g\000\040\000S\000t\000r\000a\000t\000e\000g\000i\000e\000s\000:\000\040\000A\000\040\000R\000i\000g\000o\000r\000o\000u\000s\000\040\000C\000o\000m\000p\000a\000r\000i\000s\000o\000n}{section.10.2}% 474
\BOOKMARK [2][]{subsection.10.2.4}{\376\377\0001\0000\000.\0002\000.\0004\000\040\000E\000v\000o\000l\000u\000t\000i\000o\000n\000\040\000M\000e\000c\000h\000a\000n\000i\000c\000s\000:\000\040\000E\000x\000p\000a\000n\000d\000-\000a\000n\000d\000-\000C\000o\000n\000t\000r\000a\000c\000t\000\040\000a\000n\000d\000\040\000D\000u\000a\000l\000-\000S\000e\000r\000v\000i\000n\000g}{section.10.2}% 475
\BOOKMARK [2][]{subsection.10.2.5}{\376\377\0001\0000\000.\0002\000.\0005\000\040\000D\000e\000p\000r\000e\000c\000a\000t\000i\000o\000n\000\040\000P\000o\000l\000i\000c\000y\000\040\000E\000n\000g\000i\000n\000e\000e\000r\000i\000n\000g}{section.10.2}% 476
\BOOKMARK [2][]{subsection.10.2.6}{\376\377\0001\0000\000.\0002\000.\0006\000\040\000S\000c\000h\000e\000m\000a\000\040\000E\000v\000o\000l\000u\000t\000i\000o\000n\000\040\000R\000u\000l\000e\000s}{section.10.2}% 477
\BOOKMARK [2][]{subsection.10.2.7}{\376\377\0001\0000\000.\0002\000.\0007\000\040\000V\000e\000r\000s\000i\000o\000n\000\040\000P\000o\000l\000i\000c\000y\000\040\000a\000t\000\040\000S\000c\000a\000l\000e}{section.10.2}% 478
\BOOKMARK [1][]{section.10.3}{\376\377\0001\0000\000.\0003\000\040\000P\000r\000o\000d\000u\000c\000t\000i\000o\000n\000-\000R\000e\000a\000d\000y\000\040\000C\000o\000d\000e\000\040\000I\000m\000p\000l\000e\000m\000e\000n\000t\000a\000t\000i\000o\000n}{chapter.10}% 479
\BOOKMARK [2][]{subsection.10.3.1}{\376\377\0001\0000\000.\0003\000.\0001\000\040\000L\000i\000s\000t\000i\000n\000g\000\040\0009\000.\0001\000\040\040\024\000\040\000D\000u\000a\000l\000-\000S\000e\000r\000v\000i\000n\000g\000\040\000C\000a\000t\000a\000l\000o\000g\000\040\000A\000P\000I\000\040\000\050\000v\0001\000\040\000+\000\040\000v\0002\000\040\000o\000v\000e\000r\000\040\000O\000n\000e\000\040\000C\000o\000r\000e\000\051}{section.10.3}% 480
\BOOKMARK [2][]{subsection.10.3.2}{\376\377\0001\0000\000.\0003\000.\0002\000\040\000L\000i\000s\000t\000i\000n\000g\000\040\0009\000.\0002\000\040\040\024\000\040\000O\000p\000e\000n\000A\000P\000I\000\040\000B\000r\000e\000a\000k\000i\000n\000g\000-\000C\000h\000a\000n\000g\000e\000\040\000G\000a\000t\000e\000\040\000\050\000C\000I\000\040\000i\000n\000\040\000a\000\040\000B\000o\000x\000\051}{section.10.3}% 481
\BOOKMARK [2][]{subsection.10.3.3}{\376\377\0001\0000\000.\0003\000.\0003\000\040\000L\000i\000s\000t\000i\000n\000g\000\040\0009\000.\0003\000\040\040\024\000\040\000M\000e\000d\000i\000a\000-\000T\000y\000p\000e\000\040\000V\000e\000r\000s\000i\000o\000n\000\040\000N\000e\000g\000o\000t\000i\000a\000t\000o\000r}{section.10.3}% 482
\BOOKMARK [2][]{subsection.10.3.4}{\376\377\0001\0000\000.\0003\000.\0004\000\040\000L\000i\000s\000t\000i\000n\000g\000\040\0009\000.\0004\000\040\040\024\000\040\000C\000o\000n\000s\000u\000m\000e\000r\000-\000T\000o\000l\000e\000r\000a\000n\000c\000e\000\040\000T\000e\000s\000t\000\040\000S\000u\000i\000t\000e}{section.10.3}% 483
\BOOKMARK [2][]{subsection.10.3.5}{\376\377\0001\0000\000.\0003\000.\0005\000\040\000L\000i\000s\000t\000i\000n\000g\000\040\0009\000.\0005\000\040\040\024\000\040\000R\000e\000t\000i\000r\000e\000m\000e\000n\000t\000-\000R\000e\000a\000d\000i\000n\000e\000s\000s\000\040\000R\000e\000p\000o\000r\000t\000\040\000G\000e\000n\000e\000r\000a\000t\000o\000r}{section.10.3}% 484
\BOOKMARK [1][]{section.10.4}{\376\377\0001\0000\000.\0004\000\040\000C\000o\000m\000m\000o\000n\000\040\000P\000i\000t\000f\000a\000l\000l\000s\000\040\000\046\000\040\000A\000n\000t\000i\000-\000P\000a\000t\000t\000e\000r\000n\000s}{chapter.10}% 485
\BOOKMARK [1][]{section.10.5}{\376\377\0001\0000\000.\0005\000\040\000H\000a\000n\000d\000s\000-\000O\000n\000\040\000P\000r\000o\000d\000u\000c\000t\000i\000o\000n\000\040\000L\000a\000b\000\040\000\046\000\040\000R\000e\000a\000l\000-\000W\000o\000r\000l\000d\000\040\000C\000a\000s\000e\000\040\000S\000t\000u\000d\000y}{chapter.10}% 486
\BOOKMARK [1][]{section.10.6}{\376\377\0001\0000\000.\0006\000\040\000S\000e\000l\000f\000-\000A\000s\000s\000e\000s\000s\000m\000e\000n\000t\000\040\000E\000x\000e\000r\000c\000i\000s\000e\000s\000\040\000\046\000\040\000D\000e\000e\000p\000-\000D\000i\000v\000e\000\040\000Q\000u\000e\000s\000t\000i\000o\000n\000s}{chapter.10}% 487
\BOOKMARK [1][]{section.10.7}{\376\377\0001\0000\000.\0007\000\040\000I\000n\000t\000e\000r\000v\000i\000e\000w\000\040\000Q\000\046\000A\000\040\000V\000a\000u\000l\000t}{chapter.10}% 488
\BOOKMARK [1][]{section.10.8}{\376\377\0001\0000\000.\0008\000\040\000E\000x\000t\000e\000r\000n\000a\000l\000\040\000B\000i\000b\000l\000i\000o\000g\000r\000a\000p\000h\000y\000\040\000\046\000\040\000F\000u\000r\000t\000h\000e\000r\000\040\000R\000e\000a\000d\000i\000n\000g}{chapter.10}% 489
\BOOKMARK [1][]{section.10.9}{\376\377\0001\0000\000.\0009\000\040\000C\000a\000p\000s\000t\000o\000n\000e\000\040\000P\000r\000o\000j\000e\000c\000t\000s}{chapter.10}% 490
\BOOKMARK [1][]{section.10.10}{\376\377\0001\0000\000.\0001\0000\000\040\000P\000y\000t\000h\000o\000n\000\040\000D\000e\000p\000e\000n\000d\000e\000n\000c\000i\000e\000s\000\040\000A\000p\000p\000e\000n\000d\000i\000x}{chapter.10}% 491
\BOOKMARK [2][]{subsection.10.10.1}{\376\377\0001\0000\000.\0001\0000\000.\0001\000\040\000f\000a\000s\000t\000a\000p\000i\000\040\000\050\000\040\0000\000.\0001\0001\0000\000\051}{section.10.10}% 492
\BOOKMARK [2][]{subsection.10.10.2}{\376\377\0001\0000\000.\0001\0000\000.\0002\000\040\000p\000y\000d\000a\000n\000t\000i\000c\000\040\000\050\000\040\0002\000.\0007\000\051}{section.10.10}% 493
\BOOKMARK [2][]{subsection.10.10.3}{\376\377\0001\0000\000.\0001\0000\000.\0003\000\040\000p\000y\000y\000a\000m\000l\000\040\000\050\000\040\0006\000.\0000\000\051}{section.10.10}% 494
\BOOKMARK [2][]{subsection.10.10.4}{\376\377\0001\0000\000.\0001\0000\000.\0004\000\040\000j\000s\000o\000n\000s\000c\000h\000e\000m\000a\000\040\000\050\000\040\0004\000.\0002\0001\000\051}{section.10.10}% 495
\BOOKMARK [2][]{subsection.10.10.5}{\376\377\0001\0000\000.\0001\0000\000.\0005\000\040\000h\000t\000t\000p\000x\000\040\000\050\000\040\0000\000.\0002\0007\000\051}{section.10.10}% 496
\BOOKMARK [2][]{subsection.10.10.6}{\376\377\0001\0000\000.\0001\0000\000.\0006\000\040\000p\000y\000t\000e\000s\000t\000\040\000\050\000\040\0008\000\051}{section.10.10}% 497
\BOOKMARK [1][]{section.10.11}{\376\377\0001\0000\000.\0001\0001\000\040\000C\000h\000a\000p\000t\000e\000r\000\040\000S\000u\000m\000m\000a\000r\000y\000\040\000\046\000\040\000K\000e\000y\000\040\000T\000a\000k\000e\000a\000w\000a\000y\000s}{chapter.10}% 498
\BOOKMARK [1][]{section.10.12}{\376\377\0001\0000\000.\0001\0002\000\040\000Q\000u\000i\000c\000k\000-\000R\000e\000f\000e\000r\000e\000n\000c\000e\000\040\000C\000a\000r\000d}{chapter.10}% 499
\BOOKMARK [1][]{section.10.13}{\376\377\0001\0000\000.\0001\0003\000\040\000S\000t\000a\000n\000d\000a\000r\000d\000i\000z\000e\000d\000\040\000E\000v\000i\000d\000e\000n\000c\000e\000\040\000A\000d\000d\000e\000n\000d\000u\000m}{chapter.10}% 500
\BOOKMARK [2][]{subsection.10.13.1}{\376\377\0001\0000\000.\0001\0003\000.\0001\000\040\000B\000e\000n\000c\000h\000m\000a\000r\000k\000\040\000S\000n\000a\000p\000s\000h\000o\000t\000\040\000T\000e\000m\000p\000l\000a\000t\000e}{section.10.13}% 501
\BOOKMARK [2][]{subsection.10.13.2}{\376\377\0001\0000\000.\0001\0003\000.\0002\000\040\000R\000e\000q\000u\000e\000s\000t\000\040\000T\000r\000a\000c\000e\000\040\000T\000e\000m\000p\000l\000a\000t\000e}{section.10.13}% 502
\BOOKMARK [2][]{subsection.10.13.3}{\376\377\0001\0000\000.\0001\0003\000.\0003\000\040\000C\000o\000s\000t\000\040\000a\000n\000d\000\040\000L\000a\000t\000e\000n\000c\000y\000\040\000B\000u\000d\000g\000e\000t\000\040\000S\000n\000a\000p\000s\000h\000o\000t}{section.10.13}% 503
\BOOKMARK [1][]{section.10.14}{\376\377\0001\0000\000.\0001\0004\000\040\000C\000o\000n\000f\000i\000g\000u\000r\000a\000t\000i\000o\000n\000\040\000P\000r\000e\000s\000e\000t\000\040\000T\000e\000m\000p\000l\000a\000t\000e}{chapter.10}% 504
\BOOKMARK [1][]{section.10.15}{\376\377\0001\0000\000.\0001\0005\000\040\000C\000I\000\040\000Q\000u\000a\000l\000i\000t\000y\000\040\000G\000a\000t\000e\000\040\000S\000p\000e\000c\000i\000f\000i\000c\000a\000t\000i\000o\000n}{chapter.10}% 505
\BOOKMARK [1][]{section.10.16}{\376\377\0001\0000\000.\0001\0006\000\040\000I\000n\000c\000i\000d\000e\000n\000t\000\040\000R\000u\000n\000b\000o\000o\000k\000\040\000T\000e\000m\000p\000l\000a\000t\000e}{chapter.10}% 506
\BOOKMARK [1][]{section.10.17}{\376\377\0001\0000\000.\0001\0007\000\040\000C\000r\000o\000s\000s\000-\000C\000h\000a\000p\000t\000e\000r\000\040\000D\000e\000c\000i\000s\000i\000o\000n\000\040\000C\000a\000r\000d}{chapter.10}% 507
\BOOKMARK [1][]{section.10.18}{\376\377\0001\0000\000.\0001\0008\000\040\000R\000O\000I\000\040\000M\000o\000d\000e\000l\000\040\000a\000n\000d\000\040\000B\000u\000i\000l\000d\000-\000v\000s\000-\000B\000u\000y}{chapter.10}% 508
\BOOKMARK [1][]{section.10.19}{\376\377\0001\0000\000.\0001\0009\000\040\000D\000i\000s\000a\000s\000t\000e\000r\000\040\000R\000e\000c\000o\000v\000e\000r\000y\000\040\000N\000o\000t\000e\000s\000\040\000\050\000R\000P\000O\000/\000R\000T\000O\000\051}{chapter.10}% 509
\BOOKMARK [0][]{chapter.11}{\376\377\0001\0001\000\040\000I\000d\000e\000m\000p\000o\000t\000e\000n\000c\000y\000,\000\040\000C\000a\000c\000h\000i\000n\000g\000\040\000\046\000\040\000C\000o\000n\000c\000u\000r\000r\000e\000n\000c\000y\000\040\000C\000o\000n\000t\000r\000o\000l}{}% 510
\BOOKMARK [1][]{section.11.1}{\376\377\0001\0001\000.\0001\000\040\000L\000e\000a\000r\000n\000i\000n\000g\000\040\000O\000b\000j\000e\000c\000t\000i\000v\000e\000s\000\040\000\046\000\040\000P\000r\000e\000r\000e\000q\000u\000i\000s\000i\000t\000e\000s}{chapter.11}% 511
\BOOKMARK [1][]{section.11.2}{\376\377\0001\0001\000.\0002\000\040\000D\000e\000e\000p\000\040\000T\000e\000c\000h\000n\000i\000c\000a\000l\000\040\000M\000e\000c\000h\000a\000n\000i\000c\000s\000\040\000\046\000\040\000A\000r\000c\000h\000i\000t\000e\000c\000t\000u\000r\000a\000l\000\040\000C\000o\000n\000c\000e\000p\000t\000s}{chapter.11}% 512
\BOOKMARK [2][]{subsection.11.2.1}{\376\377\0001\0001\000.\0002\000.\0001\000\040\000I\000d\000e\000m\000p\000o\000t\000e\000n\000c\000y\000:\000\040\000A\000\040\000F\000o\000r\000m\000a\000l\000\040\000D\000e\000f\000i\000n\000i\000t\000i\000o\000n}{section.11.2}% 513
\BOOKMARK [2][]{subsection.11.2.2}{\376\377\0001\0001\000.\0002\000.\0002\000\040\000T\000h\000e\000\040\000I\000d\000e\000m\000p\000o\000t\000e\000n\000c\000y\000-\000K\000e\000y\000\040\000P\000r\000o\000t\000o\000c\000o\000l}{section.11.2}% 514
\BOOKMARK [2][]{subsection.11.2.3}{\376\377\0001\0001\000.\0002\000.\0003\000\040\000T\000h\000e\000\040\000E\000x\000a\000c\000t\000l\000y\000-\000O\000n\000c\000e\000\040\000I\000l\000l\000u\000s\000i\000o\000n}{section.11.2}% 515
\BOOKMARK [2][]{subsection.11.2.4}{\376\377\0001\0001\000.\0002\000.\0004\000\040\000H\000T\000T\000P\000\040\000C\000a\000c\000h\000i\000n\000g\000\040\000M\000a\000c\000h\000i\000n\000e\000r\000y\000\040\000p\000e\000r\000\040\000R\000F\000C\000\040\0009\0001\0001\0000\000/\0009\0001\0001\0001}{section.11.2}% 516
\BOOKMARK [2][]{subsection.11.2.5}{\376\377\0001\0001\000.\0002\000.\0005\000\040\000C\000o\000n\000c\000u\000r\000r\000e\000n\000c\000y\000\040\000C\000o\000n\000t\000r\000o\000l\000:\000\040\000T\000h\000e\000\040\000L\000o\000s\000t\000-\000U\000p\000d\000a\000t\000e\000\040\000P\000r\000o\000b\000l\000e\000m}{section.11.2}% 517
\BOOKMARK [2][]{subsection.11.2.6}{\376\377\0001\0001\000.\0002\000.\0006\000\040\000R\000e\000t\000r\000i\000e\000s\000\040\000M\000e\000e\000t\000\040\000I\000d\000e\000m\000p\000o\000t\000e\000n\000c\000y\000:\000\040\000T\000h\000e\000\040\000M\000o\000n\000e\000y\000-\000T\000r\000a\000n\000s\000f\000e\000r\000\040\000A\000r\000g\000u\000m\000e\000n\000t}{section.11.2}% 518
\BOOKMARK [1][]{section.11.3}{\376\377\0001\0001\000.\0003\000\040\000P\000r\000o\000d\000u\000c\000t\000i\000o\000n\000-\000R\000e\000a\000d\000y\000\040\000C\000o\000d\000e\000\040\000I\000m\000p\000l\000e\000m\000e\000n\000t\000a\000t\000i\000o\000n}{chapter.11}% 519
\BOOKMARK [2][]{subsection.11.3.1}{\376\377\0001\0001\000.\0003\000.\0001\000\040\000L\000i\000s\000t\000i\000n\000g\000\040\0001\0000\000.\0001\000\040\040\024\000\040\000S\000Q\000L\000i\000t\000e\000-\000B\000a\000c\000k\000e\000d\000\040\000I\000d\000e\000m\000p\000o\000t\000e\000n\000c\000y\000-\000K\000e\000y\000\040\000M\000i\000d\000d\000l\000e\000w\000a\000r\000e}{section.11.3}% 520
\BOOKMARK [2][]{subsection.11.3.2}{\376\377\0001\0001\000.\0003\000.\0002\000\040\000L\000i\000s\000t\000i\000n\000g\000\040\0001\0000\000.\0002\000\040\040\024\000\040\000C\000o\000n\000d\000i\000t\000i\000o\000n\000a\000l\000\040\000R\000e\000q\000u\000e\000s\000t\000s\000:\000\040\000S\000t\000r\000o\000n\000g\000\040\000E\000T\000a\000g\000s\000\040\000a\000n\000d\000\040\000t\000h\000e\000\040\0003\0000\0004\000\040\000F\000l\000o\000w}{section.11.3}% 521
\BOOKMARK [2][]{subsection.11.3.3}{\376\377\0001\0001\000.\0003\000.\0003\000\040\000L\000i\000s\000t\000i\000n\000g\000\040\0001\0000\000.\0003\000\040\040\024\000\040\000O\000p\000t\000i\000m\000i\000s\000t\000i\000c\000\040\000L\000o\000c\000k\000i\000n\000g\000\040\000w\000i\000t\000h\000\040\000I\000f\000-\000M\000a\000t\000c\000h\000\040\000o\000n\000\040\000I\000n\000v\000e\000n\000t\000o\000r\000y}{section.11.3}% 522
\BOOKMARK [2][]{subsection.11.3.4}{\376\377\0001\0001\000.\0003\000.\0004\000\040\000L\000i\000s\000t\000i\000n\000g\000\040\0001\0000\000.\0004\000\040\040\024\000\040\000D\000o\000u\000b\000l\000e\000-\000S\000u\000b\000m\000i\000t\000\040\000S\000t\000o\000r\000m\000\040\000H\000a\000r\000n\000e\000s\000s}{section.11.3}% 523
\BOOKMARK [2][]{subsection.11.3.5}{\376\377\0001\0001\000.\0003\000.\0005\000\040\000L\000i\000s\000t\000i\000n\000g\000\040\0001\0000\000.\0005\000\040\040\024\000\040\000C\000a\000c\000h\000e\000-\000P\000o\000l\000i\000c\000y\000\040\000S\000i\000m\000u\000l\000a\000t\000o\000r}{section.11.3}% 524
\BOOKMARK [1][]{section.11.4}{\376\377\0001\0001\000.\0004\000\040\000C\000o\000m\000m\000o\000n\000\040\000P\000i\000t\000f\000a\000l\000l\000s\000\040\000\046\000\040\000A\000n\000t\000i\000-\000P\000a\000t\000t\000e\000r\000n\000s}{chapter.11}% 525
\BOOKMARK [2][]{subsection.11.4.1}{\376\377\0001\0001\000.\0004\000.\0001\000\040\000S\000t\000o\000r\000i\000n\000g\000\040\000t\000h\000e\000\040\000R\000e\000s\000p\000o\000n\000s\000e\000\040\000B\000e\000f\000o\000r\000e\000\040\000C\000o\000m\000m\000i\000t\000t\000i\000n\000g\000\040\000t\000h\000e\000\040\000M\000u\000t\000a\000t\000i\000o\000n}{section.11.4}% 526
\BOOKMARK [2][]{subsection.11.4.2}{\376\377\0001\0001\000.\0004\000.\0002\000\040\000R\000e\000u\000s\000i\000n\000g\000\040\000I\000d\000e\000m\000p\000o\000t\000e\000n\000c\000y\000\040\000K\000e\000y\000s\000\040\000A\000c\000r\000o\000s\000s\000\040\000E\000n\000d\000p\000o\000i\000n\000t\000s}{section.11.4}% 527
\BOOKMARK [2][]{subsection.11.4.3}{\376\377\0001\0001\000.\0004\000.\0003\000\040\000H\000a\000s\000h\000i\000n\000g\000\040\000O\000n\000l\000y\000\040\000t\000h\000e\000\040\000B\000o\000d\000y\000,\000\040\000N\000o\000t\000\040\000t\000h\000e\000\040\000R\000o\000u\000t\000e}{section.11.4}% 528
\BOOKMARK [2][]{subsection.11.4.4}{\376\377\0001\0001\000.\0004\000.\0004\000\040\000R\000e\000t\000r\000y\000i\000n\000g\000\040\000P\000O\000S\000T\000\040\000W\000i\000t\000h\000o\000u\000t\000\040\000K\000e\000y\000s}{section.11.4}% 529
\BOOKMARK [2][]{subsection.11.4.5}{\376\377\0001\0001\000.\0004\000.\0005\000\040\000W\000e\000a\000k\000\040\000E\000T\000a\000g\000s\000\040\000o\000n\000\040\000B\000y\000t\000e\000-\000S\000e\000n\000s\000i\000t\000i\000v\000e\000\040\000R\000e\000s\000o\000u\000r\000c\000e\000s}{section.11.4}% 530
\BOOKMARK [2][]{subsection.11.4.6}{\376\377\0001\0001\000.\0004\000.\0006\000\040\000T\000h\000e\000\040\000n\000o\000-\000s\000t\000o\000r\000e\000\040\000/\000\040\000n\000o\000-\000c\000a\000c\000h\000e\000\040\000C\000o\000n\000f\000u\000s\000i\000o\000n}{section.11.4}% 531
\BOOKMARK [2][]{subsection.11.4.7}{\376\377\0001\0001\000.\0004\000.\0007\000\040\000C\000l\000i\000e\000n\000t\000-\000G\000e\000n\000e\000r\000a\000t\000e\000d\000\040\000E\000T\000a\000g\000s}{section.11.4}% 532
\BOOKMARK [2][]{subsection.11.4.8}{\376\377\0001\0001\000.\0004\000.\0008\000\040\000D\000i\000s\000t\000r\000i\000b\000u\000t\000e\000d\000\040\000L\000o\000c\000k\000s\000\040\000W\000i\000t\000h\000o\000u\000t\000\040\000F\000e\000n\000c\000i\000n\000g\000\040\000T\000o\000k\000e\000n\000s}{section.11.4}% 533
\BOOKMARK [1][]{section.11.5}{\376\377\0001\0001\000.\0005\000\040\000H\000a\000n\000d\000s\000-\000O\000n\000\040\000P\000r\000o\000d\000u\000c\000t\000i\000o\000n\000\040\000L\000a\000b\000\040\000\046\000\040\000R\000e\000a\000l\000-\000W\000o\000r\000l\000d\000\040\000C\000a\000s\000e\000\040\000S\000t\000u\000d\000y}{chapter.11}% 534
\BOOKMARK [2][]{subsection.11.5.1}{\376\377\0001\0001\000.\0005\000.\0001\000\040\000L\000a\000b\000:\000\040\000A\000n\000\040\000I\000d\000e\000m\000p\000o\000t\000e\000n\000t\000\040\000P\000a\000y\000m\000e\000n\000t\000s\000\040\000A\000P\000I\000\040\000T\000h\000a\000t\000\040\000S\000u\000r\000v\000i\000v\000e\000s\000\040\000R\000e\000t\000r\000y\000\040\000S\000t\000o\000r\000m\000s}{section.11.5}% 535
\BOOKMARK [2][]{subsection.11.5.2}{\376\377\0001\0001\000.\0005\000.\0002\000\040\000W\000a\000r\000\040\000S\000t\000o\000r\000y\000:\000\040\000T\000h\000e\000\040\000D\000o\000u\000b\000l\000e\000-\000C\000h\000a\000r\000g\000e\000d\000\040\000C\000u\000s\000t\000o\000m\000e\000r\000s}{section.11.5}% 536
\BOOKMARK [1][]{section.11.6}{\376\377\0001\0001\000.\0006\000\040\000S\000e\000l\000f\000-\000A\000s\000s\000e\000s\000s\000m\000e\000n\000t\000\040\000E\000x\000e\000r\000c\000i\000s\000e\000s\000\040\000\046\000\040\000D\000e\000e\000p\000-\000D\000i\000v\000e\000\040\000Q\000u\000e\000s\000t\000i\000o\000n\000s}{chapter.11}% 537
\BOOKMARK [1][]{section.11.7}{\376\377\0001\0001\000.\0007\000\040\000I\000n\000t\000e\000r\000v\000i\000e\000w\000\040\000Q\000\046\000A\000\040\000V\000a\000u\000l\000t}{chapter.11}% 538
\BOOKMARK [1][]{section.11.8}{\376\377\0001\0001\000.\0008\000\040\000E\000x\000t\000e\000r\000n\000a\000l\000\040\000B\000i\000b\000l\000i\000o\000g\000r\000a\000p\000h\000y\000\040\000\046\000\040\000F\000u\000r\000t\000h\000e\000r\000\040\000R\000e\000a\000d\000i\000n\000g}{chapter.11}% 539
\BOOKMARK [1][]{section.11.9}{\376\377\0001\0001\000.\0009\000\040\000C\000a\000p\000s\000t\000o\000n\000e\000\040\000P\000r\000o\000j\000e\000c\000t\000s}{chapter.11}% 540
\BOOKMARK [1][]{section.11.10}{\376\377\0001\0001\000.\0001\0000\000\040\000P\000y\000t\000h\000o\000n\000\040\000D\000e\000p\000e\000n\000d\000e\000n\000c\000i\000e\000s\000\040\000A\000p\000p\000e\000n\000d\000i\000x}{chapter.11}% 541
\BOOKMARK [2][]{subsection.11.10.1}{\376\377\0001\0001\000.\0001\0000\000.\0001\000\040\000f\000a\000s\000t\000a\000p\000i\000\040\000\050\000\040\0000\000.\0001\0001\0000\000\051}{section.11.10}% 542
\BOOKMARK [2][]{subsection.11.10.2}{\376\377\0001\0001\000.\0001\0000\000.\0002\000\040\000p\000y\000d\000a\000n\000t\000i\000c\000\040\000\050\000\040\0002\000.\0007\000\051}{section.11.10}% 543
\BOOKMARK [2][]{subsection.11.10.3}{\376\377\0001\0001\000.\0001\0000\000.\0003\000\040\000h\000t\000t\000p\000x\000\040\000\050\000\040\0000\000.\0002\0007\000\051}{section.11.10}% 544
\BOOKMARK [2][]{subsection.11.10.4}{\376\377\0001\0001\000.\0001\0000\000.\0004\000\040\000p\000y\000t\000e\000s\000t\000\040\000\050\000\040\0008\000\051}{section.11.10}% 545
\BOOKMARK [1][]{section.11.11}{\376\377\0001\0001\000.\0001\0001\000\040\000C\000h\000a\000p\000t\000e\000r\000\040\000S\000u\000m\000m\000a\000r\000y\000\040\000\046\000\040\000K\000e\000y\000\040\000T\000a\000k\000e\000a\000w\000a\000y\000s}{chapter.11}% 546
\BOOKMARK [1][]{section.11.12}{\376\377\0001\0001\000.\0001\0002\000\040\000Q\000u\000i\000c\000k\000-\000R\000e\000f\000e\000r\000e\000n\000c\000e\000\040\000C\000a\000r\000d}{chapter.11}% 547
\BOOKMARK [1][]{section.11.13}{\376\377\0001\0001\000.\0001\0003\000\040\000S\000t\000a\000n\000d\000a\000r\000d\000i\000z\000e\000d\000\040\000E\000v\000i\000d\000e\000n\000c\000e\000\040\000A\000d\000d\000e\000n\000d\000u\000m}{chapter.11}% 548
\BOOKMARK [2][]{subsection.11.13.1}{\376\377\0001\0001\000.\0001\0003\000.\0001\000\040\000B\000e\000n\000c\000h\000m\000a\000r\000k\000\040\000S\000n\000a\000p\000s\000h\000o\000t\000\040\000T\000e\000m\000p\000l\000a\000t\000e}{section.11.13}% 549
\BOOKMARK [2][]{subsection.11.13.2}{\376\377\0001\0001\000.\0001\0003\000.\0002\000\040\000R\000e\000q\000u\000e\000s\000t\000\040\000T\000r\000a\000c\000e\000\040\000T\000e\000m\000p\000l\000a\000t\000e}{section.11.13}% 550
\BOOKMARK [2][]{subsection.11.13.3}{\376\377\0001\0001\000.\0001\0003\000.\0003\000\040\000C\000o\000s\000t\000\040\000a\000n\000d\000\040\000L\000a\000t\000e\000n\000c\000y\000\040\000B\000u\000d\000g\000e\000t\000\040\000S\000n\000a\000p\000s\000h\000o\000t}{section.11.13}% 551
\BOOKMARK [1][]{section.11.14}{\376\377\0001\0001\000.\0001\0004\000\040\000C\000o\000n\000f\000i\000g\000u\000r\000a\000t\000i\000o\000n\000\040\000P\000r\000e\000s\000e\000t\000\040\000T\000e\000m\000p\000l\000a\000t\000e}{chapter.11}% 552
\BOOKMARK [1][]{section.11.15}{\376\377\0001\0001\000.\0001\0005\000\040\000C\000I\000\040\000Q\000u\000a\000l\000i\000t\000y\000\040\000G\000a\000t\000e\000\040\000S\000p\000e\000c\000i\000f\000i\000c\000a\000t\000i\000o\000n}{chapter.11}% 553
\BOOKMARK [1][]{section.11.16}{\376\377\0001\0001\000.\0001\0006\000\040\000I\000n\000c\000i\000d\000e\000n\000t\000\040\000R\000u\000n\000b\000o\000o\000k\000\040\000T\000e\000m\000p\000l\000a\000t\000e}{chapter.11}% 554
\BOOKMARK [1][]{section.11.17}{\376\377\0001\0001\000.\0001\0007\000\040\000C\000r\000o\000s\000s\000-\000C\000h\000a\000p\000t\000e\000r\000\040\000D\000e\000c\000i\000s\000i\000o\000n\000\040\000C\000a\000r\000d}{chapter.11}% 555
\BOOKMARK [1][]{section.11.18}{\376\377\0001\0001\000.\0001\0008\000\040\000R\000O\000I\000\040\000M\000o\000d\000e\000l\000\040\000a\000n\000d\000\040\000B\000u\000i\000l\000d\000-\000v\000s\000-\000B\000u\000y}{chapter.11}% 556
\BOOKMARK [1][]{section.11.19}{\376\377\0001\0001\000.\0001\0009\000\040\000D\000i\000s\000a\000s\000t\000e\000r\000\040\000R\000e\000c\000o\000v\000e\000r\000y\000\040\000N\000o\000t\000e\000s\000\040\000\050\000R\000P\000O\000/\000R\000T\000O\000\051}{chapter.11}% 557
\BOOKMARK [0][]{chapter.12}{\376\377\0001\0002\000\040\000A\000s\000y\000n\000c\000h\000r\000o\000n\000o\000u\000s\000\040\000\046\000\040\000E\000v\000e\000n\000t\000-\000D\000r\000i\000v\000e\000n\000\040\000A\000P\000I\000s\000:\000\040\000W\000e\000b\000h\000o\000o\000k\000s\000,\000\040\000S\000S\000E\000\040\000\046\000\040\000W\000e\000b\000S\000o\000c\000k\000e\000t\000s}{}% 558
\BOOKMARK [1][]{section.12.1}{\376\377\0001\0002\000.\0001\000\040\000L\000e\000a\000r\000n\000i\000n\000g\000\040\000O\000b\000j\000e\000c\000t\000i\000v\000e\000s\000\040\000\046\000\040\000P\000r\000e\000r\000e\000q\000u\000i\000s\000i\000t\000e\000s}{chapter.12}% 559
\BOOKMARK [1][]{section.12.2}{\376\377\0001\0002\000.\0002\000\040\000D\000e\000e\000p\000\040\000T\000e\000c\000h\000n\000i\000c\000a\000l\000\040\000M\000e\000c\000h\000a\000n\000i\000c\000s\000\040\000\046\000\040\000A\000r\000c\000h\000i\000t\000e\000c\000t\000u\000r\000a\000l\000\040\000C\000o\000n\000c\000e\000p\000t\000s}{chapter.12}% 560
\BOOKMARK [2][]{subsection.12.2.1}{\376\377\0001\0002\000.\0002\000.\0001\000\040\000T\000h\000e\000\040\000I\000n\000t\000e\000r\000a\000c\000t\000i\000o\000n\000-\000P\000a\000t\000t\000e\000r\000n\000\040\000T\000a\000x\000o\000n\000o\000m\000y}{section.12.2}% 561
\BOOKMARK [2][]{subsection.12.2.2}{\376\377\0001\0002\000.\0002\000.\0002\000\040\000W\000e\000b\000h\000o\000o\000k\000s\000:\000\040\000T\000h\000e\000\040\000R\000e\000v\000e\000r\000s\000e\000-\000A\000P\000I\000\040\000P\000a\000t\000t\000e\000r\000n}{section.12.2}% 562
\BOOKMARK [2][]{subsection.12.2.3}{\376\377\0001\0002\000.\0002\000.\0003\000\040\000S\000e\000r\000v\000e\000r\000-\000S\000e\000n\000t\000\040\000E\000v\000e\000n\000t\000s\000:\000\040\000t\000e\000x\000t\000/\000e\000v\000e\000n\000t\000-\000s\000t\000r\000e\000a\000m\000\040\000o\000n\000\040\000t\000h\000e\000\040\000W\000i\000r\000e}{section.12.2}% 563
\BOOKMARK [2][]{subsection.12.2.4}{\376\377\0001\0002\000.\0002\000.\0004\000\040\000W\000e\000b\000S\000o\000c\000k\000e\000t\000s\000:\000\040\000R\000F\000C\000\040\0006\0004\0005\0005\000\040\000P\000r\000e\000c\000i\000s\000e\000l\000y}{section.12.2}% 564
\BOOKMARK [2][]{subsection.12.2.5}{\376\377\0001\0002\000.\0002\000.\0005\000\040\000A\000s\000y\000n\000c\000A\000P\000I\000\040\000a\000n\000d\000\040\000t\000h\000e\000\040\000G\000o\000v\000e\000r\000n\000a\000n\000c\000e\000\040\000o\000f\000\040\000E\000v\000e\000n\000t\000\040\000C\000o\000n\000t\000r\000a\000c\000t\000s}{section.12.2}% 565
\BOOKMARK [1][]{section.12.3}{\376\377\0001\0002\000.\0003\000\040\000P\000r\000o\000d\000u\000c\000t\000i\000o\000n\000-\000R\000e\000a\000d\000y\000\040\000C\000o\000d\000e\000\040\000I\000m\000p\000l\000e\000m\000e\000n\000t\000a\000t\000i\000o\000n}{chapter.12}% 566
\BOOKMARK [2][]{subsection.12.3.1}{\376\377\0001\0002\000.\0003\000.\0001\000\040\000W\000e\000b\000h\000o\000o\000k\000s\000:\000\040\000S\000i\000g\000n\000e\000d\000\040\000R\000e\000c\000e\000i\000v\000e\000r\000\040\000a\000n\000d\000\040\000B\000o\000u\000n\000d\000e\000d\000-\000R\000e\000t\000r\000y\000\040\000D\000e\000l\000i\000v\000e\000r\000y\000\040\000W\000o\000r\000k\000e\000r}{section.12.3}% 567
\BOOKMARK [2][]{subsection.12.3.2}{\376\377\0001\0002\000.\0003\000.\0002\000\040\000S\000e\000r\000v\000e\000r\000-\000S\000e\000n\000t\000\040\000E\000v\000e\000n\000t\000s\000:\000\040\000P\000r\000o\000d\000u\000c\000e\000r\000,\000\040\000P\000a\000r\000s\000e\000r\000,\000\040\000a\000n\000d\000\040\000R\000e\000s\000u\000m\000e}{section.12.3}% 568
\BOOKMARK [2][]{subsection.12.3.3}{\376\377\0001\0002\000.\0003\000.\0003\000\040\000W\000e\000b\000S\000o\000c\000k\000e\000t\000s\000:\000\040\000H\000a\000n\000d\000s\000h\000a\000k\000e\000\040\000M\000a\000t\000h\000\040\000a\000n\000d\000\040\000a\000n\000\040\000E\000c\000h\000o\000/\000B\000r\000o\000a\000d\000c\000a\000s\000t\000\040\000D\000e\000m\000o}{section.12.3}% 569
\BOOKMARK [2][]{subsection.12.3.4}{\376\377\0001\0002\000.\0003\000.\0004\000\040\000T\000h\000e\000\040\000E\000v\000e\000n\000t\000\040\000C\000o\000n\000t\000r\000a\000c\000t\000\040\000i\000n\000\040\000A\000s\000y\000n\000c\000A\000P\000I}{section.12.3}% 570
\BOOKMARK [2][]{subsection.12.3.5}{\376\377\0001\0002\000.\0003\000.\0005\000\040\000C\000o\000n\000t\000r\000a\000s\000t\000:\000\040\000L\000o\000n\000g\000\040\000P\000o\000l\000l\000i\000n\000g\000\040\000i\000n\000\040\000T\000w\000e\000l\000v\000e\000\040\000L\000i\000n\000e\000s}{section.12.3}% 571
\BOOKMARK [1][]{section.12.4}{\376\377\0001\0002\000.\0004\000\040\000C\000o\000m\000m\000o\000n\000\040\000P\000i\000t\000f\000a\000l\000l\000s\000\040\000\046\000\040\000A\000n\000t\000i\000-\000P\000a\000t\000t\000e\000r\000n\000s}{chapter.12}% 572
\BOOKMARK [2][]{subsection.12.4.1}{\376\377\0001\0002\000.\0004\000.\0001\000\040\000U\000n\000s\000i\000g\000n\000e\000d\000\040\000w\000e\000b\000h\000o\000o\000k\000s}{section.12.4}% 573
\BOOKMARK [2][]{subsection.12.4.2}{\376\377\0001\0002\000.\0004\000.\0002\000\040\000R\000e\000t\000r\000y\000i\000n\000g\000\040\000p\000e\000r\000m\000a\000n\000e\000n\000t\000\040\000f\000a\000i\000l\000u\000r\000e\000s\000\040\000f\000o\000r\000e\000v\000e\000r}{section.12.4}% 574
\BOOKMARK [2][]{subsection.12.4.3}{\376\377\0001\0002\000.\0004\000.\0003\000\040\000A\000s\000s\000u\000m\000i\000n\000g\000\040\000o\000r\000d\000e\000r\000i\000n\000g}{section.12.4}% 575
\BOOKMARK [2][]{subsection.12.4.4}{\376\377\0001\0002\000.\0004\000.\0004\000\040\000S\000S\000E\000\040\000t\000h\000r\000o\000u\000g\000h\000\040\000b\000u\000f\000f\000e\000r\000i\000n\000g\000\040\000p\000r\000o\000x\000i\000e\000s}{section.12.4}% 576
\BOOKMARK [2][]{subsection.12.4.5}{\376\377\0001\0002\000.\0004\000.\0005\000\040\000W\000e\000b\000S\000o\000c\000k\000e\000t\000\040\000f\000o\000r\000\040\000p\000l\000a\000i\000n\000\040\000C\000R\000U\000D}{section.12.4}% 577
\BOOKMARK [2][]{subsection.12.4.6}{\376\377\0001\0002\000.\0004\000.\0006\000\040\000N\000o\000n\000-\000i\000d\000e\000m\000p\000o\000t\000e\000n\000t\000\040\000r\000e\000c\000e\000i\000v\000e\000r\000s}{section.12.4}% 578
\BOOKMARK [2][]{subsection.12.4.7}{\376\377\0001\0002\000.\0004\000.\0007\000\040\000L\000e\000a\000k\000i\000n\000g\000\040\000e\000v\000e\000n\000t\000\040\000p\000a\000y\000l\000o\000a\000d\000s\000\040\000i\000n\000\040\000l\000o\000g\000s}{section.12.4}% 579
\BOOKMARK [2][]{subsection.12.4.8}{\376\377\0001\0002\000.\0004\000.\0008\000\040\000S\000l\000e\000e\000p\000-\000b\000a\000s\000e\000d\000\040\000a\000s\000y\000n\000c\000\040\000t\000e\000s\000t\000s}{section.12.4}% 580
\BOOKMARK [1][]{section.12.5}{\376\377\0001\0002\000.\0005\000\040\000H\000a\000n\000d\000s\000-\000O\000n\000\040\000P\000r\000o\000d\000u\000c\000t\000i\000o\000n\000\040\000L\000a\000b\000\040\000\046\000\040\000R\000e\000a\000l\000-\000W\000o\000r\000l\000d\000\040\000C\000a\000s\000e\000\040\000S\000t\000u\000d\000y}{chapter.12}% 581
\BOOKMARK [2][]{subsection.12.5.1}{\376\377\0001\0002\000.\0005\000.\0001\000\040\000L\000a\000b\000:\000\040\000T\000h\000e\000\040\000N\000o\000r\000t\000h\000w\000i\000n\000d\000\040\000R\000o\000b\000o\000t\000i\000c\000s\000\040\000R\000e\000a\000l\000-\000T\000i\000m\000e\000\040\000N\000o\000t\000i\000f\000i\000c\000a\000t\000i\000o\000n\000s\000\040\000S\000e\000r\000v\000i\000c\000e}{section.12.5}% 582
\BOOKMARK [2][]{subsection.12.5.2}{\376\377\0001\0002\000.\0005\000.\0002\000\040\000W\000a\000r\000\040\000S\000t\000o\000r\000y\000\040\0001\000:\000\040\000T\000h\000e\000\040\000R\000e\000t\000r\000y\000\040\000L\000o\000o\000p\000\040\000T\000h\000a\000t\000\040\000D\000D\000o\000S\000e\000d\000\040\000a\000\040\000C\000u\000s\000t\000o\000m\000e\000r}{section.12.5}% 583
\BOOKMARK [2][]{subsection.12.5.3}{\376\377\0001\0002\000.\0005\000.\0003\000\040\000W\000a\000r\000\040\000S\000t\000o\000r\000y\000\040\0002\000:\000\040\000T\000h\000e\000\040\000U\000n\000s\000i\000g\000n\000e\000d\000-\000W\000e\000b\000h\000o\000o\000k\000\040\000S\000p\000o\000o\000f\000i\000n\000g\000\040\000I\000n\000c\000i\000d\000e\000n\000t}{section.12.5}% 584
\BOOKMARK [1][]{section.12.6}{\376\377\0001\0002\000.\0006\000\040\000S\000e\000l\000f\000-\000A\000s\000s\000e\000s\000s\000m\000e\000n\000t\000\040\000E\000x\000e\000r\000c\000i\000s\000e\000s\000\040\000\046\000\040\000D\000e\000e\000p\000-\000D\000i\000v\000e\000\040\000Q\000u\000e\000s\000t\000i\000o\000n\000s}{chapter.12}% 585
\BOOKMARK [1][]{section.12.7}{\376\377\0001\0002\000.\0007\000\040\000I\000n\000t\000e\000r\000v\000i\000e\000w\000\040\000Q\000\046\000A\000\040\000V\000a\000u\000l\000t}{chapter.12}% 586
\BOOKMARK [1][]{section.12.8}{\376\377\0001\0002\000.\0008\000\040\000E\000x\000t\000e\000r\000n\000a\000l\000\040\000B\000i\000b\000l\000i\000o\000g\000r\000a\000p\000h\000y\000\040\000\046\000\040\000F\000u\000r\000t\000h\000e\000r\000\040\000R\000e\000a\000d\000i\000n\000g}{chapter.12}% 587
\BOOKMARK [1][]{section.12.9}{\376\377\0001\0002\000.\0009\000\040\000C\000a\000p\000s\000t\000o\000n\000e\000\040\000P\000r\000o\000j\000e\000c\000t\000s}{chapter.12}% 588
\BOOKMARK [2][]{subsection.12.9.1}{\376\377\0001\0002\000.\0009\000.\0001\000\040\000C\000a\000p\000s\000t\000o\000n\000e\000\040\0001\0001\000.\0001\000\040\000[\000j\000u\000n\000i\000o\000r\000]\000\040\040\024\000\040\000S\000i\000g\000n\000e\000d\000\040\000W\000e\000b\000h\000o\000o\000k\000\040\000R\000e\000c\000e\000i\000v\000e\000r\000\040\000f\000o\000r\000\040\000R\000o\000b\000o\000t\000\040\000A\000l\000e\000r\000t\000s}{section.12.9}% 589
\BOOKMARK [2][]{subsection.12.9.2}{\376\377\0001\0002\000.\0009\000.\0002\000\040\000C\000a\000p\000s\000t\000o\000n\000e\000\040\0001\0001\000.\0002\000\040\000[\000m\000i\000d\000]\000\040\040\024\000\040\000W\000e\000b\000h\000o\000o\000k\000\040\000D\000e\000l\000i\000v\000e\000r\000y\000\040\000S\000e\000r\000v\000i\000c\000e\000\040\000w\000i\000t\000h\000\040\000D\000L\000Q\000\040\000a\000n\000d\000\040\000R\000e\000p\000l\000a\000y}{section.12.9}% 590
\BOOKMARK [2][]{subsection.12.9.3}{\376\377\0001\0002\000.\0009\000.\0003\000\040\000C\000a\000p\000s\000t\000o\000n\000e\000\040\0001\0001\000.\0003\000\040\000[\000m\000i\000d\000]\000\040\040\024\000\040\000R\000e\000s\000u\000m\000a\000b\000l\000e\000\040\000S\000S\000E\000\040\000F\000l\000e\000e\000t\000\040\000D\000a\000s\000h\000b\000o\000a\000r\000d\000\040\000B\000a\000c\000k\000e\000n\000d}{section.12.9}% 591
\BOOKMARK [2][]{subsection.12.9.4}{\376\377\0001\0002\000.\0009\000.\0004\000\040\000C\000a\000p\000s\000t\000o\000n\000e\000\040\0001\0001\000.\0004\000\040\000[\000s\000e\000n\000i\000o\000r\000]\000\040\040\024\000\040\000B\000i\000d\000i\000r\000e\000c\000t\000i\000o\000n\000a\000l\000\040\000R\000o\000b\000o\000t\000\040\000C\000o\000n\000t\000r\000o\000l\000\040\000C\000h\000a\000n\000n\000e\000l\000\040\000o\000v\000e\000r\000\040\000W\000e\000b\000S\000o\000c\000k\000e\000t\000s}{section.12.9}% 592
\BOOKMARK [2][]{subsection.12.9.5}{\376\377\0001\0002\000.\0009\000.\0005\000\040\000C\000a\000p\000s\000t\000o\000n\000e\000\040\0001\0001\000.\0005\000\040\000[\000s\000t\000a\000f\000f\000]\000\040\040\024\000\040\000E\000v\000e\000n\000t\000-\000C\000o\000n\000t\000r\000a\000c\000t\000\040\000G\000o\000v\000e\000r\000n\000a\000n\000c\000e\000\040\000P\000l\000a\000t\000f\000o\000r\000m}{section.12.9}% 593
\BOOKMARK [1][]{section.12.10}{\376\377\0001\0002\000.\0001\0000\000\040\000P\000y\000t\000h\000o\000n\000\040\000D\000e\000p\000e\000n\000d\000e\000n\000c\000i\000e\000s\000\040\000A\000p\000p\000e\000n\000d\000i\000x}{chapter.12}% 594
\BOOKMARK [2][]{subsection.12.10.1}{\376\377\0001\0002\000.\0001\0000\000.\0001\000\040\000f\000a\000s\000t\000a\000p\000i}{section.12.10}% 595
\BOOKMARK [2][]{subsection.12.10.2}{\376\377\0001\0002\000.\0001\0000\000.\0002\000\040\000w\000e\000b\000s\000o\000c\000k\000e\000t\000s}{section.12.10}% 596
\BOOKMARK [2][]{subsection.12.10.3}{\376\377\0001\0002\000.\0001\0000\000.\0003\000\040\000h\000t\000t\000p\000x}{section.12.10}% 597
\BOOKMARK [2][]{subsection.12.10.4}{\376\377\0001\0002\000.\0001\0000\000.\0004\000\040\000p\000y\000d\000a\000n\000t\000i\000c}{section.12.10}% 598
\BOOKMARK [2][]{subsection.12.10.5}{\376\377\0001\0002\000.\0001\0000\000.\0005\000\040\000p\000y\000t\000e\000s\000t}{section.12.10}% 599
\BOOKMARK [1][]{section.12.11}{\376\377\0001\0002\000.\0001\0001\000\040\000C\000h\000a\000p\000t\000e\000r\000\040\000S\000u\000m\000m\000a\000r\000y\000\040\000\046\000\040\000K\000e\000y\000\040\000T\000a\000k\000e\000a\000w\000a\000y\000s}{chapter.12}% 600
\BOOKMARK [1][]{section.12.12}{\376\377\0001\0002\000.\0001\0002\000\040\000Q\000u\000i\000c\000k\000-\000R\000e\000f\000e\000r\000e\000n\000c\000e\000\040\000C\000a\000r\000d}{chapter.12}% 601
\BOOKMARK [1][]{section.12.13}{\376\377\0001\0002\000.\0001\0003\000\040\000S\000t\000a\000n\000d\000a\000r\000d\000i\000z\000e\000d\000\040\000E\000v\000i\000d\000e\000n\000c\000e\000\040\000A\000d\000d\000e\000n\000d\000u\000m}{chapter.12}% 602
\BOOKMARK [2][]{subsection.12.13.1}{\376\377\0001\0002\000.\0001\0003\000.\0001\000\040\000B\000e\000n\000c\000h\000m\000a\000r\000k\000\040\000S\000n\000a\000p\000s\000h\000o\000t\000\040\000T\000e\000m\000p\000l\000a\000t\000e}{section.12.13}% 603
\BOOKMARK [2][]{subsection.12.13.2}{\376\377\0001\0002\000.\0001\0003\000.\0002\000\040\000R\000e\000q\000u\000e\000s\000t\000\040\000T\000r\000a\000c\000e\000\040\000T\000e\000m\000p\000l\000a\000t\000e}{section.12.13}% 604
\BOOKMARK [2][]{subsection.12.13.3}{\376\377\0001\0002\000.\0001\0003\000.\0003\000\040\000C\000o\000s\000t\000\040\000a\000n\000d\000\040\000L\000a\000t\000e\000n\000c\000y\000\040\000B\000u\000d\000g\000e\000t\000\040\000S\000n\000a\000p\000s\000h\000o\000t}{section.12.13}% 605
\BOOKMARK [1][]{section.12.14}{\376\377\0001\0002\000.\0001\0004\000\040\000C\000o\000n\000f\000i\000g\000u\000r\000a\000t\000i\000o\000n\000\040\000P\000r\000e\000s\000e\000t\000\040\000T\000e\000m\000p\000l\000a\000t\000e}{chapter.12}% 606
\BOOKMARK [1][]{section.12.15}{\376\377\0001\0002\000.\0001\0005\000\040\000C\000I\000\040\000Q\000u\000a\000l\000i\000t\000y\000\040\000G\000a\000t\000e\000\040\000S\000p\000e\000c\000i\000f\000i\000c\000a\000t\000i\000o\000n}{chapter.12}% 607
\BOOKMARK [1][]{section.12.16}{\376\377\0001\0002\000.\0001\0006\000\040\000I\000n\000c\000i\000d\000e\000n\000t\000\040\000R\000u\000n\000b\000o\000o\000k\000\040\000T\000e\000m\000p\000l\000a\000t\000e}{chapter.12}% 608
\BOOKMARK [1][]{section.12.17}{\376\377\0001\0002\000.\0001\0007\000\040\000C\000r\000o\000s\000s\000-\000C\000h\000a\000p\000t\000e\000r\000\040\000D\000e\000c\000i\000s\000i\000o\000n\000\040\000C\000a\000r\000d}{chapter.12}% 609
\BOOKMARK [1][]{section.12.18}{\376\377\0001\0002\000.\0001\0008\000\040\000R\000O\000I\000\040\000M\000o\000d\000e\000l\000\040\000a\000n\000d\000\040\000B\000u\000i\000l\000d\000-\000v\000s\000-\000B\000u\000y}{chapter.12}% 610
\BOOKMARK [1][]{section.12.19}{\376\377\0001\0002\000.\0001\0009\000\040\000D\000i\000s\000a\000s\000t\000e\000r\000\040\000R\000e\000c\000o\000v\000e\000r\000y\000\040\000N\000o\000t\000e\000s\000\040\000\050\000R\000P\000O\000/\000R\000T\000O\000\051}{chapter.12}% 611
\BOOKMARK [0][]{chapter.13}{\376\377\0001\0003\000\040\000G\000r\000a\000p\000h\000Q\000L\000:\000\040\000S\000c\000h\000e\000m\000a\000-\000D\000r\000i\000v\000e\000n\000\040\000A\000P\000I\000s}{}% 612
\BOOKMARK [1][]{section*.291}{\376\377\000E\000x\000e\000c\000u\000t\000i\000v\000e\000\040\000S\000u\000m\000m\000a\000r\000y}{chapter.13}% 613
\BOOKMARK [1][]{section.13.1}{\376\377\0001\0003\000.\0001\000\040\000L\000e\000a\000r\000n\000i\000n\000g\000\040\000O\000b\000j\000e\000c\000t\000i\000v\000e\000s\000\040\000\046\000\040\000P\000r\000e\000r\000e\000q\000u\000i\000s\000i\000t\000e\000s}{chapter.13}% 614
\BOOKMARK [2][]{subsection.13.1.1}{\376\377\0001\0003\000.\0001\000.\0001\000\040\000L\000e\000a\000r\000n\000i\000n\000g\000\040\000O\000b\000j\000e\000c\000t\000i\000v\000e\000s}{section.13.1}% 615
\BOOKMARK [2][]{subsection.13.1.2}{\376\377\0001\0003\000.\0001\000.\0002\000\040\000P\000r\000e\000r\000e\000q\000u\000i\000s\000i\000t\000e\000s}{section.13.1}% 616
\BOOKMARK [1][]{section.13.2}{\376\377\0001\0003\000.\0002\000\040\000D\000e\000e\000p\000\040\000T\000e\000c\000h\000n\000i\000c\000a\000l\000\040\000M\000e\000c\000h\000a\000n\000i\000c\000s\000\040\000\046\000\040\000A\000r\000c\000h\000i\000t\000e\000c\000t\000u\000r\000a\000l\000\040\000C\000o\000n\000c\000e\000p\000t\000s}{chapter.13}% 617
\BOOKMARK [2][]{subsection.13.2.1}{\376\377\0001\0003\000.\0002\000.\0001\000\040\000W\000h\000a\000t\000\040\000G\000r\000a\000p\000h\000Q\000L\000\040\000A\000c\000t\000u\000a\000l\000l\000y\000\040\000I\000s}{section.13.2}% 618
\BOOKMARK [2][]{subsection.13.2.2}{\376\377\0001\0003\000.\0002\000.\0002\000\040\000T\000h\000e\000\040\000T\000y\000p\000e\000\040\000S\000y\000s\000t\000e\000m}{section.13.2}% 619
\BOOKMARK [2][]{subsection.13.2.3}{\376\377\0001\0003\000.\0002\000.\0003\000\040\000S\000c\000h\000e\000m\000a\000\040\000D\000e\000f\000i\000n\000i\000t\000i\000o\000n\000\040\000L\000a\000n\000g\000u\000a\000g\000e\000\040\000a\000n\000d\000\040\000I\000n\000t\000r\000o\000s\000p\000e\000c\000t\000i\000o\000n}{section.13.2}% 620
\BOOKMARK [2][]{subsection.13.2.4}{\376\377\0001\0003\000.\0002\000.\0004\000\040\000O\000p\000e\000r\000a\000t\000i\000o\000n\000s\000:\000\040\000Q\000u\000e\000r\000i\000e\000s\000,\000\040\000M\000u\000t\000a\000t\000i\000o\000n\000s\000,\000\040\000S\000u\000b\000s\000c\000r\000i\000p\000t\000i\000o\000n\000s}{section.13.2}% 621
\BOOKMARK [2][]{subsection.13.2.5}{\376\377\0001\0003\000.\0002\000.\0005\000\040\000T\000h\000e\000\040\000E\000x\000e\000c\000u\000t\000i\000o\000n\000\040\000P\000i\000p\000e\000l\000i\000n\000e\000\040\000a\000n\000d\000\040\000t\000h\000e\000\040\000W\000i\000r\000e\000\040\000S\000h\000a\000p\000e}{section.13.2}% 622
\BOOKMARK [2][]{subsection.13.2.6}{\376\377\0001\0003\000.\0002\000.\0006\000\040\000R\000e\000s\000o\000l\000v\000e\000r\000\040\000A\000r\000c\000h\000i\000t\000e\000c\000t\000u\000r\000e\000\040\000a\000n\000d\000\040\000t\000h\000e\000\040\000N\000+\0001\000\040\000P\000r\000o\000b\000l\000e\000m}{section.13.2}% 623
\BOOKMARK [2][]{subsection.13.2.7}{\376\377\0001\0003\000.\0002\000.\0007\000\040\000P\000a\000g\000i\000n\000a\000t\000i\000o\000n\000:\000\040\000T\000h\000e\000\040\000R\000e\000l\000a\000y\000\040\000C\000o\000n\000n\000e\000c\000t\000i\000o\000n\000\040\000S\000p\000e\000c}{section.13.2}% 624
\BOOKMARK [2][]{subsection.13.2.8}{\376\377\0001\0003\000.\0002\000.\0008\000\040\000T\000h\000e\000\040\000E\000r\000r\000o\000r\000\040\000M\000o\000d\000e\000l}{section.13.2}% 625
\BOOKMARK [2][]{subsection.13.2.9}{\376\377\0001\0003\000.\0002\000.\0009\000\040\000A\000P\000I\000\040\000C\000o\000s\000t\000\040\000C\000o\000n\000t\000r\000o\000l}{section.13.2}% 626
\BOOKMARK [2][]{subsection.13.2.10}{\376\377\0001\0003\000.\0002\000.\0001\0000\000\040\000S\000e\000c\000u\000r\000i\000t\000y\000:\000\040\000T\000h\000e\000\040\000G\000r\000a\000p\000h\000Q\000L\000-\000S\000p\000e\000c\000i\000f\000i\000c\000\040\000A\000t\000t\000a\000c\000k\000\040\000S\000u\000r\000f\000a\000c\000e}{section.13.2}% 627
\BOOKMARK [2][]{subsection.13.2.11}{\376\377\0001\0003\000.\0002\000.\0001\0001\000\040\000G\000r\000a\000p\000h\000Q\000L\000\040\000v\000s\000.\000\040\000R\000E\000S\000T\000\040\000v\000s\000.\000\040\000g\000R\000P\000C\000:\000\040\000A\000n\000\040\000H\000o\000n\000e\000s\000t\000\040\000M\000a\000t\000r\000i\000x}{section.13.2}% 628
\BOOKMARK [2][]{subsection.13.2.12}{\376\377\0001\0003\000.\0002\000.\0001\0002\000\040\000F\000e\000d\000e\000r\000a\000t\000i\000o\000n\000\040\000P\000r\000i\000m\000e\000r\000\040\000\050\000S\000c\000o\000p\000e\000\040\000N\000o\000t\000e\000\051}{section.13.2}% 629
\BOOKMARK [1][]{section.13.3}{\376\377\0001\0003\000.\0003\000\040\000P\000r\000o\000d\000u\000c\000t\000i\000o\000n\000-\000R\000e\000a\000d\000y\000\040\000C\000o\000d\000e\000\040\000I\000m\000p\000l\000e\000m\000e\000n\000t\000a\000t\000i\000o\000n}{chapter.13}% 630
\BOOKMARK [2][]{subsection.13.3.1}{\376\377\0001\0003\000.\0003\000.\0001\000\040\000L\000i\000s\000t\000i\000n\000g\000\040\0001\000:\000\040\000I\000n\000s\000t\000r\000u\000m\000e\000n\000t\000e\000d\000\040\000R\000e\000p\000o\000s\000i\000t\000o\000r\000y}{section.13.3}% 631
\BOOKMARK [2][]{subsection.13.3.2}{\376\377\0001\0003\000.\0003\000.\0002\000\040\000L\000i\000s\000t\000i\000n\000g\000\040\0002\000:\000\040\000T\000h\000e\000\040\000S\000t\000r\000a\000w\000b\000e\000r\000r\000y\000\040\000S\000c\000h\000e\000m\000a}{section.13.3}% 632
\BOOKMARK [2][]{subsection.13.3.3}{\376\377\0001\0003\000.\0003\000.\0003\000\040\000L\000i\000s\000t\000i\000n\000g\000\040\0003\000:\000\040\000T\000h\000e\000\040\000N\000+\0001\000\040\000D\000e\000m\000o\000n\000s\000t\000r\000a\000t\000i\000o\000n}{section.13.3}% 633
\BOOKMARK [2][]{subsection.13.3.4}{\376\377\0001\0003\000.\0003\000.\0004\000\040\000L\000i\000s\000t\000i\000n\000g\000\040\0004\000:\000\040\000T\000h\000e\000\040\000C\000o\000s\000t\000-\000C\000o\000n\000t\000r\000o\000l\000\040\000L\000a\000y\000e\000r}{section.13.3}% 634
\BOOKMARK [2][]{subsection.13.3.5}{\376\377\0001\0003\000.\0003\000.\0005\000\040\000L\000i\000s\000t\000i\000n\000g\000\040\0005\000:\000\040\000T\000h\000e\000\040\000F\000a\000s\000t\000A\000P\000I\000\040\000H\000o\000s\000t}{section.13.3}% 635
\BOOKMARK [2][]{subsection.13.3.6}{\376\377\0001\0003\000.\0003\000.\0006\000\040\000L\000i\000s\000t\000i\000n\000g\000\040\0006\000:\000\040\000T\000h\000e\000\040\000h\000t\000t\000p\000x\000\040\000C\000l\000i\000e\000n\000t}{section.13.3}% 636
\BOOKMARK [2][]{subsection.13.3.7}{\376\377\0001\0003\000.\0003\000.\0007\000\040\000L\000i\000s\000t\000i\000n\000g\000\040\0007\000:\000\040\000T\000h\000e\000\040\000T\000e\000s\000t\000\040\000S\000u\000i\000t\000e}{section.13.3}% 637
\BOOKMARK [1][]{section.13.4}{\376\377\0001\0003\000.\0004\000\040\000C\000o\000m\000m\000o\000n\000\040\000P\000i\000t\000f\000a\000l\000l\000s\000\040\000\046\000\040\000A\000n\000t\000i\000-\000P\000a\000t\000t\000e\000r\000n\000s}{chapter.13}% 638
\BOOKMARK [2][]{subsection.13.4.1}{\376\377\0001\0003\000.\0004\000.\0001\000\040\000N\000+\0001\000\040\000b\000y\000\040\000C\000o\000n\000s\000t\000r\000u\000c\000t\000i\000o\000n}{section.13.4}% 639
\BOOKMARK [2][]{subsection.13.4.2}{\376\377\0001\0003\000.\0004\000.\0002\000\040\000O\000p\000e\000n\000\040\000I\000n\000t\000r\000o\000s\000p\000e\000c\000t\000i\000o\000n\000\040\000i\000n\000\040\000P\000r\000o\000d\000u\000c\000t\000i\000o\000n}{section.13.4}% 640
\BOOKMARK [2][]{subsection.13.4.3}{\376\377\0001\0003\000.\0004\000.\0003\000\040\000U\000n\000l\000i\000m\000i\000t\000e\000d\000\040\000D\000e\000p\000t\000h\000\040\000a\000n\000d\000\040\000C\000o\000m\000p\000l\000e\000x\000i\000t\000y}{section.13.4}% 641
\BOOKMARK [2][]{subsection.13.4.4}{\376\377\0001\0003\000.\0004\000.\0004\000\040\000T\000r\000e\000a\000t\000i\000n\000g\000\040\000G\000r\000a\000p\000h\000Q\000L\000\040\000E\000r\000r\000o\000r\000s\000\040\000a\000s\000\040\000H\000T\000T\000P\000\040\0005\0000\0000\000\040\000O\000n\000l\000y}{section.13.4}% 642
\BOOKMARK [2][]{subsection.13.4.5}{\376\377\0001\0003\000.\0004\000.\0005\000\040\000S\000c\000h\000e\000m\000a\000\040\000E\000q\000u\000a\000l\000s\000\040\000D\000a\000t\000a\000b\000a\000s\000e\000\040\000S\000c\000h\000e\000m\000a}{section.13.4}% 643
\BOOKMARK [2][]{subsection.13.4.6}{\376\377\0001\0003\000.\0004\000.\0006\000\040\000G\000o\000d\000-\000Q\000u\000e\000r\000i\000e\000s\000\040\000f\000r\000o\000m\000\040\000Y\000o\000u\000r\000\040\000O\000w\000n\000\040\000C\000l\000i\000e\000n\000t\000s}{section.13.4}% 644
\BOOKMARK [2][]{subsection.13.4.7}{\376\377\0001\0003\000.\0004\000.\0007\000\040\000D\000a\000t\000a\000L\000o\000a\000d\000e\000r\000\040\000S\000h\000a\000r\000e\000d\000\040\000A\000c\000r\000o\000s\000s\000\040\000R\000e\000q\000u\000e\000s\000t\000s}{section.13.4}% 645
\BOOKMARK [2][]{subsection.13.4.8}{\376\377\0001\0003\000.\0004\000.\0008\000\040\000B\000y\000p\000a\000s\000s\000i\000n\000g\000\040\000t\000h\000e\000\040\000H\000T\000T\000P\000\040\000C\000a\000c\000h\000e\000\040\000W\000i\000t\000h\000o\000u\000t\000\040\000a\000\040\000P\000l\000a\000n}{section.13.4}% 646
\BOOKMARK [1][]{section.13.5}{\376\377\0001\0003\000.\0005\000\040\000H\000a\000n\000d\000s\000-\000O\000n\000\040\000P\000r\000o\000d\000u\000c\000t\000i\000o\000n\000\040\000L\000a\000b\000\040\000\046\000\040\000R\000e\000a\000l\000-\000W\000o\000r\000l\000d\000\040\000C\000a\000s\000e\000\040\000S\000t\000u\000d\000y}{chapter.13}% 647
\BOOKMARK [2][]{subsection.13.5.1}{\376\377\0001\0003\000.\0005\000.\0001\000\040\000L\000a\000b\000:\000\040\000B\000u\000i\000l\000d\000,\000\040\000B\000r\000e\000a\000k\000,\000\040\000a\000n\000d\000\040\000H\000a\000r\000d\000e\000n\000\040\000t\000h\000e\000\040\000C\000a\000t\000a\000l\000o\000g\000\040\000A\000P\000I}{section.13.5}% 648
\BOOKMARK [2][]{subsection.13.5.2}{\376\377\0001\0003\000.\0005\000.\0002\000\040\000C\000a\000s\000e\000\040\000S\000t\000u\000d\000y\000:\000\040\000T\000h\000e\000\040\000I\000n\000t\000r\000o\000s\000p\000e\000c\000t\000i\000o\000n\000-\000E\000n\000a\000b\000l\000e\000d\000\040\000E\000n\000u\000m\000e\000r\000a\000t\000i\000o\000n\000\040\000I\000n\000c\000i\000d\000e\000n\000t}{section.13.5}% 649
\BOOKMARK [1][]{section.13.6}{\376\377\0001\0003\000.\0006\000\040\000S\000e\000l\000f\000-\000A\000s\000s\000e\000s\000s\000m\000e\000n\000t\000\040\000E\000x\000e\000r\000c\000i\000s\000e\000s\000\040\000\046\000\040\000D\000e\000e\000p\000-\000D\000i\000v\000e\000\040\000Q\000u\000e\000s\000t\000i\000o\000n\000s}{chapter.13}% 650
\BOOKMARK [2][]{subsection.13.6.1}{\376\377\0001\0003\000.\0006\000.\0001\000\040\000R\000e\000c\000a\000l\000l\000\040\000a\000n\000d\000\040\000C\000o\000m\000p\000r\000e\000h\000e\000n\000s\000i\000o\000n}{section.13.6}% 651
\BOOKMARK [2][]{subsection.13.6.2}{\376\377\0001\0003\000.\0006\000.\0002\000\040\000A\000p\000p\000l\000i\000c\000a\000t\000i\000o\000n}{section.13.6}% 652
\BOOKMARK [2][]{subsection.13.6.3}{\376\377\0001\0003\000.\0006\000.\0003\000\040\000D\000e\000e\000p\000-\000D\000i\000v\000e\000\040\000Q\000u\000e\000s\000t\000i\000o\000n\000s}{section.13.6}% 653
\BOOKMARK [1][]{section.13.7}{\376\377\0001\0003\000.\0007\000\040\000I\000n\000t\000e\000r\000v\000i\000e\000w\000\040\000Q\000\046\000A\000\040\000V\000a\000u\000l\000t}{chapter.13}% 654
\BOOKMARK [1][]{section.13.8}{\376\377\0001\0003\000.\0008\000\040\000E\000x\000t\000e\000r\000n\000a\000l\000\040\000B\000i\000b\000l\000i\000o\000g\000r\000a\000p\000h\000y\000\040\000\046\000\040\000F\000u\000r\000t\000h\000e\000r\000\040\000R\000e\000a\000d\000i\000n\000g}{chapter.13}% 655
\BOOKMARK [1][]{section.13.9}{\376\377\0001\0003\000.\0009\000\040\000C\000a\000p\000s\000t\000o\000n\000e\000\040\000P\000r\000o\000j\000e\000c\000t\000s}{chapter.13}% 656
\BOOKMARK [2][]{subsection.13.9.1}{\376\377\0001\0003\000.\0009\000.\0001\000\040\000C\000a\000p\000s\000t\000o\000n\000e\000\040\0001\000:\000\040\000C\000a\000t\000a\000l\000o\000g\000\040\000S\000c\000h\000e\000m\000a\000\040\000f\000r\000o\000m\000\040\000S\000c\000r\000a\000t\000c\000h\000\040\000[\000j\000u\000n\000i\000o\000r\000]}{section.13.9}% 657
\BOOKMARK [2][]{subsection.13.9.2}{\376\377\0001\0003\000.\0009\000.\0002\000\040\000C\000a\000p\000s\000t\000o\000n\000e\000\040\0002\000:\000\040\000N\000+\0001\000\040\000H\000u\000n\000t\000e\000r\000\040\000[\000m\000i\000d\000]}{section.13.9}% 658
\BOOKMARK [2][]{subsection.13.9.3}{\376\377\0001\0003\000.\0009\000.\0003\000\040\000C\000a\000p\000s\000t\000o\000n\000e\000\040\0003\000:\000\040\000C\000o\000s\000t\000-\000C\000o\000n\000t\000r\000o\000l\000\040\000G\000a\000t\000e\000w\000a\000y\000\040\000[\000m\000i\000d\000]}{section.13.9}% 659
\BOOKMARK [2][]{subsection.13.9.4}{\376\377\0001\0003\000.\0009\000.\0004\000\040\000C\000a\000p\000s\000t\000o\000n\000e\000\040\0004\000:\000\040\000A\000P\000Q\000\040\000P\000r\000o\000d\000u\000c\000t\000i\000o\000n\000\040\000G\000a\000t\000e\000w\000a\000y\000\040\000[\000s\000e\000n\000i\000o\000r\000]}{section.13.9}% 660
\BOOKMARK [2][]{subsection.13.9.5}{\376\377\0001\0003\000.\0009\000.\0005\000\040\000C\000a\000p\000s\000t\000o\000n\000e\000\040\0005\000:\000\040\000F\000e\000d\000e\000r\000a\000t\000e\000d\000\040\000R\000o\000b\000o\000t\000i\000c\000s\000\040\000G\000r\000a\000p\000h\000\040\000[\000s\000t\000a\000f\000f\000]}{section.13.9}% 661
\BOOKMARK [1][]{section.13.10}{\376\377\0001\0003\000.\0001\0000\000\040\000P\000y\000t\000h\000o\000n\000\040\000D\000e\000p\000e\000n\000d\000e\000n\000c\000i\000e\000s\000\040\000A\000p\000p\000e\000n\000d\000i\000x}{chapter.13}% 662
\BOOKMARK [2][]{subsection.13.10.1}{\376\377\0001\0003\000.\0001\0000\000.\0001\000\040\000P\000i\000n\000n\000e\000d\000\040\000R\000e\000q\000u\000i\000r\000e\000m\000e\000n\000t\000s}{section.13.10}% 663
\BOOKMARK [2][]{subsection.13.10.2}{\376\377\0001\0003\000.\0001\0000\000.\0002\000\040\000s\000t\000r\000a\000w\000b\000e\000r\000r\000y\000-\000g\000r\000a\000p\000h\000q\000l\000[\000f\000a\000s\000t\000a\000p\000i\000]}{section.13.10}% 664
\BOOKMARK [2][]{subsection.13.10.3}{\376\377\0001\0003\000.\0001\0000\000.\0003\000\040\000f\000a\000s\000t\000a\000p\000i}{section.13.10}% 665
\BOOKMARK [2][]{subsection.13.10.4}{\376\377\0001\0003\000.\0001\0000\000.\0004\000\040\000h\000t\000t\000p\000x}{section.13.10}% 666
\BOOKMARK [2][]{subsection.13.10.5}{\376\377\0001\0003\000.\0001\0000\000.\0005\000\040\000p\000y\000t\000e\000s\000t}{section.13.10}% 667
\BOOKMARK [1][]{section.13.11}{\376\377\0001\0003\000.\0001\0001\000\040\000C\000h\000a\000p\000t\000e\000r\000\040\000S\000u\000m\000m\000a\000r\000y\000\040\000\046\000\040\000K\000e\000y\000\040\000T\000a\000k\000e\000a\000w\000a\000y\000s}{chapter.13}% 668
\BOOKMARK [1][]{section.13.12}{\376\377\0001\0003\000.\0001\0002\000\040\000Q\000u\000i\000c\000k\000-\000R\000e\000f\000e\000r\000e\000n\000c\000e\000\040\000C\000a\000r\000d}{chapter.13}% 669
\BOOKMARK [2][]{subsection.13.12.1}{\376\377\0001\0003\000.\0001\0002\000.\0001\000\040\000T\000y\000p\000e\000\040\000S\000y\000s\000t\000e\000m\000\040\000a\000t\000\040\000a\000\040\000G\000l\000a\000n\000c\000e}{section.13.12}% 670
\BOOKMARK [2][]{subsection.13.12.2}{\376\377\0001\0003\000.\0001\0002\000.\0002\000\040\000W\000i\000r\000e\000\040\000S\000h\000a\000p\000e\000s}{section.13.12}% 671
\BOOKMARK [2][]{subsection.13.12.3}{\376\377\0001\0003\000.\0001\0002\000.\0003\000\040\000C\000o\000s\000t\000-\000C\000o\000n\000t\000r\000o\000l\000\040\000C\000h\000e\000c\000k\000l\000i\000s\000t}{section.13.12}% 672
\BOOKMARK [1][]{section.13.13}{\376\377\0001\0003\000.\0001\0003\000\040\000S\000t\000a\000n\000d\000a\000r\000d\000i\000z\000e\000d\000\040\000E\000v\000i\000d\000e\000n\000c\000e\000\040\000A\000d\000d\000e\000n\000d\000u\000m}{chapter.13}% 673
\BOOKMARK [2][]{subsection.13.13.1}{\376\377\0001\0003\000.\0001\0003\000.\0001\000\040\000B\000e\000n\000c\000h\000m\000a\000r\000k\000\040\000S\000n\000a\000p\000s\000h\000o\000t\000\040\000T\000e\000m\000p\000l\000a\000t\000e}{section.13.13}% 674
\BOOKMARK [2][]{subsection.13.13.2}{\376\377\0001\0003\000.\0001\0003\000.\0002\000\040\000R\000e\000q\000u\000e\000s\000t\000\040\000T\000r\000a\000c\000e\000\040\000T\000e\000m\000p\000l\000a\000t\000e}{section.13.13}% 675
\BOOKMARK [2][]{subsection.13.13.3}{\376\377\0001\0003\000.\0001\0003\000.\0003\000\040\000C\000o\000s\000t\000\040\000a\000n\000d\000\040\000L\000a\000t\000e\000n\000c\000y\000\040\000B\000u\000d\000g\000e\000t\000\040\000S\000n\000a\000p\000s\000h\000o\000t}{section.13.13}% 676
\BOOKMARK [1][]{section.13.14}{\376\377\0001\0003\000.\0001\0004\000\040\000C\000o\000n\000f\000i\000g\000u\000r\000a\000t\000i\000o\000n\000\040\000P\000r\000e\000s\000e\000t\000\040\000T\000e\000m\000p\000l\000a\000t\000e}{chapter.13}% 677
\BOOKMARK [1][]{section.13.15}{\376\377\0001\0003\000.\0001\0005\000\040\000C\000I\000\040\000Q\000u\000a\000l\000i\000t\000y\000\040\000G\000a\000t\000e\000\040\000S\000p\000e\000c\000i\000f\000i\000c\000a\000t\000i\000o\000n}{chapter.13}% 678
\BOOKMARK [1][]{section.13.16}{\376\377\0001\0003\000.\0001\0006\000\040\000I\000n\000c\000i\000d\000e\000n\000t\000\040\000R\000u\000n\000b\000o\000o\000k\000\040\000T\000e\000m\000p\000l\000a\000t\000e}{chapter.13}% 679
\BOOKMARK [1][]{section.13.17}{\376\377\0001\0003\000.\0001\0007\000\040\000C\000r\000o\000s\000s\000-\000C\000h\000a\000p\000t\000e\000r\000\040\000D\000e\000c\000i\000s\000i\000o\000n\000\040\000C\000a\000r\000d}{chapter.13}% 680
\BOOKMARK [1][]{section.13.18}{\376\377\0001\0003\000.\0001\0008\000\040\000R\000O\000I\000\040\000M\000o\000d\000e\000l\000\040\000a\000n\000d\000\040\000B\000u\000i\000l\000d\000-\000v\000s\000-\000B\000u\000y}{chapter.13}% 681
\BOOKMARK [1][]{section.13.19}{\376\377\0001\0003\000.\0001\0009\000\040\000D\000i\000s\000a\000s\000t\000e\000r\000\040\000R\000e\000c\000o\000v\000e\000r\000y\000\040\000N\000o\000t\000e\000s\000\040\000\050\000R\000P\000O\000/\000R\000T\000O\000\051}{chapter.13}% 682
\BOOKMARK [0][]{chapter.14}{\376\377\0001\0004\000\040\000g\000R\000P\000C\000\040\000\046\000\040\000H\000i\000g\000h\000-\000P\000e\000r\000f\000o\000r\000m\000a\000n\000c\000e\000\040\000R\000P\000C}{}% 683
\BOOKMARK [1][]{section.14.1}{\376\377\0001\0004\000.\0001\000\040\000L\000e\000a\000r\000n\000i\000n\000g\000\040\000O\000b\000j\000e\000c\000t\000i\000v\000e\000s\000\040\000\046\000\040\000P\000r\000e\000r\000e\000q\000u\000i\000s\000i\000t\000e\000s}{chapter.14}% 684
\BOOKMARK [1][]{section.14.2}{\376\377\0001\0004\000.\0002\000\040\000D\000e\000e\000p\000\040\000T\000e\000c\000h\000n\000i\000c\000a\000l\000\040\000M\000e\000c\000h\000a\000n\000i\000c\000s\000\040\000\046\000\040\000A\000r\000c\000h\000i\000t\000e\000c\000t\000u\000r\000a\000l\000\040\000C\000o\000n\000c\000e\000p\000t\000s}{chapter.14}% 685
\BOOKMARK [2][]{subsection.14.2.1}{\376\377\0001\0004\000.\0002\000.\0001\000\040\000T\000h\000e\000\040\000R\000P\000C\000\040\000C\000o\000n\000c\000e\000p\000t\000u\000a\000l\000\040\000M\000o\000d\000e\000l\000:\000\040\000S\000t\000u\000b\000s\000,\000\040\000S\000k\000e\000l\000e\000t\000o\000n\000s\000,\000\040\000M\000a\000r\000s\000h\000a\000l\000l\000i\000n\000g}{section.14.2}% 686
\BOOKMARK [2][]{subsection.14.2.2}{\376\377\0001\0004\000.\0002\000.\0002\000\040\000W\000h\000y\000\040\000R\000E\000S\000T\000+\000J\000S\000O\000N\000\040\000L\000o\000s\000e\000s\000\040\000o\000n\000\040\000H\000o\000t\000\040\000I\000n\000t\000e\000r\000n\000a\000l\000\040\000P\000a\000t\000h\000s}{section.14.2}% 687
\BOOKMARK [2][]{subsection.14.2.3}{\376\377\0001\0004\000.\0002\000.\0003\000\040\000H\000T\000T\000P\000/\0002\000\040\000a\000s\000\040\000t\000h\000e\000\040\000T\000r\000a\000n\000s\000p\000o\000r\000t}{section.14.2}% 688
\BOOKMARK [2][]{subsection.14.2.4}{\376\377\0001\0004\000.\0002\000.\0004\000\040\000P\000r\000o\000t\000o\000c\000o\000l\000\040\000B\000u\000f\000f\000e\000r\000s\000\040\000a\000s\000\040\000t\000h\000e\000\040\000I\000n\000t\000e\000r\000f\000a\000c\000e\000\040\000D\000e\000f\000i\000n\000i\000t\000i\000o\000n\000\040\000L\000a\000n\000g\000u\000a\000g\000e}{section.14.2}% 689
\BOOKMARK [2][]{subsection.14.2.5}{\376\377\0001\0004\000.\0002\000.\0005\000\040\000T\000h\000e\000\040\000F\000o\000u\000r\000\040\000R\000P\000C\000\040\000M\000o\000d\000e\000s}{section.14.2}% 690
\BOOKMARK [2][]{subsection.14.2.6}{\376\377\0001\0004\000.\0002\000.\0006\000\040\000D\000e\000a\000d\000l\000i\000n\000e\000s\000,\000\040\000C\000a\000n\000c\000e\000l\000l\000a\000t\000i\000o\000n\000,\000\040\000a\000n\000d\000\040\000M\000e\000t\000a\000d\000a\000t\000a}{section.14.2}% 691
\BOOKMARK [2][]{subsection.14.2.7}{\376\377\0001\0004\000.\0002\000.\0007\000\040\000I\000n\000t\000e\000r\000c\000e\000p\000t\000o\000r\000s\000:\000\040\000T\000h\000e\000\040\000C\000r\000o\000s\000s\000-\000C\000u\000t\000t\000i\000n\000g\000\040\000L\000a\000y\000e\000r}{section.14.2}% 692
\BOOKMARK [2][]{subsection.14.2.8}{\376\377\0001\0004\000.\0002\000.\0008\000\040\000T\000h\000e\000\040\000E\000r\000r\000o\000r\000\040\000M\000o\000d\000e\000l}{section.14.2}% 693
\BOOKMARK [2][]{subsection.14.2.9}{\376\377\0001\0004\000.\0002\000.\0009\000\040\000O\000p\000e\000r\000a\000t\000i\000o\000n\000a\000l\000\040\000g\000R\000P\000C\000:\000\040\000L\000o\000a\000d\000\040\000B\000a\000l\000a\000n\000c\000i\000n\000g\000,\000\040\000C\000o\000n\000n\000e\000c\000t\000i\000o\000n\000s\000,\000\040\000T\000o\000o\000l\000i\000n\000g}{section.14.2}% 694
\BOOKMARK [1][]{section.14.3}{\376\377\0001\0004\000.\0003\000\040\000P\000r\000o\000d\000u\000c\000t\000i\000o\000n\000-\000R\000e\000a\000d\000y\000\040\000C\000o\000d\000e\000\040\000I\000m\000p\000l\000e\000m\000e\000n\000t\000a\000t\000i\000o\000n}{chapter.14}% 695
\BOOKMARK [2][]{subsection.14.3.1}{\376\377\0001\0004\000.\0003\000.\0001\000\040\000L\000i\000s\000t\000i\000n\000g\000\040\0001\000\040\040\024\000\040\000I\000n\000t\000e\000r\000f\000a\000c\000e\000\040\000D\000e\000f\000i\000n\000i\000t\000i\000o\000n\000:\000\040\000t\000e\000l\000e\000m\000e\000t\000r\000y\000.\000p\000r\000o\000t\000o}{section.14.3}% 696
\BOOKMARK [2][]{subsection.14.3.2}{\376\377\0001\0004\000.\0003\000.\0002\000\040\000L\000i\000s\000t\000i\000n\000g\000\040\0002\000\040\040\024\000\040\000S\000e\000r\000v\000e\000r\000:\000\040\000A\000l\000l\000\040\000F\000o\000u\000r\000\040\000M\000o\000d\000e\000s\000\040\000w\000i\000t\000h\000\040\000D\000e\000a\000d\000l\000i\000n\000e\000\040\000a\000n\000d\000\040\000C\000a\000n\000c\000e\000l\000l\000a\000t\000i\000o\000n\000\040\000D\000i\000s\000c\000i\000p\000l\000i\000n\000e}{section.14.3}% 697
\BOOKMARK [2][]{subsection.14.3.3}{\376\377\0001\0004\000.\0003\000.\0003\000\040\000L\000i\000s\000t\000i\000n\000g\000\040\0003\000\040\040\024\000\040\000E\000r\000r\000o\000r\000-\000M\000a\000p\000p\000i\000n\000g\000\040\000M\000i\000d\000d\000l\000e\000w\000a\000r\000e\000\040\000w\000i\000t\000h\000\040\000R\000i\000c\000h\000\040\000D\000e\000t\000a\000i\000l\000s}{section.14.3}% 698
\BOOKMARK [2][]{subsection.14.3.4}{\376\377\0001\0004\000.\0003\000.\0004\000\040\000L\000i\000s\000t\000i\000n\000g\000\040\0004\000\040\040\024\000\040\000C\000l\000i\000e\000n\000t\000:\000\040\000M\000e\000t\000a\000d\000a\000t\000a\000,\000\040\000D\000e\000a\000d\000l\000i\000n\000e\000\040\000B\000u\000d\000g\000e\000t\000s\000,\000\040\000I\000n\000t\000e\000r\000c\000e\000p\000t\000o\000r\000,\000\040\000R\000e\000t\000r\000y\000\040\000P\000o\000l\000i\000c\000y}{section.14.3}% 699
\BOOKMARK [2][]{subsection.14.3.5}{\376\377\0001\0004\000.\0003\000.\0005\000\040\000L\000i\000s\000t\000i\000n\000g\000\040\0005\000\040\040\024\000\040\000B\000i\000d\000i\000r\000e\000c\000t\000i\000o\000n\000a\000l\000\040\000S\000t\000r\000e\000a\000m\000i\000n\000g\000\040\000w\000i\000t\000h\000\040\000F\000l\000o\000w\000-\000C\000o\000n\000t\000r\000o\000l\000-\000A\000w\000a\000r\000e\000\040\000P\000r\000o\000d\000u\000c\000t\000i\000o\000n}{section.14.3}% 700
\BOOKMARK [2][]{subsection.14.3.6}{\376\377\0001\0004\000.\0003\000.\0006\000\040\000L\000i\000s\000t\000i\000n\000g\000\040\0006\000\040\040\024\000\040\000O\000f\000f\000l\000i\000n\000e\000\040\000T\000e\000s\000t\000\040\000S\000u\000i\000t\000e\000:\000\040\000D\000e\000a\000d\000l\000i\000n\000e\000,\000\040\000C\000a\000n\000c\000e\000l\000l\000a\000t\000i\000o\000n\000,\000\040\000a\000n\000d\000\040\000S\000t\000r\000e\000a\000m\000\040\000E\000r\000r\000o\000r\000\040\000P\000a\000t\000h\000s}{section.14.3}% 701
\BOOKMARK [1][]{section.14.4}{\376\377\0001\0004\000.\0004\000\040\000C\000o\000m\000m\000o\000n\000\040\000P\000i\000t\000f\000a\000l\000l\000s\000\040\000\046\000\040\000A\000n\000t\000i\000-\000P\000a\000t\000t\000e\000r\000n\000s}{chapter.14}% 702
\BOOKMARK [1][]{section.14.5}{\376\377\0001\0004\000.\0005\000\040\000H\000a\000n\000d\000s\000-\000O\000n\000\040\000P\000r\000o\000d\000u\000c\000t\000i\000o\000n\000\040\000L\000a\000b\000\040\000\046\000\040\000R\000e\000a\000l\000-\000W\000o\000r\000l\000d\000\040\000C\000a\000s\000e\000\040\000S\000t\000u\000d\000y}{chapter.14}% 703
\BOOKMARK [2][]{subsection.14.5.1}{\376\377\0001\0004\000.\0005\000.\0001\000\040\000L\000a\000b\000:\000\040\000T\000h\000e\000\040\000T\000e\000l\000e\000m\000e\000t\000r\000y\000\040\000S\000e\000r\000v\000i\000c\000e\000\040\000E\000n\000d\000\040\000t\000o\000\040\000E\000n\000d}{section.14.5}% 704
\BOOKMARK [2][]{subsection.14.5.2}{\376\377\0001\0004\000.\0005\000.\0002\000\040\000W\000a\000r\000\040\000S\000t\000o\000r\000y\000:\000\040\000T\000h\000e\000\040\000L\0004\000\040\000H\000o\000t\000s\000p\000o\000t\000\040\000T\000h\000a\000t\000\040\000P\000i\000n\000n\000e\000d\000\040\000A\000l\000l\000\040\000T\000r\000a\000f\000f\000i\000c\000\040\000t\000o\000\040\000O\000n\000e\000\040\000P\000o\000d}{section.14.5}% 705
\BOOKMARK [1][]{section.14.6}{\376\377\0001\0004\000.\0006\000\040\000S\000e\000l\000f\000-\000A\000s\000s\000e\000s\000s\000m\000e\000n\000t\000\040\000E\000x\000e\000r\000c\000i\000s\000e\000s\000\040\000\046\000\040\000D\000e\000e\000p\000-\000D\000i\000v\000e\000\040\000Q\000u\000e\000s\000t\000i\000o\000n\000s}{chapter.14}% 706
\BOOKMARK [1][]{section.14.7}{\376\377\0001\0004\000.\0007\000\040\000I\000n\000t\000e\000r\000v\000i\000e\000w\000\040\000Q\000\046\000A\000\040\000V\000a\000u\000l\000t}{chapter.14}% 707
\BOOKMARK [1][]{section.14.8}{\376\377\0001\0004\000.\0008\000\040\000E\000x\000t\000e\000r\000n\000a\000l\000\040\000B\000i\000b\000l\000i\000o\000g\000r\000a\000p\000h\000y\000\040\000\046\000\040\000F\000u\000r\000t\000h\000e\000r\000\040\000R\000e\000a\000d\000i\000n\000g}{chapter.14}% 708
\BOOKMARK [1][]{section.14.9}{\376\377\0001\0004\000.\0009\000\040\000C\000a\000p\000s\000t\000o\000n\000e\000\040\000P\000r\000o\000j\000e\000c\000t\000s}{chapter.14}% 709
\BOOKMARK [2][]{subsection.14.9.1}{\376\377\0001\0004\000.\0009\000.\0001\000\040\000C\000a\000p\000s\000t\000o\000n\000e\000\040\0001\000\040\000[\000j\000u\000n\000i\000o\000r\000]\000\040\040\024\000\040\000U\000n\000a\000r\000y\000\040\000S\000t\000a\000t\000u\000s\000\040\000S\000e\000r\000v\000i\000c\000e\000\040\000w\000i\000t\000h\000\040\000D\000e\000a\000d\000l\000i\000n\000e\000\040\000D\000i\000s\000c\000i\000p\000l\000i\000n\000e}{section.14.9}% 710
\BOOKMARK [2][]{subsection.14.9.2}{\376\377\0001\0004\000.\0009\000.\0002\000\040\000C\000a\000p\000s\000t\000o\000n\000e\000\040\0002\000\040\000[\000m\000i\000d\000]\000\040\040\024\000\040\000S\000e\000r\000v\000e\000r\000-\000S\000t\000r\000e\000a\000m\000i\000n\000g\000\040\000T\000e\000l\000e\000m\000e\000t\000r\000y\000\040\000M\000o\000n\000i\000t\000o\000r}{section.14.9}% 711
\BOOKMARK [2][]{subsection.14.9.3}{\376\377\0001\0004\000.\0009\000.\0003\000\040\000C\000a\000p\000s\000t\000o\000n\000e\000\040\0003\000\040\000[\000m\000i\000d\000]\000\040\040\024\000\040\000B\000u\000l\000k\000\040\000I\000n\000g\000e\000s\000t\000i\000o\000n\000\040\000w\000i\000t\000h\000\040\000R\000i\000c\000h\000\040\000V\000a\000l\000i\000d\000a\000t\000i\000o\000n\000\040\000E\000r\000r\000o\000r\000s}{section.14.9}% 712
\BOOKMARK [2][]{subsection.14.9.4}{\376\377\0001\0004\000.\0009\000.\0004\000\040\000C\000a\000p\000s\000t\000o\000n\000e\000\040\0004\000\040\000[\000s\000e\000n\000i\000o\000r\000]\000\040\040\024\000\040\000B\000i\000d\000i\000r\000e\000c\000t\000i\000o\000n\000a\000l\000\040\000C\000o\000n\000t\000r\000o\000l\000\040\000P\000l\000a\000n\000e\000\040\000w\000i\000t\000h\000\040\000a\000\040\000F\000u\000l\000l\000\040\000I\000n\000t\000e\000r\000c\000e\000p\000t\000o\000r\000\040\000S\000t\000a\000c\000k}{section.14.9}% 713
\BOOKMARK [2][]{subsection.14.9.5}{\376\377\0001\0004\000.\0009\000.\0005\000\040\000C\000a\000p\000s\000t\000o\000n\000e\000\040\0005\000\040\000[\000s\000t\000a\000f\000f\000]\000\040\040\024\000\040\000E\000d\000g\000e\000\040\000G\000a\000t\000e\000w\000a\000y\000:\000\040\000T\000r\000a\000n\000s\000c\000o\000d\000i\000n\000g\000\040\000p\000l\000u\000s\000\040\000L\000o\000a\000d\000-\000B\000a\000l\000a\000n\000c\000i\000n\000g\000\040\000P\000o\000s\000t\000m\000o\000r\000t\000e\000m\000\040\000L\000a\000b}{section.14.9}% 714
\BOOKMARK [1][]{section.14.10}{\376\377\0001\0004\000.\0001\0000\000\040\000P\000y\000t\000h\000o\000n\000\040\000D\000e\000p\000e\000n\000d\000e\000n\000c\000i\000e\000s\000\040\000A\000p\000p\000e\000n\000d\000i\000x}{chapter.14}% 715
\BOOKMARK [2][]{subsection.14.10.1}{\376\377\0001\0004\000.\0001\0000\000.\0001\000\040\000g\000r\000p\000c\000i\000o}{section.14.10}% 716
\BOOKMARK [2][]{subsection.14.10.2}{\376\377\0001\0004\000.\0001\0000\000.\0002\000\040\000g\000r\000p\000c\000i\000o\000-\000t\000o\000o\000l\000s}{section.14.10}% 717
\BOOKMARK [2][]{subsection.14.10.3}{\376\377\0001\0004\000.\0001\0000\000.\0003\000\040\000p\000r\000o\000t\000o\000b\000u\000f}{section.14.10}% 718
\BOOKMARK [2][]{subsection.14.10.4}{\376\377\0001\0004\000.\0001\0000\000.\0004\000\040\000p\000y\000t\000e\000s\000t}{section.14.10}% 719
\BOOKMARK [1][]{section.14.11}{\376\377\0001\0004\000.\0001\0001\000\040\000C\000h\000a\000p\000t\000e\000r\000\040\000S\000u\000m\000m\000a\000r\000y\000\040\000\046\000\040\000K\000e\000y\000\040\000T\000a\000k\000e\000a\000w\000a\000y\000s}{chapter.14}% 720
\BOOKMARK [1][]{section.14.12}{\376\377\0001\0004\000.\0001\0002\000\040\000Q\000u\000i\000c\000k\000-\000R\000e\000f\000e\000r\000e\000n\000c\000e\000\040\000C\000a\000r\000d}{chapter.14}% 721
\BOOKMARK [1][]{section.14.13}{\376\377\0001\0004\000.\0001\0003\000\040\000S\000t\000a\000n\000d\000a\000r\000d\000i\000z\000e\000d\000\040\000E\000v\000i\000d\000e\000n\000c\000e\000\040\000A\000d\000d\000e\000n\000d\000u\000m}{chapter.14}% 722
\BOOKMARK [2][]{subsection.14.13.1}{\376\377\0001\0004\000.\0001\0003\000.\0001\000\040\000B\000e\000n\000c\000h\000m\000a\000r\000k\000\040\000S\000n\000a\000p\000s\000h\000o\000t\000\040\000T\000e\000m\000p\000l\000a\000t\000e}{section.14.13}% 723
\BOOKMARK [2][]{subsection.14.13.2}{\376\377\0001\0004\000.\0001\0003\000.\0002\000\040\000R\000e\000q\000u\000e\000s\000t\000\040\000T\000r\000a\000c\000e\000\040\000T\000e\000m\000p\000l\000a\000t\000e}{section.14.13}% 724
\BOOKMARK [2][]{subsection.14.13.3}{\376\377\0001\0004\000.\0001\0003\000.\0003\000\040\000C\000o\000s\000t\000\040\000a\000n\000d\000\040\000L\000a\000t\000e\000n\000c\000y\000\040\000B\000u\000d\000g\000e\000t\000\040\000S\000n\000a\000p\000s\000h\000o\000t}{section.14.13}% 725
\BOOKMARK [1][]{section.14.14}{\376\377\0001\0004\000.\0001\0004\000\040\000C\000o\000n\000f\000i\000g\000u\000r\000a\000t\000i\000o\000n\000\040\000P\000r\000e\000s\000e\000t\000\040\000T\000e\000m\000p\000l\000a\000t\000e}{chapter.14}% 726
\BOOKMARK [1][]{section.14.15}{\376\377\0001\0004\000.\0001\0005\000\040\000C\000I\000\040\000Q\000u\000a\000l\000i\000t\000y\000\040\000G\000a\000t\000e\000\040\000S\000p\000e\000c\000i\000f\000i\000c\000a\000t\000i\000o\000n}{chapter.14}% 727
\BOOKMARK [1][]{section.14.16}{\376\377\0001\0004\000.\0001\0006\000\040\000I\000n\000c\000i\000d\000e\000n\000t\000\040\000R\000u\000n\000b\000o\000o\000k\000\040\000T\000e\000m\000p\000l\000a\000t\000e}{chapter.14}% 728
\BOOKMARK [1][]{section.14.17}{\376\377\0001\0004\000.\0001\0007\000\040\000C\000r\000o\000s\000s\000-\000C\000h\000a\000p\000t\000e\000r\000\040\000D\000e\000c\000i\000s\000i\000o\000n\000\040\000C\000a\000r\000d}{chapter.14}% 729
\BOOKMARK [1][]{section.14.18}{\376\377\0001\0004\000.\0001\0008\000\040\000R\000O\000I\000\040\000M\000o\000d\000e\000l\000\040\000a\000n\000d\000\040\000B\000u\000i\000l\000d\000-\000v\000s\000-\000B\000u\000y}{chapter.14}% 730
\BOOKMARK [1][]{section.14.19}{\376\377\0001\0004\000.\0001\0009\000\040\000D\000i\000s\000a\000s\000t\000e\000r\000\040\000R\000e\000c\000o\000v\000e\000r\000y\000\040\000N\000o\000t\000e\000s\000\040\000\050\000R\000P\000O\000/\000R\000T\000O\000\051}{chapter.14}% 731
\BOOKMARK [0][]{chapter.15}{\376\377\0001\0005\000\040\000R\000a\000t\000e\000\040\000L\000i\000m\000i\000t\000i\000n\000g\000,\000\040\000T\000h\000r\000o\000t\000t\000l\000i\000n\000g\000\040\000\046\000\040\000Q\000u\000o\000t\000a\000\040\000S\000y\000s\000t\000e\000m\000s}{}% 732
\BOOKMARK [1][]{section.15.1}{\376\377\0001\0005\000.\0001\000\040\000L\000e\000a\000r\000n\000i\000n\000g\000\040\000O\000b\000j\000e\000c\000t\000i\000v\000e\000s\000\040\000\046\000\040\000P\000r\000e\000r\000e\000q\000u\000i\000s\000i\000t\000e\000s}{chapter.15}% 733
\BOOKMARK [1][]{section.15.2}{\376\377\0001\0005\000.\0002\000\040\000D\000e\000e\000p\000\040\000T\000e\000c\000h\000n\000i\000c\000a\000l\000\040\000M\000e\000c\000h\000a\000n\000i\000c\000s\000\040\000\046\000\040\000A\000r\000c\000h\000i\000t\000e\000c\000t\000u\000r\000a\000l\000\040\000C\000o\000n\000c\000e\000p\000t\000s}{chapter.15}% 734
\BOOKMARK [2][]{subsection.15.2.1}{\376\377\0001\0005\000.\0002\000.\0001\000\040\000W\000h\000y\000\040\000L\000i\000m\000i\000t\000\040\000a\000t\000\040\000A\000l\000l\000:\000\040\000F\000o\000u\000r\000\040\000D\000i\000s\000t\000i\000n\000c\000t\000\040\000F\000a\000i\000l\000u\000r\000e\000s\000,\000\040\000F\000i\000v\000e\000\040\000D\000i\000s\000t\000i\000n\000c\000t\000\040\000T\000o\000o\000l\000s}{section.15.2}% 735
\BOOKMARK [2][]{subsection.15.2.2}{\376\377\0001\0005\000.\0002\000.\0002\000\040\000F\000i\000x\000e\000d\000\040\000W\000i\000n\000d\000o\000w\000\040\000C\000o\000u\000n\000t\000e\000r\000\040\040\024\000\040\000a\000n\000d\000\040\000I\000t\000s\000\040\000P\000r\000o\000v\000a\000b\000l\000e\000\040\0002\000x\000\040\000F\000l\000a\000w}{section.15.2}% 736
\BOOKMARK [2][]{subsection.15.2.3}{\376\377\0001\0005\000.\0002\000.\0003\000\040\000S\000l\000i\000d\000i\000n\000g\000\040\000W\000i\000n\000d\000o\000w\000\040\000L\000o\000g\000:\000\040\000E\000x\000a\000c\000t\000n\000e\000s\000s\000\040\000a\000t\000\040\000O\000\050\000N\000\051\000\040\000M\000e\000m\000o\000r\000y}{section.15.2}% 737
\BOOKMARK [2][]{subsection.15.2.4}{\376\377\0001\0005\000.\0002\000.\0004\000\040\000S\000l\000i\000d\000i\000n\000g\000\040\000W\000i\000n\000d\000o\000w\000\040\000C\000o\000u\000n\000t\000e\000r\000:\000\040\000T\000h\000e\000\040\000W\000e\000i\000g\000h\000t\000e\000d\000\040\000A\000p\000p\000r\000o\000x\000i\000m\000a\000t\000i\000o\000n}{section.15.2}% 738
\BOOKMARK [2][]{subsection.15.2.5}{\376\377\0001\0005\000.\0002\000.\0005\000\040\000T\000o\000k\000e\000n\000\040\000B\000u\000c\000k\000e\000t\000:\000\040\000B\000u\000r\000s\000t\000\040\000C\000a\000p\000a\000c\000i\000t\000y\000\040\000a\000s\000\040\000a\000\040\000C\000o\000n\000s\000e\000r\000v\000e\000d\000\040\000Q\000u\000a\000n\000t\000i\000t\000y}{section.15.2}% 739
\BOOKMARK [2][]{subsection.15.2.6}{\376\377\0001\0005\000.\0002\000.\0006\000\040\000L\000e\000a\000k\000y\000\040\000B\000u\000c\000k\000e\000t\000:\000\040\000M\000e\000t\000e\000r\000\040\000v\000e\000r\000s\000u\000s\000\040\000Q\000u\000e\000u\000e}{section.15.2}% 740
\BOOKMARK [2][]{subsection.15.2.7}{\376\377\0001\0005\000.\0002\000.\0007\000\040\000G\000C\000R\000A\000:\000\040\000O\000n\000e\000\040\000T\000i\000m\000e\000s\000t\000a\000m\000p\000\040\000t\000o\000\040\000R\000u\000l\000e\000\040\000T\000h\000e\000m\000\040\000A\000l\000l}{section.15.2}% 741
\BOOKMARK [2][]{subsection.15.2.8}{\376\377\0001\0005\000.\0002\000.\0008\000\040\000C\000h\000o\000o\000s\000i\000n\000g\000\040\000a\000n\000\040\000A\000l\000g\000o\000r\000i\000t\000h\000m}{section.15.2}% 742
\BOOKMARK [2][]{subsection.15.2.9}{\376\377\0001\0005\000.\0002\000.\0009\000\040\000D\000i\000s\000t\000r\000i\000b\000u\000t\000i\000o\000n\000:\000\040\000T\000h\000e\000\040\000R\000a\000c\000e\000,\000\040\000t\000h\000e\000\040\000C\000e\000l\000l\000,\000\040\000a\000n\000d\000\040\000t\000h\000e\000\040\000F\000a\000i\000l\000u\000r\000e\000\040\000P\000o\000l\000i\000c\000y}{section.15.2}% 743
\BOOKMARK [2][]{subsection.15.2.10}{\376\377\0001\0005\000.\0002\000.\0001\0000\000\040\000C\000l\000i\000e\000n\000t\000-\000F\000a\000c\000i\000n\000g\000\040\000S\000e\000m\000a\000n\000t\000i\000c\000s\000:\000\040\000M\000a\000k\000i\000n\000g\000\040\000L\000i\000m\000i\000t\000s\000\040\000L\000e\000g\000i\000b\000l\000e}{section.15.2}% 744
\BOOKMARK [2][]{subsection.15.2.11}{\376\377\0001\0005\000.\0002\000.\0001\0001\000\040\000M\000u\000l\000t\000i\000-\000D\000i\000m\000e\000n\000s\000i\000o\000n\000a\000l\000\040\000L\000i\000m\000i\000t\000i\000n\000g}{section.15.2}% 745
\BOOKMARK [1][]{section.15.3}{\376\377\0001\0005\000.\0003\000\040\000P\000r\000o\000d\000u\000c\000t\000i\000o\000n\000-\000R\000e\000a\000d\000y\000\040\000C\000o\000d\000e\000\040\000I\000m\000p\000l\000e\000m\000e\000n\000t\000a\000t\000i\000o\000n}{chapter.15}% 746
\BOOKMARK [2][]{subsection.15.3.1}{\376\377\0001\0005\000.\0003\000.\0001\000\040\000L\000i\000s\000t\000i\000n\000g\000\040\0001\0004\000.\0001\000\040\040\024\000\040\000F\000i\000v\000e\000\040\000A\000l\000g\000o\000r\000i\000t\000h\000m\000s\000,\000\040\000O\000n\000e\000\040\000C\000o\000n\000t\000r\000a\000c\000t}{section.15.3}% 747
\BOOKMARK [2][]{subsection.15.3.2}{\376\377\0001\0005\000.\0003\000.\0002\000\040\000L\000i\000s\000t\000i\000n\000g\000\040\0001\0004\000.\0002\000\040\040\024\000\040\000T\000h\000e\000\040\000T\000h\000e\000o\000r\000e\000m\000s\000,\000\040\000a\000s\000\040\000E\000x\000e\000c\000u\000t\000a\000b\000l\000e\000\040\000T\000e\000s\000t\000s}{section.15.3}% 748
\BOOKMARK [2][]{subsection.15.3.3}{\376\377\0001\0005\000.\0003\000.\0003\000\040\000L\000i\000s\000t\000i\000n\000g\000\040\0001\0004\000.\0003\000\040\040\024\000\040\000S\000i\000m\000u\000l\000a\000t\000i\000o\000n\000\040\000H\000a\000r\000n\000e\000s\000s\000:\000\040\000O\000n\000e\000\040\000T\000i\000m\000e\000l\000i\000n\000e\000,\000\040\000F\000i\000v\000e\000\040\000V\000e\000r\000d\000i\000c\000t\000s}{section.15.3}% 749
\BOOKMARK [2][]{subsection.15.3.4}{\376\377\0001\0005\000.\0003\000.\0004\000\040\000L\000i\000s\000t\000i\000n\000g\000\040\0001\0004\000.\0004\000\040\040\024\000\040\000D\000i\000s\000t\000r\000i\000b\000u\000t\000e\000d\000\040\000S\000l\000i\000d\000i\000n\000g\000\040\000W\000i\000n\000d\000o\000w\000:\000\040\000R\000e\000d\000i\000s\000\040\000+\000\040\000L\000u\000a}{section.15.3}% 750
\BOOKMARK [2][]{subsection.15.3.5}{\376\377\0001\0005\000.\0003\000.\0005\000\040\000L\000i\000s\000t\000i\000n\000g\000\040\0001\0004\000.\0006\000\040\040\024\000\040\000F\000a\000s\000t\000A\000P\000I\000\040\000M\000i\000d\000d\000l\000e\000w\000a\000r\000e\000:\000\040\000H\000e\000a\000d\000e\000r\000s\000\040\000A\000r\000e\000\040\000t\000h\000e\000\040\000P\000r\000o\000d\000u\000c\000t}{section.15.3}% 751
\BOOKMARK [2][]{subsection.15.3.6}{\376\377\0001\0005\000.\0003\000.\0006\000\040\000L\000i\000s\000t\000i\000n\000g\000\040\0001\0004\000.\0008\000\040\040\024\000\040\000C\000o\000s\000t\000-\000B\000a\000s\000e\000d\000\040\000L\000i\000m\000i\000t\000i\000n\000g\000:\000\040\000B\000u\000d\000g\000e\000t\000i\000n\000g\000\040\000W\000o\000r\000k\000,\000\040\000N\000o\000t\000\040\000R\000e\000q\000u\000e\000s\000t\000s}{section.15.3}% 752
\BOOKMARK [1][]{section.15.4}{\376\377\0001\0005\000.\0004\000\040\000C\000o\000m\000m\000o\000n\000\040\000P\000i\000t\000f\000a\000l\000l\000s\000\040\000\046\000\040\000A\000n\000t\000i\000-\000P\000a\000t\000t\000e\000r\000n\000s}{chapter.15}% 753
\BOOKMARK [1][]{section.15.5}{\376\377\0001\0005\000.\0005\000\040\000H\000a\000n\000d\000s\000-\000O\000n\000\040\000P\000r\000o\000d\000u\000c\000t\000i\000o\000n\000\040\000L\000a\000b\000\040\000\046\000\040\000R\000e\000a\000l\000-\000W\000o\000r\000l\000d\000\040\000C\000a\000s\000e\000\040\000S\000t\000u\000d\000y}{chapter.15}% 754
\BOOKMARK [2][]{subsection.15.5.1}{\376\377\0001\0005\000.\0005\000.\0001\000\040\000C\000a\000s\000e\000\040\000S\000t\000u\000d\000y\000:\000\040\000T\000h\000e\000\040\000L\000o\000g\000i\000n\000\040\000E\000n\000d\000p\000o\000i\000n\000t\000\040\000t\000h\000e\000\040\000P\000e\000r\000-\000I\000P\000\040\000L\000i\000m\000i\000t\000\040\000C\000o\000u\000l\000d\000\040\000N\000o\000t\000\040\000S\000a\000v\000e}{section.15.5}% 755
\BOOKMARK [1][]{section.15.6}{\376\377\0001\0005\000.\0006\000\040\000S\000e\000l\000f\000-\000A\000s\000s\000e\000s\000s\000m\000e\000n\000t\000\040\000E\000x\000e\000r\000c\000i\000s\000e\000s\000\040\000\046\000\040\000D\000e\000e\000p\000-\000D\000i\000v\000e\000\040\000Q\000u\000e\000s\000t\000i\000o\000n\000s}{chapter.15}% 756
\BOOKMARK [1][]{section.15.7}{\376\377\0001\0005\000.\0007\000\040\000I\000n\000t\000e\000r\000v\000i\000e\000w\000\040\000Q\000\046\000A\000\040\000V\000a\000u\000l\000t}{chapter.15}% 757
\BOOKMARK [1][]{section.15.8}{\376\377\0001\0005\000.\0008\000\040\000E\000x\000t\000e\000r\000n\000a\000l\000\040\000B\000i\000b\000l\000i\000o\000g\000r\000a\000p\000h\000y\000\040\000\046\000\040\000F\000u\000r\000t\000h\000e\000r\000\040\000R\000e\000a\000d\000i\000n\000g}{chapter.15}% 758
\BOOKMARK [1][]{section.15.9}{\376\377\0001\0005\000.\0009\000\040\000C\000a\000p\000s\000t\000o\000n\000e\000\040\000P\000r\000o\000j\000e\000c\000t\000s}{chapter.15}% 759
\BOOKMARK [1][]{section.15.10}{\376\377\0001\0005\000.\0001\0000\000\040\000P\000y\000t\000h\000o\000n\000\040\000D\000e\000p\000e\000n\000d\000e\000n\000c\000i\000e\000s\000\040\000A\000p\000p\000e\000n\000d\000i\000x}{chapter.15}% 760
\BOOKMARK [2][]{subsection.15.10.1}{\376\377\0001\0005\000.\0001\0000\000.\0001\000\040\000f\000a\000k\000e\000r\000e\000d\000i\000s\000\040\000\050\000\040\0002\000.\0002\0003\000\051}{section.15.10}% 761
\BOOKMARK [2][]{subsection.15.10.2}{\376\377\0001\0005\000.\0001\0000\000.\0002\000\040\000f\000a\000s\000t\000a\000p\000i\000\040\000\050\000\040\0000\000.\0001\0001\0000\000\051}{section.15.10}% 762
\BOOKMARK [2][]{subsection.15.10.3}{\376\377\0001\0005\000.\0001\0000\000.\0003\000\040\000h\000t\000t\000p\000x\000\040\000\050\000\040\0000\000.\0002\0007\000\051}{section.15.10}% 763
\BOOKMARK [2][]{subsection.15.10.4}{\376\377\0001\0005\000.\0001\0000\000.\0004\000\040\000p\000y\000t\000e\000s\000t\000\040\000\050\000\040\0008\000\051}{section.15.10}% 764
\BOOKMARK [1][]{section.15.11}{\376\377\0001\0005\000.\0001\0001\000\040\000C\000h\000a\000p\000t\000e\000r\000\040\000S\000u\000m\000m\000a\000r\000y\000\040\000\046\000\040\000K\000e\000y\000\040\000T\000a\000k\000e\000a\000w\000a\000y\000s}{chapter.15}% 765
\BOOKMARK [1][]{section.15.12}{\376\377\0001\0005\000.\0001\0002\000\040\000Q\000u\000i\000c\000k\000-\000R\000e\000f\000e\000r\000e\000n\000c\000e\000\040\000C\000a\000r\000d}{chapter.15}% 766
\BOOKMARK [1][]{section.15.13}{\376\377\0001\0005\000.\0001\0003\000\040\000S\000t\000a\000n\000d\000a\000r\000d\000i\000z\000e\000d\000\040\000E\000v\000i\000d\000e\000n\000c\000e\000\040\000A\000d\000d\000e\000n\000d\000u\000m}{chapter.15}% 767
\BOOKMARK [2][]{subsection.15.13.1}{\376\377\0001\0005\000.\0001\0003\000.\0001\000\040\000B\000e\000n\000c\000h\000m\000a\000r\000k\000\040\000S\000n\000a\000p\000s\000h\000o\000t\000\040\000T\000e\000m\000p\000l\000a\000t\000e}{section.15.13}% 768
\BOOKMARK [2][]{subsection.15.13.2}{\376\377\0001\0005\000.\0001\0003\000.\0002\000\040\000R\000e\000q\000u\000e\000s\000t\000\040\000T\000r\000a\000c\000e\000\040\000T\000e\000m\000p\000l\000a\000t\000e}{section.15.13}% 769
\BOOKMARK [2][]{subsection.15.13.3}{\376\377\0001\0005\000.\0001\0003\000.\0003\000\040\000C\000o\000s\000t\000\040\000a\000n\000d\000\040\000L\000a\000t\000e\000n\000c\000y\000\040\000B\000u\000d\000g\000e\000t\000\040\000S\000n\000a\000p\000s\000h\000o\000t}{section.15.13}% 770
\BOOKMARK [1][]{section.15.14}{\376\377\0001\0005\000.\0001\0004\000\040\000C\000o\000n\000f\000i\000g\000u\000r\000a\000t\000i\000o\000n\000\040\000P\000r\000e\000s\000e\000t\000\040\000T\000e\000m\000p\000l\000a\000t\000e}{chapter.15}% 771
\BOOKMARK [1][]{section.15.15}{\376\377\0001\0005\000.\0001\0005\000\040\000C\000I\000\040\000Q\000u\000a\000l\000i\000t\000y\000\040\000G\000a\000t\000e\000\040\000S\000p\000e\000c\000i\000f\000i\000c\000a\000t\000i\000o\000n}{chapter.15}% 772
\BOOKMARK [1][]{section.15.16}{\376\377\0001\0005\000.\0001\0006\000\040\000I\000n\000c\000i\000d\000e\000n\000t\000\040\000R\000u\000n\000b\000o\000o\000k\000\040\000T\000e\000m\000p\000l\000a\000t\000e}{chapter.15}% 773
\BOOKMARK [1][]{section.15.17}{\376\377\0001\0005\000.\0001\0007\000\040\000C\000r\000o\000s\000s\000-\000C\000h\000a\000p\000t\000e\000r\000\040\000D\000e\000c\000i\000s\000i\000o\000n\000\040\000C\000a\000r\000d}{chapter.15}% 774
\BOOKMARK [1][]{section.15.18}{\376\377\0001\0005\000.\0001\0008\000\040\000R\000O\000I\000\040\000M\000o\000d\000e\000l\000\040\000a\000n\000d\000\040\000B\000u\000i\000l\000d\000-\000v\000s\000-\000B\000u\000y}{chapter.15}% 775
\BOOKMARK [1][]{section.15.19}{\376\377\0001\0005\000.\0001\0009\000\040\000D\000i\000s\000a\000s\000t\000e\000r\000\040\000R\000e\000c\000o\000v\000e\000r\000y\000\040\000N\000o\000t\000e\000s\000\040\000\050\000R\000P\000O\000/\000R\000T\000O\000\051}{chapter.15}% 776
\BOOKMARK [0][]{chapter.16}{\376\377\0001\0006\000\040\000M\000i\000c\000r\000o\000s\000e\000r\000v\000i\000c\000e\000s\000\040\000\046\000\040\000R\000e\000s\000i\000l\000i\000e\000n\000t\000\040\000I\000n\000t\000e\000r\000-\000S\000e\000r\000v\000i\000c\000e\000\040\000C\000o\000m\000m\000u\000n\000i\000c\000a\000t\000i\000o\000n}{}% 777
\BOOKMARK [1][]{section.16.1}{\376\377\0001\0006\000.\0001\000\040\000L\000e\000a\000r\000n\000i\000n\000g\000\040\000O\000b\000j\000e\000c\000t\000i\000v\000e\000s\000\040\000\046\000\040\000P\000r\000e\000r\000e\000q\000u\000i\000s\000i\000t\000e\000s}{chapter.16}% 778
\BOOKMARK [1][]{section.16.2}{\376\377\0001\0006\000.\0002\000\040\000D\000e\000e\000p\000\040\000T\000e\000c\000h\000n\000i\000c\000a\000l\000\040\000M\000e\000c\000h\000a\000n\000i\000c\000s\000\040\000\046\000\040\000A\000r\000c\000h\000i\000t\000e\000c\000t\000u\000r\000a\000l\000\040\000C\000o\000n\000c\000e\000p\000t\000s}{chapter.16}% 779
\BOOKMARK [2][]{subsection.16.2.1}{\376\377\0001\0006\000.\0002\000.\0001\000\040\000A\000\040\000T\000a\000x\000o\000n\000o\000m\000y\000\040\000o\000f\000\040\000I\000n\000t\000e\000r\000-\000S\000e\000r\000v\000i\000c\000e\000\040\000C\000o\000m\000m\000u\000n\000i\000c\000a\000t\000i\000o\000n}{section.16.2}% 780
\BOOKMARK [2][]{subsection.16.2.2}{\376\377\0001\0006\000.\0002\000.\0002\000\040\000C\000o\000u\000p\000l\000i\000n\000g\000\040\000D\000i\000m\000e\000n\000s\000i\000o\000n\000s\000\040\000a\000n\000d\000\040\000t\000h\000e\000\040\000F\000a\000l\000l\000a\000c\000i\000e\000s\000\040\000o\000f\000\040\000D\000i\000s\000t\000r\000i\000b\000u\000t\000e\000d\000\040\000C\000o\000m\000p\000u\000t\000i\000n\000g}{section.16.2}% 781
\BOOKMARK [2][]{subsection.16.2.3}{\376\377\0001\0006\000.\0002\000.\0003\000\040\000T\000i\000m\000e\000o\000u\000t\000s\000\040\000E\000v\000e\000r\000y\000w\000h\000e\000r\000e\000,\000\040\000a\000n\000d\000\040\000H\000o\000w\000\040\000t\000o\000\040\000B\000u\000d\000g\000e\000t\000\040\000T\000h\000e\000m}{section.16.2}% 782
\BOOKMARK [2][]{subsection.16.2.4}{\376\377\0001\0006\000.\0002\000.\0004\000\040\000T\000h\000e\000\040\000M\000a\000t\000h\000e\000m\000a\000t\000i\000c\000s\000\040\000o\000f\000\040\000R\000e\000t\000r\000y\000\040\000A\000m\000p\000l\000i\000f\000i\000c\000a\000t\000i\000o\000n}{section.16.2}% 783
\BOOKMARK [2][]{subsection.16.2.5}{\376\377\0001\0006\000.\0002\000.\0005\000\040\000T\000h\000e\000\040\000C\000i\000r\000c\000u\000i\000t\000\040\000B\000r\000e\000a\000k\000e\000r\000,\000\040\000S\000p\000e\000c\000i\000f\000i\000e\000d\000\040\000F\000o\000r\000m\000a\000l\000l\000y}{section.16.2}% 784
\BOOKMARK [2][]{subsection.16.2.6}{\376\377\0001\0006\000.\0002\000.\0006\000\040\000B\000u\000l\000k\000h\000e\000a\000d\000s\000,\000\040\000H\000e\000d\000g\000e\000d\000\040\000R\000e\000q\000u\000e\000s\000t\000s\000,\000\040\000a\000n\000d\000\040\000B\000a\000c\000k\000p\000r\000e\000s\000s\000u\000r\000e}{section.16.2}% 785
\BOOKMARK [2][]{subsection.16.2.7}{\376\377\0001\0006\000.\0002\000.\0007\000\040\000A\000n\000a\000t\000o\000m\000y\000\040\000o\000f\000\040\000a\000\040\000C\000a\000s\000c\000a\000d\000i\000n\000g\000\040\000F\000a\000i\000l\000u\000r\000e}{section.16.2}% 786
\BOOKMARK [2][]{subsection.16.2.8}{\376\377\0001\0006\000.\0002\000.\0008\000\040\000S\000e\000r\000v\000i\000c\000e\000\040\000D\000i\000s\000c\000o\000v\000e\000r\000y\000\040\000a\000n\000d\000\040\000L\000o\000a\000d\000\040\000B\000a\000l\000a\000n\000c\000i\000n\000g}{section.16.2}% 787
\BOOKMARK [2][]{subsection.16.2.9}{\376\377\0001\0006\000.\0002\000.\0009\000\040\000S\000e\000r\000v\000i\000c\000e\000\040\000M\000e\000s\000h\000:\000\040\000D\000a\000t\000a\000\040\000P\000l\000a\000n\000e\000\040\000v\000e\000r\000s\000u\000s\000\040\000C\000o\000n\000t\000r\000o\000l\000\040\000P\000l\000a\000n\000e}{section.16.2}% 788
\BOOKMARK [2][]{subsection.16.2.10}{\376\377\0001\0006\000.\0002\000.\0001\0000\000\040\000D\000i\000s\000t\000r\000i\000b\000u\000t\000e\000d\000\040\000T\000r\000a\000n\000s\000a\000c\000t\000i\000o\000n\000s\000\040\000w\000i\000t\000h\000o\000u\000t\000\040\0002\000P\000C}{section.16.2}% 789
\BOOKMARK [1][]{section.16.3}{\376\377\0001\0006\000.\0003\000\040\000P\000r\000o\000d\000u\000c\000t\000i\000o\000n\000-\000R\000e\000a\000d\000y\000\040\000C\000o\000d\000e\000\040\000I\000m\000p\000l\000e\000m\000e\000n\000t\000a\000t\000i\000o\000n}{chapter.16}% 790
\BOOKMARK [2][]{subsection.16.3.1}{\376\377\0001\0006\000.\0003\000.\0001\000\040\000C\000i\000r\000c\000u\000i\000t\000\040\000B\000r\000e\000a\000k\000e\000r\000:\000\040\000F\000u\000l\000l\000\040\000S\000t\000a\000t\000e\000\040\000M\000a\000c\000h\000i\000n\000e\000,\000\040\000S\000y\000n\000c\000\040\000a\000n\000d\000\040\000A\000s\000y\000n\000c}{section.16.3}% 791
\BOOKMARK [2][]{subsection.16.3.2}{\376\377\0001\0006\000.\0003\000.\0002\000\040\000R\000e\000t\000r\000y\000-\000B\000u\000d\000g\000e\000t\000\040\000C\000l\000i\000e\000n\000t\000:\000\040\000T\000o\000k\000e\000n\000\040\000B\000u\000c\000k\000e\000t\000,\000\040\000F\000u\000l\000l\000\040\000J\000i\000t\000t\000e\000r\000,\000\040\000D\000e\000a\000d\000l\000i\000n\000e\000s}{section.16.3}% 792
\BOOKMARK [2][]{subsection.16.3.3}{\376\377\0001\0006\000.\0003\000.\0003\000\040\000T\000h\000r\000e\000e\000-\000S\000e\000r\000v\000i\000c\000e\000\040\000C\000h\000a\000o\000s\000\040\000D\000r\000i\000l\000l\000:\000\040\000C\000a\000t\000a\000l\000o\000g\000\040\000\040\000I\000n\000v\000e\000n\000t\000o\000r\000y\000\040\000\040\000W\000a\000r\000e\000h\000o\000u\000s\000e}{section.16.3}% 793
\BOOKMARK [2][]{subsection.16.3.4}{\376\377\0001\0006\000.\0003\000.\0004\000\040\000T\000h\000e\000\040\000T\000r\000a\000n\000s\000a\000c\000t\000i\000o\000n\000a\000l\000\040\000O\000u\000t\000b\000o\000x\000\040\000w\000i\000t\000h\000\040\000R\000e\000l\000a\000y\000\040\000a\000n\000d\000\040\000I\000d\000e\000m\000p\000o\000t\000e\000n\000t\000\040\000C\000o\000n\000s\000u\000m\000e\000r}{section.16.3}% 794
\BOOKMARK [2][]{subsection.16.3.5}{\376\377\0001\0006\000.\0003\000.\0005\000\040\000S\000a\000g\000a\000\040\000O\000r\000c\000h\000e\000s\000t\000r\000a\000t\000o\000r\000\040\000w\000i\000t\000h\000\040\000C\000o\000m\000p\000e\000n\000s\000a\000t\000i\000n\000g\000\040\000A\000c\000t\000i\000o\000n\000s}{section.16.3}% 795
\BOOKMARK [1][]{section.16.4}{\376\377\0001\0006\000.\0004\000\040\000C\000o\000m\000m\000o\000n\000\040\000P\000i\000t\000f\000a\000l\000l\000s\000\040\000\046\000\040\000A\000n\000t\000i\000-\000P\000a\000t\000t\000e\000r\000n\000s}{chapter.16}% 796
\BOOKMARK [1][]{section.16.5}{\376\377\0001\0006\000.\0005\000\040\000H\000a\000n\000d\000s\000-\000O\000n\000\040\000P\000r\000o\000d\000u\000c\000t\000i\000o\000n\000\040\000L\000a\000b\000\040\000\046\000\040\000R\000e\000a\000l\000-\000W\000o\000r\000l\000d\000\040\000C\000a\000s\000e\000\040\000S\000t\000u\000d\000y}{chapter.16}% 797
\BOOKMARK [1][]{section.16.6}{\376\377\0001\0006\000.\0006\000\040\000S\000e\000l\000f\000-\000A\000s\000s\000e\000s\000s\000m\000e\000n\000t\000\040\000E\000x\000e\000r\000c\000i\000s\000e\000s\000\040\000\046\000\040\000D\000e\000e\000p\000-\000D\000i\000v\000e\000\040\000Q\000u\000e\000s\000t\000i\000o\000n\000s}{chapter.16}% 798
\BOOKMARK [1][]{section.16.7}{\376\377\0001\0006\000.\0007\000\040\000I\000n\000t\000e\000r\000v\000i\000e\000w\000\040\000Q\000\046\000A\000\040\000V\000a\000u\000l\000t}{chapter.16}% 799
\BOOKMARK [1][]{section.16.8}{\376\377\0001\0006\000.\0008\000\040\000E\000x\000t\000e\000r\000n\000a\000l\000\040\000B\000i\000b\000l\000i\000o\000g\000r\000a\000p\000h\000y\000\040\000\046\000\040\000F\000u\000r\000t\000h\000e\000r\000\040\000R\000e\000a\000d\000i\000n\000g}{chapter.16}% 800
\BOOKMARK [1][]{section.16.9}{\376\377\0001\0006\000.\0009\000\040\000C\000a\000p\000s\000t\000o\000n\000e\000\040\000P\000r\000o\000j\000e\000c\000t\000s}{chapter.16}% 801
\BOOKMARK [1][]{section.16.10}{\376\377\0001\0006\000.\0001\0000\000\040\000P\000y\000t\000h\000o\000n\000\040\000D\000e\000p\000e\000n\000d\000e\000n\000c\000i\000e\000s\000\040\000A\000p\000p\000e\000n\000d\000i\000x}{chapter.16}% 802
\BOOKMARK [2][]{subsection.16.10.1}{\376\377\0001\0006\000.\0001\0000\000.\0001\000\040\000f\000a\000s\000t\000a\000p\000i\000\040\000\050\000\040\0000\000.\0001\0001\0000\000\051}{section.16.10}% 803
\BOOKMARK [2][]{subsection.16.10.2}{\376\377\0001\0006\000.\0001\0000\000.\0002\000\040\000h\000t\000t\000p\000x\000\040\000\050\000\040\0000\000.\0002\0007\000\051}{section.16.10}% 804
\BOOKMARK [2][]{subsection.16.10.3}{\376\377\0001\0006\000.\0001\0000\000.\0003\000\040\000p\000y\000d\000a\000n\000t\000i\000c\000\040\000\050\000\040\0002\000.\0007\000\051}{section.16.10}% 805
\BOOKMARK [2][]{subsection.16.10.4}{\376\377\0001\0006\000.\0001\0000\000.\0004\000\040\000p\000y\000t\000e\000s\000t\000\040\000\050\000\040\0008\000\051}{section.16.10}% 806
\BOOKMARK [2][]{subsection.16.10.5}{\376\377\0001\0006\000.\0001\0000\000.\0005\000\040\000t\000e\000n\000a\000c\000i\000t\000y\000\040\000\050\000\040\0008\000.\0003\000\051}{section.16.10}% 807
\BOOKMARK [1][]{section.16.11}{\376\377\0001\0006\000.\0001\0001\000\040\000C\000h\000a\000p\000t\000e\000r\000\040\000S\000u\000m\000m\000a\000r\000y\000\040\000\046\000\040\000K\000e\000y\000\040\000T\000a\000k\000e\000a\000w\000a\000y\000s}{chapter.16}% 808
\BOOKMARK [1][]{section.16.12}{\376\377\0001\0006\000.\0001\0002\000\040\000Q\000u\000i\000c\000k\000-\000R\000e\000f\000e\000r\000e\000n\000c\000e\000\040\000C\000a\000r\000d}{chapter.16}% 809
\BOOKMARK [1][]{section.16.13}{\376\377\0001\0006\000.\0001\0003\000\040\000S\000t\000a\000n\000d\000a\000r\000d\000i\000z\000e\000d\000\040\000E\000v\000i\000d\000e\000n\000c\000e\000\040\000A\000d\000d\000e\000n\000d\000u\000m}{chapter.16}% 810
\BOOKMARK [2][]{subsection.16.13.1}{\376\377\0001\0006\000.\0001\0003\000.\0001\000\040\000B\000e\000n\000c\000h\000m\000a\000r\000k\000\040\000S\000n\000a\000p\000s\000h\000o\000t\000\040\000T\000e\000m\000p\000l\000a\000t\000e}{section.16.13}% 811
\BOOKMARK [2][]{subsection.16.13.2}{\376\377\0001\0006\000.\0001\0003\000.\0002\000\040\000R\000e\000q\000u\000e\000s\000t\000\040\000T\000r\000a\000c\000e\000\040\000T\000e\000m\000p\000l\000a\000t\000e}{section.16.13}% 812
\BOOKMARK [2][]{subsection.16.13.3}{\376\377\0001\0006\000.\0001\0003\000.\0003\000\040\000C\000o\000s\000t\000\040\000a\000n\000d\000\040\000L\000a\000t\000e\000n\000c\000y\000\040\000B\000u\000d\000g\000e\000t\000\040\000S\000n\000a\000p\000s\000h\000o\000t}{section.16.13}% 813
\BOOKMARK [1][]{section.16.14}{\376\377\0001\0006\000.\0001\0004\000\040\000C\000o\000n\000f\000i\000g\000u\000r\000a\000t\000i\000o\000n\000\040\000P\000r\000e\000s\000e\000t\000\040\000T\000e\000m\000p\000l\000a\000t\000e}{chapter.16}% 814
\BOOKMARK [1][]{section.16.15}{\376\377\0001\0006\000.\0001\0005\000\040\000C\000I\000\040\000Q\000u\000a\000l\000i\000t\000y\000\040\000G\000a\000t\000e\000\040\000S\000p\000e\000c\000i\000f\000i\000c\000a\000t\000i\000o\000n}{chapter.16}% 815
\BOOKMARK [1][]{section.16.16}{\376\377\0001\0006\000.\0001\0006\000\040\000I\000n\000c\000i\000d\000e\000n\000t\000\040\000R\000u\000n\000b\000o\000o\000k\000\040\000T\000e\000m\000p\000l\000a\000t\000e}{chapter.16}% 816
\BOOKMARK [1][]{section.16.17}{\376\377\0001\0006\000.\0001\0007\000\040\000C\000r\000o\000s\000s\000-\000C\000h\000a\000p\000t\000e\000r\000\040\000D\000e\000c\000i\000s\000i\000o\000n\000\040\000C\000a\000r\000d}{chapter.16}% 817
\BOOKMARK [1][]{section.16.18}{\376\377\0001\0006\000.\0001\0008\000\040\000R\000O\000I\000\040\000M\000o\000d\000e\000l\000\040\000a\000n\000d\000\040\000B\000u\000i\000l\000d\000-\000v\000s\000-\000B\000u\000y}{chapter.16}% 818
\BOOKMARK [1][]{section.16.19}{\376\377\0001\0006\000.\0001\0009\000\040\000D\000i\000s\000a\000s\000t\000e\000r\000\040\000R\000e\000c\000o\000v\000e\000r\000y\000\040\000N\000o\000t\000e\000s\000\040\000\050\000R\000P\000O\000/\000R\000T\000O\000\051}{chapter.16}% 819
\BOOKMARK [0][]{chapter.17}{\376\377\0001\0007\000\040\000A\000P\000I\000\040\000S\000e\000c\000u\000r\000i\000t\000y\000\040\000E\000n\000g\000i\000n\000e\000e\000r\000i\000n\000g\000\040\000\050\000O\000W\000A\000S\000P\000\040\000A\000P\000I\000\040\000S\000e\000c\000u\000r\000i\000t\000y\000\040\000T\000o\000p\000\040\0001\0000\000\051}{}% 820
\BOOKMARK [1][]{section.17.1}{\376\377\0001\0007\000.\0001\000\040\000L\000e\000a\000r\000n\000i\000n\000g\000\040\000O\000b\000j\000e\000c\000t\000i\000v\000e\000s\000\040\000\046\000\040\000P\000r\000e\000r\000e\000q\000u\000i\000s\000i\000t\000e\000s}{chapter.17}% 821
\BOOKMARK [1][]{section.17.2}{\376\377\0001\0007\000.\0002\000\040\000D\000e\000e\000p\000\040\000T\000e\000c\000h\000n\000i\000c\000a\000l\000\040\000M\000e\000c\000h\000a\000n\000i\000c\000s\000\040\000\046\000\040\000A\000r\000c\000h\000i\000t\000e\000c\000t\000u\000r\000a\000l\000\040\000C\000o\000n\000c\000e\000p\000t\000s}{chapter.17}% 822
\BOOKMARK [2][]{subsection.17.2.1}{\376\377\0001\0007\000.\0002\000.\0001\000\040\000T\000h\000e\000\040\000T\000r\000u\000s\000t\000\040\000M\000o\000d\000e\000l\000:\000\040\000W\000h\000e\000r\000e\000\040\000R\000e\000q\000u\000e\000s\000t\000s\000\040\000C\000r\000o\000s\000s\000\040\000B\000o\000u\000n\000d\000a\000r\000i\000e\000s}{section.17.2}% 823
\BOOKMARK [2][]{subsection.17.2.2}{\376\377\0001\0007\000.\0002\000.\0002\000\040\000T\000h\000e\000\040\000O\000W\000A\000S\000P\000\040\000A\000P\000I\000\040\000S\000e\000c\000u\000r\000i\000t\000y\000\040\000T\000o\000p\000\040\0001\0000\000\040\000\050\0002\0000\0002\0003\000\051\000\040\000a\000t\000\040\000a\000\040\000G\000l\000a\000n\000c\000e}{section.17.2}% 824
\BOOKMARK [2][]{subsection.17.2.3}{\376\377\0001\0007\000.\0002\000.\0003\000\040\000A\000P\000I\0001\000:\0002\0000\0002\0003\000\040\040\024\000\040\000B\000r\000o\000k\000e\000n\000\040\000O\000b\000j\000e\000c\000t\000\040\000L\000e\000v\000e\000l\000\040\000A\000u\000t\000h\000o\000r\000i\000z\000a\000t\000i\000o\000n\000\040\000\050\000B\000O\000L\000A\000/\000I\000D\000O\000R\000\051}{section.17.2}% 825
\BOOKMARK [2][]{subsection.17.2.4}{\376\377\0001\0007\000.\0002\000.\0004\000\040\000A\000P\000I\0002\000:\0002\0000\0002\0003\000\040\040\024\000\040\000B\000r\000o\000k\000e\000n\000\040\000A\000u\000t\000h\000e\000n\000t\000i\000c\000a\000t\000i\000o\000n}{section.17.2}% 826
\BOOKMARK [2][]{subsection.17.2.5}{\376\377\0001\0007\000.\0002\000.\0005\000\040\000A\000P\000I\0003\000:\0002\0000\0002\0003\000\040\040\024\000\040\000B\000r\000o\000k\000e\000n\000\040\000O\000b\000j\000e\000c\000t\000\040\000P\000r\000o\000p\000e\000r\000t\000y\000\040\000L\000e\000v\000e\000l\000\040\000A\000u\000t\000h\000o\000r\000i\000z\000a\000t\000i\000o\000n}{section.17.2}% 827
\BOOKMARK [2][]{subsection.17.2.6}{\376\377\0001\0007\000.\0002\000.\0006\000\040\000A\000P\000I\0004\000:\0002\0000\0002\0003\000\040\040\024\000\040\000U\000n\000r\000e\000s\000t\000r\000i\000c\000t\000e\000d\000\040\000R\000e\000s\000o\000u\000r\000c\000e\000\040\000C\000o\000n\000s\000u\000m\000p\000t\000i\000o\000n}{section.17.2}% 828
\BOOKMARK [2][]{subsection.17.2.7}{\376\377\0001\0007\000.\0002\000.\0007\000\040\000A\000P\000I\0005\000:\0002\0000\0002\0003\000\040\040\024\000\040\000B\000r\000o\000k\000e\000n\000\040\000F\000u\000n\000c\000t\000i\000o\000n\000\040\000L\000e\000v\000e\000l\000\040\000A\000u\000t\000h\000o\000r\000i\000z\000a\000t\000i\000o\000n}{section.17.2}% 829
\BOOKMARK [2][]{subsection.17.2.8}{\376\377\0001\0007\000.\0002\000.\0008\000\040\000A\000P\000I\0006\000:\0002\0000\0002\0003\000\040\040\024\000\040\000U\000n\000r\000e\000s\000t\000r\000i\000c\000t\000e\000d\000\040\000A\000c\000c\000e\000s\000s\000\040\000t\000o\000\040\000S\000e\000n\000s\000i\000t\000i\000v\000e\000\040\000B\000u\000s\000i\000n\000e\000s\000s\000\040\000F\000l\000o\000w\000s}{section.17.2}% 830
\BOOKMARK [2][]{subsection.17.2.9}{\376\377\0001\0007\000.\0002\000.\0009\000\040\000A\000P\000I\0007\000:\0002\0000\0002\0003\000\040\040\024\000\040\000S\000e\000r\000v\000e\000r\000-\000S\000i\000d\000e\000\040\000R\000e\000q\000u\000e\000s\000t\000\040\000F\000o\000r\000g\000e\000r\000y\000\040\000\050\000S\000S\000R\000F\000\051}{section.17.2}% 831
\BOOKMARK [2][]{subsection.17.2.10}{\376\377\0001\0007\000.\0002\000.\0001\0000\000\040\000A\000P\000I\0008\000:\0002\0000\0002\0003\000\040\040\024\000\040\000S\000e\000c\000u\000r\000i\000t\000y\000\040\000M\000i\000s\000c\000o\000n\000f\000i\000g\000u\000r\000a\000t\000i\000o\000n}{section.17.2}% 832
\BOOKMARK [2][]{subsection.17.2.11}{\376\377\0001\0007\000.\0002\000.\0001\0001\000\040\000A\000P\000I\0009\000:\0002\0000\0002\0003\000\040\040\024\000\040\000I\000m\000p\000r\000o\000p\000e\000r\000\040\000I\000n\000v\000e\000n\000t\000o\000r\000y\000\040\000M\000a\000n\000a\000g\000e\000m\000e\000n\000t}{section.17.2}% 833
\BOOKMARK [2][]{subsection.17.2.12}{\376\377\0001\0007\000.\0002\000.\0001\0002\000\040\000A\000P\000I\0001\0000\000:\0002\0000\0002\0003\000\040\040\024\000\040\000U\000n\000s\000a\000f\000e\000\040\000C\000o\000n\000s\000u\000m\000p\000t\000i\000o\000n\000\040\000o\000f\000\040\000A\000P\000I\000s}{section.17.2}% 834
\BOOKMARK [2][]{subsection.17.2.13}{\376\377\0001\0007\000.\0002\000.\0001\0003\000\040\000S\000e\000r\000v\000e\000r\000-\000S\000i\000d\000e\000\040\000O\000A\000u\000t\000h\000\040\0002\000.\0000\000\040\000\046\000\040\000O\000I\000D\000C\000:\000\040\000T\000h\000e\000\040\000T\000o\000k\000e\000n\000\040\000V\000a\000l\000i\000d\000a\000t\000i\000o\000n\000\040\000P\000i\000p\000e\000l\000i\000n\000e}{section.17.2}% 835
\BOOKMARK [2][]{subsection.17.2.14}{\376\377\0001\0007\000.\0002\000.\0001\0004\000\040\000m\000T\000L\000S\000\040\000f\000o\000r\000\040\000S\000e\000r\000v\000i\000c\000e\000\040\000I\000d\000e\000n\000t\000i\000t\000y}{section.17.2}% 836
\BOOKMARK [2][]{subsection.17.2.15}{\376\377\0001\0007\000.\0002\000.\0001\0005\000\040\000T\000h\000r\000e\000a\000t\000\040\000M\000o\000d\000e\000l\000i\000n\000g\000\040\000A\000P\000I\000s}{section.17.2}% 837
\BOOKMARK [2][]{subsection.17.2.16}{\376\377\0001\0007\000.\0002\000.\0001\0006\000\040\000I\000n\000j\000e\000c\000t\000i\000o\000n\000\040\000a\000n\000d\000\040\000I\000n\000p\000u\000t\000\040\000A\000t\000t\000a\000c\000k\000s}{section.17.2}% 838
\BOOKMARK [2][]{subsection.17.2.17}{\376\377\0001\0007\000.\0002\000.\0001\0007\000\040\000S\000S\000R\000F\000\040\000D\000e\000f\000e\000n\000s\000e\000-\000i\000n\000-\000D\000e\000p\000t\000h}{section.17.2}% 839
\BOOKMARK [2][]{subsection.17.2.18}{\376\377\0001\0007\000.\0002\000.\0001\0008\000\040\000R\000e\000s\000p\000o\000n\000s\000e\000\040\000S\000e\000c\000u\000r\000i\000t\000y}{section.17.2}% 840
\BOOKMARK [2][]{subsection.17.2.19}{\376\377\0001\0007\000.\0002\000.\0001\0009\000\040\000S\000e\000c\000r\000e\000t\000s\000\040\000M\000a\000n\000a\000g\000e\000m\000e\000n\000t}{section.17.2}% 841
\BOOKMARK [1][]{section.17.3}{\376\377\0001\0007\000.\0003\000\040\000P\000r\000o\000d\000u\000c\000t\000i\000o\000n\000-\000R\000e\000a\000d\000y\000\040\000C\000o\000d\000e\000\040\000I\000m\000p\000l\000e\000m\000e\000n\000t\000a\000t\000i\000o\000n}{chapter.17}% 842
\BOOKMARK [2][]{subsection.17.3.1}{\376\377\0001\0007\000.\0003\000.\0001\000\040\000L\000i\000s\000t\000i\000n\000g\000\040\0001\0006\000.\0001\000\040\040\024\000\040\000S\000i\000m\000u\000l\000a\000t\000e\000d\000\040\000N\000e\000t\000w\000o\000r\000k\000\040\000\050\000f\000a\000k\000e\000\137\000n\000e\000t\000w\000o\000r\000k\000.\000p\000y\000\051}{section.17.3}% 843
\BOOKMARK [2][]{subsection.17.3.2}{\376\377\0001\0007\000.\0003\000.\0002\000\040\000L\000i\000s\000t\000i\000n\000g\000\040\0001\0006\000.\0002\000\040\040\024\000\040\000L\000o\000c\000a\000l\000\040\000J\000W\000K\000S\000\040\000F\000i\000x\000t\000u\000r\000e\000\040\000\050\000j\000w\000k\000s\000\137\000f\000i\000x\000t\000u\000r\000e\000.\000p\000y\000\051}{section.17.3}% 844
\BOOKMARK [2][]{subsection.17.3.3}{\376\377\0001\0007\000.\0003\000.\0003\000\040\000L\000i\000s\000t\000i\000n\000g\000\040\0001\0006\000.\0003\000\040\040\024\000\040\000T\000h\000e\000\040\000D\000e\000l\000i\000b\000e\000r\000a\000t\000e\000l\000y\000\040\000V\000u\000l\000n\000e\000r\000a\000b\000l\000e\000\040\000A\000P\000I\000\040\000\050\000v\000u\000l\000n\000e\000r\000a\000b\000l\000e\000\137\000a\000p\000p\000.\000p\000y\000\051}{section.17.3}% 845
\BOOKMARK [2][]{subsection.17.3.4}{\376\377\0001\0007\000.\0003\000.\0004\000\040\000L\000i\000s\000t\000i\000n\000g\000\040\0001\0006\000.\0004\000\040\040\024\000\040\000T\000h\000e\000\040\000H\000a\000r\000d\000e\000n\000e\000d\000\040\000A\000P\000I\000\040\000\050\000h\000a\000r\000d\000e\000n\000e\000d\000\137\000a\000p\000p\000.\000p\000y\000\051}{section.17.3}% 846
\BOOKMARK [2][]{subsection.17.3.5}{\376\377\0001\0007\000.\0003\000.\0005\000\040\000L\000i\000s\000t\000i\000n\000g\000\040\0001\0006\000.\0005\000\040\040\024\000\040\000T\000o\000k\000e\000n\000\040\000V\000a\000l\000i\000d\000a\000t\000i\000o\000n\000\040\000M\000i\000d\000d\000l\000e\000w\000a\000r\000e\000\040\000\050\000t\000o\000k\000e\000n\000\137\000v\000a\000l\000i\000d\000a\000t\000i\000o\000n\000.\000p\000y\000\051}{section.17.3}% 847
\BOOKMARK [2][]{subsection.17.3.6}{\376\377\0001\0007\000.\0003\000.\0006\000\040\000L\000i\000s\000t\000i\000n\000g\000\040\0001\0006\000.\0006\000\040\040\024\000\040\000A\000u\000t\000h\000o\000r\000i\000z\000a\000t\000i\000o\000n\000\040\000G\000u\000a\000r\000d\000s\000\040\000\050\000a\000u\000t\000h\000z\000.\000p\000y\000\051}{section.17.3}% 848
\BOOKMARK [2][]{subsection.17.3.7}{\376\377\0001\0007\000.\0003\000.\0007\000\040\000L\000i\000s\000t\000i\000n\000g\000\040\0001\0006\000.\0007\000\040\040\024\000\040\000S\000S\000R\000F\000-\000S\000a\000f\000e\000\040\000O\000u\000t\000b\000o\000u\000n\000d\000\040\000F\000e\000t\000c\000h\000e\000r\000\040\000\050\000s\000s\000r\000f\000\137\000f\000e\000t\000c\000h\000e\000r\000.\000p\000y\000\051}{section.17.3}% 849
\BOOKMARK [2][]{subsection.17.3.8}{\376\377\0001\0007\000.\0003\000.\0008\000\040\000L\000i\000s\000t\000i\000n\000g\000\040\0001\0006\000.\0008\000\040\040\024\000\040\000S\000T\000R\000I\000D\000E\000\040\000W\000o\000r\000k\000s\000h\000e\000e\000t\000\040\000G\000e\000n\000e\000r\000a\000t\000o\000r\000\040\000\050\000s\000t\000r\000i\000d\000e\000\137\000w\000o\000r\000k\000s\000h\000e\000e\000t\000.\000p\000y\000\051}{section.17.3}% 850
\BOOKMARK [2][]{subsection.17.3.9}{\376\377\0001\0007\000.\0003\000.\0009\000\040\000L\000i\000s\000t\000i\000n\000g\000\040\0001\0006\000.\0009\000\040\040\024\000\040\000E\000x\000p\000l\000o\000i\000t\000\040\000S\000u\000i\000t\000e\000\040\000W\000i\000r\000i\000n\000g\000\040\000\050\000c\000o\000n\000f\000t\000e\000s\000t\000.\000p\000y\000\051}{section.17.3}% 851
\BOOKMARK [2][]{subsection.17.3.10}{\376\377\0001\0007\000.\0003\000.\0001\0000\000\040\000L\000i\000s\000t\000i\000n\000g\000\040\0001\0006\000.\0001\0000\000\040\040\024\000\040\000T\000h\000e\000\040\000E\000x\000p\000l\000o\000i\000t\000\040\000S\000u\000i\000t\000e\000\040\000\050\000t\000e\000s\000t\000\137\000e\000x\000p\000l\000o\000i\000t\000\137\000s\000u\000i\000t\000e\000.\000p\000y\000\051}{section.17.3}% 852
\BOOKMARK [2][]{subsection.17.3.11}{\376\377\0001\0007\000.\0003\000.\0001\0001\000\040\000L\000i\000s\000t\000i\000n\000g\000s\000\040\0001\0006\000.\0001\0001\040\023\0001\0006\000.\0001\0003\000\040\040\024\000\040\000L\000i\000b\000r\000a\000r\000y\000\040\000T\000e\000s\000t\000\040\000S\000u\000i\000t\000e\000s}{section.17.3}% 853
\BOOKMARK [1][]{section.17.4}{\376\377\0001\0007\000.\0004\000\040\000C\000o\000m\000m\000o\000n\000\040\000P\000i\000t\000f\000a\000l\000l\000s\000\040\000\046\000\040\000A\000n\000t\000i\000-\000P\000a\000t\000t\000e\000r\000n\000s}{chapter.17}% 854
\BOOKMARK [1][]{section.17.5}{\376\377\0001\0007\000.\0005\000\040\000H\000a\000n\000d\000s\000-\000O\000n\000\040\000P\000r\000o\000d\000u\000c\000t\000i\000o\000n\000\040\000L\000a\000b\000\040\000\046\000\040\000R\000e\000a\000l\000-\000W\000o\000r\000l\000d\000\040\000C\000a\000s\000e\000\040\000S\000t\000u\000d\000y}{chapter.17}% 855
\BOOKMARK [2][]{subsection.17.5.1}{\376\377\0001\0007\000.\0005\000.\0001\000\040\000L\000a\000b\000:\000\040\000T\000h\000e\000\040\000E\000x\000p\000l\000o\000i\000t\000-\000T\000h\000e\000n\000-\000F\000i\000x\000\040\000G\000a\000u\000n\000t\000l\000e\000t}{section.17.5}% 856
\BOOKMARK [2][]{subsection.17.5.2}{\376\377\0001\0007\000.\0005\000.\0002\000\040\000W\000a\000r\000\040\000S\000t\000o\000r\000y\000:\000\040\000T\000h\000e\000\040\000B\000O\000L\000A\000\040\000B\000r\000e\000a\000c\000h\000\040\000T\000h\000a\000t\000\040\000W\000a\000l\000k\000e\000d\000\040\000t\000h\000e\000\040\000P\000r\000i\000m\000a\000r\000y\000\040\000K\000e\000y\000s}{section.17.5}% 857
\BOOKMARK [1][]{section.17.6}{\376\377\0001\0007\000.\0006\000\040\000S\000e\000l\000f\000-\000A\000s\000s\000e\000s\000s\000m\000e\000n\000t\000\040\000E\000x\000e\000r\000c\000i\000s\000e\000s\000\040\000\046\000\040\000D\000e\000e\000p\000-\000D\000i\000v\000e\000\040\000Q\000u\000e\000s\000t\000i\000o\000n\000s}{chapter.17}% 858
\BOOKMARK [1][]{section.17.7}{\376\377\0001\0007\000.\0007\000\040\000I\000n\000t\000e\000r\000v\000i\000e\000w\000\040\000Q\000\046\000A\000\040\000V\000a\000u\000l\000t}{chapter.17}% 859
\BOOKMARK [1][]{section.17.8}{\376\377\0001\0007\000.\0008\000\040\000E\000x\000t\000e\000r\000n\000a\000l\000\040\000B\000i\000b\000l\000i\000o\000g\000r\000a\000p\000h\000y\000\040\000\046\000\040\000F\000u\000r\000t\000h\000e\000r\000\040\000R\000e\000a\000d\000i\000n\000g}{chapter.17}% 860
\BOOKMARK [1][]{section.17.9}{\376\377\0001\0007\000.\0009\000\040\000C\000a\000p\000s\000t\000o\000n\000e\000\040\000P\000r\000o\000j\000e\000c\000t\000s}{chapter.17}% 861
\BOOKMARK [1][]{section.17.10}{\376\377\0001\0007\000.\0001\0000\000\040\000P\000y\000t\000h\000o\000n\000\040\000D\000e\000p\000e\000n\000d\000e\000n\000c\000i\000e\000s\000\040\000A\000p\000p\000e\000n\000d\000i\000x}{chapter.17}% 862
\BOOKMARK [2][]{subsection.17.10.1}{\376\377\0001\0007\000.\0001\0000\000.\0001\000\040\000f\000a\000s\000t\000a\000p\000i}{section.17.10}% 863
\BOOKMARK [2][]{subsection.17.10.2}{\376\377\0001\0007\000.\0001\0000\000.\0002\000\040\000p\000y\000j\000w\000t\000[\000c\000r\000y\000p\000t\000o\000]}{section.17.10}% 864
\BOOKMARK [2][]{subsection.17.10.3}{\376\377\0001\0007\000.\0001\0000\000.\0003\000\040\000h\000t\000t\000p\000x}{section.17.10}% 865
\BOOKMARK [2][]{subsection.17.10.4}{\376\377\0001\0007\000.\0001\0000\000.\0004\000\040\000p\000y\000t\000e\000s\000t}{section.17.10}% 866
\BOOKMARK [2][]{subsection.17.10.5}{\376\377\0001\0007\000.\0001\0000\000.\0005\000\040\000p\000y\000d\000a\000n\000t\000i\000c}{section.17.10}% 867
\BOOKMARK [1][]{section.17.11}{\376\377\0001\0007\000.\0001\0001\000\040\000C\000h\000a\000p\000t\000e\000r\000\040\000S\000u\000m\000m\000a\000r\000y\000\040\000\046\000\040\000K\000e\000y\000\040\000T\000a\000k\000e\000a\000w\000a\000y\000s}{chapter.17}% 868
\BOOKMARK [1][]{section.17.12}{\376\377\0001\0007\000.\0001\0002\000\040\000Q\000u\000i\000c\000k\000-\000R\000e\000f\000e\000r\000e\000n\000c\000e\000\040\000C\000a\000r\000d}{chapter.17}% 869
\BOOKMARK [1][]{section.17.13}{\376\377\0001\0007\000.\0001\0003\000\040\000S\000t\000a\000n\000d\000a\000r\000d\000i\000z\000e\000d\000\040\000E\000v\000i\000d\000e\000n\000c\000e\000\040\000A\000d\000d\000e\000n\000d\000u\000m}{chapter.17}% 870
\BOOKMARK [2][]{subsection.17.13.1}{\376\377\0001\0007\000.\0001\0003\000.\0001\000\040\000B\000e\000n\000c\000h\000m\000a\000r\000k\000\040\000S\000n\000a\000p\000s\000h\000o\000t\000\040\000T\000e\000m\000p\000l\000a\000t\000e}{section.17.13}% 871
\BOOKMARK [2][]{subsection.17.13.2}{\376\377\0001\0007\000.\0001\0003\000.\0002\000\040\000R\000e\000q\000u\000e\000s\000t\000\040\000T\000r\000a\000c\000e\000\040\000T\000e\000m\000p\000l\000a\000t\000e}{section.17.13}% 872
\BOOKMARK [2][]{subsection.17.13.3}{\376\377\0001\0007\000.\0001\0003\000.\0003\000\040\000C\000o\000s\000t\000\040\000a\000n\000d\000\040\000L\000a\000t\000e\000n\000c\000y\000\040\000B\000u\000d\000g\000e\000t\000\040\000S\000n\000a\000p\000s\000h\000o\000t}{section.17.13}% 873
\BOOKMARK [1][]{section.17.14}{\376\377\0001\0007\000.\0001\0004\000\040\000C\000o\000n\000f\000i\000g\000u\000r\000a\000t\000i\000o\000n\000\040\000P\000r\000e\000s\000e\000t\000\040\000T\000e\000m\000p\000l\000a\000t\000e}{chapter.17}% 874
\BOOKMARK [1][]{section.17.15}{\376\377\0001\0007\000.\0001\0005\000\040\000C\000I\000\040\000Q\000u\000a\000l\000i\000t\000y\000\040\000G\000a\000t\000e\000\040\000S\000p\000e\000c\000i\000f\000i\000c\000a\000t\000i\000o\000n}{chapter.17}% 875
\BOOKMARK [1][]{section.17.16}{\376\377\0001\0007\000.\0001\0006\000\040\000I\000n\000c\000i\000d\000e\000n\000t\000\040\000R\000u\000n\000b\000o\000o\000k\000\040\000T\000e\000m\000p\000l\000a\000t\000e}{chapter.17}% 876
\BOOKMARK [1][]{section.17.17}{\376\377\0001\0007\000.\0001\0007\000\040\000C\000r\000o\000s\000s\000-\000C\000h\000a\000p\000t\000e\000r\000\040\000D\000e\000c\000i\000s\000i\000o\000n\000\040\000C\000a\000r\000d}{chapter.17}% 877
\BOOKMARK [1][]{section.17.18}{\376\377\0001\0007\000.\0001\0008\000\040\000R\000O\000I\000\040\000M\000o\000d\000e\000l\000\040\000a\000n\000d\000\040\000B\000u\000i\000l\000d\000-\000v\000s\000-\000B\000u\000y}{chapter.17}% 878
\BOOKMARK [1][]{section.17.19}{\376\377\0001\0007\000.\0001\0009\000\040\000D\000i\000s\000a\000s\000t\000e\000r\000\040\000R\000e\000c\000o\000v\000e\000r\000y\000\040\000N\000o\000t\000e\000s\000\040\000\050\000R\000P\000O\000/\000R\000T\000O\000\051}{chapter.17}% 879
\BOOKMARK [0][]{chapter.18}{\376\377\0001\0008\000\040\000D\000e\000p\000l\000o\000y\000m\000e\000n\000t\000\040\000\046\000\040\000I\000n\000f\000r\000a\000s\000t\000r\000u\000c\000t\000u\000r\000e\000:\000\040\000C\000o\000n\000t\000a\000i\000n\000e\000r\000s\000,\000\040\000G\000a\000t\000e\000w\000a\000y\000s\000\040\000\046\000\040\000E\000d\000g\000e}{}% 880
\BOOKMARK [1][]{section.18.1}{\376\377\0001\0008\000.\0001\000\040\000L\000e\000a\000r\000n\000i\000n\000g\000\040\000O\000b\000j\000e\000c\000t\000i\000v\000e\000s\000\040\000\046\000\040\000P\000r\000e\000r\000e\000q\000u\000i\000s\000i\000t\000e\000s}{chapter.18}% 881
\BOOKMARK [1][]{section.18.2}{\376\377\0001\0008\000.\0002\000\040\000D\000e\000e\000p\000\040\000T\000e\000c\000h\000n\000i\000c\000a\000l\000\040\000M\000e\000c\000h\000a\000n\000i\000c\000s\000\040\000\046\000\040\000A\000r\000c\000h\000i\000t\000e\000c\000t\000u\000r\000a\000l\000\040\000C\000o\000n\000c\000e\000p\000t\000s}{chapter.18}% 882
\BOOKMARK [2][]{subsection.18.2.1}{\376\377\0001\0008\000.\0002\000.\0001\000\040\000T\000h\000e\000\040\000I\000m\000m\000u\000t\000a\000b\000l\000e\000\040\000A\000r\000t\000i\000f\000a\000c\000t\000:\000\040\000W\000h\000a\000t\000\040\000a\000\040\000C\000o\000n\000t\000a\000i\000n\000e\000r\000\040\000I\000m\000a\000g\000e\000\040\000A\000c\000t\000u\000a\000l\000l\000y\000\040\000I\000s}{section.18.2}% 883
\BOOKMARK [2][]{subsection.18.2.2}{\376\377\0001\0008\000.\0002\000.\0002\000\040\000P\000r\000o\000c\000e\000s\000s\000\040\000D\000i\000s\000c\000i\000p\000l\000i\000n\000e\000:\000\040\000P\000I\000D\000\040\0001\000,\000\040\000S\000i\000g\000n\000a\000l\000s\000,\000\040\000a\000n\000d\000\040\000t\000h\000e\000\040\000F\000o\000u\000r\000-\000A\000c\000t\000\040\000S\000h\000u\000t\000d\000o\000w\000n}{section.18.2}% 884
\BOOKMARK [2][]{subsection.18.2.3}{\376\377\0001\0008\000.\0002\000.\0003\000\040\000T\000h\000e\000\040\000A\000P\000I\000\040\000G\000a\000t\000e\000w\000a\000y\000:\000\040\000P\000o\000l\000i\000c\000y\000\040\000E\000n\000f\000o\000r\000c\000e\000m\000e\000n\000t\000\040\000P\000o\000i\000n\000t\000\040\000f\000o\000r\000\040\000N\000o\000r\000t\000h\000-\000S\000o\000u\000t\000h\000\040\000T\000r\000a\000f\000f\000i\000c}{section.18.2}% 885
\BOOKMARK [2][]{subsection.18.2.4}{\376\377\0001\0008\000.\0002\000.\0004\000\040\000K\000u\000b\000e\000r\000n\000e\000t\000e\000s\000\040\000f\000o\000r\000\040\000A\000P\000I\000s\000:\000\040\000T\000h\000e\000\040\000S\000e\000m\000a\000n\000t\000i\000c\000s\000\040\000T\000h\000a\000t\000\040\000B\000i\000t\000e}{section.18.2}% 886
\BOOKMARK [2][]{subsection.18.2.5}{\376\377\0001\0008\000.\0002\000.\0005\000\040\000P\000r\000o\000g\000r\000e\000s\000s\000i\000v\000e\000\040\000D\000e\000l\000i\000v\000e\000r\000y\000:\000\040\000M\000i\000g\000r\000a\000t\000i\000n\000g\000\040\000T\000r\000a\000f\000f\000i\000c\000,\000\040\000N\000o\000t\000\040\000V\000e\000r\000s\000i\000o\000n\000s}{section.18.2}% 887
\BOOKMARK [2][]{subsection.18.2.6}{\376\377\0001\0008\000.\0002\000.\0006\000\040\000E\000d\000g\000e\000\040\000\046\000\040\000T\000L\000S\000:\000\040\000W\000h\000e\000r\000e\000\040\000B\000y\000t\000e\000s\000\040\000G\000e\000t\000\040\000T\000e\000r\000m\000i\000n\000a\000t\000e\000d}{section.18.2}% 888
\BOOKMARK [1][]{section.18.3}{\376\377\0001\0008\000.\0003\000\040\000P\000r\000o\000d\000u\000c\000t\000i\000o\000n\000-\000R\000e\000a\000d\000y\000\040\000C\000o\000d\000e\000\040\000I\000m\000p\000l\000e\000m\000e\000n\000t\000a\000t\000i\000o\000n}{chapter.18}% 889
\BOOKMARK [2][]{subsection.18.3.1}{\376\377\0001\0008\000.\0003\000.\0001\000\040\000L\000i\000s\000t\000i\000n\000g\000\040\0001\0007\000.\0001\000\040\040\024\000\040\000P\000r\000o\000d\000u\000c\000t\000i\000o\000n\000\040\000M\000u\000l\000t\000i\000-\000S\000t\000a\000g\000e\000\040\000D\000o\000c\000k\000e\000r\000f\000i\000l\000e}{section.18.3}% 890
\BOOKMARK [2][]{subsection.18.3.2}{\376\377\0001\0008\000.\0003\000.\0002\000\040\000L\000i\000s\000t\000i\000n\000g\000\040\0001\0007\000.\0002\000\040\040\024\000\040\000K\000u\000b\000e\000r\000n\000e\000t\000e\000s\000\040\000M\000a\000n\000i\000f\000e\000s\000t\000\040\000S\000e\000t\000\040\000\050\000R\000e\000v\000i\000e\000w\000e\000d\000,\000\040\000N\000o\000t\000\040\000A\000p\000p\000l\000i\000e\000d\000\051}{section.18.3}% 891
\BOOKMARK [2][]{subsection.18.3.3}{\376\377\0001\0008\000.\0003\000.\0003\000\040\000L\000i\000s\000t\000i\000n\000g\000\040\0001\0007\000.\0003\000\040\040\024\000\040\000T\000h\000e\000\040\000S\000e\000r\000v\000e\000r\000\040\000U\000n\000d\000e\000r\000\040\000T\000e\000s\000t\000\040\000\050\000o\000r\000d\000e\000r\000s\000\137\000s\000e\000r\000v\000e\000r\000.\000p\000y\000\051}{section.18.3}% 892
\BOOKMARK [2][]{subsection.18.3.4}{\376\377\0001\0008\000.\0003\000.\0004\000\040\000L\000i\000s\000t\000i\000n\000g\000\040\0001\0007\000.\0004\000\040\040\024\000\040\000T\000h\000e\000\040\000G\000r\000a\000c\000e\000f\000u\000l\000-\000S\000h\000u\000t\000d\000o\000w\000n\000\040\000P\000r\000o\000o\000f\000\040\000\050\000s\000h\000u\000t\000d\000o\000w\000n\000\137\000d\000e\000m\000o\000.\000p\000y\000\051}{section.18.3}% 893
\BOOKMARK [2][]{subsection.18.3.5}{\376\377\0001\0008\000.\0003\000.\0005\000\040\000L\000i\000s\000t\000i\000n\000g\000\040\0001\0007\000.\0005\000\040\040\024\000\040\000P\000r\000o\000b\000e\000-\000S\000e\000m\000a\000n\000t\000i\000c\000s\000\040\000S\000i\000m\000u\000l\000a\000t\000o\000r\000\040\000\050\000p\000r\000o\000b\000e\000\137\000s\000i\000m\000u\000l\000a\000t\000o\000r\000.\000p\000y\000\051}{section.18.3}% 894
\BOOKMARK [2][]{subsection.18.3.6}{\376\377\0001\0008\000.\0003\000.\0006\000\040\000L\000i\000s\000t\000i\000n\000g\000\040\0001\0007\000.\0006\000\040\040\024\000\040\000C\000a\000n\000a\000r\000y\000\040\000A\000n\000a\000l\000y\000z\000e\000r\000\040\000\050\000c\000a\000n\000a\000r\000y\000\137\000a\000n\000a\000l\000y\000s\000i\000s\000.\000p\000y\000\051}{section.18.3}% 895
\BOOKMARK [1][]{section.18.4}{\376\377\0001\0008\000.\0004\000\040\000C\000o\000m\000m\000o\000n\000\040\000P\000i\000t\000f\000a\000l\000l\000s\000\040\000\046\000\040\000A\000n\000t\000i\000-\000P\000a\000t\000t\000e\000r\000n\000s}{chapter.18}% 896
\BOOKMARK [1][]{section.18.5}{\376\377\0001\0008\000.\0005\000\040\000H\000a\000n\000d\000s\000-\000O\000n\000\040\000P\000r\000o\000d\000u\000c\000t\000i\000o\000n\000\040\000L\000a\000b\000\040\000\046\000\040\000R\000e\000a\000l\000-\000W\000o\000r\000l\000d\000\040\000C\000a\000s\000e\000\040\000S\000t\000u\000d\000y}{chapter.18}% 897
\BOOKMARK [2][]{subsection.18.5.1}{\376\377\0001\0008\000.\0005\000.\0001\000\040\000L\000a\000b\000:\000\040\000S\000i\000g\000n\000a\000l\000s\000,\000\040\000P\000r\000o\000b\000e\000s\000,\000\040\000a\000n\000d\000\040\000a\000\040\000M\000a\000n\000i\000f\000e\000s\000t\000\040\000D\000e\000s\000i\000g\000n\000\040\000R\000e\000v\000i\000e\000w}{section.18.5}% 898
\BOOKMARK [2][]{subsection.18.5.2}{\376\377\0001\0008\000.\0005\000.\0002\000\040\000C\000a\000s\000e\000\040\000S\000t\000u\000d\000y\000:\000\040\000T\000h\000e\000\040\000R\000o\000l\000l\000i\000n\000g\000\040\000D\000e\000p\000l\000o\000y\000\040\000T\000h\000a\000t\000\040\000D\000r\000o\000p\000p\000e\000d\000\040\000I\000n\000-\000F\000l\000i\000g\000h\000t\000\040\000R\000e\000q\000u\000e\000s\000t\000s}{section.18.5}% 899
\BOOKMARK [1][]{section.18.6}{\376\377\0001\0008\000.\0006\000\040\000S\000e\000l\000f\000-\000A\000s\000s\000e\000s\000s\000m\000e\000n\000t\000\040\000E\000x\000e\000r\000c\000i\000s\000e\000s\000\040\000\046\000\040\000D\000e\000e\000p\000-\000D\000i\000v\000e\000\040\000Q\000u\000e\000s\000t\000i\000o\000n\000s}{chapter.18}% 900
\BOOKMARK [1][]{section.18.7}{\376\377\0001\0008\000.\0007\000\040\000I\000n\000t\000e\000r\000v\000i\000e\000w\000\040\000Q\000\046\000A\000\040\000V\000a\000u\000l\000t}{chapter.18}% 901
\BOOKMARK [1][]{section.18.8}{\376\377\0001\0008\000.\0008\000\040\000E\000x\000t\000e\000r\000n\000a\000l\000\040\000B\000i\000b\000l\000i\000o\000g\000r\000a\000p\000h\000y\000\040\000\046\000\040\000F\000u\000r\000t\000h\000e\000r\000\040\000R\000e\000a\000d\000i\000n\000g}{chapter.18}% 902
\BOOKMARK [1][]{section.18.9}{\376\377\0001\0008\000.\0009\000\040\000C\000a\000p\000s\000t\000o\000n\000e\000\040\000P\000r\000o\000j\000e\000c\000t\000s}{chapter.18}% 903
\BOOKMARK [1][]{section.18.10}{\376\377\0001\0008\000.\0001\0000\000\040\000P\000y\000t\000h\000o\000n\000\040\000D\000e\000p\000e\000n\000d\000e\000n\000c\000i\000e\000s\000\040\000A\000p\000p\000e\000n\000d\000i\000x}{chapter.18}% 904
\BOOKMARK [2][]{subsection.18.10.1}{\376\377\0001\0008\000.\0001\0000\000.\0001\000\040\000f\000a\000s\000t\000a\000p\000i\000\040\000\050\000\040\0000\000.\0001\0001\0000\000\051}{section.18.10}% 905
\BOOKMARK [2][]{subsection.18.10.2}{\376\377\0001\0008\000.\0001\0000\000.\0002\000\040\000u\000v\000i\000c\000o\000r\000n\000\040\000\050\000\040\0000\000.\0002\0009\000\051}{section.18.10}% 906
\BOOKMARK [2][]{subsection.18.10.3}{\376\377\0001\0008\000.\0001\0000\000.\0003\000\040\000h\000t\000t\000p\000x\000\040\000\050\000\040\0000\000.\0002\0007\000\051}{section.18.10}% 907
\BOOKMARK [2][]{subsection.18.10.4}{\376\377\0001\0008\000.\0001\0000\000.\0004\000\040\000p\000y\000t\000e\000s\000t\000\040\000\050\000\040\0008\000\051}{section.18.10}% 908
\BOOKMARK [2][]{subsection.18.10.5}{\376\377\0001\0008\000.\0001\0000\000.\0005\000\040\000p\000y\000y\000a\000m\000l\000\040\000\050\000\040\0006\000.\0000\000\051}{section.18.10}% 909
\BOOKMARK [1][]{section.18.11}{\376\377\0001\0008\000.\0001\0001\000\040\000C\000h\000a\000p\000t\000e\000r\000\040\000S\000u\000m\000m\000a\000r\000y\000\040\000\046\000\040\000K\000e\000y\000\040\000T\000a\000k\000e\000a\000w\000a\000y\000s}{chapter.18}% 910
\BOOKMARK [1][]{section.18.12}{\376\377\0001\0008\000.\0001\0002\000\040\000Q\000u\000i\000c\000k\000-\000R\000e\000f\000e\000r\000e\000n\000c\000e\000\040\000C\000a\000r\000d}{chapter.18}% 911
\BOOKMARK [1][]{section.18.13}{\376\377\0001\0008\000.\0001\0003\000\040\000S\000t\000a\000n\000d\000a\000r\000d\000i\000z\000e\000d\000\040\000E\000v\000i\000d\000e\000n\000c\000e\000\040\000A\000d\000d\000e\000n\000d\000u\000m}{chapter.18}% 912
\BOOKMARK [2][]{subsection.18.13.1}{\376\377\0001\0008\000.\0001\0003\000.\0001\000\040\000B\000e\000n\000c\000h\000m\000a\000r\000k\000\040\000S\000n\000a\000p\000s\000h\000o\000t\000\040\000T\000e\000m\000p\000l\000a\000t\000e}{section.18.13}% 913
\BOOKMARK [2][]{subsection.18.13.2}{\376\377\0001\0008\000.\0001\0003\000.\0002\000\040\000R\000e\000q\000u\000e\000s\000t\000\040\000T\000r\000a\000c\000e\000\040\000T\000e\000m\000p\000l\000a\000t\000e}{section.18.13}% 914
\BOOKMARK [2][]{subsection.18.13.3}{\376\377\0001\0008\000.\0001\0003\000.\0003\000\040\000C\000o\000s\000t\000\040\000a\000n\000d\000\040\000L\000a\000t\000e\000n\000c\000y\000\040\000B\000u\000d\000g\000e\000t\000\040\000S\000n\000a\000p\000s\000h\000o\000t}{section.18.13}% 915
\BOOKMARK [1][]{section.18.14}{\376\377\0001\0008\000.\0001\0004\000\040\000C\000o\000n\000f\000i\000g\000u\000r\000a\000t\000i\000o\000n\000\040\000P\000r\000e\000s\000e\000t\000\040\000T\000e\000m\000p\000l\000a\000t\000e}{chapter.18}% 916
\BOOKMARK [1][]{section.18.15}{\376\377\0001\0008\000.\0001\0005\000\040\000C\000I\000\040\000Q\000u\000a\000l\000i\000t\000y\000\040\000G\000a\000t\000e\000\040\000S\000p\000e\000c\000i\000f\000i\000c\000a\000t\000i\000o\000n}{chapter.18}% 917
\BOOKMARK [1][]{section.18.16}{\376\377\0001\0008\000.\0001\0006\000\040\000I\000n\000c\000i\000d\000e\000n\000t\000\040\000R\000u\000n\000b\000o\000o\000k\000\040\000T\000e\000m\000p\000l\000a\000t\000e}{chapter.18}% 918
\BOOKMARK [1][]{section.18.17}{\376\377\0001\0008\000.\0001\0007\000\040\000C\000r\000o\000s\000s\000-\000C\000h\000a\000p\000t\000e\000r\000\040\000D\000e\000c\000i\000s\000i\000o\000n\000\040\000C\000a\000r\000d}{chapter.18}% 919
\BOOKMARK [1][]{section.18.18}{\376\377\0001\0008\000.\0001\0008\000\040\000R\000O\000I\000\040\000M\000o\000d\000e\000l\000\040\000a\000n\000d\000\040\000B\000u\000i\000l\000d\000-\000v\000s\000-\000B\000u\000y}{chapter.18}% 920
\BOOKMARK [1][]{section.18.19}{\376\377\0001\0008\000.\0001\0009\000\040\000D\000i\000s\000a\000s\000t\000e\000r\000\040\000R\000e\000c\000o\000v\000e\000r\000y\000\040\000N\000o\000t\000e\000s\000\040\000\050\000R\000P\000O\000/\000R\000T\000O\000\051}{chapter.18}% 921
\BOOKMARK [0][]{chapter.19}{\376\377\0001\0009\000\040\000O\000b\000s\000e\000r\000v\000a\000b\000i\000l\000i\000t\000y\000\040\000\046\000\040\000S\000R\000E\000\040\000f\000o\000r\000\040\000A\000P\000I\000s}{}% 922
\BOOKMARK [1][]{section.19.1}{\376\377\0001\0009\000.\0001\000\040\000L\000e\000a\000r\000n\000i\000n\000g\000\040\000O\000b\000j\000e\000c\000t\000i\000v\000e\000s\000\040\000\046\000\040\000P\000r\000e\000r\000e\000q\000u\000i\000s\000i\000t\000e\000s}{chapter.19}% 923
\BOOKMARK [1][]{section.19.2}{\376\377\0001\0009\000.\0002\000\040\000D\000e\000e\000p\000\040\000T\000e\000c\000h\000n\000i\000c\000a\000l\000\040\000M\000e\000c\000h\000a\000n\000i\000c\000s\000\040\000\046\000\040\000A\000r\000c\000h\000i\000t\000e\000c\000t\000u\000r\000a\000l\000\040\000C\000o\000n\000c\000e\000p\000t\000s}{chapter.19}% 924
\BOOKMARK [2][]{subsection.19.2.1}{\376\377\0001\0009\000.\0002\000.\0001\000\040\000T\000h\000e\000\040\000T\000h\000r\000e\000e\000\040\000P\000i\000l\000l\000a\000r\000s\000,\000\040\000A\000p\000p\000l\000i\000e\000d\000\040\000t\000o\000\040\000A\000P\000I\000s}{section.19.2}% 925
\BOOKMARK [2][]{subsection.19.2.2}{\376\377\0001\0009\000.\0002\000.\0002\000\040\000O\000p\000e\000n\000T\000e\000l\000e\000m\000e\000t\000r\000y\000\040\000A\000r\000c\000h\000i\000t\000e\000c\000t\000u\000r\000e\000:\000\040\000A\000P\000I\000,\000\040\000S\000D\000K\000,\000\040\000E\000x\000p\000o\000r\000t\000e\000r\000,\000\040\000C\000o\000l\000l\000e\000c\000t\000o\000r}{section.19.2}% 926
\BOOKMARK [2][]{subsection.19.2.3}{\376\377\0001\0009\000.\0002\000.\0003\000\040\000T\000h\000e\000\040\000W\0003\000C\000\040\000T\000r\000a\000c\000e\000\040\000C\000o\000n\000t\000e\000x\000t\000:\000\040\000t\000r\000a\000c\000e\000p\000a\000r\000e\000n\000t\000,\000\040\000B\000y\000t\000e\000\040\000b\000y\000\040\000B\000y\000t\000e}{section.19.2}% 927
\BOOKMARK [2][]{subsection.19.2.4}{\376\377\0001\0009\000.\0002\000.\0004\000\040\000S\000p\000a\000n\000\040\000K\000i\000n\000d\000s\000\040\000a\000n\000d\000\040\000S\000e\000m\000a\000n\000t\000i\000c\000\040\000C\000o\000n\000v\000e\000n\000t\000i\000o\000n\000s\000\040\000f\000o\000r\000\040\000H\000T\000T\000P}{section.19.2}% 928
\BOOKMARK [2][]{subsection.19.2.5}{\376\377\0001\0009\000.\0002\000.\0005\000\040\000S\000a\000m\000p\000l\000i\000n\000g\000:\000\040\000H\000e\000a\000d\000,\000\040\000T\000a\000i\000l\000,\000\040\000a\000n\000d\000\040\000t\000h\000e\000\040\000E\000r\000r\000o\000r\000s\000\040\000Y\000o\000u\000\040\000C\000a\000n\000n\000o\000t\000\040\000A\000f\000f\000o\000r\000d\000\040\000t\000o\000\040\000L\000o\000s\000e}{section.19.2}% 929
\BOOKMARK [2][]{subsection.19.2.6}{\376\377\0001\0009\000.\0002\000.\0006\000\040\000M\000e\000t\000r\000i\000c\000s\000\040\000E\000n\000g\000i\000n\000e\000e\000r\000i\000n\000g\000:\000\040\000H\000i\000s\000t\000o\000g\000r\000a\000m\000s\000,\000\040\000P\000e\000r\000c\000e\000n\000t\000i\000l\000e\000s\000,\000\040\000C\000a\000r\000d\000i\000n\000a\000l\000i\000t\000y}{section.19.2}% 930
\BOOKMARK [2][]{subsection.19.2.7}{\376\377\0001\0009\000.\0002\000.\0007\000\040\000S\000L\000O\000\040\000E\000n\000g\000i\000n\000e\000e\000r\000i\000n\000g\000:\000\040\000S\000L\000I\000s\000,\000\040\000E\000r\000r\000o\000r\000\040\000B\000u\000d\000g\000e\000t\000s\000,\000\040\000B\000u\000r\000n\000\040\000R\000a\000t\000e\000s}{section.19.2}% 931
\BOOKMARK [2][]{subsection.19.2.8}{\376\377\0001\0009\000.\0002\000.\0008\000\040\000O\000p\000e\000r\000a\000t\000i\000o\000n\000a\000l\000\040\000P\000r\000a\000c\000t\000i\000c\000e\000:\000\040\000F\000r\000o\000m\000\040\000T\000e\000l\000e\000m\000e\000t\000r\000y\000\040\000t\000o\000\040\000R\000e\000s\000p\000o\000n\000s\000e}{section.19.2}% 932
\BOOKMARK [1][]{section.19.3}{\376\377\0001\0009\000.\0003\000\040\000P\000r\000o\000d\000u\000c\000t\000i\000o\000n\000-\000R\000e\000a\000d\000y\000\040\000C\000o\000d\000e\000\040\000I\000m\000p\000l\000e\000m\000e\000n\000t\000a\000t\000i\000o\000n}{chapter.19}% 933
\BOOKMARK [2][]{subsection.19.3.1}{\376\377\0001\0009\000.\0003\000.\0001\000\040\000L\000i\000s\000t\000i\000n\000g\000\040\0001\0008\000.\0001\000\040\040\024\000\040\000T\000h\000e\000\040\000W\0003\000C\000\040\000T\000r\000a\000c\000e\000\040\000C\000o\000n\000t\000e\000x\000t\000,\000\040\000b\000y\000\040\000H\000a\000n\000d}{section.19.3}% 934
\BOOKMARK [2][]{subsection.19.3.2}{\376\377\0001\0009\000.\0003\000.\0002\000\040\000L\000i\000s\000t\000i\000n\000g\000\040\0001\0008\000.\0002\000\040\040\024\000\040\000T\000h\000e\000\040\000H\000e\000a\000d\000e\000r\000\040\000M\000e\000c\000h\000a\000n\000i\000c\000s\000,\000\040\000P\000r\000o\000v\000e\000n}{section.19.3}% 935
\BOOKMARK [2][]{subsection.19.3.3}{\376\377\0001\0009\000.\0003\000.\0003\000\040\000L\000i\000s\000t\000i\000n\000g\000\040\0001\0008\000.\0003\000\040\040\024\000\040\000A\000n\000\040\000I\000n\000s\000t\000r\000u\000m\000e\000n\000t\000e\000d\000\040\000F\000a\000s\000t\000A\000P\000I\000\040\000S\000e\000r\000v\000i\000c\000e\000,\000\040\000O\000f\000f\000l\000i\000n\000e}{section.19.3}% 936
\BOOKMARK [2][]{subsection.19.3.4}{\376\377\0001\0009\000.\0003\000.\0004\000\040\000L\000i\000s\000t\000i\000n\000g\000\040\0001\0008\000.\0004\000\040\040\024\000\040\000H\000i\000s\000t\000o\000g\000r\000a\000m\000s\000:\000\040\000P\000e\000r\000c\000e\000n\000t\000i\000l\000e\000s\000\040\000T\000h\000a\000t\000\040\000S\000u\000r\000v\000i\000v\000e\000\040\000t\000h\000e\000\040\000T\000a\000i\000l}{section.19.3}% 937
\BOOKMARK [2][]{subsection.19.3.5}{\376\377\0001\0009\000.\0003\000.\0005\000\040\000L\000i\000s\000t\000i\000n\000g\000\040\0001\0008\000.\0005\000\040\040\024\000\040\000T\000h\000e\000\040\000B\000u\000r\000n\000-\000R\000a\000t\000e\000\040\000S\000i\000m\000u\000l\000a\000t\000o\000r}{section.19.3}% 938
\BOOKMARK [2][]{subsection.19.3.6}{\376\377\0001\0009\000.\0003\000.\0006\000\040\000L\000i\000s\000t\000i\000n\000g\000\040\0001\0008\000.\0006\000\040\040\024\000\040\000R\000u\000n\000b\000o\000o\000k\000\040\000a\000n\000d\000\040\000P\000o\000s\000t\000m\000o\000r\000t\000e\000m\000\040\000G\000e\000n\000e\000r\000a\000t\000o\000r}{section.19.3}% 939
\BOOKMARK [1][]{section.19.4}{\376\377\0001\0009\000.\0004\000\040\000C\000o\000m\000m\000o\000n\000\040\000P\000i\000t\000f\000a\000l\000l\000s\000\040\000\046\000\040\000A\000n\000t\000i\000-\000P\000a\000t\000t\000e\000r\000n\000s}{chapter.19}% 940
\BOOKMARK [1][]{section.19.5}{\376\377\0001\0009\000.\0005\000\040\000H\000a\000n\000d\000s\000-\000O\000n\000\040\000P\000r\000o\000d\000u\000c\000t\000i\000o\000n\000\040\000L\000a\000b\000\040\000\046\000\040\000R\000e\000a\000l\000-\000W\000o\000r\000l\000d\000\040\000C\000a\000s\000e\000\040\000S\000t\000u\000d\000y}{chapter.19}% 941
\BOOKMARK [2][]{subsection.19.5.1}{\376\377\0001\0009\000.\0005\000.\0001\000\040\000C\000a\000s\000e\000\040\000S\000t\000u\000d\000y\000:\000\040\000T\000h\000e\000\040\000I\000n\000v\000i\000s\000i\000b\000l\000e\000\040\000R\000e\000t\000r\000y\000\040\000S\000t\000o\000r\000m}{section.19.5}% 942
\BOOKMARK [1][]{section.19.6}{\376\377\0001\0009\000.\0006\000\040\000S\000e\000l\000f\000-\000A\000s\000s\000e\000s\000s\000m\000e\000n\000t\000\040\000E\000x\000e\000r\000c\000i\000s\000e\000s\000\040\000\046\000\040\000D\000e\000e\000p\000-\000D\000i\000v\000e\000\040\000Q\000u\000e\000s\000t\000i\000o\000n\000s}{chapter.19}% 943
\BOOKMARK [1][]{section.19.7}{\376\377\0001\0009\000.\0007\000\040\000I\000n\000t\000e\000r\000v\000i\000e\000w\000\040\000Q\000\046\000A\000\040\000V\000a\000u\000l\000t}{chapter.19}% 944
\BOOKMARK [1][]{section.19.8}{\376\377\0001\0009\000.\0008\000\040\000E\000x\000t\000e\000r\000n\000a\000l\000\040\000B\000i\000b\000l\000i\000o\000g\000r\000a\000p\000h\000y\000\040\000\046\000\040\000F\000u\000r\000t\000h\000e\000r\000\040\000R\000e\000a\000d\000i\000n\000g}{chapter.19}% 945
\BOOKMARK [1][]{section.19.9}{\376\377\0001\0009\000.\0009\000\040\000C\000a\000p\000s\000t\000o\000n\000e\000\040\000P\000r\000o\000j\000e\000c\000t\000s}{chapter.19}% 946
\BOOKMARK [1][]{section.19.10}{\376\377\0001\0009\000.\0001\0000\000\040\000P\000y\000t\000h\000o\000n\000\040\000D\000e\000p\000e\000n\000d\000e\000n\000c\000i\000e\000s\000\040\000A\000p\000p\000e\000n\000d\000i\000x}{chapter.19}% 947
\BOOKMARK [2][]{subsection.19.10.1}{\376\377\0001\0009\000.\0001\0000\000.\0001\000\040\000o\000p\000e\000n\000t\000e\000l\000e\000m\000e\000t\000r\000y\000-\000s\000d\000k\000\040\000\050\000\040\0001\000.\0002\0005\000\051}{section.19.10}% 948
\BOOKMARK [2][]{subsection.19.10.2}{\376\377\0001\0009\000.\0001\0000\000.\0002\000\040\000o\000p\000e\000n\000t\000e\000l\000e\000m\000e\000t\000r\000y\000-\000i\000n\000s\000t\000r\000u\000m\000e\000n\000t\000a\000t\000i\000o\000n\000-\000f\000a\000s\000t\000a\000p\000i\000\040\000\050\000\040\0000\000.\0004\0006\000b\0000\000\051}{section.19.10}% 949
\BOOKMARK [2][]{subsection.19.10.3}{\376\377\0001\0009\000.\0001\0000\000.\0003\000\040\000f\000a\000s\000t\000a\000p\000i\000\040\000\050\000\040\0000\000.\0001\0001\0000\000\051}{section.19.10}% 950
\BOOKMARK [2][]{subsection.19.10.4}{\376\377\0001\0009\000.\0001\0000\000.\0004\000\040\000p\000y\000t\000e\000s\000t\000\040\000\050\000\040\0008\000\051}{section.19.10}% 951
\BOOKMARK [1][]{section.19.11}{\376\377\0001\0009\000.\0001\0001\000\040\000C\000h\000a\000p\000t\000e\000r\000\040\000S\000u\000m\000m\000a\000r\000y\000\040\000\046\000\040\000K\000e\000y\000\040\000T\000a\000k\000e\000a\000w\000a\000y\000s}{chapter.19}% 952
\BOOKMARK [1][]{section.19.12}{\376\377\0001\0009\000.\0001\0002\000\040\000Q\000u\000i\000c\000k\000-\000R\000e\000f\000e\000r\000e\000n\000c\000e\000\040\000C\000a\000r\000d}{chapter.19}% 953
\BOOKMARK [1][]{section.19.13}{\376\377\0001\0009\000.\0001\0003\000\040\000S\000t\000a\000n\000d\000a\000r\000d\000i\000z\000e\000d\000\040\000E\000v\000i\000d\000e\000n\000c\000e\000\040\000A\000d\000d\000e\000n\000d\000u\000m}{chapter.19}% 954
\BOOKMARK [2][]{subsection.19.13.1}{\376\377\0001\0009\000.\0001\0003\000.\0001\000\040\000B\000e\000n\000c\000h\000m\000a\000r\000k\000\040\000S\000n\000a\000p\000s\000h\000o\000t\000\040\000T\000e\000m\000p\000l\000a\000t\000e}{section.19.13}% 955
\BOOKMARK [2][]{subsection.19.13.2}{\376\377\0001\0009\000.\0001\0003\000.\0002\000\040\000R\000e\000q\000u\000e\000s\000t\000\040\000T\000r\000a\000c\000e\000\040\000T\000e\000m\000p\000l\000a\000t\000e}{section.19.13}% 956
\BOOKMARK [2][]{subsection.19.13.3}{\376\377\0001\0009\000.\0001\0003\000.\0003\000\040\000C\000o\000s\000t\000\040\000a\000n\000d\000\040\000L\000a\000t\000e\000n\000c\000y\000\040\000B\000u\000d\000g\000e\000t\000\040\000S\000n\000a\000p\000s\000h\000o\000t}{section.19.13}% 957
\BOOKMARK [1][]{section.19.14}{\376\377\0001\0009\000.\0001\0004\000\040\000C\000o\000n\000f\000i\000g\000u\000r\000a\000t\000i\000o\000n\000\040\000P\000r\000e\000s\000e\000t\000\040\000T\000e\000m\000p\000l\000a\000t\000e}{chapter.19}% 958
\BOOKMARK [1][]{section.19.15}{\376\377\0001\0009\000.\0001\0005\000\040\000C\000I\000\040\000Q\000u\000a\000l\000i\000t\000y\000\040\000G\000a\000t\000e\000\040\000S\000p\000e\000c\000i\000f\000i\000c\000a\000t\000i\000o\000n}{chapter.19}% 959
\BOOKMARK [1][]{section.19.16}{\376\377\0001\0009\000.\0001\0006\000\040\000I\000n\000c\000i\000d\000e\000n\000t\000\040\000R\000u\000n\000b\000o\000o\000k\000\040\000T\000e\000m\000p\000l\000a\000t\000e}{chapter.19}% 960
\BOOKMARK [1][]{section.19.17}{\376\377\0001\0009\000.\0001\0007\000\040\000C\000r\000o\000s\000s\000-\000C\000h\000a\000p\000t\000e\000r\000\040\000D\000e\000c\000i\000s\000i\000o\000n\000\040\000C\000a\000r\000d}{chapter.19}% 961
\BOOKMARK [1][]{section.19.18}{\376\377\0001\0009\000.\0001\0008\000\040\000R\000O\000I\000\040\000M\000o\000d\000e\000l\000\040\000a\000n\000d\000\040\000B\000u\000i\000l\000d\000-\000v\000s\000-\000B\000u\000y}{chapter.19}% 962
\BOOKMARK [1][]{section.19.19}{\376\377\0001\0009\000.\0001\0009\000\040\000D\000i\000s\000a\000s\000t\000e\000r\000\040\000R\000e\000c\000o\000v\000e\000r\000y\000\040\000N\000o\000t\000e\000s\000\040\000\050\000R\000P\000O\000/\000R\000T\000O\000\051}{chapter.19}% 963
\BOOKMARK [0][]{chapter.20}{\376\377\0002\0000\000\040\000T\000e\000s\000t\000i\000n\000g\000\040\000\046\000\040\000Q\000u\000a\000l\000i\000t\000y\000\040\000E\000n\000g\000i\000n\000e\000e\000r\000i\000n\000g\000\040\000f\000o\000r\000\040\000A\000P\000I\000s}{}% 964
\BOOKMARK [1][]{section.20.1}{\376\377\0002\0000\000.\0001\000\040\000L\000e\000a\000r\000n\000i\000n\000g\000\040\000O\000b\000j\000e\000c\000t\000i\000v\000e\000s\000\040\000\046\000\040\000P\000r\000e\000r\000e\000q\000u\000i\000s\000i\000t\000e\000s}{chapter.20}% 965
\BOOKMARK [1][]{section.20.2}{\376\377\0002\0000\000.\0002\000\040\000D\000e\000e\000p\000\040\000T\000e\000c\000h\000n\000i\000c\000a\000l\000\040\000M\000e\000c\000h\000a\000n\000i\000c\000s\000\040\000\046\000\040\000A\000r\000c\000h\000i\000t\000e\000c\000t\000u\000r\000a\000l\000\040\000C\000o\000n\000c\000e\000p\000t\000s}{chapter.20}% 966
\BOOKMARK [2][]{subsection.20.2.1}{\376\377\0002\0000\000.\0002\000.\0001\000\040\000T\000h\000e\000\040\000A\000P\000I\000\040\000T\000e\000s\000t\000\040\000P\000y\000r\000a\000m\000i\000d}{section.20.2}% 967
\BOOKMARK [2][]{subsection.20.2.2}{\376\377\0002\0000\000.\0002\000.\0002\000\040\000C\000o\000n\000s\000u\000m\000e\000r\000-\000D\000r\000i\000v\000e\000n\000\040\000C\000o\000n\000t\000r\000a\000c\000t\000\040\000T\000e\000s\000t\000i\000n\000g}{section.20.2}% 968
\BOOKMARK [2][]{subsection.20.2.3}{\376\377\0002\0000\000.\0002\000.\0003\000\040\000P\000r\000o\000p\000e\000r\000t\000y\000-\000B\000a\000s\000e\000d\000\040\000T\000e\000s\000t\000i\000n\000g\000\040\000a\000n\000d\000\040\000A\000P\000I\000\040\000F\000u\000z\000z\000i\000n\000g}{section.20.2}% 969
\BOOKMARK [2][]{subsection.20.2.4}{\376\377\0002\0000\000.\0002\000.\0004\000\040\000T\000e\000s\000t\000\040\000D\000o\000u\000b\000l\000e\000s\000,\000\040\000R\000e\000c\000o\000r\000d\040\023\000R\000e\000p\000l\000a\000y\000,\000\040\000a\000n\000d\000\040\000V\000i\000r\000t\000u\000a\000l\000\040\000C\000l\000o\000c\000k\000s}{section.20.2}% 970
\BOOKMARK [2][]{subsection.20.2.5}{\376\377\0002\0000\000.\0002\000.\0005\000\040\000L\000o\000a\000d\000\040\000a\000n\000d\000\040\000P\000e\000r\000f\000o\000r\000m\000a\000n\000c\000e\000\040\000T\000e\000s\000t\000i\000n\000g}{section.20.2}% 971
\BOOKMARK [2][]{subsection.20.2.6}{\376\377\0002\0000\000.\0002\000.\0006\000\040\000C\000h\000a\000o\000s\000\040\000E\000n\000g\000i\000n\000e\000e\000r\000i\000n\000g\000\040\000B\000a\000s\000i\000c\000s}{section.20.2}% 972
\BOOKMARK [2][]{subsection.20.2.7}{\376\377\0002\0000\000.\0002\000.\0007\000\040\000C\000I\000\040\000Q\000u\000a\000l\000i\000t\000y\000\040\000G\000a\000t\000e\000s\000\040\000a\000s\000\040\000C\000o\000d\000e}{section.20.2}% 973
\BOOKMARK [1][]{section.20.3}{\376\377\0002\0000\000.\0003\000\040\000P\000r\000o\000d\000u\000c\000t\000i\000o\000n\000-\000R\000e\000a\000d\000y\000\040\000C\000o\000d\000e\000\040\000I\000m\000p\000l\000e\000m\000e\000n\000t\000a\000t\000i\000o\000n}{chapter.20}% 974
\BOOKMARK [2][]{subsection.20.3.1}{\376\377\0002\0000\000.\0003\000.\0001\000\040\000L\000i\000s\000t\000i\000n\000g\000\040\0001\0009\000.\0001\000\040\040\024\000\040\000T\000h\000e\000\040\000A\000p\000p\000\040\000U\000n\000d\000e\000r\000\040\000T\000e\000s\000t\000\040\000w\000i\000t\000h\000\040\000D\000e\000l\000i\000b\000e\000r\000a\000t\000e\000-\000D\000e\000f\000e\000c\000t\000\040\000K\000n\000o\000b\000s}{section.20.3}% 975
\BOOKMARK [2][]{subsection.20.3.2}{\376\377\0002\0000\000.\0003\000.\0002\000\040\000L\000i\000s\000t\000i\000n\000g\000\040\0001\0009\000.\0002\000\040\040\024\000\040\000A\000\040\000M\000i\000n\000i\000\040\000P\000a\000c\000t\000:\000\040\000R\000e\000c\000o\000r\000d\000e\000r\000,\000\040\000P\000a\000c\000t\000\040\000F\000i\000l\000e\000,\000\040\000P\000r\000o\000v\000i\000d\000e\000r\000\040\000V\000e\000r\000i\000f\000i\000e\000r}{section.20.3}% 976
\BOOKMARK [2][]{subsection.20.3.3}{\376\377\0002\0000\000.\0003\000.\0003\000\040\000L\000i\000s\000t\000i\000n\000g\000\040\0001\0009\000.\0003\000\040\040\024\000\040\000C\000o\000n\000t\000r\000a\000c\000t\000\040\000T\000e\000s\000t\000s\000,\000\040\000I\000n\000c\000l\000u\000d\000i\000n\000g\000\040\000t\000h\000e\000\040\000B\000r\000e\000a\000k\000i\000n\000g\000\040\000C\000h\000a\000n\000g\000e}{section.20.3}% 977
\BOOKMARK [2][]{subsection.20.3.4}{\376\377\0002\0000\000.\0003\000.\0004\000\040\000L\000i\000s\000t\000i\000n\000g\000\040\0001\0009\000.\0004\000\040\040\024\000\040\000P\000r\000o\000p\000e\000r\000t\000y\000-\000B\000a\000s\000e\000d\000\040\000S\000u\000i\000t\000e\000\040\000w\000i\000t\000h\000\040\000H\000y\000p\000o\000t\000h\000e\000s\000i\000s}{section.20.3}% 978
\BOOKMARK [2][]{subsection.20.3.5}{\376\377\0002\0000\000.\0003\000.\0005\000\040\000L\000i\000s\000t\000i\000n\000g\000\040\0001\0009\000.\0005\000\040\040\024\000\040\000A\000\040\000S\000t\000d\000l\000i\000b\000\040\000O\000p\000e\000n\000A\000P\000I\000\040\000F\000u\000z\000z\000e\000r\000\040\000w\000i\000t\000h\000\040\000S\000h\000r\000i\000n\000k\000i\000n\000g}{section.20.3}% 979
\BOOKMARK [2][]{subsection.20.3.6}{\376\377\0002\0000\000.\0003\000.\0006\000\040\000L\000i\000s\000t\000i\000n\000g\000\040\0001\0009\000.\0006\000\040\040\024\000\040\000A\000n\000\040\000a\000s\000y\000n\000c\000i\000o\000\040\000L\000o\000a\000d\000\040\000H\000a\000r\000n\000e\000s\000s\000\040\000w\000i\000t\000h\000\040\000K\000n\000e\000e\000-\000P\000o\000i\000n\000t\000\040\000S\000w\000e\000e\000p}{section.20.3}% 980
\BOOKMARK [2][]{subsection.20.3.7}{\376\377\0002\0000\000.\0003\000.\0007\000\040\000L\000i\000s\000t\000i\000n\000g\000\040\0001\0009\000.\0007\000\040\040\024\000\040\000F\000a\000u\000l\000t\000-\000I\000n\000j\000e\000c\000t\000i\000o\000n\000\040\000M\000i\000d\000d\000l\000e\000w\000a\000r\000e\000\040\000a\000n\000d\000\040\000R\000e\000s\000i\000l\000i\000e\000n\000t\000\040\000C\000l\000i\000e\000n\000t}{section.20.3}% 981
\BOOKMARK [2][]{subsection.20.3.8}{\376\377\0002\0000\000.\0003\000.\0008\000\040\000L\000i\000s\000t\000i\000n\000g\000\040\0001\0009\000.\0008\000\040\040\024\000\040\000T\000h\000e\000\040\000Q\000u\000a\000l\000i\000t\000y\000\040\000G\000a\000t\000e}{section.20.3}% 982
\BOOKMARK [2][]{subsection.20.3.9}{\376\377\0002\0000\000.\0003\000.\0009\000\040\000L\000i\000s\000t\000i\000n\000g\000\040\0001\0009\000.\0009\000\040\040\024\000\040\000T\000h\000e\000\040\000P\000i\000p\000e\000l\000i\000n\000e\000\040\000a\000s\000\040\000C\000o\000d\000e}{section.20.3}% 983
\BOOKMARK [1][]{section.20.4}{\376\377\0002\0000\000.\0004\000\040\000C\000o\000m\000m\000o\000n\000\040\000P\000i\000t\000f\000a\000l\000l\000s\000\040\000\046\000\040\000A\000n\000t\000i\000-\000P\000a\000t\000t\000e\000r\000n\000s}{chapter.20}% 984
\BOOKMARK [1][]{section.20.5}{\376\377\0002\0000\000.\0005\000\040\000H\000a\000n\000d\000s\000-\000O\000n\000\040\000P\000r\000o\000d\000u\000c\000t\000i\000o\000n\000\040\000L\000a\000b\000\040\000\046\000\040\000R\000e\000a\000l\000-\000W\000o\000r\000l\000d\000\040\000C\000a\000s\000e\000\040\000S\000t\000u\000d\000y}{chapter.20}% 985
\BOOKMARK [2][]{subsection.20.5.1}{\376\377\0002\0000\000.\0005\000.\0001\000\040\000L\000a\000b\000:\000\040\000R\000u\000n\000\040\000t\000h\000e\000\040\000G\000a\000t\000e\000,\000\040\000T\000h\000e\000n\000\040\000B\000r\000e\000a\000k\000\040\000t\000h\000e\000\040\000A\000P\000I}{section.20.5}% 986
\BOOKMARK [2][]{subsection.20.5.2}{\376\377\0002\0000\000.\0005\000.\0002\000\040\000W\000a\000r\000\040\000S\000t\000o\000r\000y\000:\000\040\000T\000h\000e\000\040\000D\000e\000p\000l\000o\000y\000\040\000T\000h\000a\000t\000\040\000P\000a\000s\000s\000e\000d\000\040\000E\000v\000e\000r\000y\000t\000h\000i\000n\000g\000\040\000E\000x\000c\000e\000p\000t\000\040\000t\000h\000e\000\040\000C\000o\000n\000t\000r\000a\000c\000t}{section.20.5}% 987
\BOOKMARK [1][]{section.20.6}{\376\377\0002\0000\000.\0006\000\040\000S\000e\000l\000f\000-\000A\000s\000s\000e\000s\000s\000m\000e\000n\000t\000\040\000E\000x\000e\000r\000c\000i\000s\000e\000s\000\040\000\046\000\040\000D\000e\000e\000p\000-\000D\000i\000v\000e\000\040\000Q\000u\000e\000s\000t\000i\000o\000n\000s}{chapter.20}% 988
\BOOKMARK [1][]{section.20.7}{\376\377\0002\0000\000.\0007\000\040\000I\000n\000t\000e\000r\000v\000i\000e\000w\000\040\000Q\000\046\000A\000\040\000V\000a\000u\000l\000t}{chapter.20}% 989
\BOOKMARK [1][]{section.20.8}{\376\377\0002\0000\000.\0008\000\040\000E\000x\000t\000e\000r\000n\000a\000l\000\040\000B\000i\000b\000l\000i\000o\000g\000r\000a\000p\000h\000y\000\040\000\046\000\040\000F\000u\000r\000t\000h\000e\000r\000\040\000R\000e\000a\000d\000i\000n\000g}{chapter.20}% 990
\BOOKMARK [1][]{section.20.9}{\376\377\0002\0000\000.\0009\000\040\000C\000a\000p\000s\000t\000o\000n\000e\000\040\000P\000r\000o\000j\000e\000c\000t\000s}{chapter.20}% 991
\BOOKMARK [1][]{section.20.10}{\376\377\0002\0000\000.\0001\0000\000\040\000P\000y\000t\000h\000o\000n\000\040\000D\000e\000p\000e\000n\000d\000e\000n\000c\000i\000e\000s\000\040\000A\000p\000p\000e\000n\000d\000i\000x}{chapter.20}% 992
\BOOKMARK [2][]{subsection.20.10.1}{\376\377\0002\0000\000.\0001\0000\000.\0001\000\040\000p\000y\000t\000e\000s\000t}{section.20.10}% 993
\BOOKMARK [2][]{subsection.20.10.2}{\376\377\0002\0000\000.\0001\0000\000.\0002\000\040\000h\000y\000p\000o\000t\000h\000e\000s\000i\000s}{section.20.10}% 994
\BOOKMARK [2][]{subsection.20.10.3}{\376\377\0002\0000\000.\0001\0000\000.\0003\000\040\000f\000a\000s\000t\000a\000p\000i}{section.20.10}% 995
\BOOKMARK [2][]{subsection.20.10.4}{\376\377\0002\0000\000.\0001\0000\000.\0004\000\040\000h\000t\000t\000p\000x}{section.20.10}% 996
\BOOKMARK [2][]{subsection.20.10.5}{\376\377\0002\0000\000.\0001\0000\000.\0005\000\040\000p\000y\000d\000a\000n\000t\000i\000c}{section.20.10}% 997
\BOOKMARK [2][]{subsection.20.10.6}{\376\377\0002\0000\000.\0001\0000\000.\0006\000\040\000j\000s\000o\000n\000s\000c\000h\000e\000m\000a}{section.20.10}% 998
\BOOKMARK [1][]{section.20.11}{\376\377\0002\0000\000.\0001\0001\000\040\000C\000h\000a\000p\000t\000e\000r\000\040\000S\000u\000m\000m\000a\000r\000y\000\040\000\046\000\040\000K\000e\000y\000\040\000T\000a\000k\000e\000a\000w\000a\000y\000s}{chapter.20}% 999
\BOOKMARK [1][]{section.20.12}{\376\377\0002\0000\000.\0001\0002\000\040\000Q\000u\000i\000c\000k\000-\000R\000e\000f\000e\000r\000e\000n\000c\000e\000\040\000C\000a\000r\000d}{chapter.20}% 1000
\BOOKMARK [1][]{section.20.13}{\376\377\0002\0000\000.\0001\0003\000\040\000S\000t\000a\000n\000d\000a\000r\000d\000i\000z\000e\000d\000\040\000E\000v\000i\000d\000e\000n\000c\000e\000\040\000A\000d\000d\000e\000n\000d\000u\000m}{chapter.20}% 1001
\BOOKMARK [2][]{subsection.20.13.1}{\376\377\0002\0000\000.\0001\0003\000.\0001\000\040\000B\000e\000n\000c\000h\000m\000a\000r\000k\000\040\000S\000n\000a\000p\000s\000h\000o\000t\000\040\000T\000e\000m\000p\000l\000a\000t\000e}{section.20.13}% 1002
\BOOKMARK [2][]{subsection.20.13.2}{\376\377\0002\0000\000.\0001\0003\000.\0002\000\040\000R\000e\000q\000u\000e\000s\000t\000\040\000T\000r\000a\000c\000e\000\040\000T\000e\000m\000p\000l\000a\000t\000e}{section.20.13}% 1003
\BOOKMARK [2][]{subsection.20.13.3}{\376\377\0002\0000\000.\0001\0003\000.\0003\000\040\000C\000o\000s\000t\000\040\000a\000n\000d\000\040\000L\000a\000t\000e\000n\000c\000y\000\040\000B\000u\000d\000g\000e\000t\000\040\000S\000n\000a\000p\000s\000h\000o\000t}{section.20.13}% 1004
\BOOKMARK [1][]{section.20.14}{\376\377\0002\0000\000.\0001\0004\000\040\000C\000o\000n\000f\000i\000g\000u\000r\000a\000t\000i\000o\000n\000\040\000P\000r\000e\000s\000e\000t\000\040\000T\000e\000m\000p\000l\000a\000t\000e}{chapter.20}% 1005
\BOOKMARK [1][]{section.20.15}{\376\377\0002\0000\000.\0001\0005\000\040\000C\000I\000\040\000Q\000u\000a\000l\000i\000t\000y\000\040\000G\000a\000t\000e\000\040\000S\000p\000e\000c\000i\000f\000i\000c\000a\000t\000i\000o\000n}{chapter.20}% 1006
\BOOKMARK [1][]{section.20.16}{\376\377\0002\0000\000.\0001\0006\000\040\000I\000n\000c\000i\000d\000e\000n\000t\000\040\000R\000u\000n\000b\000o\000o\000k\000\040\000T\000e\000m\000p\000l\000a\000t\000e}{chapter.20}% 1007
\BOOKMARK [1][]{section.20.17}{\376\377\0002\0000\000.\0001\0007\000\040\000C\000r\000o\000s\000s\000-\000C\000h\000a\000p\000t\000e\000r\000\040\000D\000e\000c\000i\000s\000i\000o\000n\000\040\000C\000a\000r\000d}{chapter.20}% 1008
\BOOKMARK [1][]{section.20.18}{\376\377\0002\0000\000.\0001\0008\000\040\000R\000O\000I\000\040\000M\000o\000d\000e\000l\000\040\000a\000n\000d\000\040\000B\000u\000i\000l\000d\000-\000v\000s\000-\000B\000u\000y}{chapter.20}% 1009
\BOOKMARK [1][]{section.20.19}{\376\377\0002\0000\000.\0001\0009\000\040\000D\000i\000s\000a\000s\000t\000e\000r\000\040\000R\000e\000c\000o\000v\000e\000r\000y\000\040\000N\000o\000t\000e\000s\000\040\000\050\000R\000P\000O\000/\000R\000T\000O\000\051}{chapter.20}% 1010
\BOOKMARK [0][]{chapter.21}{\376\377\0002\0001\000\040\000A\000P\000I\000\040\000L\000i\000f\000e\000c\000y\000c\000l\000e\000,\000\040\000G\000o\000v\000e\000r\000n\000a\000n\000c\000e\000\040\000\046\000\040\000D\000e\000v\000e\000l\000o\000p\000e\000r\000\040\000E\000x\000p\000e\000r\000i\000e\000n\000c\000e}{}% 1011
\BOOKMARK [1][]{section.21.1}{\376\377\0002\0001\000.\0001\000\040\000L\000e\000a\000r\000n\000i\000n\000g\000\040\000O\000b\000j\000e\000c\000t\000i\000v\000e\000s\000\040\000\046\000\040\000P\000r\000e\000r\000e\000q\000u\000i\000s\000i\000t\000e\000s}{chapter.21}% 1012
\BOOKMARK [1][]{section.21.2}{\376\377\0002\0001\000.\0002\000\040\000D\000e\000e\000p\000\040\000T\000e\000c\000h\000n\000i\000c\000a\000l\000\040\000M\000e\000c\000h\000a\000n\000i\000c\000s\000\040\000\046\000\040\000A\000r\000c\000h\000i\000t\000e\000c\000t\000u\000r\000a\000l\000\040\000C\000o\000n\000c\000e\000p\000t\000s}{chapter.21}% 1013
\BOOKMARK [2][]{subsection.21.2.1}{\376\377\0002\0001\000.\0002\000.\0001\000\040\000T\000h\000e\000\040\000A\000P\000I\000\040\000L\000i\000f\000e\000c\000y\000c\000l\000e\000\040\000a\000s\000\040\000a\000\040\000S\000t\000a\000t\000e\000\040\000M\000a\000c\000h\000i\000n\000e}{section.21.2}% 1014
\BOOKMARK [2][]{subsection.21.2.2}{\376\377\0002\0001\000.\0002\000.\0002\000\040\000D\000e\000s\000i\000g\000n\000-\000F\000i\000r\000s\000t\000\040\000G\000o\000v\000e\000r\000n\000a\000n\000c\000e}{section.21.2}% 1015
\BOOKMARK [2][]{subsection.21.2.3}{\376\377\0002\0001\000.\0002\000.\0003\000\040\000D\000e\000v\000e\000l\000o\000p\000e\000r\000\040\000E\000x\000p\000e\000r\000i\000e\000n\000c\000e\000\040\000E\000n\000g\000i\000n\000e\000e\000r\000i\000n\000g}{section.21.2}% 1016
\BOOKMARK [2][]{subsection.21.2.4}{\376\377\0002\0001\000.\0002\000.\0004\000\040\000A\000P\000I\000\040\000a\000s\000\040\000a\000\040\000P\000r\000o\000d\000u\000c\000t}{section.21.2}% 1017
\BOOKMARK [2][]{subsection.21.2.5}{\376\377\0002\0001\000.\0002\000.\0005\000\040\000D\000e\000p\000r\000e\000c\000a\000t\000i\000o\000n\000\040\000\046\000\040\000S\000u\000n\000s\000e\000t\000t\000i\000n\000g\000\040\000a\000t\000\040\000S\000c\000a\000l\000e}{section.21.2}% 1018
\BOOKMARK [2][]{subsection.21.2.6}{\376\377\0002\0001\000.\0002\000.\0006\000\040\000R\000e\000g\000u\000l\000a\000t\000o\000r\000y\000\040\000\046\000\040\000D\000a\000t\000a\000\040\000G\000o\000v\000e\000r\000n\000a\000n\000c\000e}{section.21.2}% 1019
\BOOKMARK [2][]{subsection.21.2.7}{\376\377\0002\0001\000.\0002\000.\0007\000\040\000P\000l\000a\000t\000f\000o\000r\000m\000\040\000E\000c\000o\000n\000o\000m\000i\000c\000s}{section.21.2}% 1020
\BOOKMARK [1][]{section.21.3}{\376\377\0002\0001\000.\0003\000\040\000P\000r\000o\000d\000u\000c\000t\000i\000o\000n\000-\000R\000e\000a\000d\000y\000\040\000C\000o\000d\000e\000\040\000I\000m\000p\000l\000e\000m\000e\000n\000t\000a\000t\000i\000o\000n}{chapter.21}% 1021
\BOOKMARK [2][]{subsection.21.3.1}{\376\377\0002\0001\000.\0003\000.\0001\000\040\000L\000i\000s\000t\000i\000n\000g\000\040\0002\0000\000.\0001\000\040\040\024\000\040\000T\000h\000e\000\040\000R\000u\000l\000e\000s\000e\000t\000\040\000a\000s\000\040\000D\000a\000t\000a}{section.21.3}% 1022
\BOOKMARK [2][]{subsection.21.3.2}{\376\377\0002\0001\000.\0003\000.\0002\000\040\000L\000i\000s\000t\000i\000n\000g\000\040\0002\0000\000.\0002\000\040\040\024\000\040\000m\000i\000n\000i\000\137\000s\000p\000e\000c\000t\000r\000a\000l\000.\000p\000y\000:\000\040\000A\000\040\000S\000p\000e\000c\000t\000r\000a\000l\000-\000S\000t\000y\000l\000e\000\040\000L\000i\000n\000t\000e\000r}{section.21.3}% 1023
\BOOKMARK [2][]{subsection.21.3.3}{\376\377\0002\0001\000.\0003\000.\0003\000\040\000L\000i\000s\000t\000i\000n\000g\000\040\0002\0000\000.\0003\000\040\040\024\000\040\000L\000i\000n\000t\000e\000r\000\040\000T\000e\000s\000t\000s\000,\000\040\000I\000n\000c\000l\000u\000d\000i\000n\000g\000\040\000t\000h\000e\000\040\000N\000o\000n\000-\000C\000o\000m\000p\000l\000i\000a\000n\000t\000\040\000S\000p\000e\000c}{section.21.3}% 1024
\BOOKMARK [2][]{subsection.21.3.4}{\376\377\0002\0001\000.\0003\000.\0004\000\040\000L\000i\000s\000t\000i\000n\000g\000\040\0002\0000\000.\0004\000\040\040\024\000\040\000d\000o\000c\000s\000\137\000g\000e\000n\000e\000r\000a\000t\000o\000r\000.\000p\000y\000:\000\040\000O\000p\000e\000n\000A\000P\000I\000\040\000\040\000M\000a\000r\000k\000d\000o\000w\000n}{section.21.3}% 1025
\BOOKMARK [2][]{subsection.21.3.5}{\376\377\0002\0001\000.\0003\000.\0005\000\040\000L\000i\000s\000t\000i\000n\000g\000\040\0002\0000\000.\0005\000\040\040\024\000\040\000t\000t\000f\000c\000\137\000f\000u\000n\000n\000e\000l\000.\000p\000y\000:\000\040\000A\000c\000t\000i\000v\000a\000t\000i\000o\000n\000\040\000A\000n\000a\000l\000y\000t\000i\000c\000s}{section.21.3}% 1026
\BOOKMARK [2][]{subsection.21.3.6}{\376\377\0002\0001\000.\0003\000.\0006\000\040\000L\000i\000s\000t\000i\000n\000g\000\040\0002\0000\000.\0006\000\040\040\024\000\040\000d\000e\000p\000r\000e\000c\000a\000t\000i\000o\000n\000\137\000t\000r\000a\000c\000k\000e\000r\000.\000p\000y\000:\000\040\000C\000a\000m\000p\000a\000i\000g\000n\000\040\000M\000a\000n\000a\000g\000e\000m\000e\000n\000t}{section.21.3}% 1027
\BOOKMARK [2][]{subsection.21.3.7}{\376\377\0002\0001\000.\0003\000.\0007\000\040\000L\000i\000s\000t\000i\000n\000g\000\040\0002\0000\000.\0007\000\040\040\024\000\040\000c\000a\000t\000a\000l\000o\000g\000\137\000m\000a\000n\000i\000f\000e\000s\000t\000.\000p\000y\000:\000\040\000B\000a\000c\000k\000s\000t\000a\000g\000e\000-\000S\000t\000y\000l\000e\000\040\000E\000n\000t\000r\000i\000e\000s}{section.21.3}% 1028
\BOOKMARK [2][]{subsection.21.3.8}{\376\377\0002\0001\000.\0003\000.\0008\000\040\000L\000i\000s\000t\000i\000n\000g\000\040\0002\0000\000.\0008\000\040\040\024\000\040\000S\000m\000o\000k\000e\000\040\000T\000e\000s\000t\000s\000\040\000f\000o\000r\000\040\000t\000h\000e\000\040\000P\000l\000a\000t\000f\000o\000r\000m\000\040\000T\000o\000o\000l\000s}{section.21.3}% 1029
\BOOKMARK [1][]{section.21.4}{\376\377\0002\0001\000.\0004\000\040\000C\000o\000m\000m\000o\000n\000\040\000P\000i\000t\000f\000a\000l\000l\000s\000\040\000\046\000\040\000A\000n\000t\000i\000-\000P\000a\000t\000t\000e\000r\000n\000s}{chapter.21}% 1030
\BOOKMARK [2][]{subsection.21.4.1}{\376\377\0002\0001\000.\0004\000.\0001\000\040\000G\000o\000v\000e\000r\000n\000a\000n\000c\000e\000\040\000a\000s\000\040\000G\000a\000t\000e\000k\000e\000e\000p\000i\000n\000g\000\040\000T\000h\000e\000a\000t\000e\000r}{section.21.4}% 1031
\BOOKMARK [2][]{subsection.21.4.2}{\376\377\0002\0001\000.\0004\000.\0002\000\040\000S\000t\000y\000l\000e\000\040\000G\000u\000i\000d\000e\000\040\000W\000i\000t\000h\000o\000u\000t\000\040\000L\000i\000n\000t\000e\000r\000\040\000E\000n\000f\000o\000r\000c\000e\000m\000e\000n\000t}{section.21.4}% 1032
\BOOKMARK [2][]{subsection.21.4.3}{\376\377\0002\0001\000.\0004\000.\0003\000\040\000T\000h\000e\000\040\000P\000o\000r\000t\000a\000l\000\040\000N\000o\000b\000o\000d\000y\000\040\000C\000a\000n\000\040\000S\000e\000a\000r\000c\000h}{section.21.4}% 1033
\BOOKMARK [2][]{subsection.21.4.4}{\376\377\0002\0001\000.\0004\000.\0004\000\040\000S\000D\000K\000s\000\040\000P\000r\000o\000m\000i\000s\000e\000d\000\040\000b\000u\000t\000\040\000U\000n\000m\000a\000i\000n\000t\000a\000i\000n\000e\000d}{section.21.4}% 1034
\BOOKMARK [2][]{subsection.21.4.5}{\376\377\0002\0001\000.\0004\000.\0005\000\040\000S\000L\000A\000\040\000L\000o\000o\000s\000e\000r\000\040\000T\000h\000a\000n\000\040\000S\000L\000O\000,\000\040\000R\000e\000v\000e\000r\000s\000e\000d}{section.21.4}% 1035
\BOOKMARK [2][]{subsection.21.4.6}{\376\377\0002\0001\000.\0004\000.\0006\000\040\000S\000u\000n\000s\000e\000t\000t\000i\000n\000g\000\040\000W\000i\000t\000h\000o\000u\000t\000\040\000T\000e\000l\000e\000m\000e\000t\000r\000y}{section.21.4}% 1036
\BOOKMARK [2][]{subsection.21.4.7}{\376\377\0002\0001\000.\0004\000.\0007\000\040\000D\000o\000c\000s\000\040\000D\000r\000i\000f\000t\000i\000n\000g\000\040\000F\000r\000o\000m\000\040\000S\000p\000e\000c}{section.21.4}% 1037
\BOOKMARK [1][]{section.21.5}{\376\377\0002\0001\000.\0005\000\040\000H\000a\000n\000d\000s\000-\000O\000n\000\040\000P\000r\000o\000d\000u\000c\000t\000i\000o\000n\000\040\000L\000a\000b\000\040\000\046\000\040\000R\000e\000a\000l\000-\000W\000o\000r\000l\000d\000\040\000C\000a\000s\000e\000\040\000S\000t\000u\000d\000y}{chapter.21}% 1038
\BOOKMARK [2][]{subsection.21.5.1}{\376\377\0002\0001\000.\0005\000.\0001\000\040\000L\000a\000b\000:\000\040\000S\000t\000a\000n\000d\000\040\000U\000p\000\040\000t\000h\000e\000\040\000M\000i\000n\000i\000\040\000P\000l\000a\000t\000f\000o\000r\000m}{section.21.5}% 1039
\BOOKMARK [2][]{subsection.21.5.2}{\376\377\0002\0001\000.\0005\000.\0002\000\040\000C\000a\000s\000e\000\040\000S\000t\000u\000d\000y\000:\000\040\000T\000h\000e\000\040\000S\000h\000a\000d\000o\000w\000\040\000A\000P\000I\000\040\000N\000o\000b\000o\000d\000y\000\040\000O\000w\000n\000e\000d}{section.21.5}% 1040
\BOOKMARK [1][]{section.21.6}{\376\377\0002\0001\000.\0006\000\040\000S\000e\000l\000f\000-\000A\000s\000s\000e\000s\000s\000m\000e\000n\000t\000\040\000E\000x\000e\000r\000c\000i\000s\000e\000s\000\040\000\046\000\040\000D\000e\000e\000p\000-\000D\000i\000v\000e\000\040\000Q\000u\000e\000s\000t\000i\000o\000n\000s}{chapter.21}% 1041
\BOOKMARK [1][]{section.21.7}{\376\377\0002\0001\000.\0007\000\040\000I\000n\000t\000e\000r\000v\000i\000e\000w\000\040\000Q\000\046\000A\000\040\000V\000a\000u\000l\000t}{chapter.21}% 1042
\BOOKMARK [1][]{section.21.8}{\376\377\0002\0001\000.\0008\000\040\000E\000x\000t\000e\000r\000n\000a\000l\000\040\000B\000i\000b\000l\000i\000o\000g\000r\000a\000p\000h\000y\000\040\000\046\000\040\000F\000u\000r\000t\000h\000e\000r\000\040\000R\000e\000a\000d\000i\000n\000g}{chapter.21}% 1043
\BOOKMARK [1][]{section.21.9}{\376\377\0002\0001\000.\0009\000\040\000C\000a\000p\000s\000t\000o\000n\000e\000\040\000P\000r\000o\000j\000e\000c\000t\000s}{chapter.21}% 1044
\BOOKMARK [1][]{section.21.10}{\376\377\0002\0001\000.\0001\0000\000\040\000P\000y\000t\000h\000o\000n\000\040\000D\000e\000p\000e\000n\000d\000e\000n\000c\000i\000e\000s\000\040\000A\000p\000p\000e\000n\000d\000i\000x}{chapter.21}% 1045
\BOOKMARK [2][]{subsection.21.10.1}{\376\377\0002\0001\000.\0001\0000\000.\0001\000\040\000P\000y\000Y\000A\000M\000L\000\040\000\050\000p\000y\000y\000a\000m\000l\000>\000=\0006\000.\0000\000\051}{section.21.10}% 1046
\BOOKMARK [2][]{subsection.21.10.2}{\376\377\0002\0001\000.\0001\0000\000.\0002\000\040\000j\000s\000o\000n\000s\000c\000h\000e\000m\000a\000\040\000\050\000j\000s\000o\000n\000s\000c\000h\000e\000m\000a\000>\000=\0004\000.\0002\0001\000\051}{section.21.10}% 1047
\BOOKMARK [2][]{subsection.21.10.3}{\376\377\0002\0001\000.\0001\0000\000.\0003\000\040\000P\000y\000d\000a\000n\000t\000i\000c\000\040\000\050\000p\000y\000d\000a\000n\000t\000i\000c\000>\000=\0002\000.\0007\000\051}{section.21.10}% 1048
\BOOKMARK [2][]{subsection.21.10.4}{\376\377\0002\0001\000.\0001\0000\000.\0004\000\040\000p\000y\000t\000e\000s\000t\000\040\000\050\000p\000y\000t\000e\000s\000t\000>\000=\0008\000\051}{section.21.10}% 1049
\BOOKMARK [1][]{section.21.11}{\376\377\0002\0001\000.\0001\0001\000\040\000C\000h\000a\000p\000t\000e\000r\000\040\000S\000u\000m\000m\000a\000r\000y\000\040\000\046\000\040\000K\000e\000y\000\040\000T\000a\000k\000e\000a\000w\000a\000y\000s}{chapter.21}% 1050
\BOOKMARK [1][]{section.21.12}{\376\377\0002\0001\000.\0001\0002\000\040\000Q\000u\000i\000c\000k\000-\000R\000e\000f\000e\000r\000e\000n\000c\000e\000\040\000C\000a\000r\000d}{chapter.21}% 1051
\BOOKMARK [1][]{section.21.13}{\376\377\0002\0001\000.\0001\0003\000\040\000S\000t\000a\000n\000d\000a\000r\000d\000i\000z\000e\000d\000\040\000E\000v\000i\000d\000e\000n\000c\000e\000\040\000A\000d\000d\000e\000n\000d\000u\000m}{chapter.21}% 1052
\BOOKMARK [2][]{subsection.21.13.1}{\376\377\0002\0001\000.\0001\0003\000.\0001\000\040\000B\000e\000n\000c\000h\000m\000a\000r\000k\000\040\000S\000n\000a\000p\000s\000h\000o\000t\000\040\000T\000e\000m\000p\000l\000a\000t\000e}{section.21.13}% 1053
\BOOKMARK [2][]{subsection.21.13.2}{\376\377\0002\0001\000.\0001\0003\000.\0002\000\040\000R\000e\000q\000u\000e\000s\000t\000\040\000T\000r\000a\000c\000e\000\040\000T\000e\000m\000p\000l\000a\000t\000e}{section.21.13}% 1054
\BOOKMARK [2][]{subsection.21.13.3}{\376\377\0002\0001\000.\0001\0003\000.\0003\000\040\000C\000o\000s\000t\000\040\000a\000n\000d\000\040\000L\000a\000t\000e\000n\000c\000y\000\040\000B\000u\000d\000g\000e\000t\000\040\000S\000n\000a\000p\000s\000h\000o\000t}{section.21.13}% 1055
\BOOKMARK [1][]{section.21.14}{\376\377\0002\0001\000.\0001\0004\000\040\000C\000o\000n\000f\000i\000g\000u\000r\000a\000t\000i\000o\000n\000\040\000P\000r\000e\000s\000e\000t\000\040\000T\000e\000m\000p\000l\000a\000t\000e}{chapter.21}% 1056
\BOOKMARK [1][]{section.21.15}{\376\377\0002\0001\000.\0001\0005\000\040\000C\000I\000\040\000Q\000u\000a\000l\000i\000t\000y\000\040\000G\000a\000t\000e\000\040\000S\000p\000e\000c\000i\000f\000i\000c\000a\000t\000i\000o\000n}{chapter.21}% 1057
\BOOKMARK [1][]{section.21.16}{\376\377\0002\0001\000.\0001\0006\000\040\000I\000n\000c\000i\000d\000e\000n\000t\000\040\000R\000u\000n\000b\000o\000o\000k\000\040\000T\000e\000m\000p\000l\000a\000t\000e}{chapter.21}% 1058
\BOOKMARK [1][]{section.21.17}{\376\377\0002\0001\000.\0001\0007\000\040\000C\000r\000o\000s\000s\000-\000C\000h\000a\000p\000t\000e\000r\000\040\000D\000e\000c\000i\000s\000i\000o\000n\000\040\000C\000a\000r\000d}{chapter.21}% 1059
\BOOKMARK [1][]{section.21.18}{\376\377\0002\0001\000.\0001\0008\000\040\000R\000O\000I\000\040\000M\000o\000d\000e\000l\000\040\000a\000n\000d\000\040\000B\000u\000i\000l\000d\000-\000v\000s\000-\000B\000u\000y}{chapter.21}% 1060
\BOOKMARK [1][]{section.21.19}{\376\377\0002\0001\000.\0001\0009\000\040\000D\000i\000s\000a\000s\000t\000e\000r\000\040\000R\000e\000c\000o\000v\000e\000r\000y\000\040\000N\000o\000t\000e\000s\000\040\000\050\000R\000P\000O\000/\000R\000T\000O\000\051}{chapter.21}% 1061
\BOOKMARK [0][]{chapter.22}{\376\377\0002\0002\000\040\000S\000y\000n\000t\000h\000e\000s\000i\000s\000,\000\040\000R\000e\000f\000e\000r\000e\000n\000c\000e\000\040\000A\000r\000c\000h\000i\000t\000e\000c\000t\000u\000r\000e\000s\000\040\000\046\000\040\000F\000u\000t\000u\000r\000e\000\040\000D\000i\000r\000e\000c\000t\000i\000o\000n\000s}{}% 1062
\BOOKMARK [1][]{section.22.1}{\376\377\0002\0002\000.\0001\000\040\000L\000e\000a\000r\000n\000i\000n\000g\000\040\000O\000b\000j\000e\000c\000t\000i\000v\000e\000s\000\040\000\046\000\040\000P\000r\000e\000r\000e\000q\000u\000i\000s\000i\000t\000e\000s}{chapter.22}% 1063
\BOOKMARK [1][]{section.22.2}{\376\377\0002\0002\000.\0002\000\040\000D\000e\000e\000p\000\040\000T\000e\000c\000h\000n\000i\000c\000a\000l\000\040\000M\000e\000c\000h\000a\000n\000i\000c\000s\000\040\000\046\000\040\000A\000r\000c\000h\000i\000t\000e\000c\000t\000u\000r\000a\000l\000\040\000C\000o\000n\000c\000e\000p\000t\000s}{chapter.22}% 1064
\BOOKMARK [2][]{subsection.22.2.1}{\376\377\0002\0002\000.\0002\000.\0001\000\040\000T\000h\000e\000\040\000M\000a\000s\000t\000e\000r\000\040\000D\000e\000c\000i\000s\000i\000o\000n\000\040\000C\000a\000r\000d\000:\000\040\000C\000h\000o\000o\000s\000i\000n\000g\000\040\000a\000n\000\040\000I\000n\000t\000e\000r\000a\000c\000t\000i\000o\000n\000\040\000P\000r\000o\000f\000i\000l\000e}{section.22.2}% 1065
\BOOKMARK [2][]{subsection.22.2.2}{\376\377\0002\0002\000.\0002\000.\0002\000\040\000T\000h\000e\000\040\000N\000o\000r\000t\000h\000w\000i\000n\000d\000\040\000R\000o\000b\000o\000t\000i\000c\000s\000\040\000R\000e\000f\000e\000r\000e\000n\000c\000e\000\040\000A\000r\000c\000h\000i\000t\000e\000c\000t\000u\000r\000e}{section.22.2}% 1066
\BOOKMARK [2][]{subsection.22.2.3}{\376\377\0002\0002\000.\0002\000.\0003\000\040\000T\000h\000e\000\040\000G\000r\000a\000n\000d\000\040\000C\000a\000p\000s\000t\000o\000n\000e\000:\000\040\000P\000l\000a\000t\000f\000o\000r\000m\000\040\000S\000p\000e\000c\000i\000f\000i\000c\000a\000t\000i\000o\000n}{section.22.2}% 1067
\BOOKMARK [2][]{subsection.22.2.4}{\376\377\0002\0002\000.\0002\000.\0004\000\040\000C\000r\000o\000s\000s\000-\000C\000u\000t\000t\000i\000n\000g\000\040\000S\000y\000n\000t\000h\000e\000s\000i\000s}{section.22.2}% 1068
\BOOKMARK [2][]{subsection.22.2.5}{\376\377\0002\0002\000.\0002\000.\0005\000\040\000E\000m\000e\000r\000g\000i\000n\000g\000\040\000F\000r\000o\000n\000t\000i\000e\000r\000s\000,\000\040\000H\000o\000n\000e\000s\000t\000l\000y\000\040\000A\000s\000s\000e\000s\000s\000e\000d}{section.22.2}% 1069
\BOOKMARK [2][]{subsection.22.2.6}{\376\377\0002\0002\000.\0002\000.\0006\000\040\000C\000a\000r\000e\000e\000r\000\040\000P\000a\000t\000h\000w\000a\000y\000s\000\040\000a\000n\000d\000\040\000t\000h\000e\000\040\000M\000a\000s\000t\000e\000r\000y\000\040\000C\000h\000e\000c\000k\000l\000i\000s\000t}{section.22.2}% 1070
\BOOKMARK [1][]{section.22.3}{\376\377\0002\0002\000.\0003\000\040\000P\000r\000o\000d\000u\000c\000t\000i\000o\000n\000-\000R\000e\000a\000d\000y\000\040\000C\000o\000d\000e\000\040\000I\000m\000p\000l\000e\000m\000e\000n\000t\000a\000t\000i\000o\000n}{chapter.22}% 1071
\BOOKMARK [2][]{subsection.22.3.1}{\376\377\0002\0002\000.\0003\000.\0001\000\040\000L\000i\000s\000t\000i\000n\000g\000\040\0001\000\040\040\024\000\040\000T\000h\000e\000\040\000P\000r\000o\000t\000o\000c\000o\000l\000-\000S\000e\000l\000e\000c\000t\000i\000o\000n\000\040\000A\000d\000v\000i\000s\000o\000r}{section.22.3}% 1072
\BOOKMARK [2][]{subsection.22.3.2}{\376\377\0002\0002\000.\0003\000.\0002\000\040\000L\000i\000s\000t\000i\000n\000g\000\040\0002\000\040\040\024\000\040\000T\000h\000e\000\040\000N\000o\000r\000t\000h\000w\000i\000n\000d\000\040\000P\000l\000a\000t\000f\000o\000r\000m\000\040\000S\000l\000i\000c\000e}{section.22.3}% 1073
\BOOKMARK [2][]{subsection.22.3.3}{\376\377\0002\0002\000.\0003\000.\0003\000\040\000L\000i\000s\000t\000i\000n\000g\000\040\0003\000\040\040\024\000\040\000T\000h\000e\000\040\000A\000r\000c\000h\000i\000t\000e\000c\000t\000u\000r\000e\000\040\000C\000o\000n\000f\000o\000r\000m\000a\000n\000c\000e\000\040\000C\000h\000e\000c\000k\000e\000r}{section.22.3}% 1074
\BOOKMARK [1][]{section.22.4}{\376\377\0002\0002\000.\0004\000\040\000C\000o\000m\000m\000o\000n\000\040\000P\000i\000t\000f\000a\000l\000l\000s\000\040\000\046\000\040\000A\000n\000t\000i\000-\000P\000a\000t\000t\000e\000r\000n\000s}{chapter.22}% 1075
\BOOKMARK [2][]{subsection.22.4.1}{\376\377\0002\0002\000.\0004\000.\0001\000\040\000R\000e\000s\000u\000m\000e\000-\000D\000r\000i\000v\000e\000n\000\040\000P\000r\000o\000t\000o\000c\000o\000l\000\040\000S\000e\000l\000e\000c\000t\000i\000o\000n}{section.22.4}% 1076
\BOOKMARK [2][]{subsection.22.4.2}{\376\377\0002\0002\000.\0004\000.\0002\000\040\000O\000n\000e\000-\000P\000r\000o\000t\000o\000c\000o\000l\000-\000F\000i\000t\000s\000-\000A\000l\000l\000\040\000M\000a\000n\000d\000a\000t\000e\000s}{section.22.4}% 1077
\BOOKMARK [2][]{subsection.22.4.3}{\376\377\0002\0002\000.\0004\000.\0003\000\040\000B\000i\000g\000-\000B\000a\000n\000g\000\040\000P\000l\000a\000t\000f\000o\000r\000m\000\040\000B\000u\000i\000l\000d\000s}{section.22.4}% 1078
\BOOKMARK [2][]{subsection.22.4.4}{\376\377\0002\0002\000.\0004\000.\0004\000\040\000S\000k\000i\000p\000p\000i\000n\000g\000\040\000G\000o\000v\000e\000r\000n\000a\000n\000c\000e\000\040\000U\000n\000t\000i\000l\000\040\000F\000i\000f\000t\000y\000\040\000A\000P\000I\000s\000\040\000E\000x\000i\000s\000t}{section.22.4}% 1079
\BOOKMARK [2][]{subsection.22.4.5}{\376\377\0002\0002\000.\0004\000.\0005\000\040\000A\000d\000o\000p\000t\000i\000n\000g\000\040\000F\000r\000o\000n\000t\000i\000e\000r\000s\000\040\000W\000i\000t\000h\000o\000u\000t\000\040\000O\000p\000e\000r\000a\000t\000i\000o\000n\000a\000l\000\040\000M\000a\000t\000u\000r\000i\000t\000y}{section.22.4}% 1080
\BOOKMARK [2][]{subsection.22.4.6}{\376\377\0002\0002\000.\0004\000.\0006\000\040\000S\000y\000n\000t\000h\000e\000s\000i\000s\000\040\000W\000i\000t\000h\000o\000u\000t\000\040\000O\000w\000n\000e\000r\000s\000h\000i\000p}{section.22.4}% 1081
\BOOKMARK [1][]{section.22.5}{\376\377\0002\0002\000.\0005\000\040\000H\000a\000n\000d\000s\000-\000O\000n\000\040\000P\000r\000o\000d\000u\000c\000t\000i\000o\000n\000\040\000L\000a\000b\000\040\000\046\000\040\000R\000e\000a\000l\000-\000W\000o\000r\000l\000d\000\040\000C\000a\000s\000e\000\040\000S\000t\000u\000d\000y}{chapter.22}% 1082
\BOOKMARK [2][]{subsection.22.5.1}{\376\377\0002\0002\000.\0005\000.\0001\000\040\000L\000a\000b\000:\000\040\000R\000u\000n\000\040\000t\000h\000e\000\040\000F\000u\000l\000l\000\040\000T\000o\000o\000l\000k\000i\000t}{section.22.5}% 1083
\BOOKMARK [2][]{subsection.22.5.2}{\376\377\0002\0002\000.\0005\000.\0002\000\040\000C\000a\000s\000e\000\040\000S\000t\000u\000d\000y\000:\000\040\000T\000h\000r\000e\000e\000\040\000Y\000e\000a\000r\000s\000\040\000o\000f\000\040\000a\000n\000\040\000E\000n\000t\000e\000r\000p\000r\000i\000s\000e\000\040\000A\000P\000I\000\040\000P\000l\000a\000t\000f\000o\000r\000m}{section.22.5}% 1084
\BOOKMARK [1][]{section.22.6}{\376\377\0002\0002\000.\0006\000\040\000S\000e\000l\000f\000-\000A\000s\000s\000e\000s\000s\000m\000e\000n\000t\000\040\000E\000x\000e\000r\000c\000i\000s\000e\000s\000\040\000\046\000\040\000D\000e\000e\000p\000-\000D\000i\000v\000e\000\040\000Q\000u\000e\000s\000t\000i\000o\000n\000s}{chapter.22}% 1085
\BOOKMARK [2][]{subsection.22.6.1}{\376\377\0002\0002\000.\0006\000.\0001\000\040\000C\000o\000n\000c\000e\000p\000t\000\040\000R\000e\000v\000i\000e\000w}{section.22.6}% 1086
\BOOKMARK [2][]{subsection.22.6.2}{\376\377\0002\0002\000.\0006\000.\0002\000\040\000A\000r\000c\000h\000i\000t\000e\000c\000t\000u\000r\000e\000-\000D\000e\000s\000i\000g\000n\000\040\000D\000r\000i\000l\000l\000s}{section.22.6}% 1087
\BOOKMARK [1][]{section.22.7}{\376\377\0002\0002\000.\0007\000\040\000I\000n\000t\000e\000r\000v\000i\000e\000w\000\040\000Q\000\046\000A\000\040\000V\000a\000u\000l\000t}{chapter.22}% 1088
\BOOKMARK [1][]{section.22.8}{\376\377\0002\0002\000.\0008\000\040\000E\000x\000t\000e\000r\000n\000a\000l\000\040\000B\000i\000b\000l\000i\000o\000g\000r\000a\000p\000h\000y\000\040\000\046\000\040\000F\000u\000r\000t\000h\000e\000r\000\040\000R\000e\000a\000d\000i\000n\000g}{chapter.22}% 1089
\BOOKMARK [1][]{section.22.9}{\376\377\0002\0002\000.\0009\000\040\000C\000a\000p\000s\000t\000o\000n\000e\000\040\000P\000r\000o\000j\000e\000c\000t\000s}{chapter.22}% 1090
\BOOKMARK [2][]{subsection.22.9.1}{\376\377\0002\0002\000.\0009\000.\0001\000\040\000[\000j\000u\000n\000i\000o\000r\000]\000\040\000P\000r\000o\000j\000e\000c\000t\000\040\0001\000:\000\040\000E\000x\000t\000e\000n\000d\000\040\000t\000h\000e\000\040\000D\000e\000c\000i\000s\000i\000o\000n\000\040\000A\000d\000v\000i\000s\000o\000r}{section.22.9}% 1091
\BOOKMARK [2][]{subsection.22.9.2}{\376\377\0002\0002\000.\0009\000.\0002\000\040\000[\000m\000i\000d\000]\000\040\000P\000r\000o\000j\000e\000c\000t\000\040\0002\000:\000\040\000G\000o\000v\000e\000r\000n\000a\000n\000c\000e\000\040\000T\000o\000o\000l\000c\000h\000a\000i\000n}{section.22.9}% 1092
\BOOKMARK [2][]{subsection.22.9.3}{\376\377\0002\0002\000.\0009\000.\0003\000\040\000[\000s\000e\000n\000i\000o\000r\000]\000\040\000P\000r\000o\000j\000e\000c\000t\000\040\0003\000:\000\040\000M\000u\000l\000t\000i\000-\000P\000r\000o\000t\000o\000c\000o\000l\000\040\000R\000e\000a\000d\000/\000W\000r\000i\000t\000e\000\040\000S\000p\000l\000i\000t}{section.22.9}% 1093
\BOOKMARK [2][]{subsection.22.9.4}{\376\377\0002\0002\000.\0009\000.\0004\000\040\000[\000s\000e\000n\000i\000o\000r\000]\000\040\000P\000r\000o\000j\000e\000c\000t\000\040\0004\000:\000\040\000W\000e\000b\000h\000o\000o\000k\000\040\000N\000o\000t\000i\000f\000i\000c\000a\000t\000i\000o\000n\000\040\000P\000i\000p\000e\000l\000i\000n\000e\000\040\000w\000i\000t\000h\000\040\000O\000u\000t\000b\000o\000x\000\040\000R\000e\000p\000l\000a\000y}{section.22.9}% 1094
\BOOKMARK [2][]{subsection.22.9.5}{\376\377\0002\0002\000.\0009\000.\0005\000\040\000[\000s\000t\000a\000f\000f\000]\000\040\000P\000r\000o\000j\000e\000c\000t\000\040\0005\000:\000\040\000T\000h\000e\000\040\000G\000r\000a\000n\000d\000\040\000C\000a\000p\000s\000t\000o\000n\000e\000\040\040\024\000\040\000N\000o\000r\000t\000h\000w\000i\000n\000d\000\040\000R\000o\000b\000o\000t\000i\000c\000s\000\040\000A\000P\000I\000\040\000P\000l\000a\000t\000f\000o\000r\000m}{section.22.9}% 1095
\BOOKMARK [1][]{section.22.10}{\376\377\0002\0002\000.\0001\0000\000\040\000P\000y\000t\000h\000o\000n\000\040\000D\000e\000p\000e\000n\000d\000e\000n\000c\000i\000e\000s\000\040\000A\000p\000p\000e\000n\000d\000i\000x}{chapter.22}% 1096
\BOOKMARK [2][]{subsection.22.10.1}{\376\377\0002\0002\000.\0001\0000\000.\0001\000\040\000f\000a\000s\000t\000a\000p\000i}{section.22.10}% 1097
\BOOKMARK [2][]{subsection.22.10.2}{\376\377\0002\0002\000.\0001\0000\000.\0002\000\040\000s\000t\000r\000a\000w\000b\000e\000r\000r\000y\000-\000g\000r\000a\000p\000h\000q\000l\000[\000f\000a\000s\000t\000a\000p\000i\000]}{section.22.10}% 1098
\BOOKMARK [2][]{subsection.22.10.3}{\376\377\0002\0002\000.\0001\0000\000.\0003\000\040\000p\000y\000d\000a\000n\000t\000i\000c}{section.22.10}% 1099
\BOOKMARK [2][]{subsection.22.10.4}{\376\377\0002\0002\000.\0001\0000\000.\0004\000\040\000p\000y\000y\000a\000m\000l}{section.22.10}% 1100
\BOOKMARK [2][]{subsection.22.10.5}{\376\377\0002\0002\000.\0001\0000\000.\0005\000\040\000h\000t\000t\000p\000x}{section.22.10}% 1101
\BOOKMARK [2][]{subsection.22.10.6}{\376\377\0002\0002\000.\0001\0000\000.\0006\000\040\000p\000y\000t\000e\000s\000t}{section.22.10}% 1102
\BOOKMARK [1][]{section.22.11}{\376\377\0002\0002\000.\0001\0001\000\040\000C\000h\000a\000p\000t\000e\000r\000\040\000S\000u\000m\000m\000a\000r\000y\000\040\000\046\000\040\000K\000e\000y\000\040\000T\000a\000k\000e\000a\000w\000a\000y\000s}{chapter.22}% 1103
\BOOKMARK [1][]{section.22.12}{\376\377\0002\0002\000.\0001\0002\000\040\000Q\000u\000i\000c\000k\000-\000R\000e\000f\000e\000r\000e\000n\000c\000e\000\040\000C\000a\000r\000d}{chapter.22}% 1104
\BOOKMARK [1][]{section.22.13}{\376\377\0002\0002\000.\0001\0003\000\040\000C\000l\000o\000s\000i\000n\000g\000\040\000T\000h\000o\000u\000g\000h\000t\000s}{chapter.22}% 1105
\BOOKMARK [1][]{section.22.14}{\376\377\0002\0002\000.\0001\0004\000\040\000S\000t\000a\000n\000d\000a\000r\000d\000i\000z\000e\000d\000\040\000E\000v\000i\000d\000e\000n\000c\000e\000\040\000A\000d\000d\000e\000n\000d\000u\000m}{chapter.22}% 1106
\BOOKMARK [2][]{subsection.22.14.1}{\376\377\0002\0002\000.\0001\0004\000.\0001\000\040\000B\000e\000n\000c\000h\000m\000a\000r\000k\000\040\000S\000n\000a\000p\000s\000h\000o\000t\000\040\000T\000e\000m\000p\000l\000a\000t\000e}{section.22.14}% 1107
\BOOKMARK [2][]{subsection.22.14.2}{\376\377\0002\0002\000.\0001\0004\000.\0002\000\040\000R\000e\000q\000u\000e\000s\000t\000\040\000T\000r\000a\000c\000e\000\040\000T\000e\000m\000p\000l\000a\000t\000e}{section.22.14}% 1108
\BOOKMARK [2][]{subsection.22.14.3}{\376\377\0002\0002\000.\0001\0004\000.\0003\000\040\000C\000o\000s\000t\000\040\000a\000n\000d\000\040\000L\000a\000t\000e\000n\000c\000y\000\040\000B\000u\000d\000g\000e\000t\000\040\000S\000n\000a\000p\000s\000h\000o\000t}{section.22.14}% 1109
\BOOKMARK [1][]{section.22.15}{\376\377\0002\0002\000.\0001\0005\000\040\000C\000o\000n\000f\000i\000g\000u\000r\000a\000t\000i\000o\000n\000\040\000P\000r\000e\000s\000e\000t\000\040\000T\000e\000m\000p\000l\000a\000t\000e}{chapter.22}% 1110
\BOOKMARK [1][]{section.22.16}{\376\377\0002\0002\000.\0001\0006\000\040\000C\000I\000\040\000Q\000u\000a\000l\000i\000t\000y\000\040\000G\000a\000t\000e\000\040\000S\000p\000e\000c\000i\000f\000i\000c\000a\000t\000i\000o\000n}{chapter.22}% 1111
\BOOKMARK [1][]{section.22.17}{\376\377\0002\0002\000.\0001\0007\000\040\000I\000n\000c\000i\000d\000e\000n\000t\000\040\000R\000u\000n\000b\000o\000o\000k\000\040\000T\000e\000m\000p\000l\000a\000t\000e}{chapter.22}% 1112
\BOOKMARK [1][]{section.22.18}{\376\377\0002\0002\000.\0001\0008\000\040\000C\000r\000o\000s\000s\000-\000C\000h\000a\000p\000t\000e\000r\000\040\000D\000e\000c\000i\000s\000i\000o\000n\000\040\000C\000a\000r\000d}{chapter.22}% 1113
\BOOKMARK [1][]{section.22.19}{\376\377\0002\0002\000.\0001\0009\000\040\000R\000O\000I\000\040\000M\000o\000d\000e\000l\000\040\000a\000n\000d\000\040\000B\000u\000i\000l\000d\000-\000v\000s\000-\000B\000u\000y}{chapter.22}% 1114
\BOOKMARK [1][]{section.22.20}{\376\377\0002\0002\000.\0002\0000\000\040\000D\000i\000s\000a\000s\000t\000e\000r\000\040\000R\000e\000c\000o\000v\000e\000r\000y\000\040\000N\000o\000t\000e\000s\000\040\000\050\000R\000P\000O\000/\000R\000T\000O\000\051}{chapter.22}% 1115
\BOOKMARK [0][]{appendix.A}{\376\377\000A\000\040\000A\000d\000d\000i\000t\000i\000o\000n\000a\000l\000\040\000R\000e\000s\000o\000u\000r\000c\000e\000s}{}% 1116
\BOOKMARK [1][]{appendix.A.1}{\376\377\000A\000.\0001\000\040\000G\000l\000o\000s\000s\000a\000r\000y\000\040\000o\000f\000\040\000T\000e\000r\000m\000s}{appendix.A}% 1117
\BOOKMARK [1][]{appendix.A.2}{\376\377\000A\000.\0002\000\040\000R\000e\000c\000o\000m\000m\000e\000n\000d\000e\000d\000\040\000L\000e\000a\000r\000n\000i\000n\000g\000\040\000P\000a\000t\000h}{appendix.A}% 1118
\BOOKMARK [0][]{appendix.B}{\376\377\000B\000\040\000S\000o\000l\000u\000t\000i\000o\000n\000s\000,\000\040\000M\000o\000d\000e\000l\000\040\000A\000n\000s\000w\000e\000r\000s\000\040\000\046\000\040\000G\000r\000a\000d\000i\000n\000g\000\040\000R\000u\000b\000r\000i\000c\000s}{}% 1119
\BOOKMARK [1][]{appendix.B.1}{\376\377\000B\000.\0001\000\040\000C\000h\000a\000p\000t\000e\000r\000\040\0000\000:\000\040\000O\000r\000i\000e\000n\000t\000a\000t\000i\000o\000n\000,\000\040\000F\000a\000i\000l\000u\000r\000e\000\040\000T\000a\000x\000o\000n\000o\000m\000i\000e\000s\000\040\000\046\000\040\000E\000n\000g\000i\000n\000e\000e\000r\000i\000n\000g\000\040\000J\000u\000d\000g\000m\000e\000n\000t}{appendix.B}% 1120
\BOOKMARK [2][]{subsection.B.1.1}{\376\377\000B\000.\0001\000.\0001\000\040\000S\000e\000l\000f\000-\000A\000s\000s\000e\000s\000s\000m\000e\000n\000t\000\040\000M\000o\000d\000e\000l\000\040\000A\000n\000s\000w\000e\000r\000s}{appendix.B.1}% 1121
\BOOKMARK [2][]{subsection.B.1.2}{\376\377\000B\000.\0001\000.\0002\000\040\000C\000a\000p\000s\000t\000o\000n\000e\000\040\000G\000r\000a\000d\000i\000n\000g\000\040\000R\000u\000b\000r\000i\000c\000s}{appendix.B.1}% 1122
\BOOKMARK [1][]{appendix.B.2}{\376\377\000B\000.\0002\000\040\000C\000h\000a\000p\000t\000e\000r\000\040\0001\000:\000\040\000H\000T\000T\000P\000\040\000o\000n\000\040\000t\000h\000e\000\040\000W\000i\000r\000e}{appendix.B}% 1123
\BOOKMARK [2][]{subsection.B.2.1}{\376\377\000B\000.\0002\000.\0001\000\040\000S\000e\000l\000f\000-\000A\000s\000s\000e\000s\000s\000m\000e\000n\000t\000\040\000M\000o\000d\000e\000l\000\040\000A\000n\000s\000w\000e\000r\000s}{appendix.B.2}% 1124
\BOOKMARK [2][]{subsection.B.2.2}{\376\377\000B\000.\0002\000.\0002\000\040\000C\000a\000p\000s\000t\000o\000n\000e\000\040\000G\000r\000a\000d\000i\000n\000g\000\040\000R\000u\000b\000r\000i\000c\000s}{appendix.B.2}% 1125
\BOOKMARK [1][]{appendix.B.3}{\376\377\000B\000.\0003\000\040\000C\000h\000a\000p\000t\000e\000r\000\040\0002\000:\000\040\000C\000o\000n\000s\000u\000m\000i\000n\000g\000\040\000A\000P\000I\000s\000\040\000i\000n\000\040\000P\000y\000t\000h\000o\000n}{appendix.B}% 1126
\BOOKMARK [2][]{subsection.B.3.1}{\376\377\000B\000.\0003\000.\0001\000\040\000S\000e\000l\000f\000-\000A\000s\000s\000e\000s\000s\000m\000e\000n\000t\000\040\000M\000o\000d\000e\000l\000\040\000A\000n\000s\000w\000e\000r\000s}{appendix.B.3}% 1127
\BOOKMARK [2][]{subsection.B.3.2}{\376\377\000B\000.\0003\000.\0002\000\040\000C\000a\000p\000s\000t\000o\000n\000e\000\040\000G\000r\000a\000d\000i\000n\000g\000\040\000R\000u\000b\000r\000i\000c\000s}{appendix.B.3}% 1128
\BOOKMARK [1][]{appendix.B.4}{\376\377\000B\000.\0004\000\040\000C\000h\000a\000p\000t\000e\000r\000\040\0003\000:\000\040\000T\000h\000e\000\040\000R\000E\000S\000T\000\040\000A\000r\000c\000h\000i\000t\000e\000c\000t\000u\000r\000a\000l\000\040\000S\000t\000y\000l\000e}{appendix.B}% 1129
\BOOKMARK [2][]{subsection.B.4.1}{\376\377\000B\000.\0004\000.\0001\000\040\000S\000e\000l\000f\000-\000A\000s\000s\000e\000s\000s\000m\000e\000n\000t\000\040\000M\000o\000d\000e\000l\000\040\000A\000n\000s\000w\000e\000r\000s}{appendix.B.4}% 1130
\BOOKMARK [2][]{subsection.B.4.2}{\376\377\000B\000.\0004\000.\0002\000\040\000C\000a\000p\000s\000t\000o\000n\000e\000\040\000G\000r\000a\000d\000i\000n\000g\000\040\000R\000u\000b\000r\000i\000c\000s}{appendix.B.4}% 1131
\BOOKMARK [1][]{appendix.B.5}{\376\377\000B\000.\0005\000\040\000C\000h\000a\000p\000t\000e\000r\000\040\0004\000:\000\040\000S\000e\000r\000i\000a\000l\000i\000z\000a\000t\000i\000o\000n\000\040\000\046\000\040\000C\000o\000n\000t\000r\000a\000c\000t\000s}{appendix.B}% 1132
\BOOKMARK [2][]{subsection.B.5.1}{\376\377\000B\000.\0005\000.\0001\000\040\000S\000e\000l\000f\000-\000A\000s\000s\000e\000s\000s\000m\000e\000n\000t\000\040\000M\000o\000d\000e\000l\000\040\000A\000n\000s\000w\000e\000r\000s}{appendix.B.5}% 1133
\BOOKMARK [2][]{subsection.B.5.2}{\376\377\000B\000.\0005\000.\0002\000\040\000C\000a\000p\000s\000t\000o\000n\000e\000\040\000G\000r\000a\000d\000i\000n\000g\000\040\000R\000u\000b\000r\000i\000c\000s}{appendix.B.5}% 1134
\BOOKMARK [1][]{appendix.B.6}{\376\377\000B\000.\0006\000\040\000C\000h\000a\000p\000t\000e\000r\000\040\0005\000:\000\040\000C\000l\000i\000e\000n\000t\000-\000S\000i\000d\000e\000\040\000S\000e\000c\000u\000r\000i\000t\000y}{appendix.B}% 1135
\BOOKMARK [2][]{subsection.B.6.1}{\376\377\000B\000.\0006\000.\0001\000\040\000S\000e\000l\000f\000-\000A\000s\000s\000e\000s\000s\000m\000e\000n\000t\000\040\000M\000o\000d\000e\000l\000\040\000A\000n\000s\000w\000e\000r\000s}{appendix.B.6}% 1136
\BOOKMARK [2][]{subsection.B.6.2}{\376\377\000B\000.\0006\000.\0002\000\040\000C\000a\000p\000s\000t\000o\000n\000e\000\040\000G\000r\000a\000d\000i\000n\000g\000\040\000R\000u\000b\000r\000i\000c\000s}{appendix.B.6}% 1137
\BOOKMARK [1][]{appendix.B.7}{\376\377\000B\000.\0007\000\040\000C\000h\000a\000p\000t\000e\000r\000\040\0006\000:\000\040\000B\000u\000i\000l\000d\000i\000n\000g\000\040\000A\000P\000I\000s\000\040\000w\000i\000t\000h\000\040\000F\000a\000s\000t\000A\000P\000I}{appendix.B}% 1138
\BOOKMARK [2][]{subsection.B.7.1}{\376\377\000B\000.\0007\000.\0001\000\040\000S\000e\000l\000f\000-\000A\000s\000s\000e\000s\000s\000m\000e\000n\000t\000\040\000M\000o\000d\000e\000l\000\040\000A\000n\000s\000w\000e\000r\000s}{appendix.B.7}% 1139
\BOOKMARK [2][]{subsection.B.7.2}{\376\377\000B\000.\0007\000.\0002\000\040\000C\000a\000p\000s\000t\000o\000n\000e\000\040\000G\000r\000a\000d\000i\000n\000g\000\040\000R\000u\000b\000r\000i\000c\000s}{appendix.B.7}% 1140
\BOOKMARK [1][]{appendix.B.8}{\376\377\000B\000.\0008\000\040\000C\000h\000a\000p\000t\000e\000r\000\040\0007\000:\000\040\000E\000r\000r\000o\000r\000s\000,\000\040\000V\000a\000l\000i\000d\000a\000t\000i\000o\000n\000\040\000\046\000\040\000P\000r\000o\000b\000l\000e\000m\000\040\000D\000e\000t\000a\000i\000l\000s}{appendix.B}% 1141
\BOOKMARK [2][]{subsection.B.8.1}{\376\377\000B\000.\0008\000.\0001\000\040\000S\000e\000l\000f\000-\000A\000s\000s\000e\000s\000s\000m\000e\000n\000t\000\040\000M\000o\000d\000e\000l\000\040\000A\000n\000s\000w\000e\000r\000s}{appendix.B.8}% 1142
\BOOKMARK [2][]{subsection.B.8.2}{\376\377\000B\000.\0008\000.\0002\000\040\000C\000a\000p\000s\000t\000o\000n\000e\000\040\000G\000r\000a\000d\000i\000n\000g\000\040\000R\000u\000b\000r\000i\000c\000s}{appendix.B.8}% 1143
\BOOKMARK [1][]{appendix.B.9}{\376\377\000B\000.\0009\000\040\000C\000h\000a\000p\000t\000e\000r\000\040\0008\000:\000\040\000P\000a\000g\000i\000n\000a\000t\000i\000o\000n\000,\000\040\000F\000i\000l\000t\000e\000r\000i\000n\000g\000\040\000\046\000\040\000S\000o\000r\000t\000i\000n\000g}{appendix.B}% 1144
\BOOKMARK [2][]{subsection.B.9.1}{\376\377\000B\000.\0009\000.\0001\000\040\000S\000e\000l\000f\000-\000A\000s\000s\000e\000s\000s\000m\000e\000n\000t\000\040\000M\000o\000d\000e\000l\000\040\000A\000n\000s\000w\000e\000r\000s}{appendix.B.9}% 1145
\BOOKMARK [2][]{subsection.B.9.2}{\376\377\000B\000.\0009\000.\0002\000\040\000C\000a\000p\000s\000t\000o\000n\000e\000\040\000G\000r\000a\000d\000i\000n\000g\000\040\000R\000u\000b\000r\000i\000c\000s}{appendix.B.9}% 1146
\BOOKMARK [1][]{appendix.B.10}{\376\377\000B\000.\0001\0000\000\040\000C\000h\000a\000p\000t\000e\000r\000\040\0009\000:\000\040\000V\000e\000r\000s\000i\000o\000n\000i\000n\000g\000\040\000\046\000\040\000E\000v\000o\000l\000u\000t\000i\000o\000n}{appendix.B}% 1147
\BOOKMARK [2][]{subsection.B.10.1}{\376\377\000B\000.\0001\0000\000.\0001\000\040\000S\000e\000l\000f\000-\000A\000s\000s\000e\000s\000s\000m\000e\000n\000t\000\040\000M\000o\000d\000e\000l\000\040\000A\000n\000s\000w\000e\000r\000s}{appendix.B.10}% 1148
\BOOKMARK [2][]{subsection.B.10.2}{\376\377\000B\000.\0001\0000\000.\0002\000\040\000C\000a\000p\000s\000t\000o\000n\000e\000\040\000G\000r\000a\000d\000i\000n\000g\000\040\000R\000u\000b\000r\000i\000c\000s}{appendix.B.10}% 1149
\BOOKMARK [1][]{appendix.B.11}{\376\377\000B\000.\0001\0001\000\040\000C\000h\000a\000p\000t\000e\000r\000\040\0001\0000\000:\000\040\000I\000d\000e\000m\000p\000o\000t\000e\000n\000c\000y\000,\000\040\000C\000a\000c\000h\000i\000n\000g\000\040\000\046\000\040\000C\000o\000n\000c\000u\000r\000r\000e\000n\000c\000y}{appendix.B}% 1150
\BOOKMARK [2][]{subsection.B.11.1}{\376\377\000B\000.\0001\0001\000.\0001\000\040\000S\000e\000l\000f\000-\000A\000s\000s\000e\000s\000s\000m\000e\000n\000t\000\040\000M\000o\000d\000e\000l\000\040\000A\000n\000s\000w\000e\000r\000s}{appendix.B.11}% 1151
\BOOKMARK [2][]{subsection.B.11.2}{\376\377\000B\000.\0001\0001\000.\0002\000\040\000C\000a\000p\000s\000t\000o\000n\000e\000\040\000G\000r\000a\000d\000i\000n\000g\000\040\000R\000u\000b\000r\000i\000c\000s}{appendix.B.11}% 1152
\BOOKMARK [1][]{appendix.B.12}{\376\377\000B\000.\0001\0002\000\040\000C\000h\000a\000p\000t\000e\000r\000\040\0001\0001\000:\000\040\000A\000s\000y\000n\000c\000\040\000\046\000\040\000E\000v\000e\000n\000t\000-\000D\000r\000i\000v\000e\000n\000\040\000A\000P\000I\000s}{appendix.B}% 1153
\BOOKMARK [2][]{subsection.B.12.1}{\376\377\000B\000.\0001\0002\000.\0001\000\040\000S\000e\000l\000f\000-\000A\000s\000s\000e\000s\000s\000m\000e\000n\000t\000\040\000M\000o\000d\000e\000l\000\040\000A\000n\000s\000w\000e\000r\000s}{appendix.B.12}% 1154
\BOOKMARK [2][]{subsection.B.12.2}{\376\377\000B\000.\0001\0002\000.\0002\000\040\000C\000a\000p\000s\000t\000o\000n\000e\000\040\000G\000r\000a\000d\000i\000n\000g\000\040\000R\000u\000b\000r\000i\000c\000s}{appendix.B.12}% 1155
\BOOKMARK [1][]{appendix.B.13}{\376\377\000B\000.\0001\0003\000\040\000C\000h\000a\000p\000t\000e\000r\000\040\0001\0002\000:\000\040\000G\000r\000a\000p\000h\000Q\000L}{appendix.B}% 1156
\BOOKMARK [2][]{subsection.B.13.1}{\376\377\000B\000.\0001\0003\000.\0001\000\040\000S\000e\000l\000f\000-\000A\000s\000s\000e\000s\000s\000m\000e\000n\000t\000\040\000M\000o\000d\000e\000l\000\040\000A\000n\000s\000w\000e\000r\000s}{appendix.B.13}% 1157
\BOOKMARK [2][]{subsection.B.13.2}{\376\377\000B\000.\0001\0003\000.\0002\000\040\000C\000a\000p\000s\000t\000o\000n\000e\000\040\000G\000r\000a\000d\000i\000n\000g\000\040\000R\000u\000b\000r\000i\000c\000s}{appendix.B.13}% 1158
\BOOKMARK [1][]{appendix.B.14}{\376\377\000B\000.\0001\0004\000\040\000C\000h\000a\000p\000t\000e\000r\000\040\0001\0003\000:\000\040\000g\000R\000P\000C\000\040\000\046\000\040\000H\000i\000g\000h\000-\000P\000e\000r\000f\000o\000r\000m\000a\000n\000c\000e\000\040\000R\000P\000C}{appendix.B}% 1159
\BOOKMARK [2][]{subsection.B.14.1}{\376\377\000B\000.\0001\0004\000.\0001\000\040\000S\000e\000l\000f\000-\000A\000s\000s\000e\000s\000s\000m\000e\000n\000t\000\040\000M\000o\000d\000e\000l\000\040\000A\000n\000s\000w\000e\000r\000s}{appendix.B.14}% 1160
\BOOKMARK [2][]{subsection.B.14.2}{\376\377\000B\000.\0001\0004\000.\0002\000\040\000C\000a\000p\000s\000t\000o\000n\000e\000\040\000G\000r\000a\000d\000i\000n\000g\000\040\000R\000u\000b\000r\000i\000c\000s}{appendix.B.14}% 1161
\BOOKMARK [1][]{appendix.B.15}{\376\377\000B\000.\0001\0005\000\040\000C\000h\000a\000p\000t\000e\000r\000\040\0001\0004\000:\000\040\000R\000a\000t\000e\000\040\000L\000i\000m\000i\000t\000i\000n\000g\000\040\000\046\000\040\000T\000h\000r\000o\000t\000t\000l\000i\000n\000g}{appendix.B}% 1162
\BOOKMARK [2][]{subsection.B.15.1}{\376\377\000B\000.\0001\0005\000.\0001\000\040\000S\000e\000l\000f\000-\000A\000s\000s\000e\000s\000s\000m\000e\000n\000t\000\040\000M\000o\000d\000e\000l\000\040\000A\000n\000s\000w\000e\000r\000s}{appendix.B.15}% 1163
\BOOKMARK [2][]{subsection.B.15.2}{\376\377\000B\000.\0001\0005\000.\0002\000\040\000C\000a\000p\000s\000t\000o\000n\000e\000\040\000G\000r\000a\000d\000i\000n\000g\000\040\000R\000u\000b\000r\000i\000c\000s}{appendix.B.15}% 1164
\BOOKMARK [1][]{appendix.B.16}{\376\377\000B\000.\0001\0006\000\040\000C\000h\000a\000p\000t\000e\000r\000\040\0001\0005\000:\000\040\000M\000i\000c\000r\000o\000s\000e\000r\000v\000i\000c\000e\000s\000\040\000\046\000\040\000R\000e\000s\000i\000l\000i\000e\000n\000c\000e}{appendix.B}% 1165
\BOOKMARK [2][]{subsection.B.16.1}{\376\377\000B\000.\0001\0006\000.\0001\000\040\000S\000e\000l\000f\000-\000A\000s\000s\000e\000s\000s\000m\000e\000n\000t\000\040\000M\000o\000d\000e\000l\000\040\000A\000n\000s\000w\000e\000r\000s}{appendix.B.16}% 1166
\BOOKMARK [2][]{subsection.B.16.2}{\376\377\000B\000.\0001\0006\000.\0002\000\040\000C\000a\000p\000s\000t\000o\000n\000e\000\040\000G\000r\000a\000d\000i\000n\000g\000\040\000R\000u\000b\000r\000i\000c\000s}{appendix.B.16}% 1167
\BOOKMARK [1][]{appendix.B.17}{\376\377\000B\000.\0001\0007\000\040\000C\000h\000a\000p\000t\000e\000r\000\040\0001\0006\000:\000\040\000A\000P\000I\000\040\000S\000e\000c\000u\000r\000i\000t\000y\000\040\000E\000n\000g\000i\000n\000e\000e\000r\000i\000n\000g}{appendix.B}% 1168
\BOOKMARK [2][]{subsection.B.17.1}{\376\377\000B\000.\0001\0007\000.\0001\000\040\000S\000e\000l\000f\000-\000A\000s\000s\000e\000s\000s\000m\000e\000n\000t\000\040\000M\000o\000d\000e\000l\000\040\000A\000n\000s\000w\000e\000r\000s}{appendix.B.17}% 1169
\BOOKMARK [2][]{subsection.B.17.2}{\376\377\000B\000.\0001\0007\000.\0002\000\040\000C\000a\000p\000s\000t\000o\000n\000e\000\040\000G\000r\000a\000d\000i\000n\000g\000\040\000R\000u\000b\000r\000i\000c\000s}{appendix.B.17}% 1170
\BOOKMARK [1][]{appendix.B.18}{\376\377\000B\000.\0001\0008\000\040\000C\000h\000a\000p\000t\000e\000r\000\040\0001\0007\000:\000\040\000D\000e\000p\000l\000o\000y\000m\000e\000n\000t\000\040\000\046\000\040\000I\000n\000f\000r\000a\000s\000t\000r\000u\000c\000t\000u\000r\000e}{appendix.B}% 1171
\BOOKMARK [2][]{subsection.B.18.1}{\376\377\000B\000.\0001\0008\000.\0001\000\040\000S\000e\000l\000f\000-\000A\000s\000s\000e\000s\000s\000m\000e\000n\000t\000\040\000M\000o\000d\000e\000l\000\040\000A\000n\000s\000w\000e\000r\000s}{appendix.B.18}% 1172
\BOOKMARK [2][]{subsection.B.18.2}{\376\377\000B\000.\0001\0008\000.\0002\000\040\000C\000a\000p\000s\000t\000o\000n\000e\000\040\000G\000r\000a\000d\000i\000n\000g\000\040\000R\000u\000b\000r\000i\000c\000s}{appendix.B.18}% 1173
\BOOKMARK [1][]{appendix.B.19}{\376\377\000B\000.\0001\0009\000\040\000C\000h\000a\000p\000t\000e\000r\000\040\0001\0008\000:\000\040\000O\000b\000s\000e\000r\000v\000a\000b\000i\000l\000i\000t\000y\000\040\000\046\000\040\000S\000R\000E}{appendix.B}% 1174
\BOOKMARK [2][]{subsection.B.19.1}{\376\377\000B\000.\0001\0009\000.\0001\000\040\000S\000e\000l\000f\000-\000A\000s\000s\000e\000s\000s\000m\000e\000n\000t\000\040\000M\000o\000d\000e\000l\000\040\000A\000n\000s\000w\000e\000r\000s}{appendix.B.19}% 1175
\BOOKMARK [2][]{subsection.B.19.2}{\376\377\000B\000.\0001\0009\000.\0002\000\040\000C\000a\000p\000s\000t\000o\000n\000e\000\040\000G\000r\000a\000d\000i\000n\000g\000\040\000R\000u\000b\000r\000i\000c\000s}{appendix.B.19}% 1176
\BOOKMARK [1][]{appendix.B.20}{\376\377\000B\000.\0002\0000\000\040\000C\000h\000a\000p\000t\000e\000r\000\040\0001\0009\000:\000\040\000T\000e\000s\000t\000i\000n\000g\000\040\000\046\000\040\000Q\000u\000a\000l\000i\000t\000y\000\040\000E\000n\000g\000i\000n\000e\000e\000r\000i\000n\000g}{appendix.B}% 1177
\BOOKMARK [2][]{subsection.B.20.1}{\376\377\000B\000.\0002\0000\000.\0001\000\040\000S\000e\000l\000f\000-\000A\000s\000s\000e\000s\000s\000m\000e\000n\000t\000\040\000M\000o\000d\000e\000l\000\040\000A\000n\000s\000w\000e\000r\000s}{appendix.B.20}% 1178
\BOOKMARK [2][]{subsection.B.20.2}{\376\377\000B\000.\0002\0000\000.\0002\000\040\000C\000a\000p\000s\000t\000o\000n\000e\000\040\000G\000r\000a\000d\000i\000n\000g\000\040\000R\000u\000b\000r\000i\000c\000s}{appendix.B.20}% 1179
\BOOKMARK [1][]{appendix.B.21}{\376\377\000B\000.\0002\0001\000\040\000C\000h\000a\000p\000t\000e\000r\000\040\0002\0000\000:\000\040\000L\000i\000f\000e\000c\000y\000c\000l\000e\000,\000\040\000G\000o\000v\000e\000r\000n\000a\000n\000c\000e\000\040\000\046\000\040\000D\000e\000v\000e\000l\000o\000p\000e\000r\000\040\000E\000x\000p\000e\000r\000i\000e\000n\000c\000e}{appendix.B}% 1180
\BOOKMARK [2][]{subsection.B.21.1}{\376\377\000B\000.\0002\0001\000.\0001\000\040\000S\000e\000l\000f\000-\000A\000s\000s\000e\000s\000s\000m\000e\000n\000t\000\040\000M\000o\000d\000e\000l\000\040\000A\000n\000s\000w\000e\000r\000s}{appendix.B.21}% 1181
\BOOKMARK [2][]{subsection.B.21.2}{\376\377\000B\000.\0002\0001\000.\0002\000\040\000C\000a\000p\000s\000t\000o\000n\000e\000\040\000G\000r\000a\000d\000i\000n\000g\000\040\000R\000u\000b\000r\000i\000c\000s}{appendix.B.21}% 1182
\BOOKMARK [1][]{appendix.B.22}{\376\377\000B\000.\0002\0002\000\040\000C\000h\000a\000p\000t\000e\000r\000\040\0002\0001\000:\000\040\000S\000y\000n\000t\000h\000e\000s\000i\000s\000\040\000\046\000\040\000F\000u\000t\000u\000r\000e\000\040\000D\000i\000r\000e\000c\000t\000i\000o\000n\000s}{appendix.B}% 1183
\BOOKMARK [2][]{subsection.B.22.1}{\376\377\000B\000.\0002\0002\000.\0001\000\040\000S\000e\000l\000f\000-\000A\000s\000s\000e\000s\000s\000m\000e\000n\000t\000\040\000M\000o\000d\000e\000l\000\040\000A\000n\000s\000w\000e\000r\000s}{appendix.B.22}% 1184
\BOOKMARK [2][]{subsection.B.22.2}{\376\377\000B\000.\0002\0002\000.\0002\000\040\000C\000a\000p\000s\000t\000o\000n\000e\000\040\000G\000r\000a\000d\000i\000n\000g\000\040\000R\000u\000b\000r\000i\000c\000s}{appendix.B.22}% 1185
