This is pdfTeX, Version 3.141592653-2.6-1.40.29 (MiKTeX 26.5) (preloaded format=pdflatex 2026.7.31)  3 SEP 2026 19:50
entering extended mode
 restricted \write18 enabled.
 %&-line parsing enabled.
**./main.tex
(main.tex
LaTeX2e <2026-06-01>
L3 programming layer <2026-06-18>
(C:\Users\aned.esquerra\AppData\Local\Programs\MiKTeX\tex/latex/base\book.cls
Document Class: book 2025/01/22 v1.4n Standard LaTeX document class
(C:\Users\aned.esquerra\AppData\Local\Programs\MiKTeX\tex/latex/base\bk12.clo
File: bk12.clo 2025/01/22 v1.4n Standard LaTeX file (size option)
)
\c@part=\count276
\c@chapter=\count277
\c@section=\count278
\c@subsection=\count279
\c@subsubsection=\count280
\c@paragraph=\count281
\c@subparagraph=\count282
\c@figure=\count283
\c@table=\count284
\abovecaptionskip=\skip49
\belowcaptionskip=\skip50
\bibindent=\dimen150
)
(C:\Users\aned.esquerra\AppData\Local\Programs\MiKTeX\tex/generic/babel\babel.s
ty
Package: babel 2026/06/14 v26.9 The multilingual framework for LuaLaTeX, pdfLaT
eX and XeLaTeX
\babel@savecnt=\count285
LaTeX Encoding Info:    Redeclaring text command \ij (encoding OT1) on input li
ne 2084.
LaTeX Encoding Info:    Redeclaring text command \IJ (encoding OT1) on input li
ne 2086.
LaTeX Encoding Info:    Redeclaring text command \ij (encoding T1) on input lin
e 2088.
LaTeX Encoding Info:    Redeclaring text command \IJ (encoding T1) on input lin
e 2089.
LaTeX Encoding Info:    Ignoring declaration for text command \ij (encoding ?) 
on input line 2090.
LaTeX Encoding Info:    Ignoring declaration for text command \IJ (encoding ?) 
on input line 2092.
LaTeX Encoding Info:    Ignoring declaration for text command \SS (encoding ?) 
on input line 2117.
\U@D=\dimen151
\l@unhyphenated=\language79

(C:\Users\aned.esquerra\AppData\Local\Programs\MiKTeX\tex/generic/babel\txtbabe
l.def)
\bbl@readstream=\read2
\bbl@dirlevel=\count286
Package babel Info: Configuration files are deprecated, as
(babel)             they can break document portability.
(babel)             Reported on input line 4252.

*************************************
* Local config file bblopts.cfg used
*

(C:\Users\aned.esquerra\AppData\Local\Programs\MiKTeX\tex/latex/arabi\bblopts.c
fg
File: bblopts.cfg 2005/09/08 v0.1 add Arabic and Farsi to "declared" options of
 babel
)
(C:\Users\aned.esquerra\AppData\Local\Programs\MiKTeX\tex/generic/babel/locale/
en\babel-english.tex)
Package babel Info: Importing font and identification data for 'english'
(babel)             from babel-en.ini. Reported on input line 4380.

(C:\Users\aned.esquerra\AppData\Local\Programs\MiKTeX\tex/latex/babel-english\e
nglish.ldf
Language: english 2017/06/06 v3.3r English support from the babel system
Package babel Info: Hyphen rules for 'canadian' set to \l@english
(babel)             (\language0). Reported on input line 102.
Package babel Info: Hyphen rules for 'australian' set to \l@ukenglish
(babel)             (\language73). Reported on input line 105.
Package babel Info: Hyphen rules for 'newzealand' set to \l@ukenglish
(babel)             (\language73). Reported on input line 108.
))
(C:\Users\aned.esquerra\AppData\Local\Programs\MiKTeX\tex/latex/base\fontenc.st
y
Package: fontenc 2025/07/18 v2.1d Standard LaTeX package
)
(C:\Users\aned.esquerra\AppData\Local\Programs\MiKTeX\tex/latex/geometry\geomet
ry.sty
Package: geometry 2026/03/07 v6.0 Page Geometry

(C:\Users\aned.esquerra\AppData\Local\Programs\MiKTeX\tex/latex/graphics\keyval
.sty
Package: keyval 2026-05-17 v1.15 key=value parser (DPC)
\KV@toks@=\toks17
)
(C:\Users\aned.esquerra\AppData\Local\Programs\MiKTeX\tex/generic/iftex\ifvtex.
sty
Package: ifvtex 2019/10/25 v1.7 ifvtex legacy package. Use iftex instead.

(C:\Users\aned.esquerra\AppData\Local\Programs\MiKTeX\tex/generic/iftex\iftex.s
ty
Package: iftex 2024/12/12 v1.0g TeX engine tests
))
\Gm@cnth=\count287
\Gm@cntv=\count288
\c@Gm@tempcnt=\count289
\Gm@bindingoffset=\dimen152
\Gm@wd@mp=\dimen153
\Gm@odd@mp=\dimen154
\Gm@even@mp=\dimen155
\Gm@layoutwidth=\dimen156
\Gm@layoutheight=\dimen157
\Gm@layouthoffset=\dimen158
\Gm@layoutvoffset=\dimen159
\Gm@dimlist=\toks18

(C:\Users\aned.esquerra\AppData\Local\Programs\MiKTeX\tex/latex/geometry\geomet
ry.cfg))
(C:\Users\aned.esquerra\AppData\Local\Programs\MiKTeX\tex/latex/microtype\micro
type.sty
Package: microtype 2026/03/01 v3.2d Micro-typographical refinements (RS)

(C:\Users\aned.esquerra\AppData\Local\Programs\MiKTeX\tex/latex/etoolbox\etoolb
ox.sty
Package: etoolbox 2025/10/02 v2.5m e-TeX tools for LaTeX (JAW)
\etb@tempcnta=\count290
)
\MT@toks=\toks19
\MT@tempbox=\box53
\MT@count=\count291
LaTeX Info: Redefining \noprotrusionifhmode on input line 1084.
LaTeX Info: Redefining \leftprotrusion on input line 1085.
\MT@prot@toks=\toks20
LaTeX Info: Redefining \rightprotrusion on input line 1104.
LaTeX Info: Redefining \textls on input line 1449.
\MT@outer@kern=\dimen160
LaTeX Info: Redefining \microtypecontext on input line 2053.
LaTeX Info: Redefining \textmicrotypecontext on input line 2070.
\MT@listname@count=\count292

(C:\Users\aned.esquerra\AppData\Local\Programs\MiKTeX\tex/latex/microtype\micro
type-pdftex.def
File: microtype-pdftex.def 2026/03/01 v3.2d Definitions specific to pdftex (RS)

LaTeX Info: Redefining \lsstyle on input line 944.
LaTeX Info: Redefining \lslig on input line 944.
\MT@outer@space=\skip51
)
Package microtype Info: Loading configuration file microtype.cfg.

(C:\Users\aned.esquerra\AppData\Local\Programs\MiKTeX\tex/latex/microtype\micro
type.cfg
File: microtype.cfg 2026/03/01 v3.2d microtype main configuration file (RS)
)
LaTeX Info: Redefining \microtypesetup on input line 3065.
)
(C:\Users\aned.esquerra\AppData\Local\Programs\MiKTeX\tex/latex/lm\lmodern.sty
Package: lmodern 2015/05/01 v1.6.1 Latin Modern Fonts
LaTeX Font Info:    Overwriting symbol font `operators' in version `normal'
(Font)                  OT1/cmr/m/n --> OT1/lmr/m/n on input line 22.
LaTeX Font Info:    Overwriting symbol font `letters' in version `normal'
(Font)                  OML/cmm/m/it --> OML/lmm/m/it on input line 23.
LaTeX Font Info:    Overwriting symbol font `symbols' in version `normal'
(Font)                  OMS/cmsy/m/n --> OMS/lmsy/m/n on input line 24.
LaTeX Font Info:    Overwriting symbol font `largesymbols' in version `normal'
(Font)                  OMX/cmex/m/n --> OMX/lmex/m/n on input line 25.
LaTeX Font Info:    Overwriting symbol font `operators' in version `bold'
(Font)                  OT1/cmr/bx/n --> OT1/lmr/bx/n on input line 26.
LaTeX Font Info:    Overwriting symbol font `letters' in version `bold'
(Font)                  OML/cmm/b/it --> OML/lmm/b/it on input line 27.
LaTeX Font Info:    Overwriting symbol font `symbols' in version `bold'
(Font)                  OMS/cmsy/b/n --> OMS/lmsy/b/n on input line 28.
LaTeX Font Info:    Overwriting symbol font `largesymbols' in version `bold'
(Font)                  OMX/cmex/m/n --> OMX/lmex/m/n on input line 29.
LaTeX Font Info:    Overwriting math alphabet `\mathbf' in version `normal'
(Font)                  OT1/cmr/bx/n --> OT1/lmr/bx/n on input line 31.
LaTeX Font Info:    Overwriting math alphabet `\mathsf' in version `normal'
(Font)                  OT1/cmss/m/n --> OT1/lmss/m/n on input line 32.
LaTeX Font Info:    Overwriting math alphabet `\mathit' in version `normal'
(Font)                  OT1/cmr/m/it --> OT1/lmr/m/it on input line 33.
LaTeX Font Info:    Overwriting math alphabet `\mathtt' in version `normal'
(Font)                  OT1/cmtt/m/n --> OT1/lmtt/m/n on input line 34.
LaTeX Font Info:    Overwriting math alphabet `\mathbf' in version `bold'
(Font)                  OT1/cmr/bx/n --> OT1/lmr/bx/n on input line 35.
LaTeX Font Info:    Overwriting math alphabet `\mathsf' in version `bold'
(Font)                  OT1/cmss/bx/n --> OT1/lmss/bx/n on input line 36.
LaTeX Font Info:    Overwriting math alphabet `\mathit' in version `bold'
(Font)                  OT1/cmr/bx/it --> OT1/lmr/bx/it on input line 37.
LaTeX Font Info:    Overwriting math alphabet `\mathtt' in version `bold'
(Font)                  OT1/cmtt/m/n --> OT1/lmtt/m/n on input line 38.
)
(C:\Users\aned.esquerra\AppData\Local\Programs\MiKTeX\tex/latex/amsmath\amsmath
.sty
Package: amsmath 2026/05/19 v2.18d AMS math features
\@mathmargin=\skip52

For additional information on amsmath, use the `?' option.

(C:\Users\aned.esquerra\AppData\Local\Programs\MiKTeX\tex/latex/amsmath\amstext
.sty
Package: amstext 2024/11/17 v2.01 AMS text

(C:\Users\aned.esquerra\AppData\Local\Programs\MiKTeX\tex/latex/amsmath\amsgen.
sty
File: amsgen.sty 1999/11/30 v2.0 generic functions
\@emptytoks=\toks21
\ex@=\dimen161
))
(C:\Users\aned.esquerra\AppData\Local\Programs\MiKTeX\tex/latex/amsmath\amsbsy.
sty
Package: amsbsy 1999/11/29 v1.2d Bold Symbols
\pmbraise@=\dimen162
)
(C:\Users\aned.esquerra\AppData\Local\Programs\MiKTeX\tex/latex/amsmath\amsopn.
sty
Package: amsopn 2022/04/08 v2.04 operator names
)
\inf@bad=\count293
LaTeX Info: Redefining \frac on input line 233.
\uproot@=\count294
\leftroot@=\count295
LaTeX Info: Redefining \overline on input line 398.
LaTeX Info: Redefining \colon on input line 409.
\classnum@=\count296
\DOTSCASE@=\count297
LaTeX Info: Redefining \ldots on input line 495.
LaTeX Info: Redefining \dots on input line 498.
LaTeX Info: Redefining \cdots on input line 619.
\Mathstrutbox@=\box54
\strutbox@=\box55
LaTeX Info: Redefining \big on input line 721.
LaTeX Info: Redefining \Big on input line 722.
LaTeX Info: Redefining \bigg on input line 723.
LaTeX Info: Redefining \Bigg on input line 724.
\big@size=\dimen163
LaTeX Font Info:    Redeclaring font encoding OML on input line 742.
LaTeX Font Info:    Redeclaring font encoding OMS on input line 743.
\macc@depth=\count298
LaTeX Info: Redefining \bmod on input line 904.
LaTeX Info: Redefining \pmod on input line 909.
LaTeX Info: Redefining \smash on input line 939.
LaTeX Info: Redefining \relbar on input line 969.
LaTeX Info: Redefining \Relbar on input line 970.
\c@MaxMatrixCols=\count299
\dotsspace@=\muskip17
\c@parentequation=\count300
\dspbrk@lvl=\count301
\tag@help=\toks22
\row@=\count302
\column@=\count303
\maxfields@=\count304
\andhelp@=\toks23
\eqnshift@=\dimen164
\alignsep@=\dimen165
\tagshift@=\dimen166
\tagwidth@=\dimen167
\totwidth@=\dimen168
\lineht@=\dimen169
\@envbody=\toks24
\multlinegap=\skip53
\multlinetaggap=\skip54
\mathdisplay@stack=\toks25
LaTeX Info: Redefining \[ on input line 2965.
LaTeX Info: Redefining \] on input line 2966.
)
(C:\Users\aned.esquerra\AppData\Local\Programs\MiKTeX\tex/latex/amsfonts\amssym
b.sty
Package: amssymb 2013/01/14 v3.01 AMS font symbols

(C:\Users\aned.esquerra\AppData\Local\Programs\MiKTeX\tex/latex/amsfonts\amsfon
ts.sty
Package: amsfonts 2013/01/14 v3.01 Basic AMSFonts support
\symAMSa=\mathgroup4
\symAMSb=\mathgroup5
LaTeX Font Info:    Redeclaring math symbol \hbar on input line 98.
LaTeX Font Info:    Overwriting math alphabet `\mathfrak' in version `bold'
(Font)                  U/euf/m/n --> U/euf/b/n on input line 106.
))
(C:\Users\aned.esquerra\AppData\Local\Programs\MiKTeX\tex/latex/amscls\amsthm.s
ty
Package: amsthm 2020/05/29 v2.20.6
\thm@style=\toks26
\thm@bodyfont=\toks27
\thm@headfont=\toks28
\thm@notefont=\toks29
\thm@headpunct=\toks30
\thm@preskip=\skip55
\thm@postskip=\skip56
\thm@headsep=\skip57
\dth@everypar=\toks31
)
(C:\Users\aned.esquerra\AppData\Local\Programs\MiKTeX\tex/latex/graphics\graphi
cx.sty
Package: graphicx 2026-05-17 v1.2e Enhanced LaTeX Graphics (DPC,SPQR)

(C:\Users\aned.esquerra\AppData\Local\Programs\MiKTeX\tex/latex/graphics\graphi
cs.sty
Package: graphics 2026-05-17 v1.4h Standard LaTeX Graphics (DPC,SPQR)

(C:\Users\aned.esquerra\AppData\Local\Programs\MiKTeX\tex/latex/graphics\trig.s
ty
Package: trig 2023/12/02 v1.11 sin cos tan (DPC)
)
(C:\Users\aned.esquerra\AppData\Local\Programs\MiKTeX\tex/latex/graphics-cfg\gr
aphics.cfg
File: graphics.cfg 2016/06/04 v1.11 sample graphics configuration
)
Package graphics Info: Driver file: pdftex.def on input line 106.

(C:\Users\aned.esquerra\AppData\Local\Programs\MiKTeX\tex/latex/graphics-def\pd
ftex.def
File: pdftex.def 2025/09/29 v1.2d Graphics/color driver for pdftex
))
\Gin@req@height=\dimen170
\Gin@req@width=\dimen171
)
(C:\Users\aned.esquerra\AppData\Local\Programs\MiKTeX\tex/latex/pgf/frontendlay
er\tikz.sty
(C:\Users\aned.esquerra\AppData\Local\Programs\MiKTeX\tex/latex/pgf/basiclayer\
pgf.sty
(C:\Users\aned.esquerra\AppData\Local\Programs\MiKTeX\tex/latex/pgf/utilities\p
gfrcs.sty
(C:\Users\aned.esquerra\AppData\Local\Programs\MiKTeX\tex/generic/pgf/utilities
\pgfutil-common.tex
\pgfutil@everybye=\toks32
\pgfutil@tempdima=\dimen172
\pgfutil@tempdimb=\dimen173
)
(C:\Users\aned.esquerra\AppData\Local\Programs\MiKTeX\tex/generic/pgf/utilities
\pgfutil-latex.def
\pgfutil@abb=\box56
)
(C:\Users\aned.esquerra\AppData\Local\Programs\MiKTeX\tex/generic/pgf/utilities
\pgfrcs.code.tex
(C:\Users\aned.esquerra\AppData\Local\Programs\MiKTeX\tex/generic/pgf\pgf.revis
ion.tex)
Package: pgfrcs 2025-08-29 v3.1.11a (3.1.11a)
))
Package: pgf 2025-08-29 v3.1.11a (3.1.11a)

(C:\Users\aned.esquerra\AppData\Local\Programs\MiKTeX\tex/latex/pgf/basiclayer\
pgfcore.sty
(C:\Users\aned.esquerra\AppData\Local\Programs\MiKTeX\tex/latex/pgf/systemlayer
\pgfsys.sty
(C:\Users\aned.esquerra\AppData\Local\Programs\MiKTeX\tex/generic/pgf/systemlay
er\pgfsys.code.tex
Package: pgfsys 2025-08-29 v3.1.11a (3.1.11a)

(C:\Users\aned.esquerra\AppData\Local\Programs\MiKTeX\tex/generic/pgf/utilities
\pgfkeys.code.tex
\pgfkeys@pathtoks=\toks33
\pgfkeys@temptoks=\toks34

(C:\Users\aned.esquerra\AppData\Local\Programs\MiKTeX\tex/generic/pgf/utilities
\pgfkeyslibraryfiltered.code.tex
\pgfkeys@tmptoks=\toks35
))
\pgf@x=\dimen174
\pgf@y=\dimen175
\pgf@xa=\dimen176
\pgf@ya=\dimen177
\pgf@xb=\dimen178
\pgf@yb=\dimen179
\pgf@xc=\dimen180
\pgf@yc=\dimen181
\pgf@xd=\dimen182
\pgf@yd=\dimen183
\w@pgf@writea=\write3
\r@pgf@reada=\read3
\c@pgf@counta=\count305
\c@pgf@countb=\count306
\c@pgf@countc=\count307
\c@pgf@countd=\count308
\t@pgf@toka=\toks36
\t@pgf@tokb=\toks37
\t@pgf@tokc=\toks38
\pgf@sys@id@count=\count309

(C:\Users\aned.esquerra\AppData\Local\Programs\MiKTeX\tex/generic/pgf/systemlay
er\pgf.cfg
File: pgf.cfg 2025-08-29 v3.1.11a (3.1.11a)
)
Driver file for pgf: pgfsys-pdftex.def

(C:\Users\aned.esquerra\AppData\Local\Programs\MiKTeX\tex/generic/pgf/systemlay
er\pgfsys-pdftex.def
File: pgfsys-pdftex.def 2025-08-29 v3.1.11a (3.1.11a)

(C:\Users\aned.esquerra\AppData\Local\Programs\MiKTeX\tex/generic/pgf/systemlay
er\pgfsys-common-pdf.def
File: pgfsys-common-pdf.def 2025-08-29 v3.1.11a (3.1.11a)
)))
(C:\Users\aned.esquerra\AppData\Local\Programs\MiKTeX\tex/generic/pgf/systemlay
er\pgfsyssoftpath.code.tex
File: pgfsyssoftpath.code.tex 2025-08-29 v3.1.11a (3.1.11a)
\pgfsyssoftpath@smallbuffer@items=\count310
\pgfsyssoftpath@bigbuffer@items=\count311
)
(C:\Users\aned.esquerra\AppData\Local\Programs\MiKTeX\tex/generic/pgf/systemlay
er\pgfsysprotocol.code.tex
File: pgfsysprotocol.code.tex 2025-08-29 v3.1.11a (3.1.11a)
))
(C:\Users\aned.esquerra\AppData\Local\Programs\MiKTeX\tex/latex/xcolor\xcolor.s
ty
Package: xcolor 2024/09/29 v3.02 LaTeX color extensions (UK)

(C:\Users\aned.esquerra\AppData\Local\Programs\MiKTeX\tex/latex/graphics-cfg\co
lor.cfg
File: color.cfg 2016/01/02 v1.6 sample color configuration
)
Package xcolor Info: Driver file: pdftex.def on input line 274.

(C:\Users\aned.esquerra\AppData\Local\Programs\MiKTeX\tex/latex/graphics\mathco
lor.ltx)
Package xcolor Info: Model `cmy' substituted by `cmy0' on input line 1349.
Package xcolor Info: Model `hsb' substituted by `rgb' on input line 1353.
Package xcolor Info: Model `RGB' extended on input line 1365.
Package xcolor Info: Model `HTML' substituted by `rgb' on input line 1367.
Package xcolor Info: Model `Hsb' substituted by `hsb' on input line 1368.
Package xcolor Info: Model `tHsb' substituted by `hsb' on input line 1369.
Package xcolor Info: Model `HSB' substituted by `hsb' on input line 1370.
Package xcolor Info: Model `Gray' substituted by `gray' on input line 1371.
Package xcolor Info: Model `wave' substituted by `hsb' on input line 1372.
)
(C:\Users\aned.esquerra\AppData\Local\Programs\MiKTeX\tex/generic/pgf/basiclaye
r\pgfcore.code.tex
Package: pgfcore 2025-08-29 v3.1.11a (3.1.11a)

(C:\Users\aned.esquerra\AppData\Local\Programs\MiKTeX\tex/generic/pgf/math\pgfm
ath.code.tex
(C:\Users\aned.esquerra\AppData\Local\Programs\MiKTeX\tex/generic/pgf/math\pgfm
athutil.code.tex)
(C:\Users\aned.esquerra\AppData\Local\Programs\MiKTeX\tex/generic/pgf/math\pgfm
athparser.code.tex
\pgfmath@dimen=\dimen184
\pgfmath@count=\count312
\pgfmath@box=\box57
\pgfmath@toks=\toks39
\pgfmath@stack@operand=\toks40
\pgfmath@stack@operation=\toks41
)
(C:\Users\aned.esquerra\AppData\Local\Programs\MiKTeX\tex/generic/pgf/math\pgfm
athfunctions.code.tex)
(C:\Users\aned.esquerra\AppData\Local\Programs\MiKTeX\tex/generic/pgf/math\pgfm
athfunctions.basic.code.tex)
(C:\Users\aned.esquerra\AppData\Local\Programs\MiKTeX\tex/generic/pgf/math\pgfm
athfunctions.trigonometric.code.tex)
(C:\Users\aned.esquerra\AppData\Local\Programs\MiKTeX\tex/generic/pgf/math\pgfm
athfunctions.random.code.tex)
(C:\Users\aned.esquerra\AppData\Local\Programs\MiKTeX\tex/generic/pgf/math\pgfm
athfunctions.comparison.code.tex)
(C:\Users\aned.esquerra\AppData\Local\Programs\MiKTeX\tex/generic/pgf/math\pgfm
athfunctions.base.code.tex)
(C:\Users\aned.esquerra\AppData\Local\Programs\MiKTeX\tex/generic/pgf/math\pgfm
athfunctions.round.code.tex)
(C:\Users\aned.esquerra\AppData\Local\Programs\MiKTeX\tex/generic/pgf/math\pgfm
athfunctions.misc.code.tex)
(C:\Users\aned.esquerra\AppData\Local\Programs\MiKTeX\tex/generic/pgf/math\pgfm
athfunctions.integerarithmetics.code.tex)
(C:\Users\aned.esquerra\AppData\Local\Programs\MiKTeX\tex/generic/pgf/math\pgfm
athcalc.code.tex)
(C:\Users\aned.esquerra\AppData\Local\Programs\MiKTeX\tex/generic/pgf/math\pgfm
athfloat.code.tex
\c@pgfmathroundto@lastzeros=\count313
))
(C:\Users\aned.esquerra\AppData\Local\Programs\MiKTeX\tex/generic/pgf/math\pgfi
nt.code.tex)
(C:\Users\aned.esquerra\AppData\Local\Programs\MiKTeX\tex/generic/pgf/basiclaye
r\pgfcorepoints.code.tex
File: pgfcorepoints.code.tex 2025-08-29 v3.1.11a (3.1.11a)
\pgf@picminx=\dimen185
\pgf@picmaxx=\dimen186
\pgf@picminy=\dimen187
\pgf@picmaxy=\dimen188
\pgf@pathminx=\dimen189
\pgf@pathmaxx=\dimen190
\pgf@pathminy=\dimen191
\pgf@pathmaxy=\dimen192
\pgf@xx=\dimen193
\pgf@xy=\dimen194
\pgf@yx=\dimen195
\pgf@yy=\dimen196
\pgf@zx=\dimen197
\pgf@zy=\dimen198
)
(C:\Users\aned.esquerra\AppData\Local\Programs\MiKTeX\tex/generic/pgf/basiclaye
r\pgfcorepathconstruct.code.tex
File: pgfcorepathconstruct.code.tex 2025-08-29 v3.1.11a (3.1.11a)
\pgf@path@lastx=\dimen199
\pgf@path@lasty=\dimen256
)
(C:\Users\aned.esquerra\AppData\Local\Programs\MiKTeX\tex/generic/pgf/basiclaye
r\pgfcorepathusage.code.tex
File: pgfcorepathusage.code.tex 2025-08-29 v3.1.11a (3.1.11a)
\pgf@shorten@end@additional=\dimen257
\pgf@shorten@start@additional=\dimen258
)
(C:\Users\aned.esquerra\AppData\Local\Programs\MiKTeX\tex/generic/pgf/basiclaye
r\pgfcorescopes.code.tex
File: pgfcorescopes.code.tex 2025-08-29 v3.1.11a (3.1.11a)
\pgfpic=\box58
\pgf@hbox=\box59
\pgf@layerbox@main=\box60
\pgf@picture@serial@count=\count314
)
(C:\Users\aned.esquerra\AppData\Local\Programs\MiKTeX\tex/generic/pgf/basiclaye
r\pgfcoregraphicstate.code.tex
File: pgfcoregraphicstate.code.tex 2025-08-29 v3.1.11a (3.1.11a)
\pgflinewidth=\dimen259
)
(C:\Users\aned.esquerra\AppData\Local\Programs\MiKTeX\tex/generic/pgf/basiclaye
r\pgfcoretransformations.code.tex
File: pgfcoretransformations.code.tex 2025-08-29 v3.1.11a (3.1.11a)
\pgf@pt@x=\dimen260
\pgf@pt@y=\dimen261
\pgf@pt@temp=\dimen262
)
(C:\Users\aned.esquerra\AppData\Local\Programs\MiKTeX\tex/generic/pgf/basiclaye
r\pgfcorequick.code.tex
File: pgfcorequick.code.tex 2025-08-29 v3.1.11a (3.1.11a)
)
(C:\Users\aned.esquerra\AppData\Local\Programs\MiKTeX\tex/generic/pgf/basiclaye
r\pgfcoreobjects.code.tex
File: pgfcoreobjects.code.tex 2025-08-29 v3.1.11a (3.1.11a)
)
(C:\Users\aned.esquerra\AppData\Local\Programs\MiKTeX\tex/generic/pgf/basiclaye
r\pgfcorepathprocessing.code.tex
File: pgfcorepathprocessing.code.tex 2025-08-29 v3.1.11a (3.1.11a)
)
(C:\Users\aned.esquerra\AppData\Local\Programs\MiKTeX\tex/generic/pgf/basiclaye
r\pgfcorearrows.code.tex
File: pgfcorearrows.code.tex 2025-08-29 v3.1.11a (3.1.11a)
\pgfarrowsep=\dimen263
)
(C:\Users\aned.esquerra\AppData\Local\Programs\MiKTeX\tex/generic/pgf/basiclaye
r\pgfcoreshade.code.tex
File: pgfcoreshade.code.tex 2025-08-29 v3.1.11a (3.1.11a)
\pgf@max=\dimen264
\pgf@sys@shading@range@num=\count315
\pgf@shadingcount=\count316
)
(C:\Users\aned.esquerra\AppData\Local\Programs\MiKTeX\tex/generic/pgf/basiclaye
r\pgfcoreimage.code.tex
File: pgfcoreimage.code.tex 2025-08-29 v3.1.11a (3.1.11a)
)
(C:\Users\aned.esquerra\AppData\Local\Programs\MiKTeX\tex/generic/pgf/basiclaye
r\pgfcoreexternal.code.tex
File: pgfcoreexternal.code.tex 2025-08-29 v3.1.11a (3.1.11a)
\pgfexternal@startupbox=\box61
)
(C:\Users\aned.esquerra\AppData\Local\Programs\MiKTeX\tex/generic/pgf/basiclaye
r\pgfcorelayers.code.tex
File: pgfcorelayers.code.tex 2025-08-29 v3.1.11a (3.1.11a)
)
(C:\Users\aned.esquerra\AppData\Local\Programs\MiKTeX\tex/generic/pgf/basiclaye
r\pgfcoretransparency.code.tex
File: pgfcoretransparency.code.tex 2025-08-29 v3.1.11a (3.1.11a)
)
(C:\Users\aned.esquerra\AppData\Local\Programs\MiKTeX\tex/generic/pgf/basiclaye
r\pgfcorepatterns.code.tex
File: pgfcorepatterns.code.tex 2025-08-29 v3.1.11a (3.1.11a)
)
(C:\Users\aned.esquerra\AppData\Local\Programs\MiKTeX\tex/generic/pgf/basiclaye
r\pgfcorerdf.code.tex
File: pgfcorerdf.code.tex 2025-08-29 v3.1.11a (3.1.11a)
)))
(C:\Users\aned.esquerra\AppData\Local\Programs\MiKTeX\tex/generic/pgf/modules\p
gfmoduleshapes.code.tex
File: pgfmoduleshapes.code.tex 2025-08-29 v3.1.11a (3.1.11a)
\pgfnodeparttextbox=\box62
)
(C:\Users\aned.esquerra\AppData\Local\Programs\MiKTeX\tex/generic/pgf/modules\p
gfmoduleplot.code.tex
File: pgfmoduleplot.code.tex 2025-08-29 v3.1.11a (3.1.11a)
)
(C:\Users\aned.esquerra\AppData\Local\Programs\MiKTeX\tex/latex/pgf/compatibili
ty\pgfcomp-version-0-65.sty
Package: pgfcomp-version-0-65 2025-08-29 v3.1.11a (3.1.11a)
\pgf@nodesepstart=\dimen265
\pgf@nodesepend=\dimen266
)
(C:\Users\aned.esquerra\AppData\Local\Programs\MiKTeX\tex/latex/pgf/compatibili
ty\pgfcomp-version-1-18.sty
Package: pgfcomp-version-1-18 2025-08-29 v3.1.11a (3.1.11a)
))
(C:\Users\aned.esquerra\AppData\Local\Programs\MiKTeX\tex/latex/pgf/utilities\p
gffor.sty
(C:\Users\aned.esquerra\AppData\Local\Programs\MiKTeX\tex/latex/pgf/utilities\p
gfkeys.sty
(C:\Users\aned.esquerra\AppData\Local\Programs\MiKTeX\tex/generic/pgf/utilities
\pgfkeys.code.tex))
(C:\Users\aned.esquerra\AppData\Local\Programs\MiKTeX\tex/latex/pgf/math\pgfmat
h.sty
(C:\Users\aned.esquerra\AppData\Local\Programs\MiKTeX\tex/generic/pgf/math\pgfm
ath.code.tex))
(C:\Users\aned.esquerra\AppData\Local\Programs\MiKTeX\tex/generic/pgf/utilities
\pgffor.code.tex
Package: pgffor 2025-08-29 v3.1.11a (3.1.11a)
\pgffor@iter=\dimen267
\pgffor@skip=\dimen268
\pgffor@stack=\toks42
\pgffor@toks=\toks43
))
(C:\Users\aned.esquerra\AppData\Local\Programs\MiKTeX\tex/generic/pgf/frontendl
ayer/tikz\tikz.code.tex
Package: tikz 2025-08-29 v3.1.11a (3.1.11a)

(C:\Users\aned.esquerra\AppData\Local\Programs\MiKTeX\tex/generic/pgf/libraries
\pgflibraryplothandlers.code.tex
File: pgflibraryplothandlers.code.tex 2025-08-29 v3.1.11a (3.1.11a)
\pgf@plot@mark@count=\count317
\pgfplotmarksize=\dimen269
)
\tikz@lastx=\dimen270
\tikz@lasty=\dimen271
\tikz@lastxsaved=\dimen272
\tikz@lastysaved=\dimen273
\tikz@lastmovetox=\dimen274
\tikz@lastmovetoy=\dimen275
\tikzleveldistance=\dimen276
\tikzsiblingdistance=\dimen277
\tikz@figbox=\box63
\tikz@figbox@bg=\box64
\tikz@tempbox=\box65
\tikz@tempbox@bg=\box66
\tikztreelevel=\count318
\tikznumberofchildren=\count319
\tikznumberofcurrentchild=\count320
\tikz@fig@count=\count321

(C:\Users\aned.esquerra\AppData\Local\Programs\MiKTeX\tex/generic/pgf/modules\p
gfmodulematrix.code.tex
File: pgfmodulematrix.code.tex 2025-08-29 v3.1.11a (3.1.11a)
\pgfmatrixcurrentrow=\count322
\pgfmatrixcurrentcolumn=\count323
\pgf@matrix@numberofcolumns=\count324
)
\tikz@expandcount=\count325

(C:\Users\aned.esquerra\AppData\Local\Programs\MiKTeX\tex/generic/pgf/frontendl
ayer/tikz/libraries\tikzlibrarytopaths.code.tex
File: tikzlibrarytopaths.code.tex 2025-08-29 v3.1.11a (3.1.11a)
)))
(C:\Users\aned.esquerra\AppData\Local\Programs\MiKTeX\tex/latex/pgfplots\pgfplo
ts.sty
(C:\Users\aned.esquerra\AppData\Local\Programs\MiKTeX\tex/generic/pgfplots\pgfp
lots.revision.tex)
Package: pgfplots 2021/05/15 v1.18.1 Data Visualization (1.18.1)

(C:\Users\aned.esquerra\AppData\Local\Programs\MiKTeX\tex/generic/pgfplots\pgfp
lots.code.tex
(C:\Users\aned.esquerra\AppData\Local\Programs\MiKTeX\tex/generic/pgfplots\pgfp
lotscore.code.tex
\t@pgfplots@toka=\toks44
\t@pgfplots@tokb=\toks45
\t@pgfplots@tokc=\toks46
\pgfplots@tmpa=\dimen278
\c@pgfplots@coordindex=\count326
\c@pgfplots@scanlineindex=\count327

(C:\Users\aned.esquerra\AppData\Local\Programs\MiKTeX\tex/generic/pgfplots/sys\
pgfplotssysgeneric.code.tex))
(C:\Users\aned.esquerra\AppData\Local\Programs\MiKTeX\tex/generic/pgfplots/libs
\pgfplotslibrary.code.tex)
(C:\Users\aned.esquerra\AppData\Local\Programs\MiKTeX\tex/generic/pgfplots/oldp
gfcompatib\pgfplotsoldpgfsupp_loader.code.tex
(C:\Users\aned.esquerra\AppData\Local\Programs\MiKTeX\tex/generic/pgf/libraries
\pgflibraryfpu.code.tex)
Package pgfplots: loading complementary utilities for your pgf version...
\t@pgf@toka=\toks47
\t@pgf@tokb=\toks48
\t@pgf@tokc=\toks49

(C:\Users\aned.esquerra\AppData\Local\Programs\MiKTeX\tex/generic/pgfplots/oldp
gfcompatib\pgfplotsoldpgfsupp_pgfutil-common-lists.tex))
(C:\Users\aned.esquerra\AppData\Local\Programs\MiKTeX\tex/generic/pgfplots/util
\pgfplotsutil.code.tex
(C:\Users\aned.esquerra\AppData\Local\Programs\MiKTeX\tex/generic/pgfplots/list
structure\pgfplotsliststructure.code.tex)
(C:\Users\aned.esquerra\AppData\Local\Programs\MiKTeX\tex/generic/pgfplots/list
structure\pgfplotsliststructureext.code.tex)
(C:\Users\aned.esquerra\AppData\Local\Programs\MiKTeX\tex/generic/pgfplots/list
structure\pgfplotsarray.code.tex
\c@pgfplotsarray@tmp=\count328
)
(C:\Users\aned.esquerra\AppData\Local\Programs\MiKTeX\tex/generic/pgfplots/list
structure\pgfplotsmatrix.code.tex)
(C:\Users\aned.esquerra\AppData\Local\Programs\MiKTeX\tex/generic/pgfplots/numt
able\pgfplotstableshared.code.tex
\c@pgfplotstable@counta=\count329
\t@pgfplotstable@a=\toks50
)
(C:\Users\aned.esquerra\AppData\Local\Programs\MiKTeX\tex/generic/pgfplots/list
structure\pgfplotsdeque.code.tex)
(C:\Users\aned.esquerra\AppData\Local\Programs\MiKTeX\tex/generic/pgfplots/util
\pgfplotsbinary.code.tex
(C:\Users\aned.esquerra\AppData\Local\Programs\MiKTeX\tex/generic/pgfplots/util
\pgfplotsbinary.data.code.tex))
(C:\Users\aned.esquerra\AppData\Local\Programs\MiKTeX\tex/generic/pgfplots/util
\pgfplotsutil.verb.code.tex)
(C:\Users\aned.esquerra\AppData\Local\Programs\MiKTeX\tex/generic/pgfplots/libs
\pgflibrarypgfplots.surfshading.code.tex
\c@pgfplotslibrarysurf@no=\count330

(C:\Users\aned.esquerra\AppData\Local\Programs\MiKTeX\tex/generic/pgfplots/sys\
pgflibrarypgfplots.surfshading.pgfsys-pdftex.def)))
(C:\Users\aned.esquerra\AppData\Local\Programs\MiKTeX\tex/generic/pgfplots/util
\pgfplotscolormap.code.tex
(C:\Users\aned.esquerra\AppData\Local\Programs\MiKTeX\tex/generic/pgfplots/util
\pgfplotscolor.code.tex))
(C:\Users\aned.esquerra\AppData\Local\Programs\MiKTeX\tex/generic/pgfplots\pgfp
lotsstackedplots.code.tex)
(C:\Users\aned.esquerra\AppData\Local\Programs\MiKTeX\tex/generic/pgfplots\pgfp
lotsplothandlers.code.tex
(C:\Users\aned.esquerra\AppData\Local\Programs\MiKTeX\tex/generic/pgfplots\pgfp
lotsmeshplothandler.code.tex
(C:\Users\aned.esquerra\AppData\Local\Programs\MiKTeX\tex/generic/pgfplots\pgfp
lotsmeshplotimage.code.tex)))
(C:\Users\aned.esquerra\AppData\Local\Programs\MiKTeX\tex/generic/pgfplots\pgfp
lots.scaling.code.tex)
(C:\Users\aned.esquerra\AppData\Local\Programs\MiKTeX\tex/generic/pgfplots\pgfp
lotscoordprocessing.code.tex)
(C:\Users\aned.esquerra\AppData\Local\Programs\MiKTeX\tex/generic/pgfplots\pgfp
lots.errorbars.code.tex)
(C:\Users\aned.esquerra\AppData\Local\Programs\MiKTeX\tex/generic/pgfplots\pgfp
lots.markers.code.tex)
(C:\Users\aned.esquerra\AppData\Local\Programs\MiKTeX\tex/generic/pgfplots\pgfp
lotsticks.code.tex)
(C:\Users\aned.esquerra\AppData\Local\Programs\MiKTeX\tex/generic/pgfplots\pgfp
lots.paths.code.tex)
(C:\Users\aned.esquerra\AppData\Local\Programs\MiKTeX\tex/generic/pgf/frontendl
ayer/tikz/libraries\tikzlibrarydecorations.code.tex
(C:\Users\aned.esquerra\AppData\Local\Programs\MiKTeX\tex/generic/pgf/modules\p
gfmoduledecorations.code.tex
\pgfdecoratedcompleteddistance=\dimen279
\pgfdecoratedremainingdistance=\dimen280
\pgfdecoratedinputsegmentcompleteddistance=\dimen281
\pgfdecoratedinputsegmentremainingdistance=\dimen282
\pgf@decorate@distancetomove=\dimen283
\pgf@decorate@repeatstate=\count331
\pgfdecorationsegmentamplitude=\dimen284
\pgfdecorationsegmentlength=\dimen285
)
\tikz@lib@dec@box=\box67
)
(C:\Users\aned.esquerra\AppData\Local\Programs\MiKTeX\tex/generic/pgf/frontendl
ayer/tikz/libraries\tikzlibrarydecorations.pathmorphing.code.tex
(C:\Users\aned.esquerra\AppData\Local\Programs\MiKTeX\tex/generic/pgf/libraries
/decorations\pgflibrarydecorations.pathmorphing.code.tex))
(C:\Users\aned.esquerra\AppData\Local\Programs\MiKTeX\tex/generic/pgf/frontendl
ayer/tikz/libraries\tikzlibrarydecorations.pathreplacing.code.tex
(C:\Users\aned.esquerra\AppData\Local\Programs\MiKTeX\tex/generic/pgf/libraries
/decorations\pgflibrarydecorations.pathreplacing.code.tex))
(C:\Users\aned.esquerra\AppData\Local\Programs\MiKTeX\tex/generic/pgfplots/libs
\tikzlibrarypgfplots.contourlua.code.tex)
\pgfplots@numplots=\count332
\pgfplots@xmin@reg=\dimen286
\pgfplots@xmax@reg=\dimen287
\pgfplots@ymin@reg=\dimen288
\pgfplots@ymax@reg=\dimen289
\pgfplots@zmin@reg=\dimen290
\pgfplots@zmax@reg=\dimen291
)
(C:\Users\aned.esquerra\AppData\Local\Programs\MiKTeX\tex/generic/pgf/frontendl
ayer/tikz/libraries\tikzlibraryplotmarks.code.tex
File: tikzlibraryplotmarks.code.tex 2025-08-29 v3.1.11a (3.1.11a)

(C:\Users\aned.esquerra\AppData\Local\Programs\MiKTeX\tex/generic/pgf/libraries
\pgflibraryplotmarks.code.tex
File: pgflibraryplotmarks.code.tex 2025-08-29 v3.1.11a (3.1.11a)
)))
(C:\Users\aned.esquerra\AppData\Local\Programs\MiKTeX\tex/generic/pgf/frontendl
ayer/tikz/libraries\tikzlibraryshapes.code.tex
File: tikzlibraryshapes.code.tex 2025-08-29 v3.1.11a (3.1.11a)

(C:\Users\aned.esquerra\AppData\Local\Programs\MiKTeX\tex/generic/pgf/frontendl
ayer/tikz/libraries\tikzlibraryshapes.geometric.code.tex
File: tikzlibraryshapes.geometric.code.tex 2025-08-29 v3.1.11a (3.1.11a)

(C:\Users\aned.esquerra\AppData\Local\Programs\MiKTeX\tex/generic/pgf/libraries
/shapes\pgflibraryshapes.geometric.code.tex
File: pgflibraryshapes.geometric.code.tex 2025-08-29 v3.1.11a (3.1.11a)
))
(C:\Users\aned.esquerra\AppData\Local\Programs\MiKTeX\tex/generic/pgf/frontendl
ayer/tikz/libraries\tikzlibraryshapes.misc.code.tex
File: tikzlibraryshapes.misc.code.tex 2025-08-29 v3.1.11a (3.1.11a)

(C:\Users\aned.esquerra\AppData\Local\Programs\MiKTeX\tex/generic/pgf/libraries
/shapes\pgflibraryshapes.misc.code.tex
File: pgflibraryshapes.misc.code.tex 2025-08-29 v3.1.11a (3.1.11a)
))
(C:\Users\aned.esquerra\AppData\Local\Programs\MiKTeX\tex/generic/pgf/frontendl
ayer/tikz/libraries\tikzlibraryshapes.symbols.code.tex
File: tikzlibraryshapes.symbols.code.tex 2025-08-29 v3.1.11a (3.1.11a)

(C:\Users\aned.esquerra\AppData\Local\Programs\MiKTeX\tex/generic/pgf/libraries
/shapes\pgflibraryshapes.symbols.code.tex
File: pgflibraryshapes.symbols.code.tex 2025-08-29 v3.1.11a (3.1.11a)
))
(C:\Users\aned.esquerra\AppData\Local\Programs\MiKTeX\tex/generic/pgf/frontendl
ayer/tikz/libraries\tikzlibraryshapes.arrows.code.tex
File: tikzlibraryshapes.arrows.code.tex 2025-08-29 v3.1.11a (3.1.11a)

(C:\Users\aned.esquerra\AppData\Local\Programs\MiKTeX\tex/generic/pgf/libraries
/shapes\pgflibraryshapes.arrows.code.tex
File: pgflibraryshapes.arrows.code.tex 2025-08-29 v3.1.11a (3.1.11a)
))
(C:\Users\aned.esquerra\AppData\Local\Programs\MiKTeX\tex/generic/pgf/frontendl
ayer/tikz/libraries\tikzlibraryshapes.callouts.code.tex
(C:\Users\aned.esquerra\AppData\Local\Programs\MiKTeX\tex/generic/pgf/libraries
/shapes\pgflibraryshapes.callouts.code.tex))
(C:\Users\aned.esquerra\AppData\Local\Programs\MiKTeX\tex/generic/pgf/frontendl
ayer/tikz/libraries\tikzlibraryshapes.multipart.code.tex
File: tikzlibraryshapes.multipart.code.tex 2025-08-29 v3.1.11a (3.1.11a)

(C:\Users\aned.esquerra\AppData\Local\Programs\MiKTeX\tex/generic/pgf/libraries
/shapes\pgflibraryshapes.multipart.code.tex
File: pgflibraryshapes.multipart.code.tex 2025-08-29 v3.1.11a (3.1.11a)
\pgfnodepartlowerbox=\box68
\pgfnodeparttwobox=\box69
\pgfnodepartthreebox=\box70
\pgfnodepartfourbox=\box71
\pgfnodeparttwentybox=\box72
\pgfnodepartnineteenbox=\box73
\pgfnodeparteighteenbox=\box74
\pgfnodepartseventeenbox=\box75
\pgfnodepartsixteenbox=\box76
\pgfnodepartfifteenbox=\box77
\pgfnodepartfourteenbox=\box78
\pgfnodepartthirteenbox=\box79
\pgfnodeparttwelvebox=\box80
\pgfnodepartelevenbox=\box81
\pgfnodeparttenbox=\box82
\pgfnodepartninebox=\box83
\pgfnodeparteightbox=\box84
\pgfnodepartsevenbox=\box85
\pgfnodepartsixbox=\box86
\pgfnodepartfivebox=\box87
)))
(C:\Users\aned.esquerra\AppData\Local\Programs\MiKTeX\tex/generic/pgf/frontendl
ayer/tikz/libraries\tikzlibraryarrows.code.tex
File: tikzlibraryarrows.code.tex 2025-08-29 v3.1.11a (3.1.11a)

(C:\Users\aned.esquerra\AppData\Local\Programs\MiKTeX\tex/generic/pgf/libraries
\pgflibraryarrows.code.tex
File: pgflibraryarrows.code.tex 2025-08-29 v3.1.11a (3.1.11a)
\arrowsize=\dimen292
))
(C:\Users\aned.esquerra\AppData\Local\Programs\MiKTeX\tex/generic/pgf/frontendl
ayer/tikz/libraries\tikzlibrarypositioning.code.tex
File: tikzlibrarypositioning.code.tex 2025-08-29 v3.1.11a (3.1.11a)
)
(C:\Users\aned.esquerra\AppData\Local\Programs\MiKTeX\tex/generic/pgf/frontendl
ayer/tikz/libraries\tikzlibrarycalc.code.tex
File: tikzlibrarycalc.code.tex 2025-08-29 v3.1.11a (3.1.11a)
)
(C:\Users\aned.esquerra\AppData\Local\Programs\MiKTeX\tex/generic/pgf/frontendl
ayer/tikz/libraries\tikzlibraryfit.code.tex
File: tikzlibraryfit.code.tex 2025-08-29 v3.1.11a (3.1.11a)
)
(C:\Users\aned.esquerra\AppData\Local\Programs\MiKTeX\tex/latex/graphics\dvipsn
am.def
File: dvipsnam.def 2026-05-17 v3.0m Driver-dependent file (DPC,SPQR)
)
(C:\Users\aned.esquerra\AppData\Local\Programs\MiKTeX\tex/latex/xstring\xstring
.sty
(C:\Users\aned.esquerra\AppData\Local\Programs\MiKTeX\tex/generic/xstring\xstri
ng.tex
\xs_counta=\count333
\xs_countb=\count334
)
Package: xstring 2023/08/22 v1.86 String manipulations (CT)
)
(C:\Users\aned.esquerra\AppData\Local\Programs\MiKTeX\tex/latex/listings\listin
gs.sty
\lst@mode=\count335
\lst@gtempboxa=\box88
\lst@token=\toks51
\lst@length=\count336
\lst@currlwidth=\dimen293
\lst@column=\count337
\lst@pos=\count338
\lst@lostspace=\dimen294
\lst@width=\dimen295
\lst@newlines=\count339
\lst@lineno=\count340
\lst@maxwidth=\dimen296

(C:\Users\aned.esquerra\AppData\Local\Programs\MiKTeX\tex/latex/listings\lstpat
ch.sty
File: lstpatch.sty 2025/11/14 1.11b (Carsten Heinz)
)
(C:\Users\aned.esquerra\AppData\Local\Programs\MiKTeX\tex/latex/listings\lstmis
c.sty
File: lstmisc.sty 2025/11/14 1.11b (Carsten Heinz)
\c@lstnumber=\count341
\lst@skipnumbers=\count342
\lst@framebox=\box89
)
(C:\Users\aned.esquerra\AppData\Local\Programs\MiKTeX\tex/latex/listings\listin
gs.cfg
File: listings.cfg 2025/11/14 1.11b listings configuration
))
Package: listings 2025/11/14 1.11b (Carsten Heinz)

(C:\Users\aned.esquerra\AppData\Local\Programs\MiKTeX\tex/latex/fancyhdr\fancyh
dr.sty
Package: fancyhdr 2025/02/07 v5.2 Extensive control of page headers and footers

\f@nch@headwidth=\skip58
\f@nch@offset@elh=\skip59
\f@nch@offset@erh=\skip60
\f@nch@offset@olh=\skip61
\f@nch@offset@orh=\skip62
\f@nch@offset@elf=\skip63
\f@nch@offset@erf=\skip64
\f@nch@offset@olf=\skip65
\f@nch@offset@orf=\skip66
\f@nch@height=\skip67
\f@nch@footalignment=\skip68
\f@nch@widthL=\skip69
\f@nch@widthC=\skip70
\f@nch@widthR=\skip71
\@temptokenb=\toks52
)
(C:\Users\aned.esquerra\AppData\Local\Programs\MiKTeX\tex/latex/hyperref\hyperr
ef.sty
Package: hyperref 2026-06-17 v7.01r Hypertext links for LaTeX

(C:\Users\aned.esquerra\AppData\Local\Programs\MiKTeX\tex/latex/kvsetkeys\kvset
keys.sty
Package: kvsetkeys 2022-10-05 v1.19 Key value parser (HO)
)
(C:\Users\aned.esquerra\AppData\Local\Programs\MiKTeX\tex/generic/kvdefinekeys\
kvdefinekeys.sty
Package: kvdefinekeys 2019-12-19 v1.6 Define keys (HO)
)
(C:\Users\aned.esquerra\AppData\Local\Programs\MiKTeX\tex/generic/pdfescape\pdf
escape.sty
Package: pdfescape 2019/12/09 v1.15 Implements pdfTeX's escape features (HO)

(C:\Users\aned.esquerra\AppData\Local\Programs\MiKTeX\tex/generic/ltxcmds\ltxcm
ds.sty
Package: ltxcmds 2023-12-04 v1.26 LaTeX kernel commands for general use (HO)
)
(C:\Users\aned.esquerra\AppData\Local\Programs\MiKTeX\tex/generic/pdftexcmds\pd
ftexcmds.sty
Package: pdftexcmds 2020-06-27 v0.33 Utility functions of pdfTeX for LuaTeX (HO
)

(C:\Users\aned.esquerra\AppData\Local\Programs\MiKTeX\tex/generic/infwarerr\inf
warerr.sty
Package: infwarerr 2019/12/03 v1.5 Providing info/warning/error messages (HO)
)
Package pdftexcmds Info: \pdf@primitive is available.
Package pdftexcmds Info: \pdf@ifprimitive is available.
Package pdftexcmds Info: \pdfdraftmode found.
))
(C:\Users\aned.esquerra\AppData\Local\Programs\MiKTeX\tex/latex/hycolor\hycolor
.sty
Package: hycolor 2020-01-27 v1.10 Color options for hyperref/bookmark (HO)
)
(C:\Users\aned.esquerra\AppData\Local\Programs\MiKTeX\tex/latex/hyperref\namere
f.sty
Package: nameref 2026-01-29 v2.58 Cross-referencing by name of section

(C:\Users\aned.esquerra\AppData\Local\Programs\MiKTeX\tex/latex/refcount\refcou
nt.sty
Package: refcount 2019/12/15 v3.6 Data extraction from label references (HO)
)
(C:\Users\aned.esquerra\AppData\Local\Programs\MiKTeX\tex/generic/gettitlestrin
g\gettitlestring.sty
Package: gettitlestring 2019/12/15 v1.6 Cleanup title references (HO)

(C:\Users\aned.esquerra\AppData\Local\Programs\MiKTeX\tex/latex/kvoptions\kvopt
ions.sty
Package: kvoptions 2022-06-15 v3.15 Key value format for package options (HO)
))
\c@section@level=\count343
)
(C:\Users\aned.esquerra\AppData\Local\Programs\MiKTeX\tex/generic/stringenc\str
ingenc.sty
Package: stringenc 2019/11/29 v1.12 Convert strings between diff. encodings (HO
)
)
\@linkdim=\dimen297
\Hy@linkcounter=\count344
\Hy@pagecounter=\count345

(C:\Users\aned.esquerra\AppData\Local\Programs\MiKTeX\tex/latex/hyperref\pd1enc
.def
File: pd1enc.def 2026-06-17 v7.01r Hyperref: PDFDocEncoding definition (HO)
Now handling font encoding PD1 ...
... no UTF-8 mapping file for font encoding PD1
)
(C:\Users\aned.esquerra\AppData\Local\Programs\MiKTeX\tex/generic/intcalc\intca
lc.sty
Package: intcalc 2019/12/15 v1.3 Expandable calculations with integers (HO)
)
\Hy@SavedSpaceFactor=\count346

(C:\Users\aned.esquerra\AppData\Local\Programs\MiKTeX\tex/latex/hyperref\puenc.
def
File: puenc.def 2026-06-17 v7.01r Hyperref: PDF Unicode definition (HO)
Now handling font encoding PU ...
... no UTF-8 mapping file for font encoding PU
)
Package hyperref Info: Hyper figures OFF on input line 4199.
Package hyperref Info: Link nesting OFF on input line 4204.
Package hyperref Info: Hyper index ON on input line 4207.
Package hyperref Info: Plain pages OFF on input line 4214.
Package hyperref Info: Backreferencing OFF on input line 4219.
Package hyperref Info: Implicit mode ON; LaTeX internals redefined.
Package hyperref Info: Bookmarks ON on input line 4466.
\c@Hy@tempcnt=\count347

(C:\Users\aned.esquerra\AppData\Local\Programs\MiKTeX\tex/latex/url\url.sty
\Urlmuskip=\muskip18
Package: url 2013/09/16  ver 3.4  Verb mode for urls, etc.
)
LaTeX Info: Redefining \url on input line 4805.
\XeTeXLinkMargin=\dimen298

(C:\Users\aned.esquerra\AppData\Local\Programs\MiKTeX\tex/generic/bitset\bitset
.sty
Package: bitset 2019/12/09 v1.3 Handle bit-vector datatype (HO)

(C:\Users\aned.esquerra\AppData\Local\Programs\MiKTeX\tex/generic/bigintcalc\bi
gintcalc.sty
Package: bigintcalc 2019/12/15 v1.5 Expandable calculations on big integers (HO
)
))
\Fld@menulength=\count348
\Field@Width=\dimen299
\Fld@charsize=\dimen300
Package hyperref Info: Hyper figures OFF on input line 6091.
Package hyperref Info: Link nesting OFF on input line 6096.
Package hyperref Info: Hyper index ON on input line 6099.
Package hyperref Info: backreferencing OFF on input line 6106.
Package hyperref Info: Link coloring OFF on input line 6111.
Package hyperref Info: Link coloring with OCG OFF on input line 6116.
Package hyperref Info: PDF/A mode OFF on input line 6121.
\Hy@abspage=\count349
\c@Item=\count350
\c@Hfootnote=\count351
)
Package hyperref Info: Driver (autodetected): hpdftex.

(C:\Users\aned.esquerra\AppData\Local\Programs\MiKTeX\tex/latex/hyperref\hpdfte
x.def
File: hpdftex.def 2026-06-17 v7.01r Hyperref driver for pdfTeX
\Fld@listcount=\count352
\c@bookmark@seq@number=\count353

(C:\Users\aned.esquerra\AppData\Local\Programs\MiKTeX\tex/latex/rerunfilecheck\
rerunfilecheck.sty
Package: rerunfilecheck 2025-06-21 v1.11 Rerun checks for auxiliary files (HO)

(C:\Users\aned.esquerra\AppData\Local\Programs\MiKTeX\tex/generic/uniquecounter
\uniquecounter.sty
Package: uniquecounter 2019/12/15 v1.4 Provide unlimited unique counter (HO)
)
Package uniquecounter Info: New unique counter `rerunfilecheck' on input line 2
84.
)
\Hy@SectionHShift=\skip72
)
Package hyperref Info: Option `colorlinks' set `true' on input line 99.
Package hyperref Info: Option `bookmarksnumbered' set `true' on input line 99.
Package hyperref Info: Option `bookmarksopen' set `true' on input line 99.

(C:\Users\aned.esquerra\AppData\Local\Programs\MiKTeX\tex/latex/tools\array.sty
Package: array 2026/02/24 v2.7b Tabular extension package (FMi)
\col@sep=\dimen301
\ar@mcellbox=\box90
\extrarowheight=\dimen302
\NC@list=\toks53
\extratabsurround=\skip73
\backup@length=\skip74
\ar@cellbox=\box91
)
(C:\Users\aned.esquerra\AppData\Local\Programs\MiKTeX\tex/latex/booktabs\bookta
bs.sty
Package: booktabs 2020/01/12 v1.61803398 Publication quality tables
\heavyrulewidth=\dimen303
\lightrulewidth=\dimen304
\cmidrulewidth=\dimen305
\belowrulesep=\dimen306
\belowbottomsep=\dimen307
\aboverulesep=\dimen308
\abovetopsep=\dimen309
\cmidrulesep=\dimen310
\cmidrulekern=\dimen311
\defaultaddspace=\dimen312
\@cmidla=\count354
\@cmidlb=\count355
\@aboverulesep=\dimen313
\@belowrulesep=\dimen314
\@thisruleclass=\count356
\@lastruleclass=\count357
\@thisrulewidth=\dimen315
)
(C:\Users\aned.esquerra\AppData\Local\Programs\MiKTeX\tex/latex/multirow\multir
ow.sty
Package: multirow 2024/11/12 v2.9 Span multiple rows of a table
\multirow@colwidth=\skip75
\multirow@cntb=\count358
\multirow@dima=\skip76
\bigstrutjot=\dimen316
)
(C:\Users\aned.esquerra\AppData\Local\Programs\MiKTeX\tex/latex/tools\tabularx.
sty
Package: tabularx 2023/12/11 v2.12a `tabularx' package (DPC)
\TX@col@width=\dimen317
\TX@old@table=\dimen318
\TX@old@col=\dimen319
\TX@target=\dimen320
\TX@delta=\dimen321
\TX@cols=\count359
\TX@ftn=\toks54
)
(C:\Users\aned.esquerra\AppData\Local\Programs\MiKTeX\tex/latex/enumitem\enumit
em.sty
Package: enumitem 2025/02/06 v3.11 Customized lists
\labelindent=\skip77
\enit@outerparindent=\dimen322
\enit@toks=\toks55
\enit@inbox=\box92
\enit@count@id=\count360
\enitdp@description=\count361
)
(C:\Users\aned.esquerra\AppData\Local\Programs\MiKTeX\tex/latex/tcolorbox\tcolo
rbox.sty
Package: tcolorbox 2026/05/28 version 6.10.0 text color boxes

(C:\Users\aned.esquerra\AppData\Local\Programs\MiKTeX\tex/latex/tools\verbatim.
sty
Package: verbatim 2024-01-22 v1.5x LaTeX2e package for verbatim enhancements
\every@verbatim=\toks56
\verbatim@line=\toks57
\verbatim@in@stream=\read4
)
(C:\Users\aned.esquerra\AppData\Local\Programs\MiKTeX\tex/latex/environ\environ
.sty
Package: environ 2014/05/04 v0.3 A new way to define environments

(C:\Users\aned.esquerra\AppData\Local\Programs\MiKTeX\tex/latex/trimspaces\trim
spaces.sty
Package: trimspaces 2009/09/17 v1.1 Trim spaces around a token list
))
\tcb@titlebox=\box93
\tcb@upperbox=\box94
\tcb@lowerbox=\box95
\tcb@phantombox=\box96
\c@tcbbreakpart=\count362
\c@tcblayer=\count363
\c@tcolorbox@number=\count364
\l__tcobox_tmpa_box=\box97
\l__tcobox_tmpa_dim=\dimen323
\tcb@temp=\box98
\tcb@temp=\box99
\tcb@temp=\box100
\tcb@temp=\box101
)
(C:\Users\aned.esquerra\AppData\Local\Programs\MiKTeX\tex/latex/tcolorbox\tcbbr
eakable.code.tex
Library (tcolorbox): 'tcbbreakable.code.tex' version '6.10.0'

(C:\Users\aned.esquerra\AppData\Local\Programs\MiKTeX\tex/latex/pdfcol\pdfcol.s
ty
Package: pdfcol 2022-09-21 v1.7 Handle new color stacks for pdfTeX (HO)
)
Package pdfcol Info: New color stack `tcb@breakable' = 1 on input line 23.
\tcb@testbox=\box102
\tcb@totalupperbox=\box103
\tcb@totallowerbox=\box104
)
(C:\Users\aned.esquerra\AppData\Local\Programs\MiKTeX\tex/latex/tcolorbox\tcbsk
ins.code.tex
Library (tcolorbox): 'tcbskins.code.tex' version '6.10.0'

(C:\Users\aned.esquerra\AppData\Local\Programs\MiKTeX\tex/latex/tikzfill\tikzfi
ll.image.sty
Package: tikzfill.image 2026/04/23 v1.2.0 Image filling library for TikZ

(C:\Users\aned.esquerra\AppData\Local\Programs\MiKTeX\tex/latex/tikzfill\tikzli
braryfill.image.code.tex
File: tikzlibraryfill.image.code.tex 2026/04/23 v1.2.0 Image filling library
\l__tikzfill_tmpa_dim=\dimen324
\l__tikzfill_tmpb_dim=\dimen325
\l__tikzfill_img_box=\box105
))
(C:\Users\aned.esquerra\AppData\Local\Programs\MiKTeX\tex/latex/tcolorbox\tcbsk
insjigsaw.code.tex
Library (tcolorbox): 'tcbskinsjigsaw.code.tex' version '6.10.0'
))
(C:\Users\aned.esquerra\AppData\Local\Programs\MiKTeX\tex/latex/biblatex\biblat
ex.sty
Package: biblatex 2025/07/10 v3.21 programmable bibliographies (PK/MW)

(C:\Users\aned.esquerra\AppData\Local\Programs\MiKTeX\tex/latex/logreq\logreq.s
ty
Package: logreq 2010/08/04 v1.0 xml request logger
\lrq@indent=\count365

(C:\Users\aned.esquerra\AppData\Local\Programs\MiKTeX\tex/latex/logreq\logreq.d
ef
File: logreq.def 2010/08/04 v1.0 logreq spec v1.0
))
(C:\Users\aned.esquerra\AppData\Local\Programs\MiKTeX\tex/latex/base\ifthen.sty
Package: ifthen 2024/03/16 v1.1e Standard LaTeX ifthen package (DPC)
)
\c@tabx@nest=\count366
\c@listtotal=\count367
\c@listcount=\count368
\c@liststart=\count369
\c@liststop=\count370
\c@citecount=\count371
\c@citetotal=\count372
\c@multicitecount=\count373
\c@multicitetotal=\count374
\c@instcount=\count375
\c@maxnames=\count376
\c@minnames=\count377
\c@maxitems=\count378
\c@minitems=\count379
\c@citecounter=\count380
\c@maxcitecounter=\count381
\c@savedcitecounter=\count382
\c@uniquelist=\count383
\c@uniquename=\count384
\c@refsection=\count385
\c@refsegment=\count386
\c@maxextratitle=\count387
\c@maxextratitleyear=\count388
\c@maxextraname=\count389
\c@maxextradate=\count390
\c@maxextraalpha=\count391
\c@abbrvpenalty=\count392
\c@highnamepenalty=\count393
\c@lownamepenalty=\count394
\c@maxparens=\count395
\c@parenlevel=\count396
\blx@tempcnta=\count397
\blx@tempcntb=\count398
\blx@tempcntc=\count399
\c@blx@maxsection=\count400
\blx@maxsegment@0=\count401
\blx@notetype=\count402
\blx@parenlevel@text=\count403
\blx@parenlevel@foot=\count404
\blx@sectionciteorder@0=\count405
\blx@sectionciteorderinternal@0=\count406
\blx@entrysetcounter=\count407
\blx@biblioinstance=\count408
\labelnumberwidth=\skip78
\labelalphawidth=\skip79
\biblabelsep=\skip80
\bibitemsep=\skip81
\bibnamesep=\skip82
\bibinitsep=\skip83
\bibparsep=\skip84
\bibhang=\skip85
\blx@bcfin=\read5
\blx@bcfout=\write4
\blx@langwohyphens=\language80
\c@mincomprange=\count409
\c@maxcomprange=\count410
\c@mincompwidth=\count411
Package biblatex Info: Trying to load biblatex default data model...
Package biblatex Info: ... file 'blx-dm.def' found.

(C:\Users\aned.esquerra\AppData\Local\Programs\MiKTeX\tex/latex/biblatex\blx-dm
.def
File: blx-dm.def 2025/07/10 v3.21 biblatex datamodel (PK/MW)
)
Package biblatex Info: Trying to load biblatex style data model...
Package biblatex Info: ... file 'alphabetic.dbx' not found.
Package biblatex Info: Trying to load biblatex custom data model...
Package biblatex Info: ... file 'biblatex-dm.cfg' not found.
\c@afterword=\count412
\c@savedafterword=\count413
\c@annotator=\count414
\c@savedannotator=\count415
\c@author=\count416
\c@savedauthor=\count417
\c@bookauthor=\count418
\c@savedbookauthor=\count419
\c@commentator=\count420
\c@savedcommentator=\count421
\c@editor=\count422
\c@savededitor=\count423
\c@editora=\count424
\c@savededitora=\count425
\c@editorb=\count426
\c@savededitorb=\count427
\c@editorc=\count428
\c@savededitorc=\count429
\c@foreword=\count430
\c@savedforeword=\count431
\c@holder=\count432
\c@savedholder=\count433
\c@introduction=\count434
\c@savedintroduction=\count435
\c@namea=\count436
\c@savednamea=\count437
\c@nameb=\count438
\c@savednameb=\count439
\c@namec=\count440
\c@savednamec=\count441
\c@translator=\count442
\c@savedtranslator=\count443
\c@shortauthor=\count444
\c@savedshortauthor=\count445
\c@shorteditor=\count446
\c@savedshorteditor=\count447
\c@labelname=\count448
\c@savedlabelname=\count449
\c@institution=\count450
\c@savedinstitution=\count451
\c@lista=\count452
\c@savedlista=\count453
\c@listb=\count454
\c@savedlistb=\count455
\c@listc=\count456
\c@savedlistc=\count457
\c@listd=\count458
\c@savedlistd=\count459
\c@liste=\count460
\c@savedliste=\count461
\c@listf=\count462
\c@savedlistf=\count463
\c@location=\count464
\c@savedlocation=\count465
\c@organization=\count466
\c@savedorganization=\count467
\c@origlocation=\count468
\c@savedoriglocation=\count469
\c@origpublisher=\count470
\c@savedorigpublisher=\count471
\c@publisher=\count472
\c@savedpublisher=\count473
\c@language=\count474
\c@savedlanguage=\count475
\c@origlanguage=\count476
\c@savedoriglanguage=\count477
\c@pageref=\count478
\c@savedpageref=\count479
\shorthandwidth=\skip86
\shortjournalwidth=\skip87
\shortserieswidth=\skip88
\shorttitlewidth=\skip89
\shortauthorwidth=\skip90
\shorteditorwidth=\skip91
\locallabelnumberwidth=\skip92
\locallabelalphawidth=\skip93
\localshorthandwidth=\skip94
\localshortjournalwidth=\skip95
\localshortserieswidth=\skip96
\localshorttitlewidth=\skip97
\localshortauthorwidth=\skip98
\localshorteditorwidth=\skip99
Package biblatex Info: Trying to load compatibility code...
Package biblatex Info: ... file 'blx-compat.def' found.

(C:\Users\aned.esquerra\AppData\Local\Programs\MiKTeX\tex/latex/biblatex\blx-co
mpat.def
File: blx-compat.def 2025/07/10 v3.21 biblatex compatibility (PK/MW)
)
Package biblatex Info: Trying to load generic definitions...
Package biblatex Info: ... file 'biblatex.def' found.

(C:\Users\aned.esquerra\AppData\Local\Programs\MiKTeX\tex/latex/biblatex\biblat
ex.def
File: biblatex.def 2025/07/10 v3.21 biblatex compatibility (PK/MW)
\c@textcitecount=\count480
\c@textcitetotal=\count481
\c@textcitemaxnames=\count482
\c@biburlbigbreakpenalty=\count483
\c@biburlbreakpenalty=\count484
\c@biburlnumpenalty=\count485
\c@biburlucpenalty=\count486
\c@biburllcpenalty=\count487
\biburlbigskip=\muskip19
\biburlnumskip=\muskip20
\biburlucskip=\muskip21
\biburllcskip=\muskip22
\c@smartand=\count488
)
Package biblatex Info: Trying to load bibliography style 'alphabetic'...
Package biblatex Info: ... file 'alphabetic.bbx' found.

(C:\Users\aned.esquerra\AppData\Local\Programs\MiKTeX\tex/latex/biblatex/bbx\al
phabetic.bbx
File: alphabetic.bbx 2025/07/10 v3.21 biblatex bibliography style (PK/MW)
Package biblatex Info: Trying to load bibliography style 'standard'...
Package biblatex Info: ... file 'standard.bbx' found.

(C:\Users\aned.esquerra\AppData\Local\Programs\MiKTeX\tex/latex/biblatex/bbx\st
andard.bbx
File: standard.bbx 2025/07/10 v3.21 biblatex bibliography style (PK/MW)
\c@bbx:relatedcount=\count489
\c@bbx:relatedtotal=\count490
))
Package biblatex Info: Trying to load citation style 'alphabetic'...
Package biblatex Info: ... file 'alphabetic.cbx' found.

(C:\Users\aned.esquerra\AppData\Local\Programs\MiKTeX\tex/latex/biblatex/cbx\al
phabetic.cbx
File: alphabetic.cbx 2025/07/10 v3.21 biblatex citation style (PK/MW)
Package biblatex Info: Redefining '\cite'.
Package biblatex Info: Redefining '\parencite'.
Package biblatex Info: Redefining '\footcite'.
Package biblatex Info: Redefining '\footcitetext'.
Package biblatex Info: Redefining '\smartcite'.
Package biblatex Info: Redefining '\textcite'.
Package biblatex Info: Redefining '\textcites'.
Package biblatex Info: Redefining '\cites'.
Package biblatex Info: Redefining '\parencites'.
Package biblatex Info: Redefining '\smartcites'.
)
Package biblatex Info: Trying to load configuration file...
Package biblatex Info: ... file 'biblatex.cfg' found.

(C:\Users\aned.esquerra\AppData\Local\Programs\MiKTeX\tex/latex/biblatex\biblat
ex.cfg
File: biblatex.cfg 
)
Package biblatex Info: Input encoding 'utf8' detected.
Package biblatex Info: Document encoding is UTF8 ....

(C:\Users\aned.esquerra\AppData\Local\Programs\MiKTeX\tex/latex/l3kernel\expl3.
sty
Package: expl3 2026-06-18 L3 programming layer (loader) 

(C:\Users\aned.esquerra\AppData\Local\Programs\MiKTeX\tex/latex/l3backend\l3bac
kend-pdftex.def
File: l3backend-pdftex.def 2026-02-18 L3 backend support: PDF output (pdfTeX)
\l__color_backend_stack_int=\count491
))
Package biblatex Info: ... and expl3
(biblatex)             2026-06-18 L3 programming layer (loader) 
(biblatex)             is new enough (at least 2020/04/06),
(biblatex)             setting 'casechanger=expl3'.

(C:\Users\aned.esquerra\AppData\Local\Programs\MiKTeX\tex/latex/biblatex\blx-ca
se-expl3.sty
(C:\Users\aned.esquerra\AppData\Local\Programs\MiKTeX\tex/latex/l3packages/xpar
se\xparse.sty
Package: xparse 2025-10-09 L3 Experimental document command parser
)
Package: blx-case-expl3 2025/07/10 v3.21 expl3 case changing code for biblatex
))
(C:\Users\aned.esquerra\AppData\Local\Programs\MiKTeX\tex/latex/appendix\append
ix.sty
Package: appendix 2020/02/08 v1.2c extra appendix facilities
\c@@pps=\count492
\c@@ppsavesec=\count493
\c@@ppsaveapp=\count494
)
\c@definition=\count495
\c@theorem=\count496


Package biblatex Warning: 'babel/polyglossia' detected but 'csquotes' missing.
(biblatex)                Loading 'csquotes' recommended.

\@quotelevel=\count497
\@quotereset=\count498
LaTeX Font Info:    Trying to load font information for T1+lmr on input line 17
2.
(C:\Users\aned.esquerra\AppData\Local\Programs\MiKTeX\tex/latex/lm\t1lmr.fd
File: t1lmr.fd 2015/05/01 v1.6.1 Font defs for Latin Modern
)
(main.aux)
\openout1 = `main.aux'.

LaTeX Font Info:    Checking defaults for OML/cmm/m/it on input line 172.
LaTeX Font Info:    ... okay on input line 172.
LaTeX Font Info:    Checking defaults for OMS/cmsy/m/n on input line 172.
LaTeX Font Info:    ... okay on input line 172.
LaTeX Font Info:    Checking defaults for OT1/cmr/m/n on input line 172.
LaTeX Font Info:    ... okay on input line 172.
LaTeX Font Info:    Checking defaults for T1/cmr/m/n on input line 172.
LaTeX Font Info:    ... okay on input line 172.
LaTeX Font Info:    Checking defaults for TS1/cmr/m/n on input line 172.
LaTeX Font Info:    ... okay on input line 172.
LaTeX Font Info:    Checking defaults for OMX/cmex/m/n on input line 172.
LaTeX Font Info:    ... okay on input line 172.
LaTeX Font Info:    Checking defaults for U/cmr/m/n on input line 172.
LaTeX Font Info:    ... okay on input line 172.
LaTeX Font Info:    Checking defaults for PD1/pdf/m/n on input line 172.
LaTeX Font Info:    ... okay on input line 172.
LaTeX Font Info:    Checking defaults for PU/pdf/m/n on input line 172.
LaTeX Font Info:    ... okay on input line 172.

*geometry* driver: auto-detecting
*geometry* detected driver: pdftex
*geometry* verbose mode - [ preamble ] result:
* driver: pdftex
* paper: a4paper
* layout: <same size as paper>
* layoutoffset:(h,v)=(0.0pt,0.0pt)
* modes: twoside 
* h-part:(L,W,R)=(108.405pt, 380.69788pt, 108.405pt)
* v-part:(T,H,B)=(108.405pt, 628.23685pt, 108.405pt)
* \paperwidth=597.50787pt
* \paperheight=845.04684pt
* \textwidth=380.69788pt
* \textheight=628.23685pt
* \oddsidemargin=36.13501pt
* \evensidemargin=36.13501pt
* \topmargin=1.26122pt
* \headheight=15.0pt
* \headsep=19.8738pt
* \topskip=12.0pt
* \footskip=30.0pt
* \marginparwidth=72.26999pt
* \marginparsep=21.68121pt
* \columnsep=10.0pt
* \skip\footins=10.8pt plus 4.0pt minus 2.0pt
* \hoffset=0.0pt
* \voffset=0.0pt
* \mag=1000
* \@twocolumnfalse
* \@twosidetrue
* \@mparswitchtrue
* \@reversemarginfalse
* (1in=72.27pt=25.4mm, 1cm=28.453pt)

LaTeX Info: Redefining \microtypecontext on input line 172.
Package microtype Info: Applying patch `item' on input line 172.
Package microtype Info: Applying patch `toc' on input line 172.
Package microtype Info: Applying patch `eqnum' on input line 172.
Package microtype Info: Applying patch `footnote' on input line 172.
Package microtype Info: Applying patch `verbatim' on input line 172.
LaTeX Info: Redefining \microtypesetup on input line 172.
Package microtype Info: Generating PDF output.
Package microtype Info: Character protrusion enabled (level 2).
Package microtype Info: Using default protrusion set `alltext'.
Package microtype Info: Automatic font expansion enabled (level 2),
(microtype)             stretch: 20, shrink: 20, step: 1, non-selected.
Package microtype Info: Using default expansion set `alltext-nott'.
Package microtype Info: Patching command `\showhyphens'.
Package microtype Info: No adjustment of tracking.
Package microtype Info: No adjustment of interword spacing.
Package microtype Info: No adjustment of character kerning.

(C:\Users\aned.esquerra\AppData\Local\Programs\MiKTeX\tex/latex/microtype\mt-cm
r.cfg
File: mt-cmr.cfg 2013/05/19 v2.2 microtype config. file: Computer Modern Roman 
(RS)
)
(C:\Users\aned.esquerra\AppData\Local\Programs\MiKTeX\tex/context/base/mkii\sup
p-pdf.mkii
[Loading MPS to PDF converter (version 2006.09.02).]
\scratchcounter=\count499
\scratchdimen=\dimen326
\scratchbox=\box106
\nofMPsegments=\count500
\nofMParguments=\count501
\everyMPshowfont=\toks58
\MPscratchCnt=\count502
\MPscratchDim=\dimen327
\MPnumerator=\count503
\makeMPintoPDFobject=\count504
\everyMPtoPDFconversion=\toks59
)
(C:\Users\aned.esquerra\AppData\Local\Programs\MiKTeX\tex/latex/epstopdf-pkg\ep
stopdf-base.sty
Package: epstopdf-base 2020-01-24 v2.11 Base part for package epstopdf
Package epstopdf-base Info: Redefining graphics rule for `.eps' on input line 4
85.

(C:\Users\aned.esquerra\AppData\Local\Programs\MiKTeX\tex/latex/00miktex\epstop
df-sys.cfg
File: epstopdf-sys.cfg 2021/03/18 v2.0 Configuration of epstopdf for MiKTeX
))
Package pgfplots notification 'compat/show suggested version=true': you might b
enefit from \pgfplotsset{compat=1.18} (current compat level: 1.17).

\c@lstlisting=\count505
Package hyperref Info: Link coloring ON on input line 172.
(main.out) (main.out)
\@outlinefile=\write5
\openout5 = `main.out'.

Package biblatex Info: Trying to load language 'english'...
Package biblatex Info: ... file 'english.lbx' found.

(C:\Users\aned.esquerra\AppData\Local\Programs\MiKTeX\tex/latex/biblatex/lbx\en
glish.lbx
File: english.lbx 2025/07/10 v3.21 biblatex localization (PK/MW)
)
Package biblatex Info: Input encoding 'utf8' detected.
Package biblatex Info: Automatic encoding selection.
(biblatex)             Assuming data encoding 'utf8'.
\openout4 = `main.bcf'.

Package biblatex Info: Trying to load bibliographic data...
Package biblatex Info: ... file 'main.bbl' found.
 (main.bbl)
Package biblatex Info: Reference section=0 on input line 172.
Package biblatex Info: Reference segment=0 on input line 172.
Package babel Info: Main language set to 'english'.
LaTeX Font Info:    Trying to load font information for TS1+lmr on input line 2
12.

(C:\Users\aned.esquerra\AppData\Local\Programs\MiKTeX\tex/latex/lm\ts1lmr.fd
File: ts1lmr.fd 2015/05/01 v1.6.1 Font defs for Latin Modern
)
[1



{C:/Users/aned.esquerra/AppData/Local/MiKTeX/fonts/map/pdftex/pdftex.map}{C:/Us
ers/aned.esquerra/AppData/Local/Programs/MiKTeX/fonts/enc/dvips/lm/lm-ec.enc}{C
:/Users/aned.esquerra/AppData/Local/Programs/MiKTeX/fonts/enc/dvips/lm/lm-ts1.e
nc}] [2] (main.toc
LaTeX Font Info:    Trying to load font information for OT1+lmr on input line 3
.

(C:\Users\aned.esquerra\AppData\Local\Programs\MiKTeX\tex/latex/lm\ot1lmr.fd
File: ot1lmr.fd 2015/05/01 v1.6.1 Font defs for Latin Modern
)
LaTeX Font Info:    Trying to load font information for OML+lmm on input line 3
.

(C:\Users\aned.esquerra\AppData\Local\Programs\MiKTeX\tex/latex/lm\omllmm.fd
File: omllmm.fd 2015/05/01 v1.6.1 Font defs for Latin Modern
)
LaTeX Font Info:    Trying to load font information for OMS+lmsy on input line 
3.

(C:\Users\aned.esquerra\AppData\Local\Programs\MiKTeX\tex/latex/lm\omslmsy.fd
File: omslmsy.fd 2015/05/01 v1.6.1 Font defs for Latin Modern
)
LaTeX Font Info:    Trying to load font information for OMX+lmex on input line 
3.

(C:\Users\aned.esquerra\AppData\Local\Programs\MiKTeX\tex/latex/lm\omxlmex.fd
File: omxlmex.fd 2015/05/01 v1.6.1 Font defs for Latin Modern
)
LaTeX Font Info:    External font `lmex10' loaded for size
(Font)              <12> on input line 3.
LaTeX Font Info:    External font `lmex10' loaded for size
(Font)              <8> on input line 3.
LaTeX Font Info:    External font `lmex10' loaded for size
(Font)              <6> on input line 3.
LaTeX Font Info:    Trying to load font information for U+msa on input line 3.

(C:\Users\aned.esquerra\AppData\Local\Programs\MiKTeX\tex/latex/amsfonts\umsa.f
d
File: umsa.fd 2013/01/14 v3.01 AMS symbols A
)
(C:\Users\aned.esquerra\AppData\Local\Programs\MiKTeX\tex/latex/microtype\mt-ms
a.cfg
File: mt-msa.cfg 2006/02/04 v1.1 microtype config. file: AMS symbols (a) (RS)
)
LaTeX Font Info:    Trying to load font information for U+msb on input line 3.

(C:\Users\aned.esquerra\AppData\Local\Programs\MiKTeX\tex/latex/amsfonts\umsb.f
d
File: umsb.fd 2013/01/14 v3.01 AMS symbols B
)
(C:\Users\aned.esquerra\AppData\Local\Programs\MiKTeX\tex/latex/microtype\mt-ms
b.cfg
File: mt-msb.cfg 2005/06/01 v1.0 microtype config. file: AMS symbols (b) (RS)
) [3

]
Overfull \hbox (0.41351pt too wide) in paragraph at lines 103--103
 [] [][][]\T1/lmr/bx/n/12 (-20) The HTTP Wire Pro-to-col: HTTP/1.1, HTTP/2 & HT
TP/3[][] []  
 []

[4] [5{C:/Users/aned.esquerra/AppData/Local/Programs/MiKTeX/fonts/enc/dvips/lm/
lm-mathsy.enc}] [6] [7] [8] [9{C:/Users/aned.esquerra/AppData/Local/Programs/Mi
KTeX/fonts/enc/dvips/lm/lm-rm.enc}]
Overfull \hbox (12.92958pt too wide) in paragraph at lines 407--407
 [][] [][][]\T1/lmr/m/n/12 (-20) Listing 5.5 --- Ed-u-ca-tional At-tack Demo: R
S256$\OMS/lmsy/m/n/12 !$\T1/lmr/m/n/12 (-20) HS256 
 []

[10] [11] [12]
LaTeX Font Info:    Trying to load font information for T1+lmtt on input line 5
21.

(C:\Users\aned.esquerra\AppData\Local\Programs\MiKTeX\tex/latex/lm\t1lmtt.fd
File: t1lmtt.fd 2015/05/01 v1.6.1 Font defs for Latin Modern
)
Package microtype Info: Loading generic protrusion settings for font family
(microtype)             `lmtt' (encoding: T1).
(microtype)             For optimal results, create family-specific settings.
(microtype)             See the microtype manual for details.

[13]
Overfull \hbox (0.43004pt too wide) in paragraph at lines 582--582
 [][] [][][]\T1/lmr/m/n/12 (-20) Listing 2: Three Pag-i-na-tion Strate-gies in 
One FastAPI 
 []

[14]
Overfull \hbox (1.87735pt too wide) in paragraph at lines 640--640
 [][] [][][]\T1/lmr/m/n/12 (-20) Evolution Me-chan-ics: Expand-and-Contract and
 Dual- 
 []

[15] [16] [17]
Overfull \hbox (1.95587pt too wide) in paragraph at lines 752--752
 [][] [][][]\T1/lmr/m/n/12 (-20) WebSockets: Hand-shake Math and an Echo/Broadc
ast 
 []

[18] [19] [20]
Overfull \hbox (5.4697pt too wide) in paragraph at lines 889--889
 [][] [][][]\T1/lmr/m/n/12 (-20) Listing 5 --- Bidi-rec-tional Stream-ing with 
Flow-Control- 
 []

[21] [22{C:/Users/aned.esquerra/AppData/Local/Programs/MiKTeX/fonts/enc/dvips/l
m/lm-mathit.enc}] [23]
Overfull \hbox (5.28767pt too wide) detected at line 984
 []\T1/lmr/m/n/12 1007
 []


Overfull \hbox (5.28767pt too wide) detected at line 985
 []\T1/lmr/m/n/12 1017
 []


Overfull \hbox (5.28767pt too wide) detected at line 986
 []\T1/lmr/m/n/12 1027
 []


Overfull \hbox (5.28767pt too wide) detected at line 987
 []\T1/lmr/m/n/12 1035
 []


Overfull \hbox (5.28767pt too wide) detected at line 988
 []\T1/lmr/m/n/12 1045
 []


Overfull \hbox (5.28767pt too wide) detected at line 989
 []\T1/lmr/m/n/12 1047
 []


Overfull \hbox (5.28767pt too wide) detected at line 990
 []\T1/lmr/m/n/12 1049
 []


Overfull \hbox (5.28767pt too wide) detected at line 991
 []\T1/lmr/m/n/12 1050
 []


Overfull \hbox (5.28767pt too wide) detected at line 992
 []\T1/lmr/m/n/12 1057
 []


Overfull \hbox (5.28767pt too wide) detected at line 993
 []\T1/lmr/m/n/12 1058
 []


Overfull \hbox (5.28767pt too wide) detected at line 994
 []\T1/lmr/m/n/12 1061
 []


Overfull \hbox (5.28767pt too wide) detected at line 995
 []\T1/lmr/m/n/12 1061
 []


Overfull \hbox (5.28767pt too wide) detected at line 996
 []\T1/lmr/m/n/12 1061
 []


Overfull \hbox (5.28767pt too wide) detected at line 997
 []\T1/lmr/m/n/12 1062
 []


Overfull \hbox (5.28767pt too wide) detected at line 998
 []\T1/lmr/m/n/12 1062
 []


Overfull \hbox (5.28767pt too wide) detected at line 999
 []\T1/lmr/m/n/12 1062
 []


Overfull \hbox (5.28767pt too wide) detected at line 1000
 []\T1/lmr/m/n/12 1062
 []


Overfull \hbox (5.28767pt too wide) detected at line 1001
 []\T1/lmr/m/n/12 1064
 []


Overfull \hbox (5.28767pt too wide) detected at line 1002
 []\T1/lmr/m/n/12 1065
 []


Overfull \hbox (5.28767pt too wide) detected at line 1003
 []\T1/lmr/m/n/12 1065
 []


Overfull \hbox (5.28767pt too wide) detected at line 1004
 []\T1/lmr/m/n/12 1065
 []


Overfull \hbox (5.28767pt too wide) detected at line 1005
 []\T1/lmr/m/n/12 1066
 []


Overfull \hbox (5.28767pt too wide) detected at line 1006
 []\T1/lmr/m/n/12 1066
 []


Overfull \hbox (5.28767pt too wide) detected at line 1007
 []\T1/lmr/m/n/12 1066
 []


Overfull \hbox (5.28767pt too wide) detected at line 1008
 []\T1/lmr/m/n/12 1066
 []


Overfull \hbox (5.28767pt too wide) detected at line 1009
 []\T1/lmr/m/n/12 1067
 []


Overfull \hbox (5.28767pt too wide) detected at line 1010
 []\T1/lmr/m/n/12 1067
 []


Overfull \hbox (5.28767pt too wide) detected at line 1011
 []\T1/lmr/m/n/12 1067
 []


Overfull \hbox (5.28767pt too wide) detected at line 1013
 []\T1/lmr/m/n/12 1070
 []


Overfull \hbox (5.28767pt too wide) detected at line 1014
 []\T1/lmr/m/n/12 1071
 []


Overfull \hbox (5.28767pt too wide) detected at line 1015
 []\T1/lmr/m/n/12 1071
 []


Overfull \hbox (5.28767pt too wide) detected at line 1016
 []\T1/lmr/m/n/12 1072
 []


Overfull \hbox (5.28767pt too wide) detected at line 1017
 []\T1/lmr/m/n/12 1072
 []


Overfull \hbox (5.28767pt too wide) detected at line 1018
 []\T1/lmr/m/n/12 1073
 []


Overfull \hbox (5.28767pt too wide) detected at line 1019
 []\T1/lmr/m/n/12 1073
 []

[24]
Overfull \hbox (5.28767pt too wide) detected at line 1020
 []\T1/lmr/m/n/12 1074
 []


Overfull \hbox (5.28767pt too wide) detected at line 1021
 []\T1/lmr/m/n/12 1075
 []


Overfull \hbox (5.28767pt too wide) detected at line 1022
 []\T1/lmr/m/n/12 1075
 []


Overfull \hbox (5.28767pt too wide) detected at line 1023
 []\T1/lmr/m/n/12 1076
 []


Overfull \hbox (5.28767pt too wide) detected at line 1024
 []\T1/lmr/m/n/12 1076
 []


Overfull \hbox (5.28767pt too wide) detected at line 1025
 []\T1/lmr/m/n/12 1077
 []


Overfull \hbox (5.28767pt too wide) detected at line 1026
 []\T1/lmr/m/n/12 1077
 []


Overfull \hbox (5.28767pt too wide) detected at line 1027
 []\T1/lmr/m/n/12 1078
 []


Overfull \hbox (5.28767pt too wide) detected at line 1031
 []\T1/lmr/m/n/12 1080
 []


Overfull \hbox (5.28767pt too wide) detected at line 1032
 []\T1/lmr/m/n/12 1080
 []


Overfull \hbox (5.28767pt too wide) detected at line 1033
 []\T1/lmr/m/n/12 1082
 []


Overfull \hbox (5.28767pt too wide) detected at line 1034
 []\T1/lmr/m/n/12 1082
 []


Overfull \hbox (5.28767pt too wide) detected at line 1035
 []\T1/lmr/m/n/12 1083
 []


Overfull \hbox (5.28767pt too wide) detected at line 1036
 []\T1/lmr/m/n/12 1084
 []


Overfull \hbox (5.28767pt too wide) detected at line 1037
 []\T1/lmr/m/n/12 1084
 []


Overfull \hbox (5.28767pt too wide) detected at line 1038
 []\T1/lmr/m/n/12 1085
 []


Overfull \hbox (5.28767pt too wide) detected at line 1039
 []\T1/lmr/m/n/12 1087
 []


Overfull \hbox (1.47197pt too wide) in paragraph at lines 1039--1039
 [][] [][][]\T1/lmr/m/n/12 (-20) Listing 16.2 --- Lo-cal JWKS Fix-ture (\T1/lmt
t/m/n/12 jwks_fixture.py\T1/lmr/m/n/12 (-20) )[][] [][]  
 []


Overfull \hbox (5.28767pt too wide) detected at line 1040
 []\T1/lmr/m/n/12 1090
 []


Overfull \hbox (5.28767pt too wide) detected at line 1041
 []\T1/lmr/m/n/12 1097
 []


Overfull \hbox (5.28767pt too wide) detected at line 1042
 []\T1/lmr/m/n/12 1106
 []


Overfull \hbox (68.82278pt too wide) in paragraph at lines 1042--1042
 [][] [][][]\T1/lmr/m/n/12 (-20) Listing 16.5 --- To-ken Val-i-da-tion Mid-dle-
ware (\T1/lmtt/m/n/12 token_validation.py\T1/lmr/m/n/12 (-20) )[][] [][]  
 []


Overfull \hbox (5.28767pt too wide) detected at line 1043
 []\T1/lmr/m/n/12 1110
 []


Overfull \hbox (5.28767pt too wide) detected at line 1044
 []\T1/lmr/m/n/12 1114
 []


Overfull \hbox (45.59671pt too wide) in paragraph at lines 1044--1044
 [][] [][][]\T1/lmr/m/n/12 (-20) Listing 16.7 --- SSRF-Safe Out-bound Fetcher (
\T1/lmtt/m/n/12 ssrf_fetcher.py\T1/lmr/m/n/12 (-20) )[][] [][]  
 []


Overfull \hbox (5.28767pt too wide) detected at line 1045
 []\T1/lmr/m/n/12 1118
 []


Overfull \hbox (75.86623pt too wide) in paragraph at lines 1045--1045
 [][] [][][]\T1/lmr/m/n/12 (-20) Listing 16.8 --- STRIDE Work-sheet Gen-er-a-to
r (\T1/lmtt/m/n/12 stride_worksheet.py\T1/lmr/m/n/12 (-20) )[][] [][]  
 []


Overfull \hbox (5.28767pt too wide) detected at line 1046
 []\T1/lmr/m/n/12 1122
 []


Overfull \hbox (5.28767pt too wide) detected at line 1047
 []\T1/lmr/m/n/12 1123
 []


Overfull \hbox (28.9339pt too wide) in paragraph at lines 1047--1047
 [][] [][][]\T1/lmr/m/n/12 (-20) Listing 16.10 --- The Ex-ploit Suite (\T1/lmtt
/m/n/12 test_exploit_suite.py\T1/lmr/m/n/12 (-20) )[][] [][]  
 []


Overfull \hbox (5.28767pt too wide) detected at line 1048
 []\T1/lmr/m/n/12 1130
 []


Overfull \hbox (5.28767pt too wide) detected at line 1049
 []\T1/lmr/m/n/12 1138
 []


Overfull \hbox (5.28767pt too wide) detected at line 1050
 []\T1/lmr/m/n/12 1139
 []


Overfull \hbox (5.28767pt too wide) detected at line 1051
 []\T1/lmr/m/n/12 1139
 []


Overfull \hbox (5.28767pt too wide) detected at line 1052
 []\T1/lmr/m/n/12 1140
 []


Overfull \hbox (5.28767pt too wide) detected at line 1053
 []\T1/lmr/m/n/12 1141
 []


Overfull \hbox (5.28767pt too wide) detected at line 1054
 []\T1/lmr/m/n/12 1142
 []


Overfull \hbox (5.28767pt too wide) detected at line 1055
 []\T1/lmr/m/n/12 1148
 []


Overfull \hbox (5.28767pt too wide) detected at line 1056
 []\T1/lmr/m/n/12 1149
 []


Overfull \hbox (5.28767pt too wide) detected at line 1057
 []\T1/lmr/m/n/12 1152
 []


Overfull \hbox (5.28767pt too wide) detected at line 1058
 []\T1/lmr/m/n/12 1152
 []


Overfull \hbox (5.28767pt too wide) detected at line 1059
 []\T1/lmr/m/n/12 1153
 []


Overfull \hbox (5.28767pt too wide) detected at line 1060
 []\T1/lmr/m/n/12 1153
 []

[25]
Overfull \hbox (5.28767pt too wide) detected at line 1061
 []\T1/lmr/m/n/12 1153
 []


Overfull \hbox (5.28767pt too wide) detected at line 1062
 []\T1/lmr/m/n/12 1154
 []


Overfull \hbox (5.28767pt too wide) detected at line 1063
 []\T1/lmr/m/n/12 1154
 []


Overfull \hbox (5.28767pt too wide) detected at line 1064
 []\T1/lmr/m/n/12 1155
 []


Overfull \hbox (5.28767pt too wide) detected at line 1065
 []\T1/lmr/m/n/12 1155
 []


Overfull \hbox (5.28767pt too wide) detected at line 1066
 []\T1/lmr/m/n/12 1155
 []


Overfull \hbox (5.28767pt too wide) detected at line 1067
 []\T1/lmr/m/n/12 1155
 []


Overfull \hbox (5.28767pt too wide) detected at line 1068
 []\T1/lmr/m/n/12 1155
 []


Overfull \hbox (5.28767pt too wide) detected at line 1069
 []\T1/lmr/m/n/12 1155
 []


Overfull \hbox (5.28767pt too wide) detected at line 1070
 []\T1/lmr/m/n/12 1156
 []


Overfull \hbox (5.28767pt too wide) detected at line 1071
 []\T1/lmr/m/n/12 1156
 []


Overfull \hbox (5.28767pt too wide) detected at line 1072
 []\T1/lmr/m/n/12 1156
 []


Overfull \hbox (5.28767pt too wide) detected at line 1073
 []\T1/lmr/m/n/12 1156
 []


Overfull \hbox (5.28767pt too wide) detected at line 1074
 []\T1/lmr/m/n/12 1157
 []


Overfull \hbox (5.28767pt too wide) detected at line 1076
 []\T1/lmr/m/n/12 1164
 []


Overfull \hbox (5.28767pt too wide) detected at line 1077
 []\T1/lmr/m/n/12 1166
 []


Overfull \hbox (5.28767pt too wide) detected at line 1078
 []\T1/lmr/m/n/12 1166
 []


Overfull \hbox (5.28767pt too wide) detected at line 1079
 []\T1/lmr/m/n/12 1168
 []


Overfull \hbox (5.28767pt too wide) detected at line 1080
 []\T1/lmr/m/n/12 1169
 []


Overfull \hbox (5.28767pt too wide) detected at line 1081
 []\T1/lmr/m/n/12 1170
 []


Overfull \hbox (5.28767pt too wide) detected at line 1082
 []\T1/lmr/m/n/12 1172
 []


Overfull \hbox (5.28767pt too wide) detected at line 1083
 []\T1/lmr/m/n/12 1173
 []


Overfull \hbox (5.28767pt too wide) detected at line 1084
 []\T1/lmr/m/n/12 1175
 []


Overfull \hbox (5.28767pt too wide) detected at line 1085
 []\T1/lmr/m/n/12 1175
 []


Overfull \hbox (5.28767pt too wide) detected at line 1086
 []\T1/lmr/m/n/12 1177
 []


Overfull \hbox (5.28767pt too wide) detected at line 1087
 []\T1/lmr/m/n/12 1182
 []


Overfull \hbox (16.21724pt too wide) in paragraph at lines 1087--1087
 [][] [][][]\T1/lmr/m/n/12 (-20) Listing 17.3 --- The Server Un-der Test (\T1/l
mtt/m/n/12 orders_server.py\T1/lmr/m/n/12 (-20) )[][] [][]  
 []


Overfull \hbox (5.28767pt too wide) detected at line 1088
 []\T1/lmr/m/n/12 1184
 []


Overfull \hbox (53.78638pt too wide) in paragraph at lines 1088--1088
 [][] [][][]\T1/lmr/m/n/12 (-20) Listing 17.4 --- The Graceful-Shutdown Proof (
\T1/lmtt/m/n/12 shutdown_demo.py\T1/lmr/m/n/12 (-20) )[][] [][]  
 []


Overfull \hbox (5.28767pt too wide) detected at line 1089
 []\T1/lmr/m/n/12 1189
 []


Overfull \hbox (52.63615pt too wide) in paragraph at lines 1089--1089
 [][] [][][]\T1/lmr/m/n/12 (-20) Listing 17.5 --- Probe-Semantics Sim-u-la-tor 
(\T1/lmtt/m/n/12 probe_simulator.py\T1/lmr/m/n/12 (-20) )[][] [][]  
 []


Overfull \hbox (5.28767pt too wide) detected at line 1090
 []\T1/lmr/m/n/12 1197
 []


Overfull \hbox (1.23773pt too wide) in paragraph at lines 1090--1090
 [][] [][][]\T1/lmr/m/n/12 (-20) Listing 17.6 --- Ca-nary An-a-lyzer (\T1/lmtt/
m/n/12 canary_analysis.py\T1/lmr/m/n/12 (-20) )[][] [][]  
 []


Overfull \hbox (5.28767pt too wide) detected at line 1091
 []\T1/lmr/m/n/12 1204
 []


Overfull \hbox (5.28767pt too wide) detected at line 1092
 []\T1/lmr/m/n/12 1206
 []


Overfull \hbox (5.28767pt too wide) detected at line 1093
 []\T1/lmr/m/n/12 1206
 []


Overfull \hbox (5.28767pt too wide) detected at line 1094
 []\T1/lmr/m/n/12 1206
 []


Overfull \hbox (5.28767pt too wide) detected at line 1095
 []\T1/lmr/m/n/12 1207
 []


Overfull \hbox (5.28767pt too wide) detected at line 1096
 []\T1/lmr/m/n/12 1209
 []

[26]
Overfull \hbox (5.28767pt too wide) detected at line 1097
 []\T1/lmr/m/n/12 1217
 []


Overfull \hbox (5.28767pt too wide) detected at line 1098
 []\T1/lmr/m/n/12 1218
 []


Overfull \hbox (5.28767pt too wide) detected at line 1099
 []\T1/lmr/m/n/12 1222
 []


Overfull \hbox (5.28767pt too wide) detected at line 1100
 []\T1/lmr/m/n/12 1222
 []


Overfull \hbox (5.28767pt too wide) detected at line 1101
 []\T1/lmr/m/n/12 1222
 []


Overfull \hbox (5.28767pt too wide) detected at line 1102
 []\T1/lmr/m/n/12 1223
 []


Overfull \hbox (5.28767pt too wide) detected at line 1103
 []\T1/lmr/m/n/12 1223
 []


Overfull \hbox (5.28767pt too wide) detected at line 1104
 []\T1/lmr/m/n/12 1223
 []


Overfull \hbox (5.28767pt too wide) detected at line 1105
 []\T1/lmr/m/n/12 1224
 []


Overfull \hbox (5.28767pt too wide) detected at line 1106
 []\T1/lmr/m/n/12 1225
 []


Overfull \hbox (5.28767pt too wide) detected at line 1107
 []\T1/lmr/m/n/12 1225
 []


Overfull \hbox (5.28767pt too wide) detected at line 1108
 []\T1/lmr/m/n/12 1225
 []


Overfull \hbox (5.28767pt too wide) detected at line 1109
 []\T1/lmr/m/n/12 1225
 []


Overfull \hbox (5.28767pt too wide) detected at line 1110
 []\T1/lmr/m/n/12 1226
 []


Overfull \hbox (5.28767pt too wide) detected at line 1111
 []\T1/lmr/m/n/12 1226
 []


Overfull \hbox (5.28767pt too wide) detected at line 1112
 []\T1/lmr/m/n/12 1226
 []


Overfull \hbox (5.28767pt too wide) detected at line 1113
 []\T1/lmr/m/n/12 1226
 []


Overfull \hbox (5.28767pt too wide) detected at line 1114
 []\T1/lmr/m/n/12 1227
 []


Overfull \hbox (5.28767pt too wide) detected at line 1115
 []\T1/lmr/m/n/12 1227
 []


Overfull \hbox (5.28767pt too wide) detected at line 1116
 []\T1/lmr/m/n/12 1227
 []


Overfull \hbox (5.28767pt too wide) detected at line 1118
 []\T1/lmr/m/n/12 1234
 []


Overfull \hbox (5.28767pt too wide) detected at line 1119
 []\T1/lmr/m/n/12 1236
 []


Overfull \hbox (5.28767pt too wide) detected at line 1120
 []\T1/lmr/m/n/12 1236
 []


Overfull \hbox (5.28767pt too wide) detected at line 1124
 []\T1/lmr/m/n/12 1237
 []


Overfull \hbox (5.28767pt too wide) detected at line 1125
 []\T1/lmr/m/n/12 1238
 []


Overfull \hbox (5.28767pt too wide) detected at line 1126
 []\T1/lmr/m/n/12 1239
 []


Overfull \hbox (5.28767pt too wide) detected at line 1127
 []\T1/lmr/m/n/12 1240
 []


Overfull \hbox (5.28767pt too wide) detected at line 1128
 []\T1/lmr/m/n/12 1241
 []


Overfull \hbox (5.28767pt too wide) detected at line 1131
 []\T1/lmr/m/n/12 1242
 []


Overfull \hbox (5.28767pt too wide) detected at line 1134
 []\T1/lmr/m/n/12 1245
 []


Overfull \hbox (5.28767pt too wide) detected at line 1139
 []\T1/lmr/m/n/12 1246
 []


Overfull \hbox (5.28767pt too wide) detected at line 1140
 []\T1/lmr/m/n/12 1246
 []


Overfull \hbox (5.28767pt too wide) detected at line 1141
 []\T1/lmr/m/n/12 1251
 []


Overfull \hbox (5.28767pt too wide) detected at line 1142
 []\T1/lmr/m/n/12 1254
 []


Overfull \hbox (5.28767pt too wide) detected at line 1143
 []\T1/lmr/m/n/12 1265
 []


Overfull \hbox (5.28767pt too wide) detected at line 1144
 []\T1/lmr/m/n/12 1271
 []

[27]
Overfull \hbox (5.28767pt too wide) detected at line 1145
 []\T1/lmr/m/n/12 1277
 []


Overfull \hbox (5.28767pt too wide) detected at line 1146
 []\T1/lmr/m/n/12 1284
 []


Overfull \hbox (5.28767pt too wide) detected at line 1147
 []\T1/lmr/m/n/12 1286
 []


Overfull \hbox (5.28767pt too wide) detected at line 1148
 []\T1/lmr/m/n/12 1287
 []


Overfull \hbox (5.28767pt too wide) detected at line 1149
 []\T1/lmr/m/n/12 1287
 []


Overfull \hbox (5.28767pt too wide) detected at line 1150
 []\T1/lmr/m/n/12 1289
 []


Overfull \hbox (5.28767pt too wide) detected at line 1151
 []\T1/lmr/m/n/12 1295
 []


Overfull \hbox (5.28767pt too wide) detected at line 1152
 []\T1/lmr/m/n/12 1296
 []


Overfull \hbox (5.28767pt too wide) detected at line 1153
 []\T1/lmr/m/n/12 1299
 []


Overfull \hbox (5.28767pt too wide) detected at line 1154
 []\T1/lmr/m/n/12 1299
 []


Overfull \hbox (5.28767pt too wide) detected at line 1155
 []\T1/lmr/m/n/12 1300
 []


Overfull \hbox (5.28767pt too wide) detected at line 1156
 []\T1/lmr/m/n/12 1300
 []


Overfull \hbox (5.28767pt too wide) detected at line 1157
 []\T1/lmr/m/n/12 1300
 []


Overfull \hbox (5.28767pt too wide) detected at line 1158
 []\T1/lmr/m/n/12 1301
 []


Overfull \hbox (5.28767pt too wide) detected at line 1159
 []\T1/lmr/m/n/12 1302
 []


Overfull \hbox (5.28767pt too wide) detected at line 1160
 []\T1/lmr/m/n/12 1303
 []


Overfull \hbox (5.28767pt too wide) detected at line 1161
 []\T1/lmr/m/n/12 1303
 []


Overfull \hbox (5.28767pt too wide) detected at line 1162
 []\T1/lmr/m/n/12 1303
 []


Overfull \hbox (5.28767pt too wide) detected at line 1163
 []\T1/lmr/m/n/12 1303
 []


Overfull \hbox (5.28767pt too wide) detected at line 1164
 []\T1/lmr/m/n/12 1303
 []


Overfull \hbox (5.28767pt too wide) detected at line 1165
 []\T1/lmr/m/n/12 1303
 []


Overfull \hbox (5.28767pt too wide) detected at line 1166
 []\T1/lmr/m/n/12 1304
 []


Overfull \hbox (5.28767pt too wide) detected at line 1167
 []\T1/lmr/m/n/12 1304
 []


Overfull \hbox (5.28767pt too wide) detected at line 1168
 []\T1/lmr/m/n/12 1304
 []


Overfull \hbox (5.28767pt too wide) detected at line 1169
 []\T1/lmr/m/n/12 1304
 []


Overfull \hbox (5.28767pt too wide) detected at line 1171
 []\T1/lmr/m/n/12 1308
 []


Overfull \hbox (5.28767pt too wide) detected at line 1172
 []\T1/lmr/m/n/12 1310
 []


Overfull \hbox (5.28767pt too wide) detected at line 1173
 []\T1/lmr/m/n/12 1310
 []


Overfull \hbox (5.28767pt too wide) detected at line 1174
 []\T1/lmr/m/n/12 1312
 []


Overfull \hbox (5.28767pt too wide) detected at line 1176
 []\T1/lmr/m/n/12 1313
 []


Overfull \hbox (5.28767pt too wide) detected at line 1177
 []\T1/lmr/m/n/12 1314
 []


Overfull \hbox (5.28767pt too wide) detected at line 1178
 []\T1/lmr/m/n/12 1315
 []


Overfull \hbox (5.28767pt too wide) detected at line 1183
 []\T1/lmr/m/n/12 1317
 []


Overfull \hbox (5.28767pt too wide) detected at line 1184
 []\T1/lmr/m/n/12 1318
 []


Overfull \hbox (5.28767pt too wide) detected at line 1185
 []\T1/lmr/m/n/12 1319
 []


Overfull \hbox (5.28767pt too wide) detected at line 1186
 []\T1/lmr/m/n/12 1319
 []


Overfull \hbox (5.28767pt too wide) detected at line 1187
 []\T1/lmr/m/n/12 1323
 []


Overfull \hbox (5.28767pt too wide) detected at line 1188
 []\T1/lmr/m/n/12 1331
 []

[28]
Overfull \hbox (5.28767pt too wide) detected at line 1189
 []\T1/lmr/m/n/12 1333
 []


Overfull \hbox (5.28767pt too wide) detected at line 1190
 []\T1/lmr/m/n/12 1337
 []


Overfull \hbox (5.28767pt too wide) detected at line 1191
 []\T1/lmr/m/n/12 1344
 []


Overfull \hbox (5.28767pt too wide) detected at line 1192
 []\T1/lmr/m/n/12 1351
 []


Overfull \hbox (5.28767pt too wide) detected at line 1193
 []\T1/lmr/m/n/12 1358
 []


Overfull \hbox (5.28767pt too wide) detected at line 1194
 []\T1/lmr/m/n/12 1361
 []


Overfull \hbox (5.28767pt too wide) detected at line 1195
 []\T1/lmr/m/n/12 1362
 []


Overfull \hbox (5.28767pt too wide) detected at line 1196
 []\T1/lmr/m/n/12 1364
 []


Overfull \hbox (5.28767pt too wide) detected at line 1197
 []\T1/lmr/m/n/12 1364
 []


Overfull \hbox (5.28767pt too wide) detected at line 1198
 []\T1/lmr/m/n/12 1365
 []


Overfull \hbox (5.28767pt too wide) detected at line 1199
 []\T1/lmr/m/n/12 1365
 []


Overfull \hbox (5.28767pt too wide) detected at line 1200
 []\T1/lmr/m/n/12 1366
 []


Overfull \hbox (5.28767pt too wide) detected at line 1201
 []\T1/lmr/m/n/12 1372
 []


Overfull \hbox (5.28767pt too wide) detected at line 1202
 []\T1/lmr/m/n/12 1373
 []


Overfull \hbox (5.28767pt too wide) detected at line 1203
 []\T1/lmr/m/n/12 1376
 []


Overfull \hbox (5.28767pt too wide) detected at line 1204
 []\T1/lmr/m/n/12 1377
 []


Overfull \hbox (5.28767pt too wide) detected at line 1205
 []\T1/lmr/m/n/12 1377
 []


Overfull \hbox (5.28767pt too wide) detected at line 1206
 []\T1/lmr/m/n/12 1377
 []


Overfull \hbox (5.28767pt too wide) detected at line 1207
 []\T1/lmr/m/n/12 1377
 []


Overfull \hbox (5.28767pt too wide) detected at line 1208
 []\T1/lmr/m/n/12 1378
 []


Overfull \hbox (5.28767pt too wide) detected at line 1209
 []\T1/lmr/m/n/12 1378
 []


Overfull \hbox (5.28767pt too wide) detected at line 1211
 []\T1/lmr/m/n/12 1378
 []


Overfull \hbox (5.28767pt too wide) detected at line 1212
 []\T1/lmr/m/n/12 1379
 []


Overfull \hbox (5.28767pt too wide) detected at line 1213
 []\T1/lmr/m/n/12 1380
 []


Overfull \hbox (5.28767pt too wide) detected at line 1214
 []\T1/lmr/m/n/12 1380
 []


Overfull \hbox (5.28767pt too wide) detected at line 1215
 []\T1/lmr/m/n/12 1380
 []


Overfull \hbox (5.28767pt too wide) detected at line 1216
 []\T1/lmr/m/n/12 1380
 []


Overfull \hbox (5.28767pt too wide) detected at line 1217
 []\T1/lmr/m/n/12 1380
 []


Overfull \hbox (5.28767pt too wide) detected at line 1218
 []\T1/lmr/m/n/12 1381
 []


Overfull \hbox (5.28767pt too wide) detected at line 1219
 []\T1/lmr/m/n/12 1381
 []


Overfull \hbox (5.28767pt too wide) detected at line 1220
 []\T1/lmr/m/n/12 1382
 []


Overfull \hbox (5.28767pt too wide) detected at line 1221
 []\T1/lmr/m/n/12 1382
 []


Overfull \hbox (5.28767pt too wide) detected at line 1222
 []\T1/lmr/m/n/12 1382
 []


Overfull \hbox (5.28767pt too wide) detected at line 1224
 []\T1/lmr/m/n/12 1384
 []


Overfull \hbox (5.28767pt too wide) detected at line 1225
 []\T1/lmr/m/n/12 1386
 []


Overfull \hbox (5.28767pt too wide) detected at line 1226
 []\T1/lmr/m/n/12 1386
 []


Overfull \hbox (5.28767pt too wide) detected at line 1227
 []\T1/lmr/m/n/12 1388
 []

[29]
Overfull \hbox (5.28767pt too wide) detected at line 1233
 []\T1/lmr/m/n/12 1390
 []


Overfull \hbox (5.28767pt too wide) detected at line 1240
 []\T1/lmr/m/n/12 1392
 []


Overfull \hbox (5.28767pt too wide) detected at line 1245
 []\T1/lmr/m/n/12 1393
 []


Overfull \hbox (5.28767pt too wide) detected at line 1250
 []\T1/lmr/m/n/12 1395
 []


Overfull \hbox (5.28767pt too wide) detected at line 1251
 []\T1/lmr/m/n/12 1396
 []


Overfull \hbox (5.28767pt too wide) detected at line 1252
 []\T1/lmr/m/n/12 1397
 []


Overfull \hbox (5.28767pt too wide) detected at line 1253
 []\T1/lmr/m/n/12 1397
 []


Overfull \hbox (5.28767pt too wide) detected at line 1254
 []\T1/lmr/m/n/12 1398
 []


Overfull \hbox (5.28767pt too wide) detected at line 1255
 []\T1/lmr/m/n/12 1408
 []


Overfull \hbox (16.64627pt too wide) in paragraph at lines 1255--1255
 [][] [][][]\T1/lmr/m/n/12 (-20) Listing 20.3 --- Lin-ter Tests, In-clud-ing th
e Non-Compliant 
 []


Overfull \hbox (5.28767pt too wide) detected at line 1256
 []\T1/lmr/m/n/12 1412
 []


Overfull \hbox (5.28767pt too wide) detected at line 1257
 []\T1/lmr/m/n/12 1418
 []


Overfull \hbox (5.28767pt too wide) detected at line 1258
 []\T1/lmr/m/n/12 1423
 []


Overfull \hbox (0.89601pt too wide) in paragraph at lines 1258--1258
 [][] [][][]\T1/lmr/m/n/12 (-20) Listing 20.6 --- \T1/lmtt/m/n/12 deprecation_t
racker.py\T1/lmr/m/n/12 (-20) : Cam-paign 
 []


Overfull \hbox (5.28767pt too wide) detected at line 1259
 []\T1/lmr/m/n/12 1431
 []


Overfull \hbox (5.28767pt too wide) detected at line 1260
 []\T1/lmr/m/n/12 1435
 []


Overfull \hbox (5.28767pt too wide) detected at line 1261
 []\T1/lmr/m/n/12 1437
 []


Overfull \hbox (5.28767pt too wide) detected at line 1262
 []\T1/lmr/m/n/12 1437
 []


Overfull \hbox (5.28767pt too wide) detected at line 1263
 []\T1/lmr/m/n/12 1437
 []


Overfull \hbox (5.28767pt too wide) detected at line 1264
 []\T1/lmr/m/n/12 1438
 []


Overfull \hbox (5.28767pt too wide) detected at line 1265
 []\T1/lmr/m/n/12 1438
 []


Overfull \hbox (5.28767pt too wide) detected at line 1266
 []\T1/lmr/m/n/12 1438
 []


Overfull \hbox (5.28767pt too wide) detected at line 1267
 []\T1/lmr/m/n/12 1438
 []


Overfull \hbox (5.28767pt too wide) detected at line 1268
 []\T1/lmr/m/n/12 1438
 []


Overfull \hbox (5.28767pt too wide) detected at line 1269
 []\T1/lmr/m/n/12 1439
 []


Overfull \hbox (5.28767pt too wide) detected at line 1270
 []\T1/lmr/m/n/12 1439
 []


Overfull \hbox (5.28767pt too wide) detected at line 1271
 []\T1/lmr/m/n/12 1440
 []


Overfull \hbox (5.28767pt too wide) detected at line 1272
 []\T1/lmr/m/n/12 1440
 []


Overfull \hbox (5.28767pt too wide) detected at line 1273
 []\T1/lmr/m/n/12 1442
 []


Overfull \hbox (5.28767pt too wide) detected at line 1274
 []\T1/lmr/m/n/12 1448
 []


Overfull \hbox (5.28767pt too wide) detected at line 1275
 []\T1/lmr/m/n/12 1449
 []


Overfull \hbox (5.28767pt too wide) detected at line 1276
 []\T1/lmr/m/n/12 1452
 []


Overfull \hbox (5.28767pt too wide) detected at line 1277
 []\T1/lmr/m/n/12 1453
 []


Overfull \hbox (5.28767pt too wide) detected at line 1278
 []\T1/lmr/m/n/12 1453
 []


Overfull \hbox (5.28767pt too wide) detected at line 1279
 []\T1/lmr/m/n/12 1453
 []


Overfull \hbox (5.28767pt too wide) detected at line 1280
 []\T1/lmr/m/n/12 1453
 []


Overfull \hbox (5.28767pt too wide) detected at line 1281
 []\T1/lmr/m/n/12 1454
 []


Overfull \hbox (5.28767pt too wide) detected at line 1282
 []\T1/lmr/m/n/12 1455
 []


Overfull \hbox (5.28767pt too wide) detected at line 1283
 []\T1/lmr/m/n/12 1455
 []


Overfull \hbox (5.28767pt too wide) detected at line 1284
 []\T1/lmr/m/n/12 1455
 []

[30]
Overfull \hbox (5.28767pt too wide) detected at line 1285
 []\T1/lmr/m/n/12 1455
 []


Overfull \hbox (5.28767pt too wide) detected at line 1286
 []\T1/lmr/m/n/12 1456
 []


Overfull \hbox (5.28767pt too wide) detected at line 1287
 []\T1/lmr/m/n/12 1456
 []


Overfull \hbox (5.28767pt too wide) detected at line 1288
 []\T1/lmr/m/n/12 1457
 []


Overfull \hbox (5.28767pt too wide) detected at line 1289
 []\T1/lmr/m/n/12 1457
 []


Overfull \hbox (5.28767pt too wide) detected at line 1290
 []\T1/lmr/m/n/12 1457
 []


Overfull \hbox (5.28767pt too wide) detected at line 1291
 []\T1/lmr/m/n/12 1458
 []


Overfull \hbox (5.28767pt too wide) detected at line 1292
 []\T1/lmr/m/n/12 1458
 []


Overfull \hbox (5.28767pt too wide) detected at line 1294
 []\T1/lmr/m/n/12 1460
 []


Overfull \hbox (5.28767pt too wide) detected at line 1295
 []\T1/lmr/m/n/12 1461
 []


Overfull \hbox (5.28767pt too wide) detected at line 1296
 []\T1/lmr/m/n/12 1461
 []


Overfull \hbox (5.28767pt too wide) detected at line 1301
 []\T1/lmr/m/n/12 1465
 []


Overfull \hbox (5.28767pt too wide) detected at line 1304
 []\T1/lmr/m/n/12 1468
 []


Overfull \hbox (5.28767pt too wide) detected at line 1310
 []\T1/lmr/m/n/12 1471
 []


Overfull \hbox (5.28767pt too wide) detected at line 1313
 []\T1/lmr/m/n/12 1471
 []


Overfull \hbox (5.28767pt too wide) detected at line 1320
 []\T1/lmr/m/n/12 1476
 []


Overfull \hbox (5.28767pt too wide) detected at line 1321
 []\T1/lmr/m/n/12 1478
 []


Overfull \hbox (5.28767pt too wide) detected at line 1322
 []\T1/lmr/m/n/12 1478
 []


Overfull \hbox (5.28767pt too wide) detected at line 1323
 []\T1/lmr/m/n/12 1490
 []


Overfull \hbox (5.28767pt too wide) detected at line 1324
 []\T1/lmr/m/n/12 1503
 []


Overfull \hbox (5.28767pt too wide) detected at line 1325
 []\T1/lmr/m/n/12 1514
 []


Overfull \hbox (5.28767pt too wide) detected at line 1326
 []\T1/lmr/m/n/12 1514
 []


Overfull \hbox (5.28767pt too wide) detected at line 1327
 []\T1/lmr/m/n/12 1514
 []


Overfull \hbox (5.28767pt too wide) detected at line 1328
 []\T1/lmr/m/n/12 1515
 []


Overfull \hbox (5.28767pt too wide) detected at line 1329
 []\T1/lmr/m/n/12 1515
 []


Overfull \hbox (5.28767pt too wide) detected at line 1330
 []\T1/lmr/m/n/12 1515
 []


Overfull \hbox (5.28767pt too wide) detected at line 1331
 []\T1/lmr/m/n/12 1515
 []


Overfull \hbox (5.28767pt too wide) detected at line 1332
 []\T1/lmr/m/n/12 1515
 []


Overfull \hbox (5.28767pt too wide) detected at line 1333
 []\T1/lmr/m/n/12 1515
 []


Overfull \hbox (5.28767pt too wide) detected at line 1334
 []\T1/lmr/m/n/12 1517
 []


Overfull \hbox (5.28767pt too wide) detected at line 1335
 []\T1/lmr/m/n/12 1518
 []


Overfull \hbox (5.28767pt too wide) detected at line 1336
 []\T1/lmr/m/n/12 1518
 []


Overfull \hbox (5.28767pt too wide) detected at line 1337
 []\T1/lmr/m/n/12 1519
 []


Overfull \hbox (5.28767pt too wide) detected at line 1338
 []\T1/lmr/m/n/12 1519
 []


Overfull \hbox (5.28767pt too wide) detected at line 1339
 []\T1/lmr/m/n/12 1524
 []


Overfull \hbox (5.28767pt too wide) detected at line 1340
 []\T1/lmr/m/n/12 1525
 []


Overfull \hbox (5.28767pt too wide) detected at line 1341
 []\T1/lmr/m/n/12 1526
 []


Overfull \hbox (5.28767pt too wide) detected at line 1342
 []\T1/lmr/m/n/12 1526
 []


Overfull \hbox (5.28767pt too wide) detected at line 1343
 []\T1/lmr/m/n/12 1527
 []


Overfull \hbox (5.28767pt too wide) detected at line 1344
 []\T1/lmr/m/n/12 1528
 []

[31]
Overfull \hbox (5.28767pt too wide) detected at line 1345
 []\T1/lmr/m/n/12 1529
 []


Overfull \hbox (5.28767pt too wide) detected at line 1346
 []\T1/lmr/m/n/12 1530
 []


Overfull \hbox (5.28767pt too wide) detected at line 1347
 []\T1/lmr/m/n/12 1530
 []


Overfull \hbox (5.28767pt too wide) detected at line 1348
 []\T1/lmr/m/n/12 1530
 []


Overfull \hbox (5.28767pt too wide) detected at line 1349
 []\T1/lmr/m/n/12 1531
 []


Overfull \hbox (5.28767pt too wide) detected at line 1350
 []\T1/lmr/m/n/12 1531
 []


Overfull \hbox (5.28767pt too wide) detected at line 1351
 []\T1/lmr/m/n/12 1531
 []


Overfull \hbox (5.28767pt too wide) detected at line 1352
 []\T1/lmr/m/n/12 1531
 []


Overfull \hbox (5.28767pt too wide) detected at line 1353
 []\T1/lmr/m/n/12 1532
 []


Overfull \hbox (5.28767pt too wide) detected at line 1354
 []\T1/lmr/m/n/12 1532
 []


Overfull \hbox (5.28767pt too wide) detected at line 1355
 []\T1/lmr/m/n/12 1532
 []


Overfull \hbox (5.28767pt too wide) detected at line 1356
 []\T1/lmr/m/n/12 1534
 []


Overfull \hbox (5.28767pt too wide) detected at line 1357
 []\T1/lmr/m/n/12 1534
 []


Overfull \hbox (5.28767pt too wide) detected at line 1358
 []\T1/lmr/m/n/12 1534
 []


Overfull \hbox (5.28767pt too wide) detected at line 1359
 []\T1/lmr/m/n/12 1534
 []


Overfull \hbox (5.28767pt too wide) detected at line 1360
 []\T1/lmr/m/n/12 1535
 []


Overfull \hbox (5.28767pt too wide) detected at line 1361
 []\T1/lmr/m/n/12 1535
 []


Overfull \hbox (5.28767pt too wide) detected at line 1362
 []\T1/lmr/m/n/12 1535
 []


Overfull \hbox (5.28767pt too wide) detected at line 1363
 []\T1/lmr/m/n/12 1536
 []


Overfull \hbox (5.28767pt too wide) detected at line 1364
 []\T1/lmr/m/n/12 1536
 []


Overfull \hbox (5.28767pt too wide) detected at line 1365
 []\T1/lmr/m/n/12 1536
 []


Overfull \hbox (5.28767pt too wide) detected at line 1367
 []\T1/lmr/m/n/12 1537
 []


Overfull \hbox (5.28767pt too wide) detected at line 1368
 []\T1/lmr/m/n/12 1540
 []


Overfull \hbox (5.28767pt too wide) detected at line 1371
 []\T1/lmr/m/n/12 1542
 []


Overfull \hbox (5.28767pt too wide) detected at line 1372
 []\T1/lmr/m/n/12 1542
 []


Overfull \hbox (5.28767pt too wide) detected at line 1373
 []\T1/lmr/m/n/12 1545
 []


Overfull \hbox (5.28767pt too wide) detected at line 1374
 []\T1/lmr/m/n/12 1547
 []


Overfull \hbox (5.28767pt too wide) detected at line 1375
 []\T1/lmr/m/n/12 1547
 []


Overfull \hbox (5.28767pt too wide) detected at line 1376
 []\T1/lmr/m/n/12 1549
 []


Overfull \hbox (5.28767pt too wide) detected at line 1377
 []\T1/lmr/m/n/12 1552
 []


Overfull \hbox (5.28767pt too wide) detected at line 1378
 []\T1/lmr/m/n/12 1552
 []


Overfull \hbox (5.28767pt too wide) detected at line 1379
 []\T1/lmr/m/n/12 1553
 []


Overfull \hbox (5.28767pt too wide) detected at line 1380
 []\T1/lmr/m/n/12 1555
 []


Overfull \hbox (5.28767pt too wide) detected at line 1381
 []\T1/lmr/m/n/12 1555
 []


Overfull \hbox (5.28767pt too wide) detected at line 1382
 []\T1/lmr/m/n/12 1557
 []


Overfull \hbox (5.28767pt too wide) detected at line 1383
 []\T1/lmr/m/n/12 1559
 []

[32]
Overfull \hbox (5.28767pt too wide) detected at line 1384
 []\T1/lmr/m/n/12 1559
 []


Overfull \hbox (5.28767pt too wide) detected at line 1385
 []\T1/lmr/m/n/12 1561
 []


Overfull \hbox (5.28767pt too wide) detected at line 1386
 []\T1/lmr/m/n/12 1563
 []


Overfull \hbox (5.28767pt too wide) detected at line 1387
 []\T1/lmr/m/n/12 1563
 []


Overfull \hbox (5.28767pt too wide) detected at line 1388
 []\T1/lmr/m/n/12 1565
 []


Overfull \hbox (5.28767pt too wide) detected at line 1389
 []\T1/lmr/m/n/12 1567
 []


Overfull \hbox (5.28767pt too wide) detected at line 1390
 []\T1/lmr/m/n/12 1567
 []


Overfull \hbox (5.28767pt too wide) detected at line 1391
 []\T1/lmr/m/n/12 1568
 []


Overfull \hbox (5.28767pt too wide) detected at line 1392
 []\T1/lmr/m/n/12 1571
 []


Overfull \hbox (5.28767pt too wide) detected at line 1393
 []\T1/lmr/m/n/12 1571
 []


Overfull \hbox (5.28767pt too wide) detected at line 1394
 []\T1/lmr/m/n/12 1573
 []


Overfull \hbox (5.28767pt too wide) detected at line 1395
 []\T1/lmr/m/n/12 1575
 []


Overfull \hbox (5.28767pt too wide) detected at line 1396
 []\T1/lmr/m/n/12 1575
 []


Overfull \hbox (5.28767pt too wide) detected at line 1397
 []\T1/lmr/m/n/12 1577
 []


Overfull \hbox (5.28767pt too wide) detected at line 1398
 []\T1/lmr/m/n/12 1579
 []


Overfull \hbox (5.28767pt too wide) detected at line 1399
 []\T1/lmr/m/n/12 1579
 []


Overfull \hbox (5.28767pt too wide) detected at line 1400
 []\T1/lmr/m/n/12 1581
 []


Overfull \hbox (5.28767pt too wide) detected at line 1401
 []\T1/lmr/m/n/12 1583
 []


Overfull \hbox (5.28767pt too wide) detected at line 1402
 []\T1/lmr/m/n/12 1583
 []


Overfull \hbox (5.28767pt too wide) detected at line 1403
 []\T1/lmr/m/n/12 1585
 []


Overfull \hbox (5.28767pt too wide) detected at line 1404
 []\T1/lmr/m/n/12 1587
 []


Overfull \hbox (5.28767pt too wide) detected at line 1405
 []\T1/lmr/m/n/12 1587
 []


Overfull \hbox (5.28767pt too wide) detected at line 1406
 []\T1/lmr/m/n/12 1589
 []


Overfull \hbox (5.28767pt too wide) detected at line 1407
 []\T1/lmr/m/n/12 1591
 []


Overfull \hbox (5.28767pt too wide) detected at line 1408
 []\T1/lmr/m/n/12 1591
 []


Overfull \hbox (5.28767pt too wide) detected at line 1409
 []\T1/lmr/m/n/12 1593
 []


Overfull \hbox (5.28767pt too wide) detected at line 1410
 []\T1/lmr/m/n/12 1596
 []


Overfull \hbox (5.28767pt too wide) detected at line 1411
 []\T1/lmr/m/n/12 1596
 []


Overfull \hbox (5.28767pt too wide) detected at line 1412
 []\T1/lmr/m/n/12 1598
 []


Overfull \hbox (5.28767pt too wide) detected at line 1413
 []\T1/lmr/m/n/12 1600
 []


Overfull \hbox (5.28767pt too wide) detected at line 1414
 []\T1/lmr/m/n/12 1600
 []


Overfull \hbox (5.28767pt too wide) detected at line 1415
 []\T1/lmr/m/n/12 1602
 []


Overfull \hbox (5.28767pt too wide) detected at line 1416
 []\T1/lmr/m/n/12 1604
 []


Overfull \hbox (5.28767pt too wide) detected at line 1417
 []\T1/lmr/m/n/12 1604
 []


Overfull \hbox (5.28767pt too wide) detected at line 1418
 []\T1/lmr/m/n/12 1606
 []


Overfull \hbox (5.28767pt too wide) detected at line 1419
 []\T1/lmr/m/n/12 1608
 []


Overfull \hbox (5.28767pt too wide) detected at line 1420
 []\T1/lmr/m/n/12 1608
 []


Overfull \hbox (5.28767pt too wide) detected at line 1421
 []\T1/lmr/m/n/12 1610
 []


Overfull \hbox (5.28767pt too wide) detected at line 1422
 []\T1/lmr/m/n/12 1612
 []


Overfull \hbox (5.28767pt too wide) detected at line 1423
 []\T1/lmr/m/n/12 1612
 []


Overfull \hbox (5.28767pt too wide) detected at line 1424
 []\T1/lmr/m/n/12 1614
 []


Overfull \hbox (5.28767pt too wide) detected at line 1425
 []\T1/lmr/m/n/12 1617
 []


Overfull \hbox (5.28767pt too wide) detected at line 1426
 []\T1/lmr/m/n/12 1617
 []

[33]
Overfull \hbox (5.28767pt too wide) detected at line 1427
 []\T1/lmr/m/n/12 1618
 []


Overfull \hbox (5.28767pt too wide) detected at line 1428
 []\T1/lmr/m/n/12 1620
 []


Overfull \hbox (5.28767pt too wide) detected at line 1429
 []\T1/lmr/m/n/12 1620
 []


Overfull \hbox (5.28767pt too wide) detected at line 1430
 []\T1/lmr/m/n/12 1622
 []


Overfull \hbox (5.28767pt too wide) detected at line 1431
 []\T1/lmr/m/n/12 1624
 []


Overfull \hbox (5.28767pt too wide) detected at line 1432
 []\T1/lmr/m/n/12 1624
 []


Overfull \hbox (5.28767pt too wide) detected at line 1433
 []\T1/lmr/m/n/12 1626
 []


Overfull \hbox (5.28767pt too wide) detected at line 1434
 []\T1/lmr/m/n/12 1628
 []


Overfull \hbox (5.28767pt too wide) detected at line 1435
 []\T1/lmr/m/n/12 1628
 []


Overfull \hbox (5.28767pt too wide) detected at line 1436
 []\T1/lmr/m/n/12 1630
 []

)
\tf@toc=\write6
\openout6 = `main.toc'.

 [34] (main.lof
Underfull \vbox (badness 10000) has occurred while \output is active []

 [35

]
[36]
Underfull \vbox (badness 10000) has occurred while \output is active []

 [37]
Underfull \vbox (badness 10000) has occurred while \output is active []

 [38]
Underfull \vbox (badness 10000) has occurred while \output is active []

 [39]
Overfull \hbox (5.28767pt too wide) detected at line 69
 []\T1/lmr/m/n/12 1072
 []


Overfull \hbox (5.28767pt too wide) detected at line 70
 []\T1/lmr/m/n/12 1078
 []


Overfull \hbox (5.28767pt too wide) detected at line 71
 []\T1/lmr/m/n/12 1081
 []


Overfull \hbox (5.28767pt too wide) detected at line 73
 []\T1/lmr/m/n/12 1170
 []


Overfull \hbox (5.28767pt too wide) detected at line 74
 []\T1/lmr/m/n/12 1173
 []


Overfull \hbox (5.28767pt too wide) detected at line 75
 []\T1/lmr/m/n/12 1174
 []


Overfull \hbox (5.28767pt too wide) detected at line 77
 []\T1/lmr/m/n/12 1238
 []

[40]
Overfull \hbox (5.28767pt too wide) detected at line 78
 []\T1/lmr/m/n/12 1240
 []


Overfull \hbox (5.28767pt too wide) detected at line 79
 []\T1/lmr/m/n/12 1242
 []


Overfull \hbox (5.28767pt too wide) detected at line 80
 []\T1/lmr/m/n/12 1244
 []


Overfull \hbox (5.28767pt too wide) detected at line 82
 []\T1/lmr/m/n/12 1311
 []


Overfull \hbox (5.28767pt too wide) detected at line 83
 []\T1/lmr/m/n/12 1312
 []


Overfull \hbox (5.28767pt too wide) detected at line 84
 []\T1/lmr/m/n/12 1317
 []

LaTeX Font Info:    Trying to load font information for T1+lmss on input line 8
6.
(C:\Users\aned.esquerra\AppData\Local\Programs\MiKTeX\tex/latex/lm\t1lmss.fd
File: t1lmss.fd 2015/05/01 v1.6.1 Font defs for Latin Modern
)
Package microtype Info: Loading generic protrusion settings for font family
(microtype)             `lmss' (encoding: T1).
(microtype)             For optimal results, create family-specific settings.
(microtype)             See the microtype manual for details.

Overfull \hbox (5.28767pt too wide) detected at line 86
 []\T1/lmr/m/n/12 1387
 []


Overfull \hbox (5.28767pt too wide) detected at line 87
 []\T1/lmr/m/n/12 1390
 []


Overfull \hbox (5.28767pt too wide) detected at line 88
 []\T1/lmr/m/n/12 1394
 []


Underfull \vbox (badness 3271) has occurred while \output is active []

 [41]
Overfull \hbox (5.28767pt too wide) detected at line 90
 []\T1/lmr/m/n/12 1464
 []


Overfull \hbox (5.28767pt too wide) detected at line 91
 []\T1/lmr/m/n/12 1466
 []


Overfull \hbox (5.28767pt too wide) detected at line 92
 []\T1/lmr/m/n/12 1477
 []

)
\tf@lof=\write7
\openout7 = `main.lof'.

 [42] (main.lot [43

] [44] [45]
Overfull \hbox (5.28767pt too wide) detected at line 129
 []\T1/lmr/m/n/12 1025
 []

[46]
Overfull \hbox (5.28767pt too wide) detected at line 130
 []\T1/lmr/m/n/12 1064
 []


Overfull \hbox (5.28767pt too wide) detected at line 131
 []\T1/lmr/m/n/12 1065
 []


Overfull \hbox (5.28767pt too wide) detected at line 132
 []\T1/lmr/m/n/12 1065
 []


Overfull \hbox (5.28767pt too wide) detected at line 133
 []\T1/lmr/m/n/12 1066
 []


Overfull \hbox (5.28767pt too wide) detected at line 134
 []\T1/lmr/m/n/12 1067
 []


Overfull \hbox (5.28767pt too wide) detected at line 136
 []\T1/lmr/m/n/12 1158
 []


Overfull \hbox (5.28767pt too wide) detected at line 137
 []\T1/lmr/m/n/12 1159
 []


Overfull \hbox (5.28767pt too wide) detected at line 138
 []\T1/lmr/m/n/12 1159
 []


Overfull \hbox (5.28767pt too wide) detected at line 139
 []\T1/lmr/m/n/12 1160
 []


Overfull \hbox (5.28767pt too wide) detected at line 140
 []\T1/lmr/m/n/12 1160
 []


Overfull \hbox (5.28767pt too wide) detected at line 141
 []\T1/lmr/m/n/12 1160
 []


Overfull \hbox (5.28767pt too wide) detected at line 142
 []\T1/lmr/m/n/12 1160
 []


Overfull \hbox (5.28767pt too wide) detected at line 143
 []\T1/lmr/m/n/12 1161
 []


Overfull \hbox (5.28767pt too wide) detected at line 145
 []\T1/lmr/m/n/12 1228
 []


Overfull \hbox (5.28767pt too wide) detected at line 146
 []\T1/lmr/m/n/12 1229
 []


Overfull \hbox (5.28767pt too wide) detected at line 147
 []\T1/lmr/m/n/12 1230
 []


Overfull \hbox (5.28767pt too wide) detected at line 148
 []\T1/lmr/m/n/12 1230
 []


Overfull \hbox (5.28767pt too wide) detected at line 149
 []\T1/lmr/m/n/12 1231
 []


Overfull \hbox (5.28767pt too wide) detected at line 150
 []\T1/lmr/m/n/12 1231
 []


Overfull \hbox (5.28767pt too wide) detected at line 152
 []\T1/lmr/m/n/12 1239
 []


Overfull \hbox (5.28767pt too wide) detected at line 153
 []\T1/lmr/m/n/12 1243
 []

[47]
Overfull \hbox (5.28767pt too wide) detected at line 154
 []\T1/lmr/m/n/12 1244
 []


Overfull \hbox (5.28767pt too wide) detected at line 155
 []\T1/lmr/m/n/12 1305
 []


Overfull \hbox (5.28767pt too wide) detected at line 156
 []\T1/lmr/m/n/12 1306
 []


Overfull \hbox (5.28767pt too wide) detected at line 157
 []\T1/lmr/m/n/12 1306
 []


Overfull \hbox (5.28767pt too wide) detected at line 158
 []\T1/lmr/m/n/12 1306
 []


Overfull \hbox (5.28767pt too wide) detected at line 160
 []\T1/lmr/m/n/12 1379
 []


Overfull \hbox (5.28767pt too wide) detected at line 161
 []\T1/lmr/m/n/12 1379
 []


Overfull \hbox (5.28767pt too wide) detected at line 162
 []\T1/lmr/m/n/12 1380
 []


Overfull \hbox (5.28767pt too wide) detected at line 163
 []\T1/lmr/m/n/12 1380
 []


Overfull \hbox (5.28767pt too wide) detected at line 164
 []\T1/lmr/m/n/12 1381
 []


Overfull \hbox (5.28767pt too wide) detected at line 165
 []\T1/lmr/m/n/12 1382
 []


Overfull \hbox (5.28767pt too wide) detected at line 167
 []\T1/lmr/m/n/12 1387
 []


Overfull \hbox (5.28767pt too wide) detected at line 168
 []\T1/lmr/m/n/12 1388
 []


Overfull \hbox (5.28767pt too wide) detected at line 169
 []\T1/lmr/m/n/12 1395
 []


Overfull \hbox (5.28767pt too wide) detected at line 170
 []\T1/lmr/m/n/12 1455
 []


Overfull \hbox (5.28767pt too wide) detected at line 171
 []\T1/lmr/m/n/12 1455
 []


Overfull \hbox (5.28767pt too wide) detected at line 172
 []\T1/lmr/m/n/12 1456
 []


Overfull \hbox (5.28767pt too wide) detected at line 173
 []\T1/lmr/m/n/12 1456
 []


Overfull \hbox (5.28767pt too wide) detected at line 174
 []\T1/lmr/m/n/12 1456
 []


Overfull \hbox (5.28767pt too wide) detected at line 175
 []\T1/lmr/m/n/12 1457
 []


Overfull \hbox (5.28767pt too wide) detected at line 177
 []\T1/lmr/m/n/12 1462
 []


Overfull \hbox (5.28767pt too wide) detected at line 178
 []\T1/lmr/m/n/12 1463
 []


Overfull \hbox (5.28767pt too wide) detected at line 179
 []\T1/lmr/m/n/12 1469
 []


Overfull \hbox (5.28767pt too wide) detected at line 180
 []\T1/lmr/m/n/12 1470
 []


Overfull \hbox (5.28767pt too wide) detected at line 181
 []\T1/lmr/m/n/12 1472
 []


Overfull \hbox (5.28767pt too wide) detected at line 182
 []\T1/lmr/m/n/12 1473
 []


Overfull \hbox (5.28767pt too wide) detected at line 183
 []\T1/lmr/m/n/12 1473
 []


Overfull \hbox (5.28767pt too wide) detected at line 184
 []\T1/lmr/m/n/12 1474
 []


Overfull \hbox (5.28767pt too wide) detected at line 185
 []\T1/lmr/m/n/12 1474
 []


Overfull \hbox (5.28767pt too wide) detected at line 186
 []\T1/lmr/m/n/12 1476
 []


Overfull \hbox (5.28767pt too wide) detected at line 187
 []\T1/lmr/m/n/12 1477
 []

[48]
Overfull \hbox (5.28767pt too wide) detected at line 188
 []\T1/lmr/m/n/12 1533
 []


Overfull \hbox (5.28767pt too wide) detected at line 189
 []\T1/lmr/m/n/12 1534
 []


Overfull \hbox (5.28767pt too wide) detected at line 190
 []\T1/lmr/m/n/12 1534
 []


Overfull \hbox (5.28767pt too wide) detected at line 191
 []\T1/lmr/m/n/12 1536
 []

)
\tf@lot=\write8
\openout8 = `main.lot'.

 [49] [50

] (chapters/chapter_00_introduction.tex
Chapter 1.
[1

] [2]
Overfull \hbox (16.07436pt too wide) in paragraph at lines 86--89
[]\T1/lmr/m/n/12 (-20) Measure client-observed la-tency cor-rectly us-ing per-c
entiles (p50/p95/p99),
 []

[3]
Underfull \hbox (badness 1019) in paragraph at lines 173--173
\T1/lmr/m/n/10.95 (+20) po-tent pipelines, web-hooks/streams, and back-pres-sur
e;
 []


LaTeX Warning: `h' float specifier changed to `ht'.

[4]
Overfull \hbox (64.2176pt too wide) in paragraph at lines 196--200
\T1/lmr/m/n/12 (-20) the virtual-environment ac-ti-va-tion script is writ-ten \
T1/lmtt/m/n/12 .venv\Scripts\Activate.ps1\T1/lmr/m/n/12 (-20) ;
 []


Underfull \vbox (badness 10000) has occurred while \output is active []

 [5]
[6]
Underfull \hbox (badness 10000) in paragraph at lines 281--290
[]\T1/lmr/bx/n/12 (+20) Northwind Robotics. \T1/lmr/m/n/12 (+20) North-wind bui
lds ware-house
 []


Underfull \hbox (badness 6110) in paragraph at lines 281--290
\T1/lmr/m/n/12 (+20) robots. Its teleme-try plat-form (ca-pa-bil-ity) ex-poses 
\T1/lmtt/m/n/12 GET
 []


Underfull \hbox (badness 10000) in paragraph at lines 281--290
\T1/lmtt/m/n/12 /v1/robots/{id}/telemetry \T1/lmr/m/n/12 (+20) (in-ter-face), p
ub-lished through
 []

[7]
Underfull \hbox (badness 1496) in paragraph at lines 358--358
\T1/lmr/m/n/10.95 (+20) shake tim-ing, load-balancer
 []


Underfull \hbox (badness 10000) in paragraph at lines 358--358
[]|\T1/lmr/m/n/10.95 (+20) Schema-diff gates in CI,
 []


Underfull \hbox (badness 10000) in paragraph at lines 358--358
\T1/lmr/m/n/10.95 (+20) consumer-driven con-tract
 []

[8]
Overfull \hbox (1.46361pt too wide) in paragraph at lines 389--392
[]\T1/lmr/m/n/12 (-20) OpenAPI/JSON Schema ar-ti-facts are gen-
 []


Overfull \hbox (34.45578pt too wide) in paragraph at lines 424--427
 [][] 
 []


LaTeX Warning: `h' float specifier changed to `ht'.

[9] [10]
Underfull \hbox (badness 10000) in paragraph at lines 513--513
[]|\T1/lmr/m/n/10.95 (+20) Secures typed, contract-aware
 []


Underfull \hbox (badness 10000) in paragraph at lines 513--513
[]|\T1/lmr/m/n/10.95 (+20) Compatibility is de-fined over
 []


Underfull \hbox (badness 10000) in paragraph at lines 513--513
[]|\T1/lmr/m/n/10.95 (+20) Webhooks/SSE/WebSockets ex-
 []


LaTeX Warning: `h' float specifier changed to `ht'.


Overfull \hbox (2.08551pt too wide) in paragraph at lines 531--534
[]\T1/lmr/m/n/12 (-20) An edge gate-way routes to mul-
 []


Package pgf Warning: Returning node center instead of a point on node border. D
id you specify a point identical to the center of node ``bus''? on input line 5
69.

LaTeX Font Info:    External font `lmex10' loaded for size
(Font)              <10> on input line 573.
LaTeX Font Info:    External font `lmex10' loaded for size
(Font)              <7> on input line 573.
LaTeX Font Info:    External font `lmex10' loaded for size
(Font)              <5> on input line 573.

Overfull \hbox (68.96664pt too wide) in paragraph at lines 574--577
 [][] 
 []


LaTeX Warning: `h' float specifier changed to `ht'.


Underfull \hbox (badness 4366) in paragraph at lines 619--619
[]|\T1/lmr/m/n/10.95 (+20) Downstream fan-out; query
 []

[11]

LaTeX Warning: `h' float specifier changed to `ht'.

[12] [13]
Overfull \hbox (0.28754pt too wide) in paragraph at lines 699--701
[]\T1/lmr/m/n/12 (-20) Python 3.11+ on Win-dows with Pow-er-Shell; com-mands ar
e PowerShell-
 []


Underfull \hbox (badness 1297) in paragraph at lines 729--729
[]|\T1/lmr/m/n/10.95 (+20) Chapters state ex-actly
 []


LaTeX Warning: `h' float specifier changed to `ht'.

[14]
Overfull \hbox (6.22876pt too wide) in paragraph at lines 772--776
\T1/lmtt/m/n/12 CurrentUser RemoteSigned \T1/lmr/m/n/12 (-20) once, or in-voke 
\T1/lmtt/m/n/12 .\.venv\Scripts\python.exe
 []


(C:\Users\aned.esquerra\AppData\Local\Programs\MiKTeX\tex/latex/listings\lstlan
g1.sty
File: lstlang1.sty 2025/11/14 1.11b listings language file
) [15]
Underfull \vbox (badness 10000) has occurred while \output is active []

 [16]
[17] [18]
Underfull \vbox (badness 10000) has occurred while \output is active []

 [19]
Underfull \vbox (badness 10000) has occurred while \output is active []

 [20]
Underfull \vbox (badness 10000) has occurred while \output is active []

 [21]
Underfull \vbox (badness 10000) has occurred while \output is active []

 [22]
[23]
Underfull \vbox (badness 10000) has occurred while \output is active []

 [24]
Underfull \vbox (badness 10000) has occurred while \output is active []

 [25]
Underfull \vbox (badness 10000) has occurred while \output is active []

 [26]
Underfull \vbox (badness 10000) has occurred while \output is active []

 [27]
Underfull \vbox (badness 10000) has occurred while \output is active []

 [28]
Overfull \hbox (29.0927pt too wide) in paragraph at lines 1327--1331
[]\T1/lmr/m/n/12 (-20) Matching on \T1/lmtt/m/n/12 "something went wrong"
 []


Overfull \hbox (1.41687pt too wide) in paragraph at lines 1350--1353
[]\T1/lmr/m/n/12 (-20) Items in-serted while a con-
 []

[29]
Overfull \hbox (0.93344pt too wide) in paragraph at lines 1386--1390
[]\T1/lmr/m/n/12 (-20) It means the server pro-duced a re-sponse
 []


Overfull \hbox (22.00273pt too wide) in paragraph at lines 1390--1394
[]\T1/lmr/m/n/12 (-20) Internal con-sumers
 []

[30]
Overfull \hbox (4.67838pt too wide) in paragraph at lines 1405--1408
[]\T1/lmr/m/n/12 (-20) Averages hide the tail where
 []


Overfull \hbox (8.57362pt too wide) in paragraph at lines 1408--1411
[]\T1/lmr/m/n/12 (-20) Only gen-er-ated ar-ti-facts stay
 []


Overfull \hbox (11.2854pt too wide) in paragraph at lines 1447--1447
[]|\T1/lmtt/m/n/10.95 ConnectionRefusedError
 []


Underfull \hbox (badness 3343) in paragraph at lines 1447--1447
\T1/lmr/m/n/10.95 (+20) bound to a dif-fer-ent
 []


Underfull \hbox (badness 10000) in paragraph at lines 1447--1447
[]|\T1/lmtt/m/n/10.95 Test-NetConnection
 []


Underfull \hbox (badness 10000) in paragraph at lines 1447--1447
\T1/lmtt/m/n/10.95 127.0.0.1 -Port 8000
 []


Underfull \hbox (badness 10000) in paragraph at lines 1447--1447
\T1/lmr/m/n/10.95 (+20) server ac-cepted but
 []


Underfull \hbox (badness 2310) in paragraph at lines 1447--1447
[]|\T1/lmr/m/n/10.95 (+20) Add/verify con-nect +
 []


Underfull \hbox (badness 3557) in paragraph at lines 1447--1447
\T1/lmr/m/n/10.95 (+20) read time-outs; check
 []


Underfull \hbox (badness 10000) in paragraph at lines 1447--1447
[]|\T1/lmr/m/n/10.95 (+20) Intermittent
 []


Underfull \hbox (badness 2088) in paragraph at lines 1447--1447
[]|\T1/lmr/m/n/10.95 (+20) Server closed an idle
 []


Underfull \hbox (badness 10000) in paragraph at lines 1447--1447
\T1/lmr/m/n/10.95 (+20) keep-alive con-nec-tion
 []


Underfull \hbox (badness 10000) in paragraph at lines 1447--1447
[]|\T1/lmr/m/n/10.95 (+20) Missing or wrong
 []


Underfull \hbox (badness 10000) in paragraph at lines 1447--1447
\T1/lmr/m/n/10.95 (+20) (proxy HTML page,
 []


Underfull \hbox (badness 1902) in paragraph at lines 1447--1447
[]|\T1/lmr/m/n/10.95 (+20) Decompose per Equa-
 []


Underfull \hbox (badness 1371) in paragraph at lines 1447--1447
\T1/lmr/m/n/10.95 (+20) thread-pool star-va-tion,
 []


Underfull \hbox (badness 10000) in paragraph at lines 1447--1447
[]|\T1/lmr/m/n/10.95 (+20) Count open sock-ets;
 []


LaTeX Warning: `h' float specifier changed to `ht'.


Overfull \hbox (33.13966pt too wide) in paragraph at lines 1479--1482
[]\T1/lmr/m/n/12 (-20) Expect the sum-mary keys (\T1/lmtt/m/n/12 p50_ms\T1/lmr/
m/n/12 (-20) , \T1/lmtt/m/n/12 p95_ms\T1/lmr/m/n/12 (-20) , \T1/lmtt/m/n/12 p99
_ms\T1/lmr/m/n/12 (-20) , \T1/lmtt/m/n/12 errors\T1/lmr/m/n/12 (-20) , \T1/lmtt
/m/n/12 throughput_rps\T1/lmr/m/n/12 (-20) )
 []

[31] [32] [33] [34]

LaTeX Warning: `h' float specifier changed to `ht'.

[35]
Overfull \hbox (8.94556pt too wide) in paragraph at lines 1702--1706
[]\T1/lmr/bx/n/12 (-20) [junior] Ex-tend the mini API. \T1/lmr/m/n/12 (-20) Add
 \T1/lmtt/m/n/12 GET /v1/parts?in_stock=true
 []


Underfull \vbox (badness 10000) has occurred while \output is active []

 [36]
[37]
Underfull \vbox (badness 10000) has occurred while \output is active []

 [38]
Underfull \vbox (badness 10000) has occurred while \output is active []

 [39]
Underfull \vbox (badness 10000) has occurred while \output is active []

 [40]
Underfull \vbox (badness 10000) has occurred while \output is active []

 [41]
[42] [43] [44] [45] [46] [47] [48] [49]
Underfull \hbox (badness 10000) in paragraph at lines 2361--2361
[]|\T1/lmtt/m/n/10.95 python -m venv .venv \T1/lmr/m/n/10.95 (+20) then
 []


Underfull \hbox (badness 10000) in paragraph at lines 2361--2361
\T1/lmtt/m/n/10.95 .\.venv\Scripts\Activate.ps1\T1/lmr/m/n/10.95 (+20) ; run th
e san-ity
 []


LaTeX Warning: `h' float specifier changed to `ht'.

(chapters/_standard_addendum.tex
Underfull \hbox (badness 10000) in alignment at lines 14--14
[][][][][] 
 []


LaTeX Warning: `h' float specifier changed to `ht'.


Overfull \hbox (55.38057pt too wide) in alignment at lines 39--39
[][][] 
 []


LaTeX Warning: `h' float specifier changed to `ht'.

[50]
Underfull \hbox (badness 2285) in paragraph at lines 86--86
[]|\T1/lmr/bx/n/10.95 (+20) Choose this ap-proach
 []


Underfull \hbox (badness 5064) in paragraph at lines 86--86
[]|\T1/lmr/bx/n/10.95 (+20) Prefer an al-ter-na-tive
 []


LaTeX Warning: `h' float specifier changed to `ht'.


Underfull \vbox (badness 10000) has occurred while \output is active []

 [51]))
(chapters/chapter_01_http_wire_protocol.tex [52] [53] [54] [55] [56] [57]
[58

]
Chapter 2.

Underfull \vbox (badness 1226) has occurred while \output is active []

 [59]
[60] [61]
LaTeX Font Info:    Font shape `T1/lmtt/bx/n' in size <12> not available
(Font)              Font shape `T1/lmtt/b/n' tried instead on input line 78.
 [62]
Overfull \hbox (11.4897pt too wide) in paragraph at lines 99--100
\T1/lmr/m/n/12 (-20) makes con-nec-tions \T1/lmr/m/it/12 (-20) per-sis-tent by 
de-fault \T1/lmr/m/n/12 (-20) [[][]Fie22b[][]]. A client de-clares \T1/lmtt/m/n
/12 Connection:
 []

[63]
Underfull \hbox (badness 3229) in paragraph at lines 128--128
[]|\T1/lmr/m/n/10.95 (+20) Replace the tar-get re-
 []


Underfull \hbox (badness 3049) in paragraph at lines 128--128
[]|\T1/lmr/m/n/10.95 (+20) Remove the tar-get re-
 []


Underfull \hbox (badness 10000) in paragraph at lines 128--128
[]|\T1/lmr/m/n/10.95 (+20) Loop-back di-ag-nos-tic
 []


Underfull \hbox (badness 10000) in paragraph at lines 153--153
[]|\T1/lmr/m/n/10.95 (+20) 401 = unau-then-ti-cated (send
 []

[64]
Overfull \hbox (10.94073pt too wide) in paragraph at lines 165--166
\T1/lmtt/m/n/12 application/json;q=1.0, text/csv;q=0.5, */*;q=0.1\T1/lmr/m/n/12
 (-20) . The server
 []

[65]
Overfull \hbox (13.96133pt too wide) in paragraph at lines 167--168
[]\T1/lmtt/b/n/12 Cache-Control \T1/lmr/m/n/12 (-20) --- di-rec-tives such as \
T1/lmtt/m/n/12 no-store \T1/lmr/m/n/12 (-20) (never per-sist), \T1/lmtt/m/n/12 
no-cache
 []


Overfull \hbox (32.15294pt too wide) in paragraph at lines 167--168
\T1/lmr/m/n/12 (-20) (reval-i-date ev-ery time), \T1/lmtt/m/n/12 max-age=60\T1/
lmr/m/n/12 (-20) , \T1/lmtt/m/n/12 private \T1/lmr/m/n/12 (-20) vs. \T1/lmtt/m/
n/12 public\T1/lmr/m/n/12 (-20) , \T1/lmtt/m/n/12 must-revalidate\T1/lmr/m/n/12
 (-20) .
 []


Overfull \hbox (137.01013pt too wide) in paragraph at lines 168--169
[]\T1/lmr/bx/n/12 (-20) CORS pre-flight \T1/lmr/m/n/12 (-20) --- browsers send 
\T1/lmtt/m/n/12 OPTIONS \T1/lmr/m/n/12 (-20) with \T1/lmtt/m/n/12 Origin \T1/lm
r/m/n/12 (-20) and \T1/lmtt/m/n/12 Access-Control-Request-Method\T1/lmr/m/n/12 
(-20) ;
 []


Overfull \hbox (26.68144pt too wide) in paragraph at lines 168--169
\T1/lmr/m/n/12 (-20) the server an-swers with \T1/lmtt/m/n/12 Access-Control-Al
low-Origin\T1/lmr/m/n/12 (-20) , \T1/lmtt/m/n/12 -Allow-Methods\T1/lmr/m/n/12 (
-20) ,
 []


Overfull \hbox (10.95013pt too wide) in paragraph at lines 174--175
\T1/lmr/m/it/12 (-20) tion pref-ace\T1/lmr/m/n/12 (-20) ---the 24-octet magic s
tring \T1/lmtt/m/n/12 PRI * HTTP/2.0\r\n\r\nSM\r\n\r\n
 []


Overfull \hbox (74.60706pt too wide) in paragraph at lines 185--186
[][][][][][] 
 []


Overfull \hbox (74.60706pt too wide) in paragraph at lines 187--188
[][][][][][] 
 []


Overfull \hbox (74.60706pt too wide) in paragraph at lines 189--190
[][][][][][] 
 []

[66]
Underfull \hbox (badness 2245) in paragraph at lines 212--212
[]|\T1/lmr/m/n/10.95 (+20) Body octets (\T1/lmtt/m/n/10.95 END_STREAM=0x1\T1/lm
r/m/n/10.95 (+20) ,
 []


Underfull \hbox (badness 10000) in paragraph at lines 212--212
[]|\T1/lmr/m/n/10.95 (+20) HPACK header block
 []


Underfull \hbox (badness 10000) in paragraph at lines 212--212
\T1/lmr/m/n/10.95 (+20) (\T1/lmtt/m/n/10.95 END_STREAM=0x1\T1/lmr/m/n/10.95 (+2
0) ,
 []


Underfull \hbox (badness 2608) in paragraph at lines 212--212
\T1/lmtt/m/n/10.95 END_HEADERS=0x4\T1/lmr/m/n/10.95 (+20) , \T1/lmtt/m/n/10.95 
PADDED=0x8\T1/lmr/m/n/10.95 (+20) ,
 []


Underfull \hbox (badness 10000) in paragraph at lines 212--212
[]|\T1/lmr/m/n/10.95 (+20) 8-octet opaque live-ness/RTT
 []


Underfull \hbox (badness 2277) in paragraph at lines 212--212
[]|\T1/lmr/m/n/10.95 (+20) Continue a header block too
 []


LaTeX Warning: `h' float specifier changed to `ht'.

[67]
Overfull \hbox (85.82704pt too wide) in paragraph at lines 260--261
\T1/lmtt/m/n/12 WINDOW_UPDATE\T1/lmr/m/n/12 (-20) ; senders change peer stream 
win-dows with \T1/lmtt/m/n/12 SETTINGS_INITIAL_WINDOW_SIZE\T1/lmr/m/n/12 (-20) 
.
 []

[68]
Overfull \hbox (6.80524pt too wide) in paragraph at lines 277--278
[]\T1/lmr/m/n/12 (-20) Deployment re-al-i-ties: HTTP/3 re-quires \T1/lmtt/m/n/1
2 Alt-Svc \T1/lmr/m/n/12 (-20) ad-ver-tise-ment or HTTPS
 []

[69]
Overfull \hbox (101.38849pt too wide) in paragraph at lines 308--309
 [][] 
 []


Overfull \hbox (8.21338pt too wide) in paragraph at lines 319--320
\T1/lmr/m/n/12 (-20) Handshake mes-sage types are sin-gle octets: \T1/lmtt/m/n/
12 ClientHello\T1/lmr/m/n/12 (-20) =1, \T1/lmtt/m/n/12 ServerHello\T1/lmr/m/n/1
2 (-20) =2,
 []


Overfull \hbox (54.18655pt too wide) in paragraph at lines 319--320
\T1/lmtt/m/n/12 EncryptedExtensions\T1/lmr/m/n/12 (-20) =8, \T1/lmtt/m/n/12 Cer
tificate\T1/lmr/m/n/12 (-20) =11, \T1/lmtt/m/n/12 CertificateVerify\T1/lmr/m/n/
12 (-20) =15, \T1/lmtt/m/n/12 Finished\T1/lmr/m/n/12 (-20) =20. 
 []


Overfull \hbox (71.59058pt too wide) in paragraph at lines 322--323
\T1/lmr/m/n/12 (-20) the 1-RTT), \T1/lmtt/m/n/12 server_name \T1/lmr/m/n/12 (-2
0) (SNI), and \T1/lmtt/m/n/12 application_layer_protocol_negotiation
 []

[70]
Overfull \hbox (60.80994pt too wide) in paragraph at lines 337--338
[][][][][][] 
 []


Overfull \hbox (4.92578pt too wide) in paragraph at lines 337--338
[]  
 []


Overfull \hbox (67.01282pt too wide) in paragraph at lines 338--339
[][] 
 []


Overfull \hbox (4.92578pt too wide) in paragraph at lines 338--339
[]  
 []


Overfull \hbox (73.91138pt too wide) in paragraph at lines 339--340
[][] 
 []


Overfull \hbox (18.7229pt too wide) in paragraph at lines 340--341
[][] 
 []


Overfull \hbox (60.11426pt too wide) in paragraph at lines 341--342
[][] 
 []

[71]
Underfull \hbox (badness 10000) in paragraph at lines 368--368
[]|\T1/lmr/m/n/10.95 (+20) (EC)DHE only;
 []


Underfull \hbox (badness 10000) in paragraph at lines 368--368
\T1/lmr/m/n/10.95 (+20) for-ward se-crecy
 []


Underfull \hbox (badness 10000) in paragraph at lines 368--368
[]|\T1/lmr/m/n/10.95 (+20) everything af-ter
 []


Underfull \hbox (badness 10000) in paragraph at lines 368--368
\T1/lmr/m/n/10.95 (+20) Server-Hello en-
 []


Underfull \hbox (badness 1184) in paragraph at lines 368--368
[]|\T1/lmr/m/n/10.95 (+20) five AEAD suites
 []


LaTeX Warning: `h' float specifier changed to `ht'.

[72] [73]
Underfull \vbox (badness 10000) has occurred while \output is active []

 [74]
Underfull \vbox (badness 10000) has occurred while \output is active []

 [75]
[76]
Underfull \vbox (badness 10000) has occurred while \output is active []

 [77]
Underfull \vbox (badness 10000) has occurred while \output is active []

 [78]
Underfull \vbox (badness 10000) has occurred while \output is active []

 [79]
[80]
Underfull \vbox (badness 10000) has occurred while \output is active []

 [81]
[82]
Underfull \vbox (badness 10000) has occurred while \output is active []

 [83]
Overfull \hbox (4.92578pt too wide) in paragraph at lines 793--794
[][][][] 
 []


Underfull \vbox (badness 10000) has occurred while \output is active []

 [84]
Underfull \vbox (badness 10000) has occurred while \output is active []

 [85]
Overfull \hbox (26.65884pt too wide) in paragraph at lines 845--846
\T1/lmr/m/n/12 (-20) socket the mid-dle-box just closed, pro-duc-ing in-ter-mit
-tent \T1/lmtt/m/n/12 ECONNRESET\T1/lmr/m/n/12 (-20) /``connection
 []

[86] [87]
Overfull \hbox (5.54564pt too wide) in paragraph at lines 904--905
\T1/lmtt/m/n/12 close \T1/lmr/m/n/12 (-20) and ob-serve that the client now han
gs un-less it hon-ors \T1/lmtt/m/n/12 Content-Length
 []


Overfull \hbox (9.26479pt too wide) in paragraph at lines 920--921
\T1/lmtt/m/n/12 HEADERS(END_STREAM|END_HEADERS)\T1/lmr/m/n/12 (-20) , \T1/lmtt/
m/n/12 DATA(END_STREAM) \T1/lmr/m/n/12 (-20) on stream 1. Then
 []

[88]
Overfull \hbox (72.25247pt too wide) in paragraph at lines 931--932
\T1/lmr/m/n/12 (-20) Robotics API (\T1/lmtt/m/n/12 POST /robots\T1/lmr/m/n/12 (
-20) , \T1/lmtt/m/n/12 GET /robots/{id}\T1/lmr/m/n/12 (-20) , \T1/lmtt/m/n/12 P
UT /robots/{id}/firmware\T1/lmr/m/n/12 (-20) ,
 []

[89]
Overfull \hbox (55.85887pt too wide) in paragraph at lines 934--935
[]\T1/lmr/bx/n/12 (-20) Flow-control dead-lock hunt. \T1/lmr/m/n/12 (-20) A cli
ent sets \T1/lmtt/m/n/12 SETTINGS_INITIAL_WINDOW_SIZE
 []


Underfull \vbox (badness 10000) has occurred while \output is active []

 [90]
[91]
Overfull \hbox (38.58656pt too wide) in paragraph at lines 966--967
\T1/lmr/m/n/12 (-20) con-di-tional re-quest's pre-con-di-tion header (\T1/lmtt/
m/n/12 If-Match\T1/lmr/m/n/12 (-20) , \T1/lmtt/m/n/12 If-Unmodified-Since\T1/lm
r/m/n/12 (-20) )
 []

[92]
Overfull \hbox (30.26784pt too wide) in paragraph at lines 970--971
\T1/lmtt/m/n/12 Access-Control-Request-Method\T1/lmr/m/n/12 (-20) ; the server'
s \T1/lmtt/m/n/12 Access-Control-Allow-*
 []


Overfull \hbox (6.85304pt too wide) in paragraph at lines 972--973
[]\T1/lmr/bx/n/12 (-20) Name all ten HTTP/2 frame types and their codes. \T1/lm
r/m/n/12 (-20) DATA=\T1/lmtt/m/n/12 0x0\T1/lmr/m/n/12 (-20) ,
 []


Overfull \hbox (38.60718pt too wide) in paragraph at lines 972--973
\T1/lmr/m/n/12 (-20) HEAD-ERS=\T1/lmtt/m/n/12 0x1\T1/lmr/m/n/12 (-20) , PRI-OR-
ITY=\T1/lmtt/m/n/12 0x2\T1/lmr/m/n/12 (-20) , RST_STREAM=\T1/lmtt/m/n/12 0x3\T1
/lmr/m/n/12 (-20) , SET-TINGS=\T1/lmtt/m/n/12 0x4\T1/lmr/m/n/12 (-20) ,
 []


Overfull \hbox (68.59857pt too wide) in paragraph at lines 972--973
\T1/lmr/m/n/12 (-20) PUSH_PROMISE=\T1/lmtt/m/n/12 0x5\T1/lmr/m/n/12 (-20) , PIN
G=\T1/lmtt/m/n/12 0x6\T1/lmr/m/n/12 (-20) , GO-AWAY=\T1/lmtt/m/n/12 0x7\T1/lmr/
m/n/12 (-20) , WIN-DOW_UPDATE=\T1/lmtt/m/n/12 0x8\T1/lmr/m/n/12 (-20) ,
 []


Underfull \vbox (badness 10000) has occurred while \output is active []

 [93]
Overfull \hbox (12.21521pt too wide) in paragraph at lines 986--987
\T1/lmr/m/n/12 (-20) record wrap-ping); from \T1/lmtt/m/n/12 EncryptedExtension
s \T1/lmr/m/n/12 (-20) on-ward --- \T1/lmtt/m/n/12 Certificate\T1/lmr/m/n/12 (-
20) ,
 []

[94]
Overfull \hbox (5.65828pt too wide) in paragraph at lines 993--994
[]\T1/lmr/bx/n/12 (-20) Design the retry pol-icy for \T1/lmtt/b/n/12 POST /paym
ents \T1/lmr/bx/n/12 (-20) over flaky HTTP/2.
 []


Underfull \vbox (badness 10000) has occurred while \output is active []

 [95]
Underfull \vbox (badness 10000) has occurred while \output is active []

 [96]
Overfull \hbox (5.60358pt too wide) in paragraph at lines 1033--1038
\T1/lmr/m/n/12 (-20) GET/HEAD for \T1/lmtt/m/n/12 /parts \T1/lmr/m/n/12 (-20) a
nd \T1/lmtt/m/n/12 /parts/{id}\T1/lmr/m/n/12 (-20) ; (3) emit cor-rect \T1/lmtt
/m/n/12 Content-Length\T1/lmr/m/n/12 (-20) ,
 []

[97]
Overfull \hbox (0.35081pt too wide) in paragraph at lines 1059--1064
\T1/lmr/bx/n/12 (-20) Steps: \T1/lmr/m/n/12 (-20) (1) im-ple-ment RFC 7541 in-t
e-ger en-cod-ing ($\OML/lmm/m/it/12 N$\T1/lmr/m/n/12 (-20) -bit pre-fixes); (2)
 match
 []

[98] [99]
Overfull \hbox (38.31056pt too wide) in paragraph at lines 1082--1083
\T1/lmr/bx/n/12 (-20) Stretch Goals: \T1/lmr/m/n/12 (-20) HPACK state re-con-st
ruc-tion across HEAD-ERS/CONTINUATION
 []

[100]
LaTeX Font Info:    External font `lmex10' loaded for size
(Font)              <14.4> on input line 1106.


Package hyperref Warning: Token not allowed in a PDF string (Unicode):
(hyperref)                removing `math shift' on input line 1106.


Package hyperref Warning: Token not allowed in a PDF string (Unicode):
(hyperref)                removing `\geq' on input line 1106.


Package hyperref Warning: Token not allowed in a PDF string (Unicode):
(hyperref)                removing `math shift' on input line 1106.

[101]
Underfull \hbox (badness 1194) in paragraph at lines 1165--1165
[]|\T1/lmr/m/n/10.95 (+20) OK with body / cre-ated
 []


Underfull \hbox (badness 10000) in paragraph at lines 1165--1165
[]|\T1/lmr/m/n/10.95 (+20) Permanent / tem-po-rary
 []


Underfull \hbox (badness 2088) in paragraph at lines 1165--1165
[]|\T1/lmr/m/n/10.95 (+20) Not mod-i-fied (con-di-tional
 []


Underfull \hbox (badness 7291) in paragraph at lines 1165--1165
[]|\T1/lmr/m/n/10.95 (+20) Malformed / unau-then-ti-
 []


LaTeX Warning: `h' float specifier changed to `ht'.


Underfull \hbox (badness 10000) in paragraph at lines 1187--1187
[]|\T1/lmr/m/n/10.95 (+20) Header-block spillover; needs
 []


LaTeX Warning: `h' float specifier changed to `ht'.

(chapters/_standard_addendum.tex
Underfull \hbox (badness 10000) in alignment at lines 14--14
[][][][][] 
 []


LaTeX Warning: `h' float specifier changed to `ht'.

[102]
Overfull \hbox (55.38057pt too wide) in alignment at lines 39--39
[][][] 
 []


LaTeX Warning: `h' float specifier changed to `ht'.

[103] [104]
Underfull \hbox (badness 2285) in paragraph at lines 86--86
[]|\T1/lmr/bx/n/10.95 (+20) Choose this ap-proach
 []


Underfull \hbox (badness 5064) in paragraph at lines 86--86
[]|\T1/lmr/bx/n/10.95 (+20) Prefer an al-ter-na-tive
 []

[105])) (chapters/chapter_02_consuming_apis_python.tex [106]
Chapter 3.
[107

]
Overfull \hbox (4.65735pt too wide) in paragraph at lines 59--63
[]\T1/lmr/bx/n/12 (-20) Select \T1/lmr/m/n/12 (-20) the ap-pro-pri-ate Python H
TTP client li-brary (\T1/lmtt/m/n/12 urllib\T1/lmr/m/n/12 (-20) , \T1/lmtt/m/n/
12 requests\T1/lmr/m/n/12 (-20) ,
 []

[108] [109]
Underfull \hbox (badness 2310) in paragraph at lines 198--198
\T1/lmr/m/n/10.95 (+20) strained en-vi-
 []


Underfull \hbox (badness 2426) in paragraph at lines 198--198
[]|\T1/lmr/m/n/10.95 (+20) keep-alive de-
 []


Underfull \hbox (badness 10000) in paragraph at lines 198--198
[]|\T1/lmr/m/n/10.95 (+20) httpx adds
 []


Overfull \hbox (2.15665pt too wide) in paragraph at lines 198--198
[]|\T1/lmr/m/n/10.95 (-20) MockTransport
 []


Underfull \hbox (badness 2027) in paragraph at lines 198--198
\T1/lmr/m/n/10.95 (+20) runs the full
 []


Underfull \hbox (badness 10000) in paragraph at lines 198--198
[]|\T1/lmr/m/n/10.95 (+20) httpx ships
 []


LaTeX Warning: `h' float specifier changed to `ht'.

[110]
Overfull \hbox (137.03658pt too wide) in paragraph at lines 258--262
 [][] 
 []


LaTeX Warning: `h' float specifier changed to `ht'.


Overfull \hbox (12.80338pt too wide) in paragraph at lines 269--275
[]\T1/lmr/m/n/12 (-20) Store the base URL once; join paths with a \T1/lmtt/m/n/
12 httpx.URL
 []

[111]
Overfull \hbox (62.34225pt too wide) in paragraph at lines 281--286
\T1/lmr/m/n/12 (-20) callable or a constructor-level header. Never sprin-kle \T
1/lmtt/m/n/12 headers={"Authorization":
 []

[112]
Underfull \vbox (badness 1082) has occurred while \output is active []

 [113]
[114]

LaTeX Warning: `h' float specifier changed to `ht'.


Overfull \hbox (90.71158pt too wide) in paragraph at lines 513--517
 [][] 
 []


LaTeX Warning: `h' float specifier changed to `ht'.

[115{C:/Users/aned.esquerra/AppData/Local/Programs/MiKTeX/fonts/enc/dvips/lm/lm
-mathex.enc}] [116]
Overfull \hbox (23.74706pt too wide) in paragraph at lines 563--567
[]\T1/lmr/bx/n/12 (-20) Idempotency keys: \T1/lmr/m/n/12 (-20) the API ac-cepts
 a client-generated \T1/lmtt/m/n/12 Idempotency-Key
 []

[117]
Overfull \hbox (5.58467pt too wide) in paragraph at lines 614--617
\T1/lmr/m/n/12 (-20) describing and cache-friendly; ter-mi-na-tion is the ab-se
nce of \T1/lmtt/m/n/12 rel="next"\T1/lmr/m/n/12 (-20) . 
 []


Overfull \hbox (28.82658pt too wide) in paragraph at lines 619--629
\T1/lmtt/m/n/12 gzip\T1/lmr/m/n/12 (-20) /\T1/lmtt/m/n/12 br \T1/lmr/m/n/12 (-2
0) de-com-pres-sion when the codecs are in-stalled --- ver-ify \T1/lmtt/m/n/12 
Content-Encoding
 []


Underfull \hbox (badness 10000) in paragraph at lines 654--654
[]|\T1/lmr/m/n/10.95 (+20) ConnectTimeout,
 []


Underfull \hbox (badness 10000) in paragraph at lines 654--654
\T1/lmr/m/n/10.95 (+20) Read-Time-out,
 []


Underfull \hbox (badness 10000) in paragraph at lines 654--654
\T1/lmr/m/n/10.95 (+20) Con-nectEr-ror,
 []


Underfull \hbox (badness 10000) in paragraph at lines 654--654
[]|\T1/lmr/m/n/10.95 (+20) Request never
 []


Underfull \hbox (badness 10000) in paragraph at lines 654--654
\T1/lmr/m/n/10.95 (+20) com-pleted, or
 []


Underfull \hbox (badness 10000) in paragraph at lines 654--654
\T1/lmr/m/n/10.95 (+20) re-sponse never
 []


Underfull \hbox (badness 6575) in paragraph at lines 654--654
[]|\T1/lmr/m/n/10.95 (+20) 4xx, 5xx af-ter
 []


Underfull \hbox (badness 7099) in paragraph at lines 654--654
\T1/lmr/m/n/10.95 (+20) a com-plete ex-
 []


Underfull \hbox (badness 2894) in paragraph at lines 654--654
[]|\T1/lmr/m/n/10.95 (+20) Server an-swered
 []


Underfull \hbox (badness 2088) in paragraph at lines 654--654
\T1/lmr/m/n/10.95 (+20) quest (de-ter-min-
 []


Underfull \hbox (badness 10000) in paragraph at lines 654--654
[]|\T1/lmr/m/n/10.95 (+20) Never retry.
 []


Underfull \hbox (badness 10000) in paragraph at lines 654--654
\T1/lmr/m/n/10.95 (+20) Raise loudly;
 []


LaTeX Warning: `h' float specifier changed to `ht'.


Overfull \hbox (48.14636pt too wide) in paragraph at lines 660--669
\T1/lmtt/m/n/12 ApiClientError4xx\T1/lmr/m/n/12 (-20) , \T1/lmtt/m/n/12 ApiServ
erError5xx\T1/lmr/m/n/12 (-20) , \T1/lmtt/m/n/12 ApiRateLimited \T1/lmr/m/n/12 
(-20) car-ry-ing \T1/lmtt/m/n/12 retry_after\T1/lmr/m/n/12 (-20) ),
 []

[118]
Package hyperref Info: bookmark level for unknown lstlisting defaults to 0 on i
nput line 699.
 [119]
Underfull \vbox (badness 10000) has occurred while \output is active []

 [120]
Underfull \vbox (badness 10000) has occurred while \output is active []

 [121]
Overfull \hbox (32.52002pt too wide) in paragraph at lines 805--807
[][][][] 
 []

[122]
Overfull \hbox (32.52002pt too wide) in paragraph at lines 843--845
[][][][] 
 []


Underfull \vbox (badness 10000) has occurred while \output is active []

 [123]
Overfull \hbox (73.91138pt too wide) in paragraph at lines 860--862
[][][][] 
 []


Underfull \vbox (badness 10000) has occurred while \output is active []

 [124]
Overfull \hbox (39.41858pt too wide) in paragraph at lines 907--909
[][][][] 
 []


Underfull \vbox (badness 10000) has occurred while \output is active []

 [125]
Overfull \hbox (94.60706pt too wide) in paragraph at lines 941--943
[][][][] 
 []


Underfull \vbox (badness 10000) has occurred while \output is active []

 [126]
Overfull \hbox (21.57585pt too wide) in paragraph at lines 985--994
\T1/lmr/m/n/12 (-20) codes ex-actly the rules of Sec-tion [][]3.2.5[][]: full j
it-ter via \T1/lmtt/m/n/12 wait_random_exponential
 []


Underfull \vbox (badness 10000) has occurred while \output is active []

 [127]
[128]
Underfull \vbox (badness 10000) has occurred while \output is active []

 [129]
Underfull \vbox (badness 10000) has occurred while \output is active []

 [130]
[131]
Underfull \vbox (badness 10000) has occurred while \output is active []

 [132]
Underfull \vbox (badness 10000) has occurred while \output is active []

 [133]
Underfull \vbox (badness 10000) has occurred while \output is active []

 [134]
Overfull \hbox (8.30315pt too wide) in paragraph at lines 1261--1261
[]\T1/lmr/bx/n/14.4 (-20) Hermetic Of-fline Tests with httpx.MockTransport 
 []

[135]
Underfull \vbox (badness 10000) has occurred while \output is active []

 [136]
Overfull \hbox (67.01282pt too wide) in paragraph at lines 1353--1355
[][][][] 
 []


Underfull \vbox (badness 10000) has occurred while \output is active []

 [137]
Underfull \vbox (badness 10000) has occurred while \output is active []

 [138]
Overfull \hbox (18.7229pt too wide) in paragraph at lines 1409--1410
[][] 
 []


Underfull \vbox (badness 10000) has occurred while \output is active []

 [139]
[140]
Underfull \vbox (badness 1062) has occurred while \output is active []

 [141]
[142]
Underfull \vbox (badness 10000) has occurred while \output is active []

 [143]
Underfull \vbox (badness 10000) has occurred while \output is active []

 [144]
Underfull \vbox (badness 10000) has occurred while \output is active []

 [145]
Overfull \hbox (21.72304pt too wide) in paragraph at lines 1671--1674
\T1/lmr/m/n/12 (-20) Con-firm it an-swers: \T1/lmtt/m/n/12 curl.exe http://127.
0.0.1:8765/parts/NR-1001\T1/lmr/m/n/12 (-20) . 
 []


Overfull \hbox (13.38246pt too wide) in paragraph at lines 1674--1679
[]\T1/lmr/bx/n/12 (-20) Baseline. \T1/lmr/m/n/12 (-20) In a sec-ond ter-mi-nal 
run \T1/lmtt/m/n/12 python ch02_urllib_baseline.py\T1/lmr/m/n/12 (-20) .
 []


Overfull \hbox (18.31654pt too wide) in paragraph at lines 1674--1679
\T1/lmr/m/n/12 (-20) Note in the stub's log that ev-ery re-quest is a fresh con
-nec-tion (\T1/lmtt/m/n/12 Connection:
 []


Overfull \hbox (25.89687pt too wide) in paragraph at lines 1686--1690
[]\T1/lmr/bx/n/12 (-20) Pagination and stream-ing. \T1/lmr/m/n/12 (-20) Run \T1
/lmtt/m/n/12 python ch02_pagination_stream.py\T1/lmr/m/n/12 (-20) ;
 []

[146]
Underfull \vbox (badness 10000) has occurred while \output is active []

 [147]
[148] [149] [150]
Overfull \hbox (6.50363pt too wide) in paragraph at lines 1895--1900
\T1/lmr/m/it/12 (-20) A: \T1/lmr/m/n/12 (-20) On at-tempt $\OML/lmm/m/it/12 n$\
T1/lmr/m/n/12 (-20) , wait a \T1/lmr/m/it/12 (-20) ran-dom \T1/lmr/m/n/12 (-20)
 value drawn uni-formly from $\OT1/lmr/m/n/12 (-20) [0\OML/lmm/m/it/12 ; []\OT1
/lmr/m/n/12 (-20) (\OML/lmm/m/it/12 c; b \OMS/lmsy/m/n/12 ^^A
 []


Overfull \hbox (12.78842pt too wide) in paragraph at lines 1929--1934
\T1/lmr/m/it/12 (-20) A: \T1/lmr/m/n/12 (-20) Server-advertised min-i-mum de-la
y be-fore retry-ing, de-fined by RFC 9110
 []


Underfull \vbox (badness 10000) has occurred while \output is active []

 [151]
[152] [153]
Overfull \hbox (20.81218pt too wide) in paragraph at lines 2085--2088
\T1/lmr/m/n/12 (-20) com-pos-able stop/wait/retry strate-gies. [][]$\T1/lmtt/m/
n/12 https : / / tenacity . readthedocs .
 []

[154] [155]
Overfull \hbox (40.93369pt too wide) in paragraph at lines 2153--2156
\T1/lmr/m/n/12 (-20) part syn-thetic cat-a-log, a token-bucket lim-iter, and \T
1/lmtt/m/n/12 RateLimit-Policy\T1/lmr/m/n/12 (-20) /\T1/lmtt/m/n/12 Retry-After

 []

[156]
Overfull \hbox (18.5132pt too wide) in paragraph at lines 2198--2200
[]\T1/lmr/m/n/12 (-20) Parse re-sponses into mod-els; map val-i-da-tion fail-ur
es to \T1/lmtt/m/n/12 ApiContractError
 []


Overfull \hbox (6.20857pt too wide) in paragraph at lines 2230--2234
[]\T1/lmr/bx/n/12 (-20) Inputs/Datasets. \T1/lmr/m/n/12 (-20) A \T1/lmtt/m/n/12
 ChaosTransport \T1/lmr/m/n/12 (-20) wrap-ping \T1/lmtt/m/n/12 httpx.MockTransp
ort
 []

[157]
Overfull \hbox (4.47354pt too wide) in paragraph at lines 2237--2239
[]\T1/lmr/m/n/12 (-20) Implement \T1/lmtt/m/n/12 ChaosTransport(BaseTransport) 
\T1/lmr/m/n/12 (-20) read-ing a YAML/JSON
 []


Overfull \hbox (1.93086pt too wide) in paragraph at lines 2263--2263
[]\T1/lmr/bx/n/14.4 (-20) Capstone 2.5 [staff] --- Async Con-cur-rent Fetcher
 []


Overfull \hbox (9.43234pt too wide) in paragraph at lines 2277--2279
[]\T1/lmr/m/n/12 (-20) Bounded con-cur-rency via \T1/lmtt/m/n/12 asyncio.Semaph
ore \T1/lmr/m/n/12 (-20) (not un-bounded \T1/lmtt/m/n/12 gather\T1/lmr/m/n/12 (
-20) );
 []

[158]

Package hyperref Warning: Token not allowed in a PDF string (Unicode):
(hyperref)                removing `math shift' on input line 2330.


Package hyperref Warning: Token not allowed in a PDF string (Unicode):
(hyperref)                removing `\geq' on input line 2330.


Package hyperref Warning: Token not allowed in a PDF string (Unicode):
(hyperref)                removing `math shift' on input line 2330.

[159]

Package hyperref Warning: Token not allowed in a PDF string (Unicode):
(hyperref)                removing `math shift' on input line 2351.


Package hyperref Warning: Token not allowed in a PDF string (Unicode):
(hyperref)                removing `\geq' on input line 2351.


Package hyperref Warning: Token not allowed in a PDF string (Unicode):
(hyperref)                removing `math shift' on input line 2351.


Overfull \hbox (63.82246pt too wide) in paragraph at lines 2363--2367
[]\T1/lmr/bx/n/12 (-20) Alternatives. \T1/lmtt/m/n/12 backoff \T1/lmr/m/n/12 (-
20) (decorator-oriented, less com-pos-able); \T1/lmtt/m/n/12 urllib3.util.Retry

 []


Package hyperref Warning: Token not allowed in a PDF string (Unicode):
(hyperref)                removing `math shift' on input line 2370.


Package hyperref Warning: Token not allowed in a PDF string (Unicode):
(hyperref)                removing `\geq' on input line 2370.


Package hyperref Warning: Token not allowed in a PDF string (Unicode):
(hyperref)                removing `math shift' on input line 2370.


Package hyperref Warning: Token not allowed in a PDF string (Unicode):
(hyperref)                removing `math shift' on input line 2387.


Package hyperref Warning: Token not allowed in a PDF string (Unicode):
(hyperref)                removing `\geq' on input line 2387.


Package hyperref Warning: Token not allowed in a PDF string (Unicode):
(hyperref)                removing `math shift' on input line 2387.

[160]
Overfull \hbox (21.64973pt too wide) in paragraph at lines 2419--2423
\T1/lmtt/m/n/12 max_connections \T1/lmr/m/n/12 (-20) to peak con-cur-rency and 
\T1/lmtt/m/n/12 max_keepalive_connections
 []


Overfull \hbox (21.70438pt too wide) in paragraph at lines 2460--2460
[]|\T1/lmr/bx/n/10.95 (-20) Failure
 []


Underfull \hbox (badness 10000) in paragraph at lines 2460--2460
\T1/lmr/bx/n/10.95 (+20) it
 []


Overfull \hbox (23.3365pt too wide) in paragraph at lines 2460--2460
\T1/lmr/bx/n/10.95 (-20) catches| 
 []


Overfull \hbox (56.40102pt too wide) in paragraph at lines 2460--2460
[]|\T1/lmr/m/n/10.95 (-20) dead/firewalled
 []


Overfull \hbox (5.73161pt too wide) in paragraph at lines 2460--2460
\T1/lmr/m/n/10.95 (-20) host,
 []


Overfull \hbox (4.56384pt too wide) in paragraph at lines 2460--2460
\T1/lmr/m/n/10.95 (-20) TLS
 []


Overfull \hbox (2.44377pt too wide) in paragraph at lines 2460--2460
\T1/lmr/m/n/10.95 (-20) mis-
 []


Overfull \hbox (2.38449pt too wide) in paragraph at lines 2460--2460
\T1/lmr/m/n/10.95 (-20) con-
 []


Overfull \hbox (7.48575pt too wide) in paragraph at lines 2460--2460
[]|\T1/lmr/m/n/10.95 (-20) hung
 []


Overfull \hbox (1.82834pt too wide) in paragraph at lines 2460--2460
\T1/lmr/m/n/10.95 (-20) app
 []


Underfull \hbox (badness 10000) in paragraph at lines 2460--2460
\T1/lmr/m/n/10.95 (+20) be-
 []


Overfull \hbox (5.40524pt too wide) in paragraph at lines 2460--2460
\T1/lmr/m/n/10.95 (-20) hind
 []


Overfull \hbox (18.7063pt too wide) in paragraph at lines 2460--2460
\T1/lmr/m/n/10.95 (-20) healthy
 []


Overfull \hbox (15.00386pt too wide) in paragraph at lines 2460--2460
\T1/lmr/m/n/10.95 (-20) stalled
 []


Overfull \hbox (16.22575pt too wide) in paragraph at lines 2460--2460
\T1/lmr/m/n/10.95 (-20) stream| 
 []


Overfull \hbox (4.32819pt too wide) in paragraph at lines 2460--2460
[]|\T1/lmr/m/n/10.95 (-20) peer
 []


Overfull \hbox (3.91765pt too wide) in paragraph at lines 2460--2460
\T1/lmr/m/n/10.95 (-20) that
 []


Overfull \hbox (21.2696pt too wide) in paragraph at lines 2460--2460
\T1/lmr/m/n/10.95 (-20) stopped
 []


Overfull \hbox (6.58746pt too wide) in paragraph at lines 2460--2460
\T1/lmr/m/n/10.95 (-20) read-
 []


Underfull \hbox (badness 10000) in paragraph at lines 2460--2460
\T1/lmr/m/n/10.95 (+20) ing
 []


Overfull \hbox (1.10333pt too wide) in paragraph at lines 2460--2460
\T1/lmr/m/n/10.95 (-20) (up-
 []


Overfull \hbox (12.61916pt too wide) in paragraph at lines 2460--2460
\T1/lmr/m/n/10.95 (-20) loads)| 
 []


Overfull \hbox (40.53212pt too wide) in paragraph at lines 2460--2460
[]|\T1/lmr/m/n/10.95 (-20) concurrency
 []


Underfull \hbox (badness 10000) in paragraph at lines 2460--2460
\OML/lmm/m/it/10.95 >$
 []


Overfull \hbox (4.82138pt too wide) in paragraph at lines 2460--2460
\T1/lmr/m/n/10.95 (-20) pool
 []


Overfull \hbox (1.29208pt too wide) in paragraph at lines 2460--2460
\T1/lmr/m/n/10.95 (-20) size
 []


Overfull \hbox (16.30594pt too wide) in paragraph at lines 2460--2460
\T1/lmr/m/n/10.95 (-20) (queue-
 []


Overfull \hbox (3.02083pt too wide) in paragraph at lines 2460--2460
\T1/lmr/m/n/10.95 (-20) ing)| 
 []


Underfull \vbox (badness 2096) has occurred while \output is active []

 [161]
Underfull \hbox (badness 10000) in paragraph at lines 2482--2482
[]|\T1/lmr/m/n/10.95 (+20) idempotent
 []


Underfull \hbox (badness 10000) in paragraph at lines 2482--2482
\T1/lmr/m/n/10.95 (+20) method or
 []


Underfull \hbox (badness 10000) in paragraph at lines 2482--2482
\T1/lmr/m/n/10.95 (+20) idem-po-tency
 []


Underfull \hbox (badness 10000) in paragraph at lines 2482--2482
\T1/lmr/m/n/10.95 (+20) key; jit-tered
 []


Underfull \hbox (badness 10000) in paragraph at lines 2482--2482
[]|\T1/lmr/m/n/10.95 (+20) after
 []


Underfull \hbox (badness 10000) in paragraph at lines 2482--2482
\T1/lmtt/m/n/10.95 Retry-After
 []


Underfull \hbox (badness 10000) in paragraph at lines 2482--2482
\T1/lmr/m/n/10.95 (+20) (clamped);
 []


Underfull \hbox (badness 6477) in paragraph at lines 2482--2482
\T1/lmr/m/n/10.95 (+20) back off the
 []


Underfull \hbox (badness 10000) in paragraph at lines 2482--2482
[]|\T1/lmr/m/n/10.95 (+20) bounded at-
 []


Underfull \hbox (badness 10000) in paragraph at lines 2482--2482
\T1/lmr/m/n/10.95 (+20) tempts +
 []


Underfull \hbox (badness 10000) in paragraph at lines 2482--2482
\T1/lmtt/m/n/10.95 Retry-After
 []


Underfull \hbox (badness 10000) in paragraph at lines 2482--2482
[]|\T1/lmr/m/n/10.95 (+20) deterministic:
 []


Underfull \hbox (badness 10000) in paragraph at lines 2482--2482
\T1/lmr/m/n/10.95 (+20) ro-tate cre-
 []


Underfull \hbox (badness 10000) in paragraph at lines 2482--2482
\T1/lmr/m/n/10.95 (+20) den-tials, or
 []


Overfull \hbox (21.50903pt too wide) in paragraph at lines 2482--2482
[]|\T1/lmtt/m/n/10.95 ApiContractError\T1/lmr/m/n/10.95 (-20) :
 []


Underfull \hbox (badness 10000) in paragraph at lines 2482--2482
\T1/lmr/m/n/10.95 (+20) provider bug
 []


Underfull \hbox (badness 10000) in paragraph at lines 2482--2482
[]|\T1/lmr/m/n/10.95 (+20) replay may
 []


Underfull \hbox (badness 10000) in paragraph at lines 2482--2482
\T1/lmr/m/n/10.95 (+20) du-pli-cate ef-
 []


LaTeX Warning: `h' float specifier changed to `ht'.


LaTeX Warning: `h' float specifier changed to `ht'.

(chapters/_standard_addendum.tex
Underfull \hbox (badness 10000) in alignment at lines 14--14
[][][][][] 
 []


Underfull \vbox (badness 10000) has occurred while \output is active []

 [162]

LaTeX Warning: `h' float specifier changed to `ht'.


Overfull \hbox (55.38057pt too wide) in alignment at lines 39--39
[][][] 
 []


LaTeX Warning: `h' float specifier changed to `ht'.

[163]
Underfull \hbox (badness 2285) in paragraph at lines 86--86
[]|\T1/lmr/bx/n/10.95 (+20) Choose this ap-proach
 []


Underfull \hbox (badness 5064) in paragraph at lines 86--86
[]|\T1/lmr/bx/n/10.95 (+20) Prefer an al-ter-na-tive
 []


LaTeX Warning: `h' float specifier changed to `ht'.

)) (chapters/chapter_03_rest_architectural_style.tex [164] [165] [166]
Chapter 4.
[167

] [168] [169] [170] [171] [172]
Overfull \hbox (116.95853pt too wide) in paragraph at lines 324--328
 [][] 
 []


Underfull \hbox (badness 2111) in paragraph at lines 348--348
[]|\T1/lmr/m/n/10.95 (+20) less ef-fi-cient than be-
 []


Underfull \hbox (badness 1472) in paragraph at lines 348--348
[]|\T1/lmr/m/n/10.95 (+20) scalability, se-cu-rity at
 []


LaTeX Warning: `h' float specifier changed to `ht'.


Underfull \vbox (badness 5008) has occurred while \output is active []

 [173]
Overfull \hbox (434.65057pt too wide) in paragraph at lines 388--391
 [][] 
 []


LaTeX Warning: `h' float specifier changed to `ht'.

[174] [175] [176] [177]
Overfull \hbox (3.0971pt too wide) in paragraph at lines 553--559
\T1/lmr/m/n/12 (-20) ing in for an op-er-a-tion that can-not be rei-fied: \T1/l
mtt/m/n/12 POST /catalog/exports
 []

[178]
Overfull \hbox (42.36812pt too wide) in paragraph at lines 634--638
[]\T1/lmr/bx/n/12 (-20) Hierarchy. \T1/lmr/m/n/12 (-20) For-ward slashes ex-pre
ss con-tain-ment; \T1/lmtt/m/n/12 /warehouses/WH-01/stock
 []


Overfull \hbox (33.98816pt too wide) in paragraph at lines 638--645
[]\T1/lmr/bx/n/12 (-20) Casing. \T1/lmr/m/n/12 (-20) Low-er-case \T1/lmr/m/it/1
2 (-20) kebab-case \T1/lmr/m/n/12 (-20) for multi-word seg-ments (\T1/lmtt/m/n/
12 /purchase-orders\T1/lmr/m/n/12 (-20) ).
 []

[179]
Overfull \hbox (5.88643pt too wide) in paragraph at lines 661--668
\T1/lmr/m/n/12 (-20) pag-i-na-tion (\T1/lmtt/m/n/12 ?cursor=...\T1/lmr/m/n/12 (
-20) ), par-tial rep-re-sen-ta-tion (\T1/lmtt/m/n/12 ?fields=sku,name\T1/lmr/m/
n/12 (-20) ).
 []


LaTeX Warning: `h' float specifier changed to `ht'.

[180]
Underfull \hbox (badness 10000) in paragraph at lines 755--755
\T1/lmr/m/n/10.95 (+20) con-flict (du-pli-cate
 []


Underfull \hbox (badness 10000) in paragraph at lines 755--755
\T1/lmr/m/n/10.95 (+20) SKU); 415 wrong
 []


Underfull \hbox (badness 1394) in paragraph at lines 755--755
\T1/lmr/m/n/10.95 (+20) me-dia type; 422 se-
 []


Underfull \hbox (badness 3525) in paragraph at lines 755--755
\T1/lmr/m/n/10.95 (+20) 410 per-ma-nently re-
 []


Underfull \hbox (badness 10000) in paragraph at lines 755--755
\T1/lmr/m/n/10.95 (+20) 409 concurrent-edit
 []


Underfull \hbox (badness 1796) in paragraph at lines 755--755
\T1/lmr/m/n/10.95 (+20) con-flict; 400/422 in-
 []


Underfull \hbox (badness 10000) in paragraph at lines 755--755
[]|\T1/lmr/m/n/10.95 (+20) 405 method not
 []


Underfull \hbox (badness 10000) in paragraph at lines 755--755
\T1/lmr/m/n/10.95 (+20) al-lowed (+ \T1/lmtt/m/n/10.95 Allow
 []


Underfull \hbox (badness 10000) in paragraph at lines 755--755
\T1/lmr/m/n/10.95 (+20) header); 429 rate
 []


Underfull \hbox (badness 10000) in paragraph at lines 755--755
\T1/lmr/m/n/10.95 (+20) lim-ited; 500/503
 []


LaTeX Warning: `h' float specifier changed to `ht'.

[181]
Overfull \hbox (3.98982pt too wide) in paragraph at lines 813--818
\T1/lmr/m/n/12 (-20) server an-swers with the best avail-able rep-re-sen-ta-tio
n or \T1/lmtt/m/n/12 406 Not Acceptable
 []

[182]
Overfull \hbox (96.09682pt too wide) in paragraph at lines 828--834
\T1/lmr/m/n/12 (-20) dif-fer-ently; (3) media-type pa-ram-e-ters (\T1/lmtt/m/n/
12 application/vnd.northwind.part+json;version=2\T1/lmr/m/n/12 (-20) )
 []


Overfull \hbox (7.64317pt too wide) in paragraph at lines 867--867
[]|\T1/lmr/bx/n/10.95 (-20) Collection+JSON| 
 []


Overfull \hbox (26.52296pt too wide) in paragraph at lines 867--867
[]|\T1/lmtt/m/n/10.95 application/hal+json| 
 []


Overfull \hbox (49.5179pt too wide) in paragraph at lines 867--867
[]|\T1/lmtt/m/n/10.95 application/vnd.api+json| 
 []


Overfull \hbox (89.75903pt too wide) in paragraph at lines 867--867
[]|\T1/lmtt/m/n/10.95 application/vnd.collection+json| 
 []


Underfull \hbox (badness 10000) in paragraph at lines 867--867
[]|\T1/lmtt/m/n/10.95 _links\T1/lmr/m/n/10.95 (+20) ,
 []


Overfull \hbox (78.95384pt too wide) in paragraph at lines 867--867
[]|\T1/lmtt/m/n/10.95 data\T1/lmr/m/n/10.95 (-20) /\T1/lmtt/m/n/10.95 attribute
s\T1/lmr/m/n/10.95 (-20) /\T1/lmtt/m/n/10.95 relationships\T1/lmr/m/n/10.95 (-2
0) ,
 []


Underfull \hbox (badness 10000) in paragraph at lines 867--867
\T1/lmr/m/n/10.95 (+20) com-pound doc-u-
 []


Underfull \hbox (badness 10000) in paragraph at lines 867--867
[]|\T1/lmr/m/n/10.95 (+20) template-driven
 []


Underfull \hbox (badness 1147) in paragraph at lines 867--867
\T1/lmr/m/n/10.95 (+20) POST/PUT bod-
 []


Underfull \hbox (badness 10000) in paragraph at lines 867--867
[]|\T1/lmr/m/n/10.95 (+20) opinionated full
 []


Underfull \hbox (badness 4013) in paragraph at lines 867--867
\T1/lmr/m/n/10.95 (+20) pro-to-col (pag-i-na-
 []


Underfull \hbox (badness 1668) in paragraph at lines 867--867
[]|\T1/lmr/m/n/10.95 (+20) pure hy-per-me-dia;
 []


Underfull \hbox (badness 10000) in paragraph at lines 867--867
[]|\T1/lmr/m/n/10.95 (+20) greenfield APIs
 []


Underfull \hbox (badness 10000) in paragraph at lines 867--867
\T1/lmr/m/n/10.95 (+20) want-ing ev-ery-
 []


Underfull \hbox (badness 2261) in paragraph at lines 867--867
[]|\T1/lmr/m/n/10.95 (+20) reference de-signs,
 []


Underfull \hbox (badness 10000) in paragraph at lines 867--867
\T1/lmr/m/n/10.95 (+20) hy-per-me-dia re-
 []


Underfull \hbox (badness 10000) in paragraph at lines 867--867
\T1/lmr/m/n/10.95 (+20) search, generic
 []


LaTeX Warning: `h' float specifier changed to `ht'.

[183] [184] [185] [186]
Overfull \hbox (149.79553pt too wide) in paragraph at lines 1018--1019
[][][][] 
 []


Overfull \hbox (149.79553pt too wide) in paragraph at lines 1020--1022
[][][][] 
 []


Underfull \vbox (badness 10000) has occurred while \output is active []

 [187]
Underfull \vbox (badness 10000) has occurred while \output is active []

 [188]
Underfull \vbox (badness 10000) has occurred while \output is active []

 [189]
Overfull \hbox (149.79553pt too wide) in paragraph at lines 1144--1145
[][][][] 
 []


Overfull \hbox (149.79553pt too wide) in paragraph at lines 1146--1148
[][][][] 
 []


Underfull \vbox (badness 10000) has occurred while \output is active []

 [190]
Overfull \hbox (18.7229pt too wide) in paragraph at lines 1201--1203
[][][][] 
 []


Underfull \vbox (badness 10000) has occurred while \output is active []

 [191]
Underfull \vbox (badness 10000) has occurred while \output is active []

 [192]
Overfull \hbox (101.50562pt too wide) in paragraph at lines 1265--1267
[][][][] 
 []


Underfull \vbox (badness 10000) has occurred while \output is active []

 [193]
Overfull \hbox (11.82434pt too wide) in paragraph at lines 1307--1309
[][][][] 
 []


Underfull \vbox (badness 10000) has occurred while \output is active []

 [194]
Underfull \vbox (badness 10000) has occurred while \output is active []

 [195]
Underfull \vbox (badness 10000) has occurred while \output is active []

 [196]
Underfull \vbox (badness 10000) has occurred while \output is active []

 [197]
Underfull \vbox (badness 10000) has occurred while \output is active []

 [198]
Underfull \vbox (badness 10000) has occurred while \output is active []

 [199]
[200]
Underfull \vbox (badness 10000) has occurred while \output is active []

 [201]
Underfull \vbox (badness 10000) has occurred while \output is active []

 [202]
Underfull \vbox (badness 10000) has occurred while \output is active []

 [203]
Underfull \vbox (badness 10000) has occurred while \output is active []

 [204]
[205]
Underfull \vbox (badness 10000) has occurred while \output is active []

 [206]
Underfull \vbox (badness 10000) has occurred while \output is active []

 [207]
[208] [209]
Underfull \vbox (badness 10000) has occurred while \output is active []

 [210]
Underfull \vbox (badness 10000) has occurred while \output is active []

 [211]
Underfull \vbox (badness 10000) has occurred while \output is active []

 [212]
Overfull \hbox (2.93753pt too wide) in paragraph at lines 2008--2017
[]\T1/lmr/m/n/12 (-20) Design com-men-tary: ev-ery re-sponse de-clares its head
-ers (\T1/lmtt/m/n/12 ETag\T1/lmr/m/n/12 (-20) , \T1/lmtt/m/n/12 Location\T1/lm
r/m/n/12 (-20) )
 []


Overfull \hbox (53.36668pt too wide) in paragraph at lines 2008--2017
\T1/lmr/m/n/12 (-20) com-po-nents so the \T1/lmtt/m/n/12 400\T1/lmr/m/n/12 (-20
) s across re-sources can never drift apart; \T1/lmtt/m/n/12 additionalProperti
es:
 []

[213]
Overfull \hbox (152.541pt too wide) in paragraph at lines 2056--2062
[]\T1/lmr/bx/n/12 (-20) Deep nest-ing be-yond two lev-els \T1/lmr/m/n/12 (-20) 
(\T1/lmtt/m/n/12 /warehouses/WH-01/zones/Z-3/bins/B-17/parts/NX-1001\T1/lmr/m/n
/12 (-20) ).
 []


Overfull \hbox (4.90968pt too wide) in paragraph at lines 2069--2074
[]\T1/lmr/bx/n/12 (-20) Silent query-parameter di-ver-gence \T1/lmr/m/n/12 (-20
) (\T1/lmtt/m/n/12 ?format=json \T1/lmr/m/n/12 (-20) be-side \T1/lmtt/m/n/12 Ac
cept\T1/lmr/m/n/12 (-20) ).
 []


Underfull \vbox (badness 10000) has occurred while \output is active []

 [214]
Overfull \hbox (38.33495pt too wide) in paragraph at lines 2102--2110
\T1/lmr/m/n/12 (-20) can-not ex-ist with-out both.) Is \T1/lmtt/m/n/12 /supplie
rs/{sid}/purchase-orders/{poid}
 []

[215]
Overfull \hbox (72.9706pt too wide) in paragraph at lines 2154--2162
\T1/lmr/m/n/12 (-20) rugged An-droid de-vices scan-ning ware-house stock) con-s
umed \T1/lmtt/m/n/12 GET /api/inventory/{sku}\T1/lmr/m/n/12 (-20) ,
 []


Overfull \hbox (19.31978pt too wide) in paragraph at lines 2154--2162
\T1/lmr/m/n/12 (-20) book much like this one, re-designed the API ``prop-erly''
: \T1/lmtt/m/n/12 /api/inventory/{sku}
 []

[216] [217]
Overfull \hbox (44.4207pt too wide) in paragraph at lines 2210--2214
[]\T1/lmr/bx/n/12 (-20) (7.7) Deep dive. \T1/lmr/m/n/12 (-20) Ar-gue both sides
: should \T1/lmtt/m/n/12 /warehouses/{wid}/stock/{sku}
 []

[218]
Underfull \vbox (badness 10000) has occurred while \output is active []

 [219]
Overfull \hbox (1.38013pt too wide) in paragraph at lines 2308--2315
\T1/lmr/m/it/12 (-20) Answer: \T1/lmtt/m/n/12 /parts\T1/lmr/m/n/12 (-20) , \T1/
lmtt/m/n/12 /parts/{sku}\T1/lmr/m/n/12 (-20) ; \T1/lmtt/m/n/12 /warehouses/{wid
}/stock/{sku}
 []


Underfull \vbox (badness 10000) has occurred while \output is active []

 [220]
Overfull \hbox (19.76021pt too wide) in paragraph at lines 2359--2366
[]\T1/lmr/bx/n/12 (-20) When does hy-per-me-dia pay off, and when is it over-en
gineering? 
 []

[221]
Overfull \hbox (126.85403pt too wide) in paragraph at lines 2408--2415
\T1/lmr/m/it/12 (-20) Answer: \T1/lmr/m/n/12 (-20) REST never for-bids server-c
omposed re-sources: a \T1/lmtt/m/n/12 /dashboards/warehouse-summary
 []


Underfull \vbox (badness 10000) has occurred while \output is active []

 [222]
Overfull \hbox (27.0812pt too wide) in paragraph at lines 2416--2424
\T1/lmr/m/n/12 (-20) field names, closed-by-default schemas in re-view (\T1/lmt
t/m/n/12 additionalProperties:
 []


Overfull \hbox (8.3865pt too wide) in paragraph at lines 2447--2454
\T1/lmr/m/n/12 (-20) are in-trin-si-cally com-pu-ta-tions over tran-sient in-pu
ts (\T1/lmtt/m/n/12 calculateRoute\T1/lmr/m/n/12 (-20) );
 []


Underfull \vbox (badness 10000) has occurred while \output is active []

 [223]
[224]
Overfull \hbox (4.34595pt too wide) in paragraph at lines 2512--2516
[]\T1/lmr/bx/n/12 (-20) Martin Klepp-mann, \T1/lmr/m/it/12 (-20) De-sign-ing Da
ta-Intensive Ap-pli-ca-tions, \T1/lmr/m/n/12 (-20) O'Reilly,
 []


Underfull \vbox (badness 10000) has occurred while \output is active []

 [225]
[226]
Overfull \hbox (25.37155pt too wide) in paragraph at lines 2589--2591
[]\T1/lmr/bx/n/12 (-20) Stretch Goals. \T1/lmr/m/n/12 (-20) Im-ple-ment \T1/lmt
t/m/n/12 HEAD\T1/lmr/m/n/12 (-20) -only ver-i-fi-ca-tion; add \T1/lmtt/m/n/12 S
unset\T1/lmr/m/n/12 (-20) /\T1/lmtt/m/n/12 Deprecation
 []

[227] [228]
Overfull \hbox (4.66963pt too wide) in paragraph at lines 2676--2678
[]\T1/lmr/m/n/12 (-20) Quantify: lint find-ings by rule; status-code us-age dis
-tri-bu-tion; cacheabil-
 []

[229]

Package hyperref Warning: Token not allowed in a PDF string (Unicode):
(hyperref)                removing `math shift' on input line 2712.


Package hyperref Warning: Token not allowed in a PDF string (Unicode):
(hyperref)                removing `\geq' on input line 2712.


Package hyperref Warning: Token not allowed in a PDF string (Unicode):
(hyperref)                removing `math shift' on input line 2712.


Package hyperref Warning: Token not allowed in a PDF string (Unicode):
(hyperref)                removing `math shift' on input line 2730.


Package hyperref Warning: Token not allowed in a PDF string (Unicode):
(hyperref)                removing `\geq' on input line 2730.


Package hyperref Warning: Token not allowed in a PDF string (Unicode):
(hyperref)                removing `math shift' on input line 2730.

[230]

LaTeX Warning: `h' float specifier changed to `ht'.


Overfull \hbox (7.05643pt too wide) in paragraph at lines 2804--2816
 [][] 
 []


LaTeX Warning: `h' float specifier changed to `ht'.


Underfull \hbox (badness 10000) in paragraph at lines 2831--2831
[]|\T1/lmr/m/n/10.95 (+20) representations carry
 []


LaTeX Warning: `h' float specifier changed to `ht'.

(chapters/_standard_addendum.tex
Underfull \hbox (badness 10000) in alignment at lines 14--14
[][][][][] 
 []


LaTeX Warning: `h' float specifier changed to `ht'.


Underfull \vbox (badness 10000) has occurred while \output is active []

 [231]
Overfull \hbox (55.38057pt too wide) in alignment at lines 39--39
[][][] 
 []


LaTeX Warning: `h' float specifier changed to `ht'.

[232]
Underfull \hbox (badness 2285) in paragraph at lines 86--86
[]|\T1/lmr/bx/n/10.95 (+20) Choose this ap-proach
 []


Underfull \hbox (badness 5064) in paragraph at lines 86--86
[]|\T1/lmr/bx/n/10.95 (+20) Prefer an al-ter-na-tive
 []


LaTeX Warning: `h' float specifier changed to `ht'.

)) (chapters/chapter_04_serialization_contracts.tex [233] [234] [235] [236]
Chapter 5.

Underfull \vbox (badness 1675) has occurred while \output is active []

 [237

]
Overfull \hbox (33.95944pt too wide) in paragraph at lines 71--76
[]\T1/lmr/m/n/12 (-20) Author JSON Schema (2020-12) doc-u-ments us-ing \T1/lmtt
/m/n/12 type\T1/lmr/m/n/12 (-20) , \T1/lmtt/m/n/12 properties\T1/lmr/m/n/12 (-2
0) ,
 []


Overfull \hbox (14.79774pt too wide) in paragraph at lines 71--76
\T1/lmtt/m/n/12 required\T1/lmr/m/n/12 (-20) , \T1/lmtt/m/n/12 additionalProper
ties\T1/lmr/m/n/12 (-20) , \T1/lmtt/m/n/12 $ref\T1/lmr/m/n/12 (-20) , \T1/lmtt/
m/n/12 oneOf\T1/lmr/m/n/12 (-20) /\T1/lmtt/m/n/12 anyOf\T1/lmr/m/n/12 (-20) /\T
1/lmtt/m/n/12 allOf\T1/lmr/m/n/12 (-20) ,
 []


Overfull \hbox (3.24019pt too wide) in paragraph at lines 71--76
\T1/lmr/m/n/12 (-20) and \T1/lmtt/m/n/12 unevaluatedProperties\T1/lmr/m/n/12 (-
20) , and dis-tin-guish as-ser-tions from
 []


Overfull \hbox (12.12572pt too wide) in paragraph at lines 76--82
\T1/lmr/m/n/12 (-20) ex-plain the catas-tro-phe that fol-lows from vi-o-lat-ing
 them [[][]Goo24[][]]. 
 []

[238]
Overfull \hbox (1.47607pt too wide) in paragraph at lines 85--89
[]\T1/lmr/m/n/12 (-20) Implement HTTP con-tent ne-go-ti-a-tion cor-rectly: pars
e \T1/lmtt/m/n/12 Accept
 []

[239] [240]
Overfull \hbox (60.63914pt too wide) in paragraph at lines 192--194
[]\T1/lmr/m/n/12 (-20) Transmit 64-bit in-te-gers as \T1/lmr/bx/n/12 (-20) JSON
 strings \T1/lmr/m/n/12 (-20) (\T1/lmtt/m/n/12 "order_id": "9007199254740993"\T
1/lmr/m/n/12 (-20) )
 []

[241] [242]
Underfull \hbox (badness 10000) in paragraph at lines 311--311
[]|\T1/lmr/m/n/10.95 (+20) Per-key sub-schemas for
 []


Underfull \hbox (badness 1210) in paragraph at lines 311--311
[]|\T1/lmr/m/n/10.95 (+20) Array of mem-ber names
 []


Underfull \hbox (badness 10000) in paragraph at lines 311--311
[]|\T1/lmr/m/n/10.95 (+20) Schema for mem-
 []


Underfull \hbox (badness 10000) in paragraph at lines 311--311
\T1/lmr/m/n/10.95 (+20) bers not matched by
 []


Overfull \hbox (31.62708pt too wide) in paragraph at lines 311--311
\T1/lmtt/m/n/10.95 properties\T1/lmr/m/n/10.95 (-20) /\T1/lmtt/m/n/10.95 patter
nProperties\T1/lmr/m/n/10.95 (-20) ;
 []


Underfull \hbox (badness 2753) in paragraph at lines 311--311
[]|\T1/lmr/m/n/10.95 (+20) Inline the schema at a
 []


Underfull \hbox (badness 10000) in paragraph at lines 311--311
[]|\T1/lmr/m/n/10.95 (+20) Instance must val-i-date
 []


Underfull \hbox (badness 2165) in paragraph at lines 311--311
\T1/lmr/m/n/10.95 (+20) against \T1/lmr/m/it/10.95 (+20) ev-ery \T1/lmr/m/n/10.
95 (+20) sub-schema
 []


Underfull \hbox (badness 10000) in paragraph at lines 311--311
\T1/lmr/m/n/10.95 (+20) (con-junc-tion; used for
 []


Underfull \hbox (badness 10000) in paragraph at lines 311--311
[]|\T1/lmr/m/n/10.95 (+20) Instance must val-i-date
 []


Underfull \hbox (badness 10000) in paragraph at lines 311--311
[]|\T1/lmr/m/n/10.95 (+20) Instance must val-i-date
 []


Underfull \hbox (badness 2229) in paragraph at lines 311--311
\T1/lmr/m/n/10.95 (+20) against \T1/lmr/m/it/10.95 (+20) ex-actly one \T1/lmr/m
/n/10.95 (+20) sub-
 []


Underfull \hbox (badness 1365) in paragraph at lines 311--311
\T1/lmr/m/n/10.95 (+20) ap-pli-ca-tor --- the \T1/lmtt/m/n/10.95 allOf\T1/lmr/m
/n/10.95 (+20) -
 []


Underfull \hbox (badness 10000) in paragraph at lines 311--311
[]|\T1/lmr/m/n/10.95 (+20) Vocabulary hint
 []


LaTeX Warning: Float too large for page by 5.97711pt on input line 314.


LaTeX Warning: `h' float specifier changed to `ht'.


Overfull \hbox (31.11293pt too wide) in paragraph at lines 316--323
\T1/lmr/m/n/12 (-20) it, so a ``closed'' base schema wrongly re-jects ex-ten-si
ons. \T1/lmtt/m/n/12 unevaluatedProperties:
 []

[243]
Overfull \hbox (33.85243pt too wide) in paragraph at lines 354--356
\T1/lmr/m/n/12 (-20) (\T1/lmtt/m/n/12 https://schemas.northwind-robotics.exampl
e/parts/v2/part.json\T1/lmr/m/n/12 (-20) ). 
 []


Overfull \hbox (122.15858pt too wide) detected at line 382
[] \OT1/lmr/m/n/12 = ([] \OMS/lmsy/m/n/12 ^^\ \OT1/lmr/m/n/12 3) \OMS/lmsy/m/n/
12 j []\OML/lmm/m/it/12 ;  [] \OT1/lmr/m/n/12 = [] \OMS/lmsy/m/n/12 ^^] \OT1/lm
r/m/n/12 3\OML/lmm/m/it/12 ;  [] \OT1/lmr/m/n/12 = [] & []\OML/lmm/m/it/12 :
 []

[244]

Package tabularx Warning: X Columns too narrow (table too wide)
(tabularx)                 on input line 397.


Overfull \hbox (31.75082pt too wide) in paragraph at lines 397--397
[]|\T1/lmr/bx/n/10.95 (-20) Payload| 
 []


Underfull \hbox (badness 10000) in paragraph at lines 397--397
[]|\T1/lmr/m/n/10.95 (+20) 1--
 []


Underfull \hbox (badness 10000) in paragraph at lines 397--397
\T1/lmr/m/n/10.95 (+20) 10
 []


Overfull \hbox (15.90509pt too wide) in paragraph at lines 397--397
\T1/lmr/m/n/10.95 (-20) varint
 []


Overfull \hbox (16.52754pt too wide) in paragraph at lines 397--397
\T1/lmr/m/n/10.95 (-20) bytes.| 
 []


Overfull \hbox (24.56444pt too wide) in paragraph at lines 397--397
[]|\T1/lmr/m/n/10.95 (-20) Exactly
 []


Underfull \hbox (badness 10000) in paragraph at lines 397--397
\T1/lmr/m/n/10.95 (+20) 8
 []


Overfull \hbox (15.0055pt too wide) in paragraph at lines 397--397
\T1/lmr/m/n/10.95 (-20) bytes,
 []


Overfull \hbox (12.85672pt too wide) in paragraph at lines 397--397
\T1/lmr/m/n/10.95 (-20) little-
 []


Overfull \hbox (23.03128pt too wide) in paragraph at lines 397--397
\T1/lmr/m/n/10.95 (-20) endian.| 
 []


Overfull \hbox (18.27005pt too wide) in paragraph at lines 397--397
[]|\T1/lmr/m/n/10.95 (-20) Varint
 []


Overfull \hbox (18.26216pt too wide) in paragraph at lines 397--397
\T1/lmr/m/n/10.95 (-20) length
 []


Underfull \hbox (badness 10000) in paragraph at lines 397--397
\OML/lmm/m/it/10.95 n$\T1/lmr/m/n/10.95 (+20) ,
 []


Overfull \hbox (9.91586pt too wide) in paragraph at lines 397--397
\T1/lmr/m/n/10.95 (-20) then
 []


Underfull \hbox (badness 10000) in paragraph at lines 397--397
\OML/lmm/m/it/10.95 n$
 []


Overfull \hbox (16.52754pt too wide) in paragraph at lines 397--397
\T1/lmr/m/n/10.95 (-20) bytes.| 
 []


Overfull \hbox (2.6129pt too wide) in paragraph at lines 397--397
[]|\T1/lmr/m/n/10.95 (-20) Do
 []


Overfull \hbox (4.25471pt too wide) in paragraph at lines 397--397
\T1/lmr/m/n/10.95 (-20) not
 []


Overfull \hbox (6.99463pt too wide) in paragraph at lines 397--397
\T1/lmr/m/n/10.95 (-20) use.| 
 []


Overfull \hbox (24.56444pt too wide) in paragraph at lines 397--397
[]|\T1/lmr/m/n/10.95 (-20) Exactly
 []


Underfull \hbox (badness 10000) in paragraph at lines 397--397
\T1/lmr/m/n/10.95 (+20) 4
 []


Overfull \hbox (15.0055pt too wide) in paragraph at lines 397--397
\T1/lmr/m/n/10.95 (-20) bytes,
 []


Overfull \hbox (12.85672pt too wide) in paragraph at lines 397--397
\T1/lmr/m/n/10.95 (-20) little-
 []


Overfull \hbox (23.03128pt too wide) in paragraph at lines 397--397
\T1/lmr/m/n/10.95 (-20) endian.| 
 []


Overfull \hbox (106.95926pt too wide) in alignment at lines 397--397
[][][][] 
 []


LaTeX Warning: `h' float specifier changed to `ht'.


Overfull \hbox (32.68823pt too wide) detected at line 414
\OT1/lmr/m/n/12 300 = 256 + 44 = (2 \OMS/lmsy/m/n/12 ^^\ \OT1/lmr/m/n/12 7) + 4
4  =[]\OMS/lmsy/m/n/12 )  [] \OT1/lmr/m/n/12 = [44\OML/lmm/m/it/12 ; \OT1/lmr/m
/n/12 2]  =[]\OMS/lmsy/m/n/12 )  [] \OT1/lmr/m/n/12 = [[]\OML/lmm/m/it/12 ;  []
\OT1/lmr/m/n/12 ]
 []


Overfull \hbox (23.23372pt too wide) in paragraph at lines 447--449
[]\T1/lmr/m/n/12 (-20) With \T1/lmtt/m/n/12 part_id = "A1"\T1/lmr/m/n/12 (-20) 
, \T1/lmtt/m/n/12 qty = 300\T1/lmr/m/n/12 (-20) , \T1/lmtt/m/n/12 delta = -3\T1
/lmr/m/n/12 (-20) , \T1/lmtt/m/n/12 unit_kg = 1.5\T1/lmr/m/n/12 (-20) , \T1/lmt
t/m/n/12 width_mm
 []

[245]
Overfull \hbox (82.38213pt too wide) detected at line 480
[]\OT1/lmr/m/n/12 (\OML/lmm/m/it/12 n\OT1/lmr/m/n/12 ) = (\OML/lmm/m/it/12 n \O
MS/lmsy/m/n/12 ^^\ \OT1/lmr/m/n/12 1) [] (\OML/lmm/m/it/12 n \OMS/lmsy/m/n/12 ^
^] \OT1/lmr/m/n/12 63)  \OMS/lmsy/m/n/12 ([])  \OT1/lmr/m/n/12 0 \OMS/lmsy/m/n/
12 7! \OT1/lmr/m/n/12 0\OML/lmm/m/it/12 ;  \OMS/lmsy/m/n/12 ^^@\OT1/lmr/m/n/12 
1 \OMS/lmsy/m/n/12 7! \OT1/lmr/m/n/12 1\OML/lmm/m/it/12 ;  \OT1/lmr/m/n/12 1 \O
MS/lmsy/m/n/12 7! \OT1/lmr/m/n/12 2\OML/lmm/m/it/12 ;  \OMS/lmsy/m/n/12 ^^@\OT1
/lmr/m/n/12 2 \OMS/lmsy/m/n/12 7! \OT1/lmr/m/n/12 3\OML/lmm/m/it/12 ;  \OT1/lmr
/m/n/12 2 \OMS/lmsy/m/n/12 7! \OT1/lmr/m/n/12 4\OML/lmm/m/it/12 ;  []
 []

[246] [247]
Overfull \hbox (19.09091pt too wide) in paragraph at lines 579--579
[]|\T1/lmr/bx/n/10.95 (-20) MessagePack| 
 []


Underfull \hbox (badness 10000) in paragraph at lines 579--579
[]|\T1/lmr/m/n/10.95 (+20) Largest;
 []


Underfull \hbox (badness 10000) in paragraph at lines 579--579
\T1/lmr/m/n/10.95 (+20) + text
 []


Underfull \hbox (badness 10000) in paragraph at lines 579--579
[]|\T1/lmr/m/n/10.95 (+20) Smallest;
 []


Underfull \hbox (badness 10000) in paragraph at lines 579--579
\T1/lmr/m/n/10.95 (+20) tags +
 []


Underfull \hbox (badness 10000) in paragraph at lines 579--579
[]|\T1/lmr/m/n/10.95 (+20) Smallest;
 []


Underfull \hbox (badness 4120) in paragraph at lines 579--579
\T1/lmr/m/n/10.95 (+20) names re-
 []


Underfull \hbox (badness 10000) in paragraph at lines 579--579
[]|\T1/lmr/m/n/10.95 (+20) Slowest
 []


Underfull \hbox (badness 10000) in paragraph at lines 579--579
\T1/lmr/m/n/10.95 (+20) (text
 []


Underfull \hbox (badness 1308) in paragraph at lines 579--579
[]|\T1/lmr/m/n/10.95 (+20) Fast (gen-
 []


Underfull \hbox (badness 10000) in paragraph at lines 579--579
\T1/lmr/m/n/10.95 (+20) er-ated
 []


Underfull \hbox (badness 3049) in paragraph at lines 579--579
[]|\T1/lmr/m/n/10.95 (+20) Yes (IDL,
 []


Underfull \hbox (badness 10000) in paragraph at lines 579--579
\T1/lmr/m/n/10.95 (+20) schema,
 []


Overfull \hbox (1.38138pt too wide) in paragraph at lines 579--579
[]|\T1/lmr/m/n/10.95 (-20) Convention
 []


Underfull \hbox (badness 10000) in paragraph at lines 579--579
\T1/lmr/m/n/10.95 (+20) + JSON
 []


Underfull \hbox (badness 10000) in paragraph at lines 579--579
\T1/lmr/m/n/10.95 (+20) Schema
 []


Underfull \hbox (badness 10000) in paragraph at lines 579--579
\T1/lmr/m/n/10.95 (+20) com-pat
 []


Underfull \hbox (badness 4266) in paragraph at lines 579--579
[]|\T1/lmr/m/n/10.95 (+20) Tag num-
 []


Underfull \hbox (badness 10000) in paragraph at lines 579--579
[]|\T1/lmr/m/n/10.95 (+20) Name
 []


Underfull \hbox (badness 10000) in paragraph at lines 579--579
\T1/lmr/m/n/10.95 (+20) match-ing
 []


Underfull \hbox (badness 10000) in paragraph at lines 579--579
\T1/lmr/m/n/10.95 (+20) + pro-mo-
 []


Underfull \hbox (badness 10000) in paragraph at lines 579--579
[]|\T1/lmr/m/n/10.95 (+20) Excellent
 []


Underfull \hbox (badness 10000) in paragraph at lines 579--579
[]|\T1/lmr/m/n/10.95 (+20) Poor
 []


Underfull \hbox (badness 10000) in paragraph at lines 579--579
\T1/lmr/m/n/10.95 (+20) (needs
 []


Underfull \hbox (badness 10000) in paragraph at lines 579--579
\T1/lmr/m/n/10.95 (+20) pro-toc
 []


Underfull \hbox (badness 10000) in paragraph at lines 579--579
[]|\T1/lmr/m/n/10.95 (+20) Poor
 []


Underfull \hbox (badness 10000) in paragraph at lines 579--579
\T1/lmr/m/n/10.95 (+20) (needs
 []


Underfull \hbox (badness 10000) in paragraph at lines 579--579
[]|\T1/lmr/m/n/10.95 (+20) Poor (bi-
 []


Overfull \hbox (4.55177pt too wide) in paragraph at lines 579--579
[]|\T1/lmr/m/n/10.95 (-20) Everywhere;
 []


Underfull \hbox (badness 10000) in paragraph at lines 579--579
\T1/lmr/m/n/10.95 (+20) browsers
 []


Underfull \hbox (badness 10000) in paragraph at lines 579--579
[]|\T1/lmr/m/n/10.95 (+20) gRPC,
 []


Underfull \hbox (badness 10000) in paragraph at lines 579--579
\T1/lmr/m/n/10.95 (+20) Google
 []


Underfull \hbox (badness 10000) in paragraph at lines 579--579
\T1/lmr/m/n/10.95 (+20) stack,
 []


Underfull \hbox (badness 10000) in paragraph at lines 579--579
\T1/lmr/m/n/10.95 (+20) poly-glot
 []


Underfull \hbox (badness 10000) in paragraph at lines 579--579
[]|\T1/lmr/m/n/10.95 (+20) Kafka,
 []


Underfull \hbox (badness 10000) in paragraph at lines 579--579
\T1/lmr/m/n/10.95 (+20) Hadoop,
 []


Underfull \hbox (badness 10000) in paragraph at lines 579--579
\T1/lmr/m/n/10.95 (+20) stream-ing
 []


Underfull \hbox (badness 10000) in paragraph at lines 579--579
[]|\T1/lmr/m/n/10.95 (+20) Redis,
 []


Underfull \hbox (badness 10000) in paragraph at lines 579--579
\T1/lmr/m/n/10.95 (+20) game/IoT,
 []


Underfull \hbox (badness 10000) in paragraph at lines 579--579
[]|\T1/lmr/m/n/10.95 (+20) Ignored
 []


Underfull \hbox (badness 10000) in paragraph at lines 579--579
\T1/lmr/m/n/10.95 (+20) by most
 []


Overfull \hbox (27.69632pt too wide) in paragraph at lines 579--579
[]|\T1/lmr/m/n/10.95 (-20) Ignored/dropped
 []


Underfull \hbox (badness 10000) in paragraph at lines 579--579
[]|\T1/lmr/m/n/10.95 (+20) Resolved
 []


Underfull \hbox (badness 10000) in paragraph at lines 579--579
[]|\T1/lmr/m/n/10.95 (+20) Preserved
 []


Underfull \hbox (badness 10000) in paragraph at lines 579--579
[]|\T1/lmr/m/n/10.95 (+20) Safe (ex-
 []


Underfull \hbox (badness 10000) in paragraph at lines 579--579
\T1/lmr/m/n/10.95 (+20) plicit
 []


Underfull \hbox (badness 10000) in paragraph at lines 579--579
[]|\T1/lmr/m/n/10.95 (+20) Safe
 []


Underfull \hbox (badness 10000) in paragraph at lines 579--579
[]|\T1/lmr/m/n/10.95 (+20) Safe
 []


Overfull \hbox (13.8184pt too wide) in paragraph at lines 579--579
\T1/lmr/m/n/10.95 (-20) (uint64/int64)| 
 []


LaTeX Warning: `h' float specifier changed to `ht'.

Package pgfplots info on input line 605: Using 'lua backend=false' for axis: x 
coord trafo unsupported.
[248]
Overfull \hbox (308.01404pt too wide) in paragraph at lines 645--648
 [][] 
 []


LaTeX Warning: `h' float specifier changed to `ht'.

[249] [250] [251]
Overfull \hbox (68.78322pt too wide) in paragraph at lines 791--793
 [][] 
 []


LaTeX Warning: `h' float specifier changed to `ht'.


Overfull \hbox (162.38782pt too wide) in paragraph at lines 822--824
 [][] 
 []


LaTeX Warning: `h' float specifier changed to `ht'.


Overfull \hbox (53.29543pt too wide) in paragraph at lines 835--841
 []\T1/lmr/bx/n/12 (-20) Schema reg-istries.[] \T1/lmr/m/n/12 (-20) A reg-istry
 (Con-flu-ent Schema Reg-istry for Avro/Protobuf/JSON
 []

[252]
Underfull \vbox (badness 4378) has occurred while \output is active []

 [253]
Underfull \vbox (badness 1648) has occurred while \output is active []

 [254]
Underfull \vbox (badness 10000) has occurred while \output is active []

 [255]
Underfull \vbox (badness 10000) has occurred while \output is active []

 [256]
Underfull \vbox (badness 10000) has occurred while \output is active []

 [257]
Overfull \hbox (26.04442pt too wide) in paragraph at lines 1066--1070
\T1/lmr/m/n/12 (-20) 2020-12 schema and ren-ders fail-ures as an RFC 9457 \T1/l
mtt/m/n/12 application/problem+json
 []

[258]
Underfull \vbox (badness 10000) has occurred while \output is active []

 [259]
Underfull \vbox (badness 10000) has occurred while \output is active []

 [260]
Overfull \hbox (9.41866pt too wide) in paragraph at lines 1171--1175
\T1/lmr/m/n/12 (-20) pi-la-tion is ex-pen-sive; per-request com-pi-la-tion is a
n anti-pattern), \T1/lmtt/m/n/12 iter_errors
 []

[261]
Underfull \vbox (badness 10000) has occurred while \output is active []

 [262]
Underfull \vbox (badness 10000) has occurred while \output is active []

 [263]
[264]
Underfull \vbox (badness 10000) has occurred while \output is active []

 [265]
Underfull \vbox (badness 10000) has occurred while \output is active []

 [266]
[267]
Underfull \vbox (badness 10000) has occurred while \output is active []

 [268]
Overfull \hbox (29.68896pt too wide) in paragraph at lines 1501--1508
\T1/lmr/m/n/12 (-20) (\T1/lmtt/m/n/12 unit_price_cents: 1999\T1/lmr/m/n/12 (-20
) ) or as a dec-i-mal string parsed into \T1/lmtt/m/n/12 decimal.Decimal\T1/lmr
/m/n/12 (-20) ;
 []

[269] [270] [271]

Package hyperref Warning: Token not allowed in a PDF string (Unicode):
(hyperref)                removing `math shift' on input line 1599.


Package hyperref Warning: Token not allowed in a PDF string (Unicode):
(hyperref)                removing `superscript' on input line 1599.


Package hyperref Warning: Token not allowed in a PDF string (Unicode):
(hyperref)                removing `math shift' on input line 1599.


Overfull \hbox (201.52995pt too wide) in paragraph at lines 1611--1622
\T1/lmtt/m/n/12 "9007199254740993"\T1/lmr/m/n/12 (-20) , shipped be-hind a ven-
dor me-dia type bump \T1/lmtt/m/n/12 application/vnd.northwind.orders+json;v=2
 []

[272]
Overfull \hbox (20.37654pt too wide) in paragraph at lines 1647--1651
[]\T1/lmr/m/n/12 (-20) Show that \T1/lmtt/m/n/12 additionalProperties: false \T
1/lmr/m/n/12 (-20) in-side an \T1/lmtt/m/n/12 allOf\T1/lmr/m/n/12 (-20) -compos
ed
 []


Overfull \hbox (73.74696pt too wide) in paragraph at lines 1647--1651
\T1/lmr/m/n/12 (-20) schema re-jects le-git-i-mate ex-tended fields, then fix i
t with \T1/lmtt/m/n/12 unevaluatedProperties\T1/lmr/m/n/12 (-20) .
 []


Underfull \vbox (badness 10000) has occurred while \output is active []

 [273]
[274]
Overfull \hbox (43.51357pt too wide) in paragraph at lines 1741--1746
[]\T1/lmtt/b/n/12 additionalProperties: false \T1/lmr/bx/n/12 (-20) vs. \T1/lmt
t/b/n/12 unevaluatedProperties: false\T1/lmr/bx/n/12 (-20) ? 
 []


Underfull \vbox (badness 10000) has occurred while \output is active []

 [275]
Underfull \vbox (badness 10000) has occurred while \output is active []

 [276]
Underfull \vbox (badness 10000) has occurred while \output is active []

 [277]
Overfull \hbox (7.75688pt too wide) in paragraph at lines 1845--1850
\T1/lmtt/m/n/12 application/vnd.northwind.parts+json;v=2\T1/lmr/m/n/12 (-20) : 
ven-dor tree for own-
 []


Overfull \hbox (1.96364pt too wide) in paragraph at lines 1864--1869
[]\T1/lmr/bx/n/12 (-20) Why must caches see \T1/lmtt/b/n/12 Vary: Accept \T1/lm
r/bx/n/12 (-20) on ne-go-ti-ated re-sources? 
 []


Underfull \vbox (badness 10000) has occurred while \output is active []

 [278]
Overfull \hbox (11.78401pt too wide) in paragraph at lines 1908--1915
\T1/lmr/m/n/12 (-20) The pro-ducer owns it: emit-ting du-pli-cates is al-ready 
out-side RFC 8259's
 []


Underfull \vbox (badness 10000) has occurred while \output is active []

 [279]
[280]
Overfull \hbox (0.27238pt too wide) in paragraph at lines 1959--1963
[]\T1/lmr/m/it/12 (-20) MessagePack Spec-i-fi-ca-tion\T1/lmr/m/n/12 (-20) , [][
]$\T1/lmtt/m/n/12 https : / / github . com / msgpack / msgpack /
 []


Overfull \hbox (100.52322pt too wide) in paragraph at lines 1979--1983
\T1/lmr/m/n/12 (-20) syn-thetic North-wind Robotics data. Place de-liv-er-ables
 un-der \T1/lmtt/m/n/12 capstones\capstone_NN_<slug>\
 []

[281]
Overfull \hbox (7.9823pt too wide) in paragraph at lines 2006--2006
[]\T1/lmr/bx/n/14.4 (-20) Capstone 2: Schema-Validation Mid-dle-ware [mid] 
 []

[282]
Overfull \hbox (1.23538pt too wide) in paragraph at lines 2076--2076
[]\T1/lmr/bx/n/14.4 (-20) Capstone 5: Format-Migration CLI for a Dataset
 []

[283] [284]
Underfull \vbox (badness 2096) has occurred while \output is active []

 [285]
Overfull \hbox (16.26054pt too wide) in paragraph at lines 2172--2176
\T1/lmr/m/n/12 (-20) tracts: as-ser-tions en-force, an-no-ta-tions de-scribe, \
T1/lmtt/m/n/12 unevaluatedProperties
 []


Underfull \hbox (badness 1546) in paragraph at lines 2209--2209
[]|\T1/lmr/m/n/10.95 (+20) Internal RPC, strict
 []


Underfull \hbox (badness 10000) in paragraph at lines 2209--2209
[]|\T1/lmr/m/n/10.95 (+20) Event logs, Kafka,
 []


Underfull \hbox (badness 10000) in paragraph at lines 2209--2209
\T1/lmr/m/n/10.95 (+20) writer/reader evo-lu-
 []


Underfull \hbox (badness 10000) in paragraph at lines 2209--2209
[]|\T1/lmr/m/n/10.95 (+20) Schemaless in-ter-nal
 []


Underfull \hbox (badness 10000) in paragraph at lines 2209--2209
[]|\T1/lmr/m/n/10.95 (+20) Feeds, logs, bulk
 []


Underfull \hbox (badness 10000) in paragraph at lines 2209--2209
\T1/lmr/m/n/10.95 (+20) ex-port, re-sum-able
 []


LaTeX Warning: `h' float specifier changed to `ht'.


LaTeX Warning: `h' float specifier changed to `ht'.

[286] (chapters/_standard_addendum.tex
Underfull \hbox (badness 10000) in alignment at lines 14--14
[][][][][] 
 []


LaTeX Warning: `h' float specifier changed to `ht'.


Overfull \hbox (55.38057pt too wide) in alignment at lines 39--39
[][][] 
 []


LaTeX Warning: `h' float specifier changed to `ht'.


Underfull \vbox (badness 1661) has occurred while \output is active []

 [287]
Underfull \hbox (badness 2285) in paragraph at lines 86--86
[]|\T1/lmr/bx/n/10.95 (+20) Choose this ap-proach
 []


Underfull \hbox (badness 5064) in paragraph at lines 86--86
[]|\T1/lmr/bx/n/10.95 (+20) Prefer an al-ter-na-tive
 []


LaTeX Warning: `h' float specifier changed to `ht'.


Underfull \vbox (badness 1231) has occurred while \output is active []

 [288]))
(chapters/chapter_05_client_side_security.tex [289] [290] [291] [292] [293]
[294] [295] [296

]
Chapter 6.

Underfull \vbox (badness 1226) has occurred while \output is active []

 [297]
Overfull \hbox (24.48436pt too wide) in paragraph at lines 79--83
[]\OT1/lmr/m/n/12 (-20) ([]([]([]([] + \OML/lmm/m/it/12 k; d\OT1/lmr/m/n/12 (-2
0) )\OML/lmm/m/it/12 ; r\OT1/lmr/m/n/12 (-20) )\OML/lmm/m/it/12 ; s\OT1/lmr/m/n
/12 (-20) )\OML/lmm/m/it/12 ; []\OT1/lmr/m/n/12 (-20) )$\T1/lmr/m/n/12 (-20) . 

 []


Overfull \hbox (20.16432pt too wide) in paragraph at lines 83--89
[]\T1/lmr/m/n/12 (-20) Explain the four OAuth 2.0 roles and im-ple-ment the aut
horization-
 []


Overfull \hbox (60.48727pt too wide) in paragraph at lines 83--89
\T1/lmtt/m/n/12 code_verifier\T1/lmr/m/n/12 (-20) , de-riv-ing $[] \OT1/lmr/m/n
/12 (-20) = []([](\OML/lmm/m/it/12 v\OT1/lmr/m/n/12 (-20) ))$\T1/lmr/m/n/12 (-2
0) ,
 []


Package fancyhdr Warning: \headheight is too small (15.0pt): 
(fancyhdr)                Make it at least 27.85004pt, for example:
(fancyhdr)                \setlength{\headheight}{27.85004pt}.
(fancyhdr)                You might also make \topmargin smaller:
(fancyhdr)                \addtolength{\topmargin}{-12.85004pt}.

[298] [299]

Package fancyhdr Warning: \headheight is too small (15.0pt): 
(fancyhdr)                Make it at least 27.85004pt, for example:
(fancyhdr)                \setlength{\headheight}{27.85004pt}.
(fancyhdr)                You might also make \topmargin smaller:
(fancyhdr)                \addtolength{\topmargin}{-12.85004pt}.

[300]
Overfull \hbox (3.65431pt too wide) in paragraph at lines 195--205
\T1/lmr/m/n/12 (-20) HTTP Ba-sic (RFC 7617) sends \T1/lmtt/m/n/12 Authorization
: Basic base64(username
 []

[301]

Package fancyhdr Warning: \headheight is too small (15.0pt): 
(fancyhdr)                Make it at least 27.85004pt, for example:
(fancyhdr)                \setlength{\headheight}{27.85004pt}.
(fancyhdr)                You might also make \topmargin smaller:
(fancyhdr)                \addtolength{\topmargin}{-12.85004pt}.

[302] [303]
Overfull \hbox (37.74884pt too wide) in paragraph at lines 339--350
\T1/lmr/m/n/12 (-20) sends the user's browser to the AS \T1/lmtt/m/n/12 /author
ize \T1/lmr/m/n/12 (-20) end-point with \T1/lmtt/m/n/12 response_type=code\T1/l
mr/m/n/12 (-20) ,
 []


Overfull \hbox (34.27415pt too wide) in paragraph at lines 361--366
\T1/lmr/m/n/12 (-20) of \T1/lmr/bx/n/12 (-20) 43--128 char-ac-ters \T1/lmr/m/n/
12 (-20) drawn from the un-re-served URI set \T1/lmtt/m/n/12 [A--Za--z0--9-._~]
\T1/lmr/m/n/12 (-20) .
 []


Overfull \hbox (56.52937pt too wide) detected at line 369
[] \OT1/lmr/m/n/12 = []  []
 []


Package fancyhdr Warning: \headheight is too small (15.0pt): 
(fancyhdr)                Make it at least 27.85004pt, for example:
(fancyhdr)                \setlength{\headheight}{27.85004pt}.
(fancyhdr)                You might also make \topmargin smaller:
(fancyhdr)                \addtolength{\topmargin}{-12.85004pt}.

[304]
Overfull \hbox (247.46718pt too wide) in paragraph at lines 422--425
 [][] 
 []


Overfull \hbox (49.89793pt too wide) in paragraph at lines 431--438
\T1/lmr/m/n/12 (-20) client POSTs \T1/lmtt/m/n/12 grant_type=client_credentials
 \T1/lmr/m/n/12 (-20) with its \T1/lmtt/m/n/12 client_id\T1/lmr/m/n/12 (-20) /\
T1/lmtt/m/n/12 client_secret
 []

[305]

Package fancyhdr Warning: \headheight is too small (15.0pt): 
(fancyhdr)                Make it at least 27.85004pt, for example:
(fancyhdr)                \setlength{\headheight}{27.85004pt}.
(fancyhdr)                You might also make \topmargin smaller:
(fancyhdr)                \addtolength{\topmargin}{-12.85004pt}.

[306]
Overfull \hbox (76.7159pt too wide) in paragraph at lines 513--516
 [][] 
 []


Overfull \hbox (38.29556pt too wide) in paragraph at lines 534--538
[]\T1/lmr/bx/n/12 (-20) Discovery. \T1/lmr/m/n/12 (-20) OIDC providers pub-lish
 \T1/lmtt/m/n/12 /.well-known/openid-configuration\T1/lmr/m/n/12 (-20) :
 []

[307]

Package fancyhdr Warning: \headheight is too small (15.0pt): 
(fancyhdr)                Make it at least 27.85004pt, for example:
(fancyhdr)                \setlength{\headheight}{27.85004pt}.
(fancyhdr)                You might also make \topmargin smaller:
(fancyhdr)                \addtolength{\topmargin}{-12.85004pt}.

[308] [309]
Overfull \hbox (33.9051pt too wide) in paragraph at lines 652--658
\T1/lmtt/m/n/12 key FROM keys WHERE id='$kid'\T1/lmr/m/n/12 (-20) ), the at-tac
ker in-jects \T1/lmtt/m/n/12 ../../etc/passwd
 []


Underfull \hbox (badness 10000) in paragraph at lines 698--698
[]|\T1/lmr/m/n/10.95 (+20) Twelve-factor na-
 []


Underfull \hbox (badness 1509) in paragraph at lines 698--698
[]|\T1/lmr/m/n/10.95 (+20) Desktop-only; head-
 []


Underfull \hbox (badness 10000) in paragraph at lines 698--698
[]|\T1/lmr/m/n/10.95 (+20) Central au-dit, ro-
 []


Underfull \hbox (badness 7869) in paragraph at lines 698--698
\T1/lmr/m/n/10.95 (+20) ta-tion, fine-grained
 []


Underfull \hbox (badness 10000) in paragraph at lines 698--698
\T1/lmr/m/n/10.95 (+20) bootstrap-credential
 []


Package fancyhdr Warning: \headheight is too small (15.0pt): 
(fancyhdr)                Make it at least 27.85004pt, for example:
(fancyhdr)                \setlength{\headheight}{27.85004pt}.
(fancyhdr)                You might also make \topmargin smaller:
(fancyhdr)                \addtolength{\topmargin}{-12.85004pt}.

[310] [311]
Overfull \hbox (94.60706pt too wide) in paragraph at lines 777--778
[][][][] 
 []


Underfull \vbox (badness 10000) has occurred while \output is active []



Package fancyhdr Warning: \headheight is too small (15.0pt): 
(fancyhdr)                Make it at least 27.85004pt, for example:
(fancyhdr)                \setlength{\headheight}{27.85004pt}.
(fancyhdr)                You might also make \topmargin smaller:
(fancyhdr)                \addtolength{\topmargin}{-12.85004pt}.

[312]
Underfull \vbox (badness 10000) has occurred while \output is active []

 [313]
Underfull \vbox (badness 10000) has occurred while \output is active []



Package fancyhdr Warning: \headheight is too small (15.0pt): 
(fancyhdr)                Make it at least 27.85004pt, for example:
(fancyhdr)                \setlength{\headheight}{27.85004pt}.
(fancyhdr)                You might also make \topmargin smaller:
(fancyhdr)                \addtolength{\topmargin}{-12.85004pt}.

[314]
Underfull \vbox (badness 10000) has occurred while \output is active []

 [315]
Underfull \vbox (badness 10000) has occurred while \output is active []



Package fancyhdr Warning: \headheight is too small (15.0pt): 
(fancyhdr)                Make it at least 27.85004pt, for example:
(fancyhdr)                \setlength{\headheight}{27.85004pt}.
(fancyhdr)                You might also make \topmargin smaller:
(fancyhdr)                \addtolength{\topmargin}{-12.85004pt}.

[316]
Underfull \vbox (badness 10000) has occurred while \output is active []

 [317]

Package fancyhdr Warning: \headheight is too small (15.0pt): 
(fancyhdr)                Make it at least 27.85004pt, for example:
(fancyhdr)                \setlength{\headheight}{27.85004pt}.
(fancyhdr)                You might also make \topmargin smaller:
(fancyhdr)                \addtolength{\topmargin}{-12.85004pt}.

[318] [319]
Overfull \hbox (67.01282pt too wide) in paragraph at lines 1027--1030
[][][][] 
 []


Underfull \vbox (badness 10000) has occurred while \output is active []



Package fancyhdr Warning: \headheight is too small (15.0pt): 
(fancyhdr)                Make it at least 27.85004pt, for example:
(fancyhdr)                \setlength{\headheight}{27.85004pt}.
(fancyhdr)                You might also make \topmargin smaller:
(fancyhdr)                \addtolength{\topmargin}{-12.85004pt}.

[320]
Underfull \vbox (badness 10000) has occurred while \output is active []

 [321]
Underfull \vbox (badness 10000) has occurred while \output is active []



Package fancyhdr Warning: \headheight is too small (15.0pt): 
(fancyhdr)                Make it at least 27.85004pt, for example:
(fancyhdr)                \setlength{\headheight}{27.85004pt}.
(fancyhdr)                You might also make \topmargin smaller:
(fancyhdr)                \addtolength{\topmargin}{-12.85004pt}.

[322]
Underfull \vbox (badness 10000) has occurred while \output is active []

 [323]
Underfull \vbox (badness 10000) has occurred while \output is active []



Package fancyhdr Warning: \headheight is too small (15.0pt): 
(fancyhdr)                Make it at least 27.85004pt, for example:
(fancyhdr)                \setlength{\headheight}{27.85004pt}.
(fancyhdr)                You might also make \topmargin smaller:
(fancyhdr)                \addtolength{\topmargin}{-12.85004pt}.

[324]
Underfull \vbox (badness 10000) has occurred while \output is active []

 [325]
Overfull \hbox (37.89986pt too wide) in paragraph at lines 1260--1264
\T1/lmr/m/n/12 (-20) na-ture sec-ond (constant-time), claims third (with lee-wa
y). The \T1/lmtt/m/n/12 SignatureVerifier
 []


Overfull \hbox (11.3064pt too wide) in paragraph at lines 1260--1264
\T1/lmr/m/n/12 (-20) pro-to-col marks the ex-act seam where an RS256 back-end b
uilt on \T1/lmtt/m/n/12 cryptography
 []


Package fancyhdr Warning: \headheight is too small (15.0pt): 
(fancyhdr)                Make it at least 27.85004pt, for example:
(fancyhdr)                \setlength{\headheight}{27.85004pt}.
(fancyhdr)                You might also make \topmargin smaller:
(fancyhdr)                \addtolength{\topmargin}{-12.85004pt}.

[326]
Underfull \vbox (badness 10000) has occurred while \output is active []

 [327]
Underfull \vbox (badness 10000) has occurred while \output is active []



Package fancyhdr Warning: \headheight is too small (15.0pt): 
(fancyhdr)                Make it at least 27.85004pt, for example:
(fancyhdr)                \setlength{\headheight}{27.85004pt}.
(fancyhdr)                You might also make \topmargin smaller:
(fancyhdr)                \addtolength{\topmargin}{-12.85004pt}.

[328]
Underfull \vbox (badness 10000) has occurred while \output is active []

 [329]
Underfull \vbox (badness 10000) has occurred while \output is active []



Package fancyhdr Warning: \headheight is too small (15.0pt): 
(fancyhdr)                Make it at least 27.85004pt, for example:
(fancyhdr)                \setlength{\headheight}{27.85004pt}.
(fancyhdr)                You might also make \topmargin smaller:
(fancyhdr)                \addtolength{\topmargin}{-12.85004pt}.

[330]
Underfull \vbox (badness 10000) has occurred while \output is active []

 [331]
Underfull \vbox (badness 1033) has occurred while \output is active []



Package fancyhdr Warning: \headheight is too small (15.0pt): 
(fancyhdr)                Make it at least 27.85004pt, for example:
(fancyhdr)                \setlength{\headheight}{27.85004pt}.
(fancyhdr)                You might also make \topmargin smaller:
(fancyhdr)                \addtolength{\topmargin}{-12.85004pt}.

[332] [333]
Underfull \vbox (badness 10000) has occurred while \output is active []



Package fancyhdr Warning: \headheight is too small (15.0pt): 
(fancyhdr)                Make it at least 27.85004pt, for example:
(fancyhdr)                \setlength{\headheight}{27.85004pt}.
(fancyhdr)                You might also make \topmargin smaller:
(fancyhdr)                \addtolength{\topmargin}{-12.85004pt}.

[334]
Overfull \hbox (46.31714pt too wide) in paragraph at lines 1588--1589
[][][][] 
 []


Underfull \vbox (badness 10000) has occurred while \output is active []

 [335]
Underfull \vbox (badness 10000) has occurred while \output is active []



Package fancyhdr Warning: \headheight is too small (15.0pt): 
(fancyhdr)                Make it at least 27.85004pt, for example:
(fancyhdr)                \setlength{\headheight}{27.85004pt}.
(fancyhdr)                You might also make \topmargin smaller:
(fancyhdr)                \addtolength{\topmargin}{-12.85004pt}.

[336]
Overfull \hbox (54.21666pt too wide) in paragraph at lines 1653--1653
[]\T1/lmr/bx/n/14.4 (-20) Listing 5.5 --- Ed-u-ca-tional At-tack Demo: RS256$\O
MS/lmsy/m/n/14.4 !$\T1/lmr/bx/n/14.4 (-20) HS256
 []

[337]
Underfull \vbox (badness 10000) has occurred while \output is active []



Package fancyhdr Warning: \headheight is too small (15.0pt): 
(fancyhdr)                Make it at least 27.85004pt, for example:
(fancyhdr)                \setlength{\headheight}{27.85004pt}.
(fancyhdr)                You might also make \topmargin smaller:
(fancyhdr)                \addtolength{\topmargin}{-12.85004pt}.

[338]
Underfull \vbox (badness 10000) has occurred while \output is active []

 [339]
Underfull \vbox (badness 10000) has occurred while \output is active []



Package fancyhdr Warning: \headheight is too small (15.0pt): 
(fancyhdr)                Make it at least 27.85004pt, for example:
(fancyhdr)                \setlength{\headheight}{27.85004pt}.
(fancyhdr)                You might also make \topmargin smaller:
(fancyhdr)                \addtolength{\topmargin}{-12.85004pt}.

[340]
Underfull \vbox (badness 6284) has occurred while \output is active []

 [341]
Overfull \hbox (10.86359pt too wide) in paragraph at lines 1844--1848
[]\T1/lmr/bx/n/12 (-20) One key across en-vi-ron-ments. \T1/lmr/m/n/12 (-20) A 
sin-gle API key for dev/staging/prod
 []


Package fancyhdr Warning: \headheight is too small (15.0pt): 
(fancyhdr)                Make it at least 27.85004pt, for example:
(fancyhdr)                \setlength{\headheight}{27.85004pt}.
(fancyhdr)                You might also make \topmargin smaller:
(fancyhdr)                \addtolength{\topmargin}{-12.85004pt}.

[342] [343]
Overfull \hbox (35.22643pt too wide) in paragraph at lines 1914--1919
[]\T1/lmr/bx/n/12 (-20) Part E --- at-tack and cure. \T1/lmr/m/n/12 (-20) Run L
ist-ing [][]6.3.5[][]. Then port \T1/lmtt/m/n/12 hardened_verify\T1/lmr/m/n/12 
(-20) 's
 []


Package fancyhdr Warning: \headheight is too small (15.0pt): 
(fancyhdr)                Make it at least 27.85004pt, for example:
(fancyhdr)                \setlength{\headheight}{27.85004pt}.
(fancyhdr)                You might also make \topmargin smaller:
(fancyhdr)                \addtolength{\topmargin}{-12.85004pt}.

[344] [345]
Underfull \vbox (badness 1735) has occurred while \output is active []



Package fancyhdr Warning: \headheight is too small (15.0pt): 
(fancyhdr)                Make it at least 27.85004pt, for example:
(fancyhdr)                \setlength{\headheight}{27.85004pt}.
(fancyhdr)                You might also make \topmargin smaller:
(fancyhdr)                \addtolength{\topmargin}{-12.85004pt}.

[346]
Underfull \vbox (badness 10000) has occurred while \output is active []

 [347]
Overfull \hbox (40.1119pt too wide) in paragraph at lines 2081--2081
[]\T1/lmr/bx/n/12 (-20) Why must HMAC sig-na-ture com-par-i-son use \T1/lmtt/b/
n/12 hmac.compare_digest
 []


Package fancyhdr Warning: \headheight is too small (15.0pt): 
(fancyhdr)                Make it at least 27.85004pt, for example:
(fancyhdr)                \setlength{\headheight}{27.85004pt}.
(fancyhdr)                You might also make \topmargin smaller:
(fancyhdr)                \addtolength{\topmargin}{-12.85004pt}.

[348]
Overfull \hbox (128.71652pt too wide) in paragraph at lines 2153--2160
\T1/lmr/m/n/12 (-20) browser; the de-vice polls the to-ken end-point, hon-or-in
g \T1/lmtt/m/n/12 authorization_pending\T1/lmr/m/n/12 (-20) /\T1/lmtt/m/n/12 sl
ow_down\T1/lmr/m/n/12 (-20) .
 []


Underfull \vbox (badness 10000) has occurred while \output is active []

 [349]
Underfull \vbox (badness 10000) has occurred while \output is active []



Package fancyhdr Warning: \headheight is too small (15.0pt): 
(fancyhdr)                Make it at least 27.85004pt, for example:
(fancyhdr)                \setlength{\headheight}{27.85004pt}.
(fancyhdr)                You might also make \topmargin smaller:
(fancyhdr)                \addtolength{\topmargin}{-12.85004pt}.

[350] [351]
Underfull \vbox (badness 10000) has occurred while \output is active []



Package fancyhdr Warning: \headheight is too small (15.0pt): 
(fancyhdr)                Make it at least 27.85004pt, for example:
(fancyhdr)                \setlength{\headheight}{27.85004pt}.
(fancyhdr)                You might also make \topmargin smaller:
(fancyhdr)                \addtolength{\topmargin}{-12.85004pt}.

[352]
Underfull \vbox (badness 10000) has occurred while \output is active []

 [353]
Overfull \hbox (2.4324pt too wide) in paragraph at lines 2345--2348
[]\T1/lmr/bx/n/12 (-20) The Twelve-Factor App, fac-tor III \T1/lmr/m/n/12 (-20)
 [[][]Wig17[][]]. Config-in-environment
 []


Underfull \vbox (badness 10000) has occurred while \output is active []



Package fancyhdr Warning: \headheight is too small (15.0pt): 
(fancyhdr)                Make it at least 27.85004pt, for example:
(fancyhdr)                \setlength{\headheight}{27.85004pt}.
(fancyhdr)                You might also make \topmargin smaller:
(fancyhdr)                \addtolength{\topmargin}{-12.85004pt}.

[354]
Overfull \hbox (13.89847pt too wide) in paragraph at lines 2396--2399
[]\T1/lmr/bx/n/12 (-20) Inputs/Datasets. \T1/lmr/m/n/12 (-20) The stub IdP (ex-
tended with \T1/lmtt/m/n/12 /device_authorization
 []

[355]

Package fancyhdr Warning: \headheight is too small (15.0pt): 
(fancyhdr)                Make it at least 27.85004pt, for example:
(fancyhdr)                \setlength{\headheight}{27.85004pt}.
(fancyhdr)                You might also make \topmargin smaller:
(fancyhdr)                \addtolength{\topmargin}{-12.85004pt}.

[356]
Overfull \hbox (42.1296pt too wide) in paragraph at lines 2450--2453
[]\T1/lmr/bx/n/12 (-20) Stretch Goals. \T1/lmr/m/n/12 (-20) Auto-fix mode for t
he me-chan-i-cal rules (\T1/lmtt/m/n/12 == $\OMS/lmsy/m/n/12 !$ \T1/lmtt/m/n/12
 compare_digest\T1/lmr/m/n/12 (-20) );
 []

[357]
Overfull \hbox (11.06177pt too wide) in paragraph at lines 2543--2548
\T1/lmr/m/n/12 (-20) rity re-sponse. \T1/lmtt/m/n/12 pyjwt \T1/lmr/m/n/12 (-20)
 makes the safe or-der the de-fault: \T1/lmtt/m/n/12 algorithms=["RS256"]
 []


Package fancyhdr Warning: \headheight is too small (15.0pt): 
(fancyhdr)                Make it at least 27.85004pt, for example:
(fancyhdr)                \setlength{\headheight}{27.85004pt}.
(fancyhdr)                You might also make \topmargin smaller:
(fancyhdr)                \addtolength{\topmargin}{-12.85004pt}.

[358] [359]

Package fancyhdr Warning: \headheight is too small (15.0pt): 
(fancyhdr)                Make it at least 27.85004pt, for example:
(fancyhdr)                \setlength{\headheight}{27.85004pt}.
(fancyhdr)                You might also make \topmargin smaller:
(fancyhdr)                \addtolength{\topmargin}{-12.85004pt}.

[360]

Package tabularx Warning: X Columns too narrow (table too wide)
(tabularx)                 on input line 2699.


Overfull \hbox (21.26605pt too wide) in paragraph at lines 2699--2699
[]|\T1/lmr/bx/n/10.95 (-20) Never| 
 []


Overfull \hbox (21.92886pt too wide) in paragraph at lines 2699--2699
[]|\T1/lmr/m/n/10.95 (-20) Secrets
 []


Underfull \hbox (badness 10000) in paragraph at lines 2699--2699
\T1/lmr/m/n/10.95 (+20) in
 []


Overfull \hbox (11.11238pt too wide) in paragraph at lines 2699--2699
\T1/lmr/m/n/10.95 (-20) repo,
 []


Overfull \hbox (8.45338pt too wide) in paragraph at lines 2699--2699
\T1/lmr/m/n/10.95 (-20) logs,
 []


Overfull \hbox (2.72128pt too wide) in paragraph at lines 2699--2699
\T1/lmr/m/n/10.95 (-20) im-
 []


Overfull \hbox (8.78322pt too wide) in paragraph at lines 2699--2699
\T1/lmr/m/n/10.95 (-20) ages| 
 []


Overfull \hbox (26.18956pt too wide) in paragraph at lines 2699--2699
[]|\T1/lmr/m/n/10.95 (-20) Dotfiles,
 []


Overfull \hbox (9.97543pt too wide) in paragraph at lines 2699--2699
\T1/lmr/m/n/10.95 (-20) shell
 []


Overfull \hbox (3.97359pt too wide) in paragraph at lines 2699--2699
\T1/lmr/m/n/10.95 (-20) his-
 []


Overfull \hbox (8.45557pt too wide) in paragraph at lines 2699--2699
\T1/lmr/m/n/10.95 (-20) tory| 
 []


Overfull \hbox (19.4541pt too wide) in paragraph at lines 2699--2699
[]|\T1/lmr/m/n/10.95 (-20) Config
 []


Overfull \hbox (6.99463pt too wide) in paragraph at lines 2699--2699
\T1/lmr/m/n/10.95 (-20) files
 []


Underfull \hbox (badness 10000) in paragraph at lines 2699--2699
\T1/lmr/m/n/10.95 (+20) in
 []


Overfull \hbox (2.72128pt too wide) in paragraph at lines 2699--2699
\T1/lmr/m/n/10.95 (-20) im-
 []


Overfull \hbox (4.55038pt too wide) in paragraph at lines 2699--2699
\T1/lmr/m/n/10.95 (-20) age| 
 []


Overfull \hbox (46.01988pt too wide) in paragraph at lines 2699--2699
[]|\T1/lmr/m/n/10.95 (-20) localStorage
 []


Overfull \hbox (11.26976pt too wide) in paragraph at lines 2699--2699
\T1/lmr/m/n/10.95 (-20) with-
 []


Overfull \hbox (4.25471pt too wide) in paragraph at lines 2699--2699
\T1/lmr/m/n/10.95 (-20) out
 []


Overfull \hbox (7.199pt too wide) in paragraph at lines 2699--2699
\T1/lmr/m/n/10.95 (-20) doc-
 []


Underfull \hbox (badness 10000) in paragraph at lines 2699--2699
\T1/lmr/m/n/10.95 (+20) u-
 []


Overfull \hbox (23.3232pt too wide) in paragraph at lines 2699--2699
\T1/lmr/m/n/10.95 (-20) mented
 []


Overfull \hbox (10.47174pt too wide) in paragraph at lines 2699--2699
\T1/lmr/m/n/10.95 (-20) anal-
 []


Underfull \hbox (badness 10000) in paragraph at lines 2699--2699
\T1/lmr/m/n/10.95 (+20) y-
 []


Overfull \hbox (73.45486pt too wide) in alignment at lines 2699--2699
[][][][] 
 []

(chapters/_standard_addendum.tex
Underfull \hbox (badness 10000) in alignment at lines 14--14
[][][][][] 
 []


LaTeX Warning: `h' float specifier changed to `ht'.

[361]
Overfull \hbox (55.38057pt too wide) in alignment at lines 39--39
[][][] 
 []


LaTeX Warning: `h' float specifier changed to `ht'.


Package fancyhdr Warning: \headheight is too small (15.0pt): 
(fancyhdr)                Make it at least 27.85004pt, for example:
(fancyhdr)                \setlength{\headheight}{27.85004pt}.
(fancyhdr)                You might also make \topmargin smaller:
(fancyhdr)                \addtolength{\topmargin}{-12.85004pt}.

[362]
Underfull \hbox (badness 2285) in paragraph at lines 86--86
[]|\T1/lmr/bx/n/10.95 (+20) Choose this ap-proach
 []


Underfull \hbox (badness 5064) in paragraph at lines 86--86
[]|\T1/lmr/bx/n/10.95 (+20) Prefer an al-ter-na-tive
 []

[363])) (chapters/chapter_06_building_apis_fastapi.tex

Package fancyhdr Warning: \headheight is too small (15.0pt): 
(fancyhdr)                Make it at least 27.85004pt, for example:
(fancyhdr)                \setlength{\headheight}{27.85004pt}.
(fancyhdr)                You might also make \topmargin smaller:
(fancyhdr)                \addtolength{\topmargin}{-12.85004pt}.

[364]
Chapter 7.
[365

]
Overfull \hbox (19.51352pt too wide) in paragraph at lines 63--69
\T1/lmtt/m/n/12 paths\T1/lmr/m/n/12 (-20) , op-er-a-tions, \T1/lmtt/m/n/12 comp
onents.schemas\T1/lmr/m/n/12 (-20) , and \T1/lmtt/m/n/12 securitySchemes
 []


Overfull \hbox (9.20677pt too wide) in paragraph at lines 84--89
[]\T1/lmr/m/n/12 (-20) Apply the Py-dan-tic v2 val-i-da-tion pipeline --- \T1/l
mtt/m/n/12 field_validator\T1/lmr/m/n/12 (-20) ,
 []


Overfull \hbox (2.49379pt too wide) in paragraph at lines 84--89
\T1/lmr/m/n/12 (-20) core --- to en-force do-main in-vari-ants, and use \T1/lmt
t/m/n/12 response_model
 []

[366]
Overfull \hbox (85.02354pt too wide) in paragraph at lines 89--93
[]\T1/lmr/m/n/12 (-20) Operate the ser-vice: 12-factor con-fig-u-ra-tion with \
T1/lmtt/m/n/12 pydantic-settings \T1/lmr/m/n/12 (-20) [[][]Wig17[][]],
 []

[367]
Underfull \hbox (badness 6032) in paragraph at lines 190--190
[]|\T1/lmr/m/n/10.95 (+20) Hand-written Ope-nAPI
 []


Underfull \hbox (badness 4913) in paragraph at lines 190--190
[]|\T1/lmr/m/n/10.95 (+20) Immediately (gen-er-ated
 []


Underfull \hbox (badness 10000) in paragraph at lines 190--190
[]|\T1/lmr/m/n/10.95 (+20) After first de-ploy-able
 []


Underfull \hbox (badness 10000) in paragraph at lines 190--190
[]|\T1/lmr/m/n/10.95 (+20) Internal APIs, small
 []


Underfull \hbox (badness 10000) in paragraph at lines 190--190
[]|\T1/lmr/m/n/10.95 (+20) Spec/implementation
 []


LaTeX Warning: `h' float specifier changed to `ht'.


Overfull \hbox (170.29608pt too wide) in paragraph at lines 222--225
 [][] 
 []


LaTeX Warning: `h' float specifier changed to `ht'.

[368]
Overfull \hbox (3.87259pt too wide) in paragraph at lines 247--255
[]\T1/lmtt/b/n/12 paths \T1/lmr/m/n/12 (-20) --- the heart: a map from path tem
-plates (\T1/lmtt/m/n/12 /orders/{order_id}\T1/lmr/m/n/12 (-20) )
 []


Overfull \hbox (14.46454pt too wide) in paragraph at lines 260--265
\T1/lmr/m/n/12 (-20) ca-tion mech-a-nisms (\T1/lmtt/m/n/12 apiKey\T1/lmr/m/n/12
 (-20) , \T1/lmtt/m/n/12 http \T1/lmr/m/n/12 (-20) bearer/basic, \T1/lmtt/m/n/1
2 oauth2\T1/lmr/m/n/12 (-20) , \T1/lmtt/m/n/12 openIdConnect\T1/lmr/m/n/12 (-20
) )
 []

[369]
Overfull \hbox (1.42148pt too wide) in paragraph at lines 269--278
[]\T1/lmr/m/n/12 (-20) FastAPI gen-er-ates all of this from your an-no-ta-tions
: the \T1/lmtt/m/n/12 response_model
 []


Overfull \hbox (30.72543pt too wide) in paragraph at lines 287--295
\T1/lmr/m/n/12 (-20) chunks, \T1/lmtt/m/n/12 http.disconnect\T1/lmr/m/n/12 (-20
) ); \T1/lmtt/m/n/12 send \T1/lmr/m/n/12 (-20) awaits out-bound events (\T1/lmt
t/m/n/12 http.response.start
 []

[370]
Overfull \hbox (3.25488pt too wide) in paragraph at lines 305--309
[]\T1/lmr/bx/n/12 (-20) Starlette \T1/lmr/m/n/12 (-20) is the ASGI toolkit: the
 router that matches \T1/lmtt/m/n/12 scope["path"]\T1/lmr/m/n/12 (-20) ,
 []


Overfull \hbox (1.58374pt too wide) in paragraph at lines 305--309
\T1/lmr/m/n/12 (-20) the mid-dle-ware ma-chin-ery, re-quest/response ab-strac-t
ions, \T1/lmtt/m/n/12 TestClient\T1/lmr/m/n/12 (-20) ,
 []


Overfull \hbox (13.93636pt too wide) in paragraph at lines 309--314
\T1/lmr/m/n/12 (-20) tion com-piler on top of Star-lette. When you write \T1/lm
tt/m/n/12 @app.get("/orders")\T1/lmr/m/n/12 (-20) ,
 []


Overfull \hbox (80.77032pt too wide) in paragraph at lines 341--344
 [][] 
 []

[371] [372] [373]
Overfull \hbox (13.61526pt too wide) in paragraph at lines 484--490
\T1/lmr/m/n/12 (-20) wire while Python code keeps id-iomatic names. \T1/lmtt/m/
n/12 populate_by_name=True
 []


Overfull \hbox (75.48892pt too wide) in paragraph at lines 503--516
\T1/lmtt/m/n/12 Settings(repository_backend="memory") \T1/lmr/m/n/12 (-20) ex-p
lic-itly; pro-duc-tion sets \T1/lmtt/m/n/12 NWR_SQLITE_PATH\T1/lmr/m/n/12 (-20)
 ;
 []


Underfull \hbox (badness 10000) in paragraph at lines 539--539
[]|\T1/lmr/m/n/10.95 (+20) Dependencies reach-able
 []


Underfull \hbox (badness 10000) in paragraph at lines 539--539
\T1/lmr/m/n/10.95 (+20) (repos-i-tory \T1/lmtt/m/n/10.95 ping()\T1/lmr/m/n/10.9
5 (+20) ),
 []


Underfull \hbox (badness 2529) in paragraph at lines 539--539
\T1/lmr/m/n/10.95 (+20) the loop runs; fail $\OMS/lmsy/m/n/10.95 )$
 []

[374]
Overfull \hbox (22.00145pt too wide) in paragraph at lines 546--552
[]\T1/lmr/bx/n/12 (-20) Graceful shut-down. \T1/lmr/m/n/12 (-20) Uvi-corn's lif
es-pan pro-to-col sends \T1/lmtt/m/n/12 lifespan.shutdown
 []


Overfull \hbox (3.15215pt too wide) in paragraph at lines 560--563
[]\T1/lmtt/b/n/12 response_model \T1/lmr/bx/n/12 (-20) fil-ter-ing \T1/lmr/m/n/
12 (-20) --- the se-cu-rity bound-ary from Sec-tion [][]7.2.6[][]:
 []


Overfull \hbox (96.41252pt too wide) in paragraph at lines 569--573
\T1/lmr/m/n/12 (-20) se-ri-al-iza-tion (the er-ror han-dlers re-turn \T1/lmtt/m
/n/12 JSONResponse \T1/lmr/m/n/12 (-20) with \T1/lmtt/m/n/12 application/proble
m+json\T1/lmr/m/n/12 (-20) ),
 []

[375]
Underfull \hbox (badness 7869) in paragraph at lines 584--591
[]\T1/lmr/bx/n/12 (+20) The accidental-contract trap, con-cretely. \T1/lmr/m/n/
12 (+20) With-out
 []


Underfull \hbox (badness 5231) in paragraph at lines 584--591
\T1/lmtt/m/n/12 response_model\T1/lmr/m/n/12 (+20) , re-turn-ing an \T1/lmtt/m/
n/12 OrderRecord \T1/lmr/m/n/12 (+20) would se-ri-al-ize
 []

[376] [377]
Overfull \hbox (156.69409pt too wide) in paragraph at lines 665--666
[][][][] 
 []


Overfull \hbox (156.69409pt too wide) in paragraph at lines 667--670
[][][][] 
 []


Overfull \hbox (156.69409pt too wide) in paragraph at lines 685--686
[][][][] 
 []


Overfull \hbox (156.69409pt too wide) in paragraph at lines 687--690
[][][][] 
 []


Underfull \vbox (badness 10000) has occurred while \output is active []

 [378]
Overfull \hbox (156.69409pt too wide) in paragraph at lines 718--719
[][][][] 
 []


Overfull \hbox (156.69409pt too wide) in paragraph at lines 720--723
[][][][] 
 []


Underfull \vbox (badness 10000) has occurred while \output is active []

 [379]
Underfull \vbox (badness 10000) has occurred while \output is active []

 [380]
Underfull \vbox (badness 10000) has occurred while \output is active []

 [381]
Overfull \hbox (156.69409pt too wide) in paragraph at lines 826--827
[][][][] 
 []


Overfull \hbox (156.69409pt too wide) in paragraph at lines 828--831
[][][][] 
 []


Underfull \vbox (badness 10000) has occurred while \output is active []

 [382]
Underfull \vbox (badness 10000) has occurred while \output is active []

 [383]
Underfull \vbox (badness 10000) has occurred while \output is active []

 [384]
Underfull \vbox (badness 10000) has occurred while \output is active []

 [385]
Overfull \hbox (156.69409pt too wide) in paragraph at lines 968--969
[][][][] 
 []


Overfull \hbox (156.69409pt too wide) in paragraph at lines 970--973
[][][][] 
 []


Underfull \vbox (badness 10000) has occurred while \output is active []

 [386]
Overfull \hbox (156.69409pt too wide) in paragraph at lines 995--996
[][][][] 
 []


Overfull \hbox (156.69409pt too wide) in paragraph at lines 997--1000
[][][][] 
 []


Overfull \hbox (156.69409pt too wide) in paragraph at lines 1012--1013
[][][][] 
 []


Overfull \hbox (156.69409pt too wide) in paragraph at lines 1014--1017
[][][][] 
 []


Underfull \vbox (badness 10000) has occurred while \output is active []

 [387]
Underfull \vbox (badness 10000) has occurred while \output is active []

 [388]
Overfull \hbox (156.69409pt too wide) in paragraph at lines 1073--1074
[][][][] 
 []


Overfull \hbox (156.69409pt too wide) in paragraph at lines 1075--1078
[][][][] 
 []


Underfull \vbox (badness 10000) has occurred while \output is active []

 [389]
Overfull \hbox (67.01282pt too wide) in paragraph at lines 1116--1118
[][][][] 
 []


Underfull \vbox (badness 10000) has occurred while \output is active []

 [390]
Underfull \vbox (badness 10000) has occurred while \output is active []

 [391]
Overfull \hbox (4.92578pt too wide) in paragraph at lines 1178--1180
[][][][] 
 []


Underfull \vbox (badness 10000) has occurred while \output is active []

 [392]
Overfull \hbox (2.56737pt too wide) in paragraph at lines 1220--1225
[]\T1/lmr/bx/n/12 (-20) The fac-tory, not the mod-ule global. \T1/lmtt/m/n/12 c
reate_app \T1/lmr/m/n/12 (-20) takes a \T1/lmtt/m/n/12 Settings
 []

[393] [394]
Underfull \vbox (badness 10000) has occurred while \output is active []

 [395]
Underfull \vbox (badness 10000) has occurred while \output is active []

 [396]
Underfull \vbox (badness 10000) has occurred while \output is active []

 [397]
Underfull \hbox (badness 10000) in paragraph at lines 1406--1414
[]\T1/lmtt/b/n/12 BaseHTTPMiddleware \T1/lmr/bx/n/12 (+20) vs. pure ASGI. \T1/l
mr/m/n/12 (+20) Star-lette's
 []


Underfull \hbox (badness 5504) in paragraph at lines 1406--1414
\T1/lmtt/m/n/12 BaseHTTPMiddleware \T1/lmr/m/n/12 (+20) is con-ve-nient (re-que
st/response ob-jects
 []


Underfull \hbox (badness 1701) in paragraph at lines 1406--1414
\T1/lmr/m/n/12 (+20) in-stead of raw mes-sages) but his-tor-i-cally buffered st
ream-ing
 []


Overfull \hbox (17.5036pt too wide) in paragraph at lines 1416--1416
[]\T1/lmr/bx/n/14.4 (-20) The DI Show-case: Chains, Yield-Cleanup, Caching,
 []

[398]
Underfull \vbox (badness 10000) has occurred while \output is active []

 [399]
Underfull \vbox (badness 10000) has occurred while \output is active []

 [400]
[401]
Underfull \vbox (badness 10000) has occurred while \output is active []

 [402]
Overfull \hbox (39.41858pt too wide) in paragraph at lines 1605--1608
[][][][] 
 []


Underfull \vbox (badness 10000) has occurred while \output is active []

 [403]
Underfull \vbox (badness 10000) has occurred while \output is active []

 [404]
Overfull \hbox (87.7085pt too wide) in paragraph at lines 1696--1699
[][][][] 
 []


Underfull \vbox (badness 10000) has occurred while \output is active []

 [405]
Overfull \hbox (53.2157pt too wide) in paragraph at lines 1710--1713
[][][][] 
 []


Overfull \hbox (108.40417pt too wide) in paragraph at lines 1727--1730
[][][][] 
 []


Underfull \vbox (badness 10000) has occurred while \output is active []

 [406]
Overfull \hbox (60.11426pt too wide) in paragraph at lines 1742--1745
[][][][] 
 []


Overfull \hbox (25.62146pt too wide) in paragraph at lines 1757--1760
[][][][] 
 []


Underfull \vbox (badness 10000) has occurred while \output is active []

 [407]
Underfull \hbox (badness 10000) in paragraph at lines 1797--1805
\T1/lmr/m/n/12 (+20) --- \T1/lmtt/m/n/12 create_app(Settings(repository_backend
="memory"))
 []


Underfull \hbox (badness 10000) in paragraph at lines 1797--1805
\T1/lmr/m/n/12 (+20) --- which is the right choice when the whole en-vi-ron-
 []


Underfull \hbox (badness 10000) in paragraph at lines 1797--1805
\T1/lmr/m/n/12 (+20) ment changes. The over-ride tests use the \T1/lmr/m/it/12 
(+20) over-ride
 []


Underfull \hbox (badness 10000) in paragraph at lines 1797--1805
\T1/lmr/m/it/12 (+20) seam \T1/lmr/m/n/12 (+20) --- \T1/lmtt/m/n/12 app.depende
ncy_overrides[get_repository] =
 []

[408]
LaTeX Font Info:    Font shape `T1/lmtt/bx/n' in size <14.4> not available
(Font)              Font shape `T1/lmtt/b/n' tried instead on input line 1814.

Overfull \hbox (7.14615pt too wide) in paragraph at lines 1833--1840
\T1/lmtt/m/n/12 def endpoint(cache: dict = {}) \T1/lmr/m/n/12 (-20) and module-
level de-pen-dency in-stances
 []

[409]
Underfull \vbox (badness 5924) has occurred while \output is active []

 [410]
[411]
Overfull \hbox (40.29593pt too wide) in paragraph at lines 1934--1941
[]\T1/lmr/m/n/12 (-20) Open \T1/lmtt/m/n/12 openapi.json \T1/lmr/m/n/12 (-20) a
nd lo-cate: the \T1/lmtt/m/n/12 servers \T1/lmr/m/n/12 (-20) ar-ray in-jected b
y \T1/lmtt/m/n/12 custom_openapi\T1/lmr/m/n/12 (-20) ;
 []


Overfull \hbox (27.91653pt too wide) in paragraph at lines 1934--1941
\T1/lmr/m/n/12 (-20) sponse on \T1/lmtt/m/n/12 POST /orders\T1/lmr/m/n/12 (-20)
 ; and the \T1/lmtt/m/n/12 OrderRead \T1/lmr/m/n/12 (-20) schema --- con-firm \
T1/lmtt/m/n/12 warehouse_hint
 []


Overfull \hbox (35.63477pt too wide) in paragraph at lines 1934--1941
\T1/lmr/m/n/12 (-20) and \T1/lmtt/m/n/12 fraud_score \T1/lmr/m/n/12 (-20) ap-pe
ar nowhere in it. Then open \T1/lmtt/m/n/12 http://localhost:8000/docs
 []


Overfull \hbox (108.50203pt too wide) in paragraph at lines 1942--1948
[]\T1/lmr/bx/n/12 (-20) Step 5 --- flip the back-end. \T1/lmr/m/n/12 (-20) Stop
 the server, set \T1/lmtt/m/n/12 $env:NWR_REPOSITORY_BACKEND="sqlite"
 []

[412]
Overfull \hbox (37.02919pt too wide) in paragraph at lines 2010--2014
[]\T1/lmr/bx/n/12 (-20) Idempotent cre-ate. \T1/lmr/m/n/12 (-20) Ex-tend \T1/lm
tt/m/n/12 POST /orders \T1/lmr/m/n/12 (-20) to ac-cept an \T1/lmtt/m/n/12 Idemp
otency-Key
 []


Overfull \hbox (22.61171pt too wide) in paragraph at lines 2018--2024
\T1/lmr/m/n/12 (-20) counts re-quests per path and ex-poses the counts on \T1/l
mtt/m/n/12 /metrics \T1/lmr/m/n/12 (-20) (Prometheus
 []

[413]
Overfull \hbox (38.9036pt too wide) in paragraph at lines 2066--2077
\T1/lmtt/m/n/12 http.response.start \T1/lmr/m/n/12 (-20) (sta-tus + head-ers) f
ol-lowed by \T1/lmtt/m/n/12 http.response.body
 []


Overfull \hbox (1.11871pt too wide) in paragraph at lines 2066--2077
\T1/lmr/m/n/12 (-20) chunks. Ev-ery header mu-ta-tion must hap-pen be-fore \T1/
lmtt/m/n/12 response.start
 []

[414]
Overfull \hbox (207.81018pt too wide) in paragraph at lines 2102--2108
\T1/lmr/m/n/12 (-20) pan via anyio's thread lim-iter API (\T1/lmtt/m/n/12 anyio
.to_thread.current_default_thread_limiter().total_tokens
 []


Underfull \vbox (badness 10000) has occurred while \output is active []

 [415]
Overfull \hbox (2.21915pt too wide) in paragraph at lines 2164--2172
\T1/lmtt/m/n/12 @validator\T1/lmr/m/n/12 (-20) /\T1/lmtt/m/n/12 @root_validator
\T1/lmr/m/n/12 (-20) , \T1/lmtt/m/n/12 model_dump()\T1/lmr/m/n/12 (-20) / \T1/l
mtt/m/n/12 model_validate()
 []


Overfull \hbox (1.07959pt too wide) in paragraph at lines 2164--2172
\T1/lmr/m/n/12 (-20) re-place \T1/lmtt/m/n/12 .dict()\T1/lmr/m/n/12 (-20) /\T1/
lmtt/m/n/12 parse_obj()\T1/lmr/m/n/12 (-20) , \T1/lmtt/m/n/12 model_config = Co
nfigDict(...)
 []


Underfull \vbox (badness 10000) has occurred while \output is active []

 [416]
Overfull \hbox (4.97592pt too wide) in paragraph at lines 2182--2188
\T1/lmr/m/n/12 (-20) code uses \T1/lmtt/m/n/12 customer_id\T1/lmr/m/n/12 (-20) 
; the JSON body car-ries \T1/lmtt/m/n/12 customerId\T1/lmr/m/n/12 (-20) . FastA
PI
 []


Underfull \vbox (badness 10000) has occurred while \output is active []

 [417]
Underfull \vbox (badness 10000) has occurred while \output is active []

 [418]
Overfull \hbox (1.9136pt too wide) in paragraph at lines 2273--2280
[]\T1/lmr/bx/n/12 (-20) Explain 12-factor con-fig-u-ra-tion and pydantic-settin
gs' source
 []


Underfull \vbox (badness 10000) has occurred while \output is active []

 [419]
Underfull \vbox (badness 10000) has occurred while \output is active []

 [420]
Overfull \hbox (5.53653pt too wide) in paragraph at lines 2339--2348
\T1/lmr/m/n/12 (-20) It takes an it-er-a-tor of byte chunks and sends one \T1/l
mtt/m/n/12 http.response.body
 []

[421]
Overfull \hbox (100.52322pt too wide) in paragraph at lines 2416--2420
\T1/lmr/m/n/12 (-20) syn-thetic North-wind Robotics data. Place de-liv-er-ables
 un-der \T1/lmtt/m/n/12 capstones\capstone_NN_<slug>\
 []

[422]
Overfull \hbox (0.87823pt too wide) in paragraph at lines 2447--2447
[]\T1/lmr/bx/n/14.4 (-20) Capstone 2: In-ven-tory API with a SQLite Repos-
 []


Overfull \hbox (49.48958pt too wide) in paragraph at lines 2448--2465
\T1/lmr/bx/n/12 (-20) Inputs/Datasets. \T1/lmr/m/n/12 (-20) A gen-er-ated fix-t
ure of 500 syn-thetic parts (\T1/lmtt/m/n/12 NWR-0001\T1/lmr/m/n/12 (-20) ...\T
1/lmtt/m/n/12 NWR-0500\T1/lmr/m/n/12 (-20) )
 []

[423] [424]
Overfull \hbox (11.0204pt too wide) in paragraph at lines 2536--2555
\T1/lmr/bx/n/12 (-20) Steps. \T1/lmr/m/n/12 (-20) (1) Au-thor the 3.1 spec with
 \T1/lmtt/m/n/12 servers\T1/lmr/m/n/12 (-20) , \T1/lmtt/m/n/12 components\T1/lm
r/m/n/12 (-20) , \T1/lmtt/m/n/12 securitySchemes\T1/lmr/m/n/12 (-20) ,
 []

[425]
Overfull \hbox (7.38022pt too wide) in paragraph at lines 2605--2617
\T1/lmr/bx/n/12 (-20) Installation. \T1/lmtt/m/n/12 pip install "uvicorn[standa
rd]>=0.29" \T1/lmr/m/n/12 (-20) (quote the brack-
 []

[426]
Overfull \hbox (3.68674pt too wide) in paragraph at lines 2619--2631
\T1/lmr/bx/n/12 (-20) Alternatives. at-trs + cat-trs \T1/lmr/m/n/12 (-20) (clas
s au-thor-ing plus ex-plicit (de)serialization;
 []


Overfull \hbox (37.9065pt too wide) in paragraph at lines 2645--2655
\T1/lmr/bx/n/12 (-20) Description. \T1/lmr/m/n/12 (-20) The HTTP client whose \
T1/lmtt/m/n/12 ASGITransport \T1/lmr/m/n/12 (-20) pow-ers \T1/lmtt/m/n/12 TestC
lient \T1/lmr/m/n/12 (-20) [[][]Enc24[][]]:
 []

[427] [428]
Underfull \hbox (badness 10000) in paragraph at lines 2740--2740
[]|\T1/lmtt/m/n/10.95 app.dependency_overrides[original] =
 []


LaTeX Warning: `h' float specifier changed to `ht'.

[429]
Overfull \hbox (29.63187pt too wide) in paragraph at lines 2753--2755
[]\T1/lmr/m/n/12 (-20) Middleware un-winds (head-ers al-ready com-mit-ted at \T
1/lmtt/m/n/12 http.response.start\T1/lmr/m/n/12 (-20) ). 
 []

(chapters/_standard_addendum.tex
Underfull \hbox (badness 10000) in alignment at lines 14--14
[][][][][] 
 []

[430]
Overfull \hbox (55.38057pt too wide) in alignment at lines 39--39
[][][] 
 []

[431]
Underfull \hbox (badness 2285) in paragraph at lines 86--86
[]|\T1/lmr/bx/n/10.95 (+20) Choose this ap-proach
 []


Underfull \hbox (badness 5064) in paragraph at lines 86--86
[]|\T1/lmr/bx/n/10.95 (+20) Prefer an al-ter-na-tive
 []

[432])) (chapters/chapter_07_errors_validation_problem_details.tex [433]
[434

]
Chapter 8.
[435] [436] [437] [438]
Overfull \hbox (5.31888pt too wide) in paragraph at lines 193--202
\T1/lmr/m/n/12 (-20) Before RFC 7807 (2016), ev-ery API in-vented its own er-ro
r pay-load: \T1/lmtt/m/n/12 {"error":
 []


Overfull \hbox (0.97101pt too wide) in paragraph at lines 193--202
\T1/lmtt/m/n/12 "oops"}\T1/lmr/m/n/12 (-20) , \T1/lmtt/m/n/12 {"message": ..., 
"code": 1234}\T1/lmr/m/n/12 (-20) , bare strings, HTML pages
 []


LaTeX Warning: `h' float specifier changed to `ht'.

[439]
Overfull \hbox (170.66672pt too wide) in paragraph at lines 258--265
\T1/lmr/m/it/12 (-20) contract\T1/lmr/m/n/12 (-20) . When a client deref-er-enc
es \T1/lmtt/m/n/12 https://docs.example.invalid/problems/validation-failed\T1/l
mr/m/n/12 (-20) ,
 []

[440]
Overfull \hbox (5.7743pt too wide) in paragraph at lines 275--285
\T1/lmr/m/n/12 (-20) un-der your do-main can-not col-lide with an-other ven-dor
's ``\T1/lmtt/m/n/12 validation_error\T1/lmr/m/n/12 (-20) .''
 []

[441]
Overfull \hbox (5.49129pt too wide) in paragraph at lines 324--334
[]\T1/lmtt/m/n/12 422 Unprocessable Content \T1/lmr/m/n/12 (-20) means the re-q
uest \T1/lmr/m/it/12 (-20) was \T1/lmr/m/n/12 (-20) syn-tac-ti-cally valid---
 []

[442]
Overfull \hbox (10.20906pt too wide) in paragraph at lines 399--401
[]\T1/lmtt/m/n/12 500 Internal Server Error\T1/lmr/m/n/12 (-20) : your code fau
lted. Generic, uncatchable-
 []


Overfull \hbox (1.4078pt too wide) in paragraph at lines 403--407
[]\T1/lmtt/m/n/12 503 Service Unavailable\T1/lmr/m/n/12 (-20) : de-lib-er-ate u
navailability--- over-load shed-
 []

[443]
Overfull \hbox (189.23158pt too wide) in paragraph at lines 463--466
 [][] 
 []

[444] [445]
Overfull \hbox (9.46692pt too wide) in paragraph at lines 547--547
 \T1/lmtt/m/n/10.95 ProblemException 
 []


Overfull \hbox (55.45679pt too wide) in paragraph at lines 550--550
 [][]\T1/lmtt/m/n/10.95 application/problem+json 
 []


Overfull \hbox (50.70389pt too wide) in paragraph at lines 560--563
 [][] 
 []


Overfull \hbox (19.10478pt too wide) in paragraph at lines 580--588
\T1/lmtt/m/n/12 title \T1/lmr/m/n/12 (-20) and \T1/lmtt/m/n/12 detail \T1/lmr/m
/n/12 (-20) are human-facing and may be lo-cal-ized via \T1/lmtt/m/n/12 Accept-
Language\T1/lmr/m/n/12 (-20) ;
 []

[446]
Overfull \hbox (5.5846pt too wide) in paragraph at lines 593--602
\T1/lmr/m/n/12 (-20) Every re-quest car-ries a trace iden-ti-fier: ac-cepted fr
om an in-bound \T1/lmtt/m/n/12 X-Trace-Id
 []


Overfull \hbox (80.91652pt too wide) in paragraph at lines 605--614
\T1/lmr/m/n/12 (-20) The er-ror con-tract is your ob-serv-abil-ity tax-on-omy: 
emit met-rics as \T1/lmtt/m/n/12 errors_total{endpoint,
 []

[447]
Overfull \hbox (42.89793pt too wide) in paragraph at lines 659--669
\T1/lmr/m/n/12 (-20) ker-nel plus our ex-ten-sion mem-bers (\T1/lmtt/m/n/12 cod
e\T1/lmr/m/n/12 (-20) , \T1/lmtt/m/n/12 trace_id\T1/lmr/m/n/12 (-20) , \T1/lmtt
/m/n/12 errors[]\T1/lmr/m/n/12 (-20) ). \T1/lmtt/m/n/12 ProblemException
 []


Overfull \hbox (57.90286pt too wide) in paragraph at lines 659--669
\T1/lmr/m/n/12 (-20) man-ti-cally named sub-classes; one han-dler ren-ders them
. The \T1/lmtt/m/n/12 RequestValidationError
 []

[448]
Underfull \vbox (badness 10000) has occurred while \output is active []

 [449]
Underfull \vbox (badness 10000) has occurred while \output is active []

 [450]
Underfull \vbox (badness 10000) has occurred while \output is active []

 [451]
Underfull \vbox (badness 10000) has occurred while \output is active []

 [452]
Underfull \vbox (badness 10000) has occurred while \output is active []

 [453]
[454]
Underfull \vbox (badness 10000) has occurred while \output is active []

 [455]
Underfull \vbox (badness 10000) has occurred while \output is active []

 [456]
Underfull \vbox (badness 10000) has occurred while \output is active []

 [457]
Overfull \hbox (36.55658pt too wide) in paragraph at lines 1046--1056
\T1/lmr/m/n/12 (-20) han-dlers can read \T1/lmtt/m/n/12 request.state.trace_id\
T1/lmr/m/n/12 (-20) ), and \T1/lmtt/m/n/12 ProblemRedactionMiddleware
 []

[458]
Underfull \vbox (badness 10000) has occurred while \output is active []

 [459]
Underfull \vbox (badness 10000) has occurred while \output is active []

 [460]
[461]
Underfull \vbox (badness 10000) has occurred while \output is active []

 [462]
Underfull \vbox (badness 10000) has occurred while \output is active []

 [463]
Overfull \hbox (39.546pt too wide) in paragraph at lines 1280--1284
\T1/lmr/m/n/12 (-20) net-work, de-ter-min-is-tic on a fresh ma-chine. Note \T1/
lmtt/m/n/12 raise_server_exceptions=False\T1/lmr/m/n/12 (-20) :
 []

[464]
Underfull \vbox (badness 10000) has occurred while \output is active []

 [465]
Underfull \vbox (badness 10000) has occurred while \output is active []

 [466]
Underfull \vbox (badness 10000) has occurred while \output is active []

 [467]
Overfull \hbox (67.01282pt too wide) in paragraph at lines 1442--1443
[][] 
 []


Underfull \vbox (badness 10000) has occurred while \output is active []

 [468]
[469]
Underfull \vbox (badness 10000) has occurred while \output is active []

 [470]
Underfull \vbox (badness 10000) has occurred while \output is active []

 [471]
Overfull \hbox (24.27238pt too wide) in paragraph at lines 1602--1608
\T1/lmr/m/it/12 (-20) Symptom: \T1/lmtt/m/n/12 /orders \T1/lmr/m/n/12 (-20) re-
turns \T1/lmtt/m/n/12 {"error": ...}\T1/lmr/m/n/12 (-20) , \T1/lmtt/m/n/12 /shi
pments \T1/lmr/m/n/12 (-20) re-turns \T1/lmtt/m/n/12 {"message":
 []

[472]
Overfull \hbox (21.55644pt too wide) in paragraph at lines 1611--1617
\T1/lmr/m/it/12 (-20) Symptom: \T1/lmr/m/n/12 (-20) con-sumer code does \T1/lmt
t/m/n/12 if "insufficient" in response["message"]\T1/lmr/m/n/12 (-20) .
 []


Underfull \vbox (badness 4036) has occurred while \output is active []

 [473]
Overfull \hbox (12.6352pt too wide) in paragraph at lines 1667--1670
[]\T1/lmr/bx/n/12 (-20) Install the pipeline. \T1/lmr/m/n/12 (-20) Drop in \T1/
lmtt/m/n/12 problem_details.py \T1/lmr/m/n/12 (-20) and \T1/lmtt/m/n/12 redacti
on.py
 []


Overfull \hbox (34.10843pt too wide) in paragraph at lines 1670--1674
[]\T1/lmr/bx/n/12 (-20) Convert do-main fail-ures. \T1/lmr/m/n/12 (-20) Re-plac
e ad-hoc re-turns with \T1/lmtt/m/n/12 ProblemException
 []


Overfull \hbox (28.8721pt too wide) in paragraph at lines 1677--1679
[]\T1/lmr/bx/n/12 (-20) Write the con-tract tests first, per end-point, \T1/lmr
/m/n/12 (-20) us-ing the \T1/lmtt/m/n/12 PROBLEM_SCHEMA
 []

[474] [475]
Overfull \hbox (21.19809pt too wide) in paragraph at lines 1739--1742
[]\T1/lmr/m/n/12 (-20) Design the JSON Pointer for a fail-ure in-side \T1/lmtt/
m/n/12 lines[2].dimensions.width\T1/lmr/m/n/12 (-20) .
 []

[476] [477]
Overfull \hbox (52.65034pt too wide) in paragraph at lines 1860--1865
\T1/lmr/m/n/12 (-20) RFC 6901), so client tool-ing can high-light the of-fend-i
ng field programmatically---
 []


Underfull \vbox (badness 10000) has occurred while \output is active []

 [478]
Underfull \vbox (badness 10000) has occurred while \output is active []

 [479]
Overfull \hbox (55.94011pt too wide) in paragraph at lines 1928--1934
\T1/lmr/m/n/12 (-20) Schema-validate ev-ery er-ror path in con-tract tests with
 \T1/lmtt/m/n/12 additionalProperties:
 []

[480]
Underfull \vbox (badness 10000) has occurred while \output is active []

 [481]
Overfull \hbox (64.88432pt too wide) in paragraph at lines 2042--2045
[]\T1/lmr/bx/n/12 (-20) OpenAPI 3.1 spec-i-fi-ca-tion \T1/lmr/m/n/12 (-20) [[][
]Ope21[][]]. Doc-u-ment-ing \T1/lmtt/m/n/12 application/problem+json
 []


Underfull \vbox (badness 2837) has occurred while \output is active []

 [482]
Overfull \hbox (29.17668pt too wide) in paragraph at lines 2054--2057
\T1/lmr/m/n/12 (-20) sec-ond in-dus-trial ref-er-ence point, use-ful for the \T
1/lmtt/m/n/12 error.code\T1/lmr/m/n/12 (-20) /\T1/lmtt/m/n/12 error.details
 []


Overfull \hbox (1.12323pt too wide) in paragraph at lines 2074--2077
[]\T1/lmr/bx/n/12 (-20) Inputs/Datasets. \T1/lmr/m/n/12 (-20) The lab ser-vice;
 this chap-ter's \T1/lmtt/m/n/12 problem_details.py\T1/lmr/m/n/12 (-20) ;
 []


Overfull \hbox (21.83313pt too wide) in paragraph at lines 2081--2083
[]\T1/lmr/m/n/12 (-20) Register the prob-lem han-dlers; con-vert ad-hoc er-rors
 to \T1/lmtt/m/n/12 ProblemException
 []


Overfull \hbox (5.45822pt too wide) in paragraph at lines 2083--2085
[]\T1/lmr/m/n/12 (-20) Write one con-tract test per er-ror path us-ing the shar
ed \T1/lmtt/m/n/12 PROBLEM_SCHEMA\T1/lmr/m/n/12 (-20) . 
 []


Overfull \hbox (113.12991pt too wide) in paragraph at lines 2091--2093
[]\T1/lmr/m/n/12 (-20) Every er-ror re-sponse (in-clud-ing frame-work \T1/lmtt/
m/n/12 404\T1/lmr/m/n/12 (-20) ) is schema-valid \T1/lmtt/m/n/12 application/pr
oblem+json\T1/lmr/m/n/12 (-20) . 
 []

[483] [484]
Overfull \hbox (18.3782pt too wide) in paragraph at lines 2182--2184
[]\T1/lmr/m/n/12 (-20) Define the met-ric tax-on-omy (\T1/lmtt/m/n/12 errors_to
tal{endpoint, status, code}\T1/lmr/m/n/12 (-20) )
 []

[485] [486]
Overfull \hbox (5.52077pt too wide) in paragraph at lines 2236--2238
[]\T1/lmr/m/n/12 (-20) Matrix re-viewed: ev-ery fault class has at least one fa
iling-before/passing-
 []


Package hyperref Warning: Token not allowed in a PDF string (Unicode):
(hyperref)                removing `math shift' on input line 2265.


Package hyperref Warning: Token not allowed in a PDF string (Unicode):
(hyperref)                removing `\geq' on input line 2265.


Package hyperref Warning: Token not allowed in a PDF string (Unicode):
(hyperref)                removing `math shift' on input line 2265.


Package hyperref Warning: Token not allowed in a PDF string (Unicode):
(hyperref)                removing `math shift' on input line 2277.


Package hyperref Warning: Token not allowed in a PDF string (Unicode):
(hyperref)                removing `\geq' on input line 2277.


Package hyperref Warning: Token not allowed in a PDF string (Unicode):
(hyperref)                removing `math shift' on input line 2277.


Overfull \hbox (5.8072pt too wide) in paragraph at lines 2279--2288
\T1/lmr/m/n/12 (-20) Strict-mode en-force-ment, \T1/lmtt/m/n/12 field_validator
 \T1/lmr/m/n/12 (-20) / \T1/lmtt/m/n/12 model_validator\T1/lmr/m/n/12 (-20) , \
T1/lmtt/m/n/12 Annotated
 []

[487]

Package hyperref Warning: Token not allowed in a PDF string (Unicode):
(hyperref)                removing `math shift' on input line 2289.


Package hyperref Warning: Token not allowed in a PDF string (Unicode):
(hyperref)                removing `\geq' on input line 2289.


Package hyperref Warning: Token not allowed in a PDF string (Unicode):
(hyperref)                removing `math shift' on input line 2289.


Package hyperref Warning: Token not allowed in a PDF string (Unicode):
(hyperref)                removing `math shift' on input line 2301.


Package hyperref Warning: Token not allowed in a PDF string (Unicode):
(hyperref)                removing `\geq' on input line 2301.


Package hyperref Warning: Token not allowed in a PDF string (Unicode):
(hyperref)                removing `math shift' on input line 2301.


Package hyperref Warning: Token not allowed in a PDF string (Unicode):
(hyperref)                removing `math shift' on input line 2311.


Package hyperref Warning: Token not allowed in a PDF string (Unicode):
(hyperref)                removing `\geq' on input line 2311.


Package hyperref Warning: Token not allowed in a PDF string (Unicode):
(hyperref)                removing `math shift' on input line 2311.

[488]
Overfull \hbox (67.15538pt too wide) in paragraph at lines 2329--2334
[]\T1/lmr/bx/n/12 (-20) RFC 9457 is the shape. \T1/lmtt/m/n/12 application/prob
lem+json \T1/lmr/m/n/12 (-20) with \T1/lmtt/m/n/12 type\T1/lmr/m/n/12 (-20) /\T
1/lmtt/m/n/12 title\T1/lmr/m/n/12 (-20) /\T1/lmtt/m/n/12 status\T1/lmr/m/n/12 (
-20) /
 []


Underfull \hbox (badness 10000) in paragraph at lines 2382--2382
[]|\T1/lmr/m/n/10.95 (+20) missing/failed cre-den-tials; send
 []


LaTeX Warning: `h' float specifier changed to `ht'.


LaTeX Warning: `h' float specifier changed to `ht'.

[489] (chapters/_standard_addendum.tex
Underfull \hbox (badness 10000) in alignment at lines 14--14
[][][][][] 
 []


LaTeX Warning: `h' float specifier changed to `ht'.


Overfull \hbox (55.38057pt too wide) in alignment at lines 39--39
[][][] 
 []

[490] [491]
Underfull \hbox (badness 2285) in paragraph at lines 86--86
[]|\T1/lmr/bx/n/10.95 (+20) Choose this ap-proach
 []


Underfull \hbox (badness 5064) in paragraph at lines 86--86
[]|\T1/lmr/bx/n/10.95 (+20) Prefer an al-ter-na-tive
 []

[492])) (chapters/chapter_08_pagination_filtering_sorting.tex [493] [494

]
Chapter 9.
[495] [496]
Overfull \hbox (6.5497pt too wide) in paragraph at lines 83--86
[]\T1/lmr/m/n/12 (-20) Design cur-sor to-kens that are opaque, tamper-evident (
HMAC-SHA256),
 []


Overfull \hbox (75.70418pt too wide) in paragraph at lines 89--93
[]\T1/lmr/m/n/12 (-20) Build an allow-listed fil-ter gram-mar (op-er-a-tors \T1
/lmtt/m/n/12 eq/ne/gt/gte/lt/lte/in/contains\T1/lmr/m/n/12 (-20) )
 []


Overfull \hbox (18.17825pt too wide) in paragraph at lines 120--125
[]\T1/lmr/bx/n/12 (-20) Working knowl-edge of SQL: \T1/lmtt/m/n/12 SELECT\T1/lm
r/m/n/12 (-20) , \T1/lmtt/m/n/12 WHERE\T1/lmr/m/n/12 (-20) , \T1/lmtt/m/n/12 OR
DER BY\T1/lmr/m/n/12 (-20) , \T1/lmtt/m/n/12 LIMIT\T1/lmr/m/n/12 (-20) /\T1/lmt
t/m/n/12 OFFSET\T1/lmr/m/n/12 (-20) ,
 []

[497] [498] [499] [500]
Overfull \hbox (2.24718pt too wide) in paragraph at lines 309--316
\T1/lmtt/m/n/12 unit_cost_cents) \T1/lmr/m/n/12 (-20) is use-less for this quer
y; an in-dex on \T1/lmtt/m/n/12 (unit_cost_cents)
 []

[501]
Underfull \hbox (badness 10000) in paragraph at lines 370--370
[]|\T1/lmr/m/n/10.95 (+20) Keyset flat within
 []


Underfull \hbox (badness 10000) in paragraph at lines 370--370
[]|\T1/lmr/m/n/10.95 (+20) Offset super-linear:
 []


LaTeX Warning: `h' float specifier changed to `ht'.


LaTeX Warning: `h' float specifier changed to `ht'.


Overfull \hbox (116.11606pt too wide) in paragraph at lines 453--456
 [][] 
 []


LaTeX Warning: `h' float specifier changed to `ht'.

[502] [503] [504]
Overfull \hbox (88.78044pt too wide) in paragraph at lines 557--561
 [][] 
 []


LaTeX Warning: `h' float specifier changed to `ht'.

[505] [506] [507]
Overfull \hbox (0.15498pt too wide) in paragraph at lines 724--731
\T1/lmtt/m/n/12 ?sort=-cost,sku \T1/lmr/m/n/12 (-20) parses to \T1/lmtt/m/n/12 
ORDER BY unit_cost_cents DESC, sku
 []


Overfull \hbox (15.31961pt too wide) in paragraph at lines 745--751
\T1/lmtt/m/n/12 cost DESC, id DESC \T1/lmr/m/n/12 (-20) pages for-ward with \T1
/lmtt/m/n/12 (cost, id) < (?, ?)\T1/lmr/m/n/12 (-20) . Mixed
 []

[508]
Overfull \hbox (3.42155pt too wide) in paragraph at lines 805--805
[]\T1/lmr/bx/n/14.4 (-20) Database In-ter-ac-tion: In-dexes, EX-PLAIN, Cov-
 []

[509]
Overfull \hbox (10.8705pt too wide) in paragraph at lines 811--819
\T1/lmtt/m/n/12 id)\T1/lmr/m/n/12 (-20) , the in-dex \T1/lmtt/m/n/12 idx_parts_
cost_id ON parts(unit_cost_cents, id)
 []


Overfull \hbox (77.40727pt too wide) in paragraph at lines 819--829
\T1/lmr/m/n/12 (-20) ports \T1/lmtt/m/n/12 SEARCH parts USING INDEX idx_parts_c
ost_id (unit_cost_cents>?...)
 []


Overfull \hbox (34.42285pt too wide) in paragraph at lines 829--836
[]\T1/lmr/bx/n/12 (-20) Covering in-dexes. \T1/lmr/m/n/12 (-20) If the page pro
-jec-tion is \T1/lmtt/m/n/12 (id, sku, unit_cost_cents)\T1/lmr/m/n/12 (-20) ,
 []

[510]
Overfull \hbox (22.6154pt too wide) in paragraph at lines 863--874
\T1/lmtt/m/n/12 idx_parts_cost_id \T1/lmr/m/n/12 (-20) for the un-fil-tered key
-set walk and \T1/lmtt/m/n/12 idx_parts_cat_cost_id
 []

[511]
Underfull \vbox (badness 10000) has occurred while \output is active []

 [512]
Underfull \vbox (badness 10000) has occurred while \output is active []

 [513]
Overfull \hbox (42.4202pt too wide) in paragraph at lines 998--1003
[]\T1/lmtt/m/n/12 GET /parts/keyset \T1/lmr/m/n/12 (-20) --- trans-par-ent key-
set pag-i-na-tion: \T1/lmtt/m/n/12 after_cost\T1/lmr/m/n/12 (-20) /\T1/lmtt/m/n
/12 after_id
 []


Overfull \hbox (6.57124pt too wide) in paragraph at lines 998--1003
\T1/lmtt/m/n/12 (?, ?)\T1/lmr/m/n/12 (-20) , and the \T1/lmtt/m/n/12 LIMIT p+1 
\T1/lmr/m/n/12 (-20) trick driv-ing \T1/lmtt/m/n/12 has_more \T1/lmr/m/n/12 (-2
0) and the \T1/lmtt/m/n/12 rel="next"
 []

[514]
Underfull \vbox (badness 10000) has occurred while \output is active []

 [515]
Overfull \hbox (149.79553pt too wide) in paragraph at lines 1093--1094
[][][][] 
 []


Underfull \vbox (badness 10000) has occurred while \output is active []

 [516]
Overfull \hbox (149.79553pt too wide) in paragraph at lines 1095--1096
[][][][] 
 []


Underfull \vbox (badness 10000) has occurred while \output is active []

 [517]
Overfull \hbox (149.79553pt too wide) in paragraph at lines 1134--1135
[][][][] 
 []


Overfull \hbox (149.79553pt too wide) in paragraph at lines 1136--1137
[][][][] 
 []


Underfull \vbox (badness 10000) has occurred while \output is active []

 [518]
Overfull \hbox (149.79553pt too wide) in paragraph at lines 1182--1183
[][][][] 
 []


Overfull \hbox (149.79553pt too wide) in paragraph at lines 1184--1185
[][][][] 
 []


Underfull \vbox (badness 10000) has occurred while \output is active []

 [519]
Underfull \vbox (badness 10000) has occurred while \output is active []

 [520]
Underfull \vbox (badness 10000) has occurred while \output is active []

 [521]
Underfull \vbox (badness 10000) has occurred while \output is active []

 [522]
[523] [524]
Underfull \vbox (badness 10000) has occurred while \output is active []

 [525]
Underfull \vbox (badness 10000) has occurred while \output is active []

 [526]
Underfull \vbox (badness 10000) has occurred while \output is active []

 [527]
Underfull \vbox (badness 10000) has occurred while \output is active []

 [528]
Underfull \vbox (badness 10000) has occurred while \output is active []

 [529]
Underfull \hbox (badness 10000) in paragraph at lines 1616--1616
[]\T1/lmr/m/n/12 (+20) Listing 9.4: Offset-versus-keyset la-tency bench-mark ha
r-ness
 []

[530]
Underfull \vbox (badness 10000) has occurred while \output is active []

 [531]
Underfull \vbox (badness 10000) has occurred while \output is active []

 [532]
[533]
Underfull \vbox (badness 10000) has occurred while \output is active []

 [534]
Underfull \vbox (badness 10000) has occurred while \output is active []

 [535]
Underfull \vbox (badness 10000) has occurred while \output is active []

 [536]
[537]
Overfull \hbox (0.40028pt too wide) in paragraph at lines 1920--1926
\T1/lmr/bx/n/12 (-20) Failure: \T1/lmr/m/n/12 (-20) the server hon-ors \T1/lmtt
/m/n/12 ?limit=1000000\T1/lmr/m/n/12 (-20) ; one client al-lo-cates a megabyte-

 []


Overfull \hbox (11.32703pt too wide) in paragraph at lines 1928--1935
\T1/lmr/bx/n/12 (-20) Failure: \T1/lmtt/m/n/12 f"WHERE col >= {param}" \T1/lmr/
m/n/12 (-20) or, worse, \T1/lmtt/m/n/12 f"ORDER BY {sort_param}"\T1/lmr/m/n/12 
(-20) .
 []

[538] [539]
Overfull \hbox (4.56213pt too wide) in paragraph at lines 2001--2004
\T1/lmr/m/n/12 (-20) state which re-la-tions ap-pear and why (\T1/lmtt/m/n/12 l
ast \T1/lmr/m/n/12 (-20) only un-der \T1/lmtt/m/n/12 include_total=true\T1/lmr/
m/n/12 (-20) ;
 []

[540]
Overfull \hbox (16.04799pt too wide) in paragraph at lines 2056--2063
\T1/lmr/m/n/12 (-20) pos-ite anti-pattern in-car-nate: \T1/lmtt/m/n/12 GET /api
/ledger?offset=&limit=1000\T1/lmr/m/n/12 (-20) , sorted
 []

[541]
Overfull \hbox (77.45341pt too wide) in paragraph at lines 2140--2146
 [][] 
 []


LaTeX Warning: `h' float specifier changed to `ht'.

[542]
Overfull \hbox (87.81308pt too wide) in paragraph at lines 2191--2195
[]\T1/lmr/m/n/12 (-20) [design] De-sign the ex-pan-sion pol-icy for \T1/lmtt/m/
n/12 GET /orders ?expand=customer,lines.part\T1/lmr/m/n/12 (-20) :
 []

[543]
Underfull \vbox (badness 10000) has occurred while \output is active []

 [544]
Underfull \vbox (badness 10000) has occurred while \output is active []

 [545]
Underfull \vbox (badness 10000) has occurred while \output is active []

 [546]
Underfull \vbox (badness 10000) has occurred while \output is active []

 [547]
Underfull \vbox (badness 10000) has occurred while \output is active []

 [548]
Underfull \vbox (badness 10000) has occurred while \output is active []

 [549]
Overfull \hbox (19.47118pt too wide) in paragraph at lines 2512--2516
[]\T1/lmr/bx/n/12 (-20) Markus Winand, \T1/lmr/bx/it/12 (-20) Use The In-dex, L
uke \T1/lmr/bx/n/12 (-20) (\T1/lmtt/b/n/12 use-the-index-luke.com\T1/lmr/bx/n/1
2 (-20) )
 []


Overfull \hbox (25.3384pt too wide) in paragraph at lines 2533--2536
\T1/lmr/bx/n/12 (-20) pro-files \T1/lmr/m/n/12 (-20) --- a widely adopted con-v
en-tion fam-ily (\T1/lmtt/m/n/12 page[size]\T1/lmr/m/n/12 (-20) , \T1/lmtt/m/n/
12 page[after]\T1/lmr/m/n/12 (-20) ,
 []


Overfull \hbox (47.26727pt too wide) in paragraph at lines 2536--2541
\T1/lmr/m/n/12 (-20) im-ple-men-ta-tion of opaque cur-sor pag-i-na-tion (\T1/lm
tt/m/n/12 starting_after\T1/lmr/m/n/12 (-20) /\T1/lmtt/m/n/12 ending_before\T1/
lmr/m/n/12 (-20) ,
 []


Underfull \vbox (badness 10000) has occurred while \output is active []

 [550]
Overfull \hbox (11.28758pt too wide) in paragraph at lines 2568--2571
[]\T1/lmr/bx/n/12 (-20) Inputs/Datasets. \T1/lmtt/m/n/12 gen_dataset.py \T1/lmr
/m/n/12 (-20) ex-tended with a \T1/lmtt/m/n/12 ledger(posted_at,
 []

[551] [552]
Overfull \hbox (3.4516pt too wide) in paragraph at lines 2636--2636
[]\T1/lmr/bx/n/14.4 (-20) Capstone 3: Pag-i-na-tion Bench-mark Re-port [mid] 
 []

[553]
Overfull \hbox (5.67854pt too wide) in paragraph at lines 2724--2727
\T1/lmtt/m/n/12 unit_cost_cents, id)\T1/lmr/m/n/12 (-20) ; prove ev-ery ten-ant
's walk stays a lo-cal \T1/lmtt/m/n/12 SEARCH\T1/lmr/m/n/12 (-20) . 
 []

[554] [555] [556] [557]

Package tabularx Warning: X Columns too narrow (table too wide)
(tabularx)                 on input line 2902.


Overfull \hbox (9.06757pt too wide) in paragraph at lines 2902--2902
[]|\T1/lmr/bx/n/10.95 (-20) Use
 []


Overfull \hbox (16.92078pt too wide) in paragraph at lines 2902--2902
\T1/lmr/bx/n/10.95 (-20) when| 
 []


Overfull \hbox (54.58488pt too wide) in paragraph at lines 2902--2902
[]|\T1/lmr/m/n/10.95 (-20) Small/shallow
 []


Overfull \hbox (3.91405pt too wide) in paragraph at lines 2902--2902
\T1/lmr/m/n/10.95 (-20) col-
 []


Overfull \hbox (3.31795pt too wide) in paragraph at lines 2902--2902
\T1/lmr/m/n/10.95 (-20) lec-
 []


Overfull \hbox (13.22276pt too wide) in paragraph at lines 2902--2902
\T1/lmr/m/n/10.95 (-20) tions;
 []


Overfull \hbox (2.12544pt too wide) in paragraph at lines 2902--2902
\T1/lmr/m/n/10.95 (-20) ad-
 []


Overfull \hbox (6.93452pt too wide) in paragraph at lines 2902--2902
\T1/lmr/m/n/10.95 (-20) min
 []


Overfull \hbox (13.25246pt too wide) in paragraph at lines 2902--2902
\T1/lmr/m/n/10.95 (-20) grids;
 []


Overfull \hbox (22.14323pt too wide) in paragraph at lines 2902--2902
\T1/lmr/m/n/10.95 (-20) capped
 []


Overfull \hbox (18.85826pt too wide) in paragraph at lines 2902--2902
\T1/lmr/m/n/10.95 (-20) depth.| 
 []


Overfull \hbox (15.46022pt too wide) in paragraph at lines 2902--2902
[]|\T1/lmr/m/n/10.95 (-20) Large
 []


Overfull \hbox (3.91405pt too wide) in paragraph at lines 2902--2902
\T1/lmr/m/n/10.95 (-20) col-
 []


Overfull \hbox (3.31795pt too wide) in paragraph at lines 2902--2902
\T1/lmr/m/n/10.95 (-20) lec-
 []


Overfull \hbox (13.22276pt too wide) in paragraph at lines 2902--2902
\T1/lmr/m/n/10.95 (-20) tions;
 []


Overfull \hbox (1.23157pt too wide) in paragraph at lines 2902--2902
\T1/lmr/m/n/10.95 (-20) ex-
 []


Overfull \hbox (14.7491pt too wide) in paragraph at lines 2902--2902
\T1/lmr/m/n/10.95 (-20) ports;
 []


Overfull \hbox (13.52083pt too wide) in paragraph at lines 2902--2902
\T1/lmr/m/n/10.95 (-20) feeds;
 []


Underfull \hbox (badness 10000) in paragraph at lines 2902--2902
\T1/lmr/m/n/10.95 in-
 []


Overfull \hbox (3.944pt too wide) in paragraph at lines 2902--2902
\T1/lmr/m/n/10.95 (-20) ter-
 []


Overfull \hbox (3.3579pt too wide) in paragraph at lines 2902--2902
\T1/lmr/m/n/10.95 (-20) nal
 []


Overfull \hbox (15.08466pt too wide) in paragraph at lines 2902--2902
\T1/lmr/m/n/10.95 (-20) APIs.| 
 []


Overfull \hbox (19.00717pt too wide) in paragraph at lines 2902--2902
[]|\T1/lmr/m/n/10.95 (-20) Public
 []


Overfull \hbox (13.5626pt too wide) in paragraph at lines 2902--2902
\T1/lmr/m/n/10.95 (-20) APIs:
 []


Overfull \hbox (22.78665pt too wide) in paragraph at lines 2902--2902
\T1/lmr/m/n/10.95 (-20) schema
 []


Overfull \hbox (5.70235pt too wide) in paragraph at lines 2902--2902
\T1/lmr/m/n/10.95 (-20) hid-
 []


Overfull \hbox (4.81665pt too wide) in paragraph at lines 2902--2902
\T1/lmr/m/n/10.95 (-20) ing,
 []


Overfull \hbox (1.23157pt too wide) in paragraph at lines 2902--2902
\T1/lmr/m/n/10.95 (-20) ex-
 []


Overfull \hbox (8.40544pt too wide) in paragraph at lines 2902--2902
\T1/lmr/m/n/10.95 (-20) piry,
 []


Overfull \hbox (9.27925pt too wide) in paragraph at lines 2902--2902
\T1/lmr/m/n/10.95 (-20) tam-
 []


Overfull \hbox (4.06914pt too wide) in paragraph at lines 2902--2902
\T1/lmr/m/n/10.95 (-20) per
 []


Overfull \hbox (1.23157pt too wide) in paragraph at lines 2902--2902
\T1/lmr/m/n/10.95 (-20) ev-
 []


Underfull \hbox (badness 10000) in paragraph at lines 2902--2902
\T1/lmr/m/n/10.95 (+20) i-
 []


Overfull \hbox (18.26218pt too wide) in paragraph at lines 2902--2902
\T1/lmr/m/n/10.95 (-20) dence.| 
 []


Overfull \hbox (98.34868pt too wide) in alignment at lines 2902--2902
[][][][][] 
 []


LaTeX Warning: `h' float specifier changed to `ht'.

[558] (chapters/_standard_addendum.tex
Underfull \hbox (badness 10000) in alignment at lines 14--14
[][][][][] 
 []


LaTeX Warning: `h' float specifier changed to `ht'.


Overfull \hbox (55.38057pt too wide) in alignment at lines 39--39
[][][] 
 []


LaTeX Warning: `h' float specifier changed to `ht'.

[559]
Underfull \hbox (badness 2285) in paragraph at lines 86--86
[]|\T1/lmr/bx/n/10.95 (+20) Choose this ap-proach
 []


Underfull \hbox (badness 5064) in paragraph at lines 86--86
[]|\T1/lmr/bx/n/10.95 (+20) Prefer an al-ter-na-tive
 []


LaTeX Warning: `h' float specifier changed to `ht'.

)) (chapters/chapter_09_versioning_evolution.tex [560] [561] [562] [563]
[564]
Chapter 10.
[565

] [566]
Overfull \hbox (12.92485pt too wide) in paragraph at lines 109--113
\T1/lmr/m/n/12 (-20) reusing names, enum ex-ten-si-bil-ity with fall-back val-u
es, unknown-
 []


Underfull \vbox (badness 10000) has occurred while \output is active []

 [567]
Overfull \hbox (36.10625pt too wide) in paragraph at lines 137--141
\T1/lmr/m/n/12 (-20) Pro-to-col Buffers tag rules, con-tent ne-go-ti-a-tion, an
d the back-ward/forward/full
 []


Overfull \hbox (52.01886pt too wide) in paragraph at lines 141--144
\T1/lmr/m/n/12 (-20) build-ing APIs with FastAPI: rout-ing, Py-dan-tic mod-els,
 and \T1/lmtt/m/n/12 TestClient \T1/lmr/m/n/12 (-20) [[][]Ram24[][]]. 
 []


Underfull \vbox (badness 10000) has occurred while \output is active []

 [568]
Underfull \hbox (badness 4096) in paragraph at lines 232--232
[]|\T1/lmr/m/n/10.95 (+20) Clients read-ing the field
 []


Underfull \hbox (badness 5316) in paragraph at lines 232--232
[]|\T1/lmr/m/n/10.95 (+20) Same name, same type,
 []


Underfull \hbox (badness 1132) in paragraph at lines 232--232
\T1/lmr/m/n/10.95 (+20) switches from on-hand to
 []


Underfull \hbox (badness 2726) in paragraph at lines 232--232
\T1/lmr/m/n/10.95 (+20) available-to-promise): old
 []


Underfull \hbox (badness 10000) in paragraph at lines 232--232
\T1/lmr/m/n/10.95 (+20) clients silently com-pute
 []


Underfull \hbox (badness 2334) in paragraph at lines 232--232
[]|\T1/lmr/m/n/10.95 (+20) Nothing ex-ist-ing changed;
 []


Underfull \hbox (badness 2772) in paragraph at lines 232--232
[]|\T1/lmr/m/n/10.95 (+20) Clients branch on sta-tus
 []


Underfull \hbox (badness 4765) in paragraph at lines 232--232
\T1/lmr/m/n/10.95 (+20) codes and problem-detail
 []


Underfull \hbox (badness 2790) in paragraph at lines 232--232
\T1/lmr/m/n/10.95 (+20) mem-bers; chang-ing them
 []


LaTeX Warning: Float too large for page by 46.33087pt on input line 235.

[569]
Overfull \hbox (21.86108pt too wide) in paragraph at lines 290--300
 []\T1/lmr/bx/n/12 (-20) URI path ver-sion-ing.[] \T1/lmr/m/n/12 (-20) The ver-
sion is a path seg-ment: \T1/lmtt/m/n/12 /v1/catalog/WR-1042\T1/lmr/m/n/12 (-20
) .
 []


Overfull \hbox (1.3386pt too wide) in paragraph at lines 301--306
 []\T1/lmr/bx/n/12 (-20) Query-parameter ver-sion-ing.[] \T1/lmtt/m/n/12 /catal
og/WR-1042?version=2\T1/lmr/m/n/12 (-20) . Largely
 []

[570]
Overfull \hbox (149.4868pt too wide) in paragraph at lines 317--327
 []\T1/lmr/bx/n/12 (-20) Media-type (\T1/lmtt/b/n/12 Accept \T1/lmr/bx/n/12 (-2
0) header) ver-sion-ing.[] \T1/lmtt/m/n/12 Accept: application/vnd.northwind.ca
talog+json;
 []


Package tabularx Warning: X Columns too narrow (table too wide)
(tabularx)                 on input line 346.


Overfull \hbox (38.50766pt too wide) in paragraph at lines 346--346
[]|\T1/lmr/bx/n/10.95 (-20) Criterion| 
 []


Overfull \hbox (17.36162pt too wide) in paragraph at lines 346--346
[]|\T1/lmr/m/n/10.95 (-20) Cache
 []


Overfull \hbox (5.13622pt too wide) in paragraph at lines 346--346
\T1/lmr/m/n/10.95 (-20) cor-
 []


Overfull \hbox (8.7134pt too wide) in paragraph at lines 346--346
\T1/lmr/m/n/10.95 (-20) rect-
 []


Overfull \hbox (8.24666pt too wide) in paragraph at lines 346--346
\T1/lmr/m/n/10.95 (-20) ness| 
 []


Overfull \hbox (49.62276pt too wide) in paragraph at lines 346--346
[]|\T1/lmr/m/n/10.95 (-20) Gateway/LB
 []


Overfull \hbox (10.5017pt too wide) in paragraph at lines 346--346
\T1/lmr/m/n/10.95 (-20) rout-
 []


Overfull \hbox (3.3579pt too wide) in paragraph at lines 346--346
\T1/lmr/m/n/10.95 (-20) ing| 
 []


Overfull \hbox (54.06824pt too wide) in paragraph at lines 346--346
[]|\T1/lmr/m/n/10.95 (-20) Debuggability
 []


Overfull \hbox (29.5819pt too wide) in paragraph at lines 346--346
\T1/lmr/m/n/10.95 (-20) (browser,
 []


Overfull \hbox (11.16791pt too wide) in paragraph at lines 346--346
\T1/lmr/m/n/10.95 (-20) logs)| 
 []


Overfull \hbox (17.06596pt too wide) in paragraph at lines 346--346
[]|\T1/lmr/m/n/10.95 (-20) Client
 []


Overfull \hbox (5.70235pt too wide) in paragraph at lines 346--346
\T1/lmr/m/n/10.95 (-20) pin-
 []


Overfull \hbox (9.31949pt too wide) in paragraph at lines 346--346
\T1/lmr/m/n/10.95 (-20) ning
 []


Overfull \hbox (3.0196pt too wide) in paragraph at lines 346--346
\T1/lmr/m/n/10.95 (-20) dif-
 []


Underfull \hbox (badness 10000) in paragraph at lines 346--346
\T1/lmr/m/n/10.95 (+20) fi-
 []


Overfull \hbox (12.29471pt too wide) in paragraph at lines 346--346
\T1/lmr/m/n/10.95 (-20) culty| 
 []


Overfull \hbox (46.0196pt too wide) in paragraph at lines 346--346
[]|\T1/lmr/m/n/10.95 (-20) Hypermedia
 []


Overfull \hbox (45.54909pt too wide) in paragraph at lines 346--346
[]|\T1/lmr/m/n/10.95 (-20) Doc/tooling
 []


Overfull \hbox (6.95438pt too wide) in paragraph at lines 346--346
\T1/lmr/m/n/10.95 (-20) sup-
 []


Overfull \hbox (9.05751pt too wide) in paragraph at lines 346--346
\T1/lmr/m/n/10.95 (-20) port| 
 []


Overfull \hbox (17.56937pt too wide) in paragraph at lines 346--346
[]|\T1/lmr/m/n/10.95 (-20) REST
 []


Overfull \hbox (18.35168pt too wide) in paragraph at lines 346--346
\T1/lmr/m/n/10.95 (-20) source
 []


Overfull \hbox (2.72154pt too wide) in paragraph at lines 346--346
\T1/lmr/m/n/10.95 (-20) pu-
 []


Overfull \hbox (5.7667pt too wide) in paragraph at lines 346--346
\T1/lmr/m/n/10.95 (-20) rity| 
 []


Overfull \hbox (23.69884pt too wide) in paragraph at lines 346--346
[]|\T1/lmr/m/n/10.95 (-20) Version
 []


Overfull \hbox (11.69391pt too wide) in paragraph at lines 346--346
\T1/lmr/m/n/10.95 (-20) gran-
 []


Underfull \hbox (badness 10000) in paragraph at lines 346--346
\T1/lmr/m/n/10.95 (+20) u-
 []


Overfull \hbox (3.34763pt too wide) in paragraph at lines 346--346
\T1/lmr/m/n/10.95 (-20) lar-
 []


Overfull \hbox (1.56372pt too wide) in paragraph at lines 346--346
\T1/lmr/m/n/10.95 (-20) ity| 
 []


Overfull \hbox (11.54277pt too wide) in alignment at lines 346--346
[][][][][] 
 []


Overfull \hbox (252.93364pt too wide) in paragraph at lines 374--377
 [][] 
 []

[571]
Overfull \hbox (76.38226pt too wide) in paragraph at lines 450--453
 [][] 
 []

[572]
Overfull \hbox (300.50616pt too wide) in paragraph at lines 510--513
 [][] 
 []

[573]
Overfull \hbox (28.61462pt too wide) in paragraph at lines 555--557
[]\T1/lmtt/m/n/12 Deprecation: @1788220800 \T1/lmr/m/n/12 (-20) --- the mo-ment
 dep-re-ca-tion be-gan (RFC 9745
 []


Overfull \hbox (43.87701pt too wide) in paragraph at lines 560--563
[]\T1/lmtt/m/n/12 Link: <https://api.example/v2/catalog>; rel="successor-versio
n"
 []

[574] [575] [576] [577]
Underfull \vbox (badness 10000) has occurred while \output is active []

 [578]
Underfull \vbox (badness 10000) has occurred while \output is active []

 [579]
Underfull \vbox (badness 10000) has occurred while \output is active []

 [580]
[581]
Underfull \vbox (badness 10000) has occurred while \output is active []

 [582]
Underfull \vbox (badness 10000) has occurred while \output is active []

 [583]
Underfull \vbox (badness 10000) has occurred while \output is active []

 [584]
Underfull \vbox (badness 10000) has occurred while \output is active []

 [585]
Underfull \vbox (badness 10000) has occurred while \output is active []

 [586]
[587] [588]
Underfull \vbox (badness 10000) has occurred while \output is active []

 [589]
Overfull \hbox (31.96518pt too wide) in paragraph at lines 1171--1176
\T1/lmr/m/n/12 (-20) A cor-rect ne-go-tia-tor for \T1/lmtt/m/n/12 Accept: appli
cation/vnd.northwind.catalog+json;
 []

[590]
Underfull \vbox (badness 10000) has occurred while \output is active []

 [591]
Underfull \vbox (badness 10000) has occurred while \output is active []

 [592]
Underfull \vbox (badness 1033) has occurred while \output is active []

 [593]
[594]
Underfull \vbox (badness 10000) has occurred while \output is active []

 [595]
[596]
Underfull \vbox (badness 10000) has occurred while \output is active []

 [597]
Underfull \vbox (badness 10000) has occurred while \output is active []

 [598]
Underfull \vbox (badness 10000) has occurred while \output is active []

 [599]
Overfull \hbox (44.58305pt too wide) in paragraph at lines 1561--1568
\T1/lmr/m/n/12 (-20) their own ver-sions in-de-pen-dently (\T1/lmtt/m/n/12 /v1/
orders\T1/lmr/m/n/12 (-20) , \T1/lmtt/m/n/12 /v3/customers\T1/lmr/m/n/12 (-20) 
, \T1/lmtt/m/n/12 /v2/orders/items\T1/lmr/m/n/12 (-20) )
 []

[600]
Overfull \hbox (10.2003pt too wide) in paragraph at lines 1594--1598
 []\T1/lmr/bx/n/12 (-20) 5. Ver-sion in both URI and header.[] \T1/lmtt/m/n/12 
/v1/catalog \T1/lmr/m/n/12 (-20) with \T1/lmtt/m/n/12 X-API-Version:
 []


Overfull \hbox (9.1266pt too wide) in paragraph at lines 1608--1608
[]\T1/lmr/bx/n/17.28 (-20) Hands-On Pro-duc-tion Lab & Real-World
 []


Underfull \vbox (badness 1082) has occurred while \output is active []

 [601]
Overfull \hbox (49.47469pt too wide) in paragraph at lines 1637--1641
[]\T1/lmr/bx/n/12 (-20) Prove con-sumer sur-vival. \T1/lmr/m/n/12 (-20) Save Li
st-ing 9.4 as \T1/lmtt/m/n/12 test_consumer_tolerance.py
 []


Underfull \vbox (badness 2799) has occurred while \output is active []

 [602]
Overfull \hbox (13.57144pt too wide) in paragraph at lines 1692--1696
[]\T1/lmr/bx/n/12 (-20) Extend the gate. \T1/lmr/m/n/12 (-20) List-ing 9.2 ig-n
ores path and query \T1/lmtt/m/n/12 parameters\T1/lmr/m/n/12 (-20) .
 []

[603]
Overfull \hbox (21.06401pt too wide) in paragraph at lines 1735--1738
\T1/lmr/bx/n/12 (-20) adding an op-tional re-quest field; re-nam-ing \T1/lmtt/b
/n/12 price \T1/lmr/bx/n/12 (-20) to \T1/lmtt/b/n/12 unit_price\T1/lmr/bx/n/12 
(-20) ;
 []

[604]
Underfull \vbox (badness 2726) has occurred while \output is active []

 [605]
Underfull \vbox (badness 10000) has occurred while \output is active []

 [606]
[607] [608]
Overfull \hbox (14.14859pt too wide) in paragraph at lines 1943--1946
[]\T1/lmr/m/n/12 (-20) RFC 8594, \T1/lmr/m/it/12 (-20) The Sun-set HTTP Header 
Field \T1/lmr/m/n/12 (-20) (and its orig-i-nal \T1/lmtt/m/n/12 Deprecation
 []


Overfull \hbox (8.02455pt too wide) in paragraph at lines 1946--1949
\T1/lmtt/m/n/12 Deprecation \T1/lmr/m/n/12 (-20) to the \T1/lmtt/m/n/12 @\T1/lm
r/m/it/12 (-20) <unix-timestamp> \T1/lmr/m/n/12 (-20) form; read along-side RFC
 8594. 
 []

[609]
Overfull \hbox (2.45807pt too wide) in paragraph at lines 1957--1959
[]\T1/lmr/m/n/12 (-20) J. Gehl, \T1/lmr/m/it/12 (-20) API De-sign Pat-terns \T1
/lmr/m/n/12 (-20) --- ver-sion-ing and backward-compatibility
 []


Overfull \hbox (1.32147pt too wide) in paragraph at lines 1959--1962
[]\T1/lmr/m/n/12 (-20) M. Klepp-mann, \T1/lmr/m/it/12 (-20) De-sign-ing Data-In
tensive Ap-pli-ca-tions\T1/lmr/m/n/12 (-20) , ch. 4 --- schema
 []

[610] [611]
Overfull \hbox (98.97444pt too wide) in paragraph at lines 2039--2045
\T1/lmr/m/n/12 (-20) readable JSON re-port along-side the text one. (5) Add a \
T1/lmtt/m/n/12 --allow-breaking-with=VERSION_BUMP
 []

[612] [613]

Package hyperref Warning: Token not allowed in a PDF string (Unicode):
(hyperref)                removing `math shift' on input line 2135.


Package hyperref Warning: Token not allowed in a PDF string (Unicode):
(hyperref)                removing `\geq' on input line 2135.


Package hyperref Warning: Token not allowed in a PDF string (Unicode):
(hyperref)                removing `math shift' on input line 2135.


Package hyperref Warning: Token not allowed in a PDF string (Unicode):
(hyperref)                removing `math shift' on input line 2143.


Package hyperref Warning: Token not allowed in a PDF string (Unicode):
(hyperref)                removing `\geq' on input line 2143.


Package hyperref Warning: Token not allowed in a PDF string (Unicode):
(hyperref)                removing `math shift' on input line 2143.


Overfull \hbox (3.02435pt too wide) in paragraph at lines 2144--2150
\T1/lmr/m/n/12 (-20) checks; at-trs; marsh-mal-low. \T1/lmr/bx/n/12 (-20) In-st
al-la-tion: \T1/lmtt/m/n/12 pip install "pydantic>=2.7"\T1/lmr/m/n/12 (-20) . 
 []


Package hyperref Warning: Token not allowed in a PDF string (Unicode):
(hyperref)                removing `math shift' on input line 2151.


Package hyperref Warning: Token not allowed in a PDF string (Unicode):
(hyperref)                removing `\geq' on input line 2151.


Package hyperref Warning: Token not allowed in a PDF string (Unicode):
(hyperref)                removing `math shift' on input line 2151.


Package hyperref Warning: Token not allowed in a PDF string (Unicode):
(hyperref)                removing `math shift' on input line 2158.


Package hyperref Warning: Token not allowed in a PDF string (Unicode):
(hyperref)                removing `\geq' on input line 2158.


Package hyperref Warning: Token not allowed in a PDF string (Unicode):
(hyperref)                removing `math shift' on input line 2158.


Package hyperref Warning: Token not allowed in a PDF string (Unicode):
(hyperref)                removing `math shift' on input line 2165.


Package hyperref Warning: Token not allowed in a PDF string (Unicode):
(hyperref)                removing `\geq' on input line 2165.


Package hyperref Warning: Token not allowed in a PDF string (Unicode):
(hyperref)                removing `math shift' on input line 2165.

[614]

Package hyperref Warning: Token not allowed in a PDF string (Unicode):
(hyperref)                removing `math shift' on input line 2172.


Package hyperref Warning: Token not allowed in a PDF string (Unicode):
(hyperref)                removing `\geq' on input line 2172.


Package hyperref Warning: Token not allowed in a PDF string (Unicode):
(hyperref)                removing `math shift' on input line 2172.


Overfull \hbox (5.50638pt too wide) in paragraph at lines 2173--2177
\T1/lmr/bx/n/12 (-20) na-tives: \T1/lmr/m/n/12 (-20) unittest (stdlib); nose2. 
\T1/lmr/bx/n/12 (-20) In-stal-la-tion: \T1/lmtt/m/n/12 pip install "pytest>=8"\
T1/lmr/m/n/12 (-20) . 
 []


Overfull \hbox (5.66037pt too wide) in paragraph at lines 2200--2204
[]\T1/lmr/m/n/12 (-20) Deprecation is en-gi-neered, not an-nounced: \T1/lmtt/m/
n/12 Deprecation\T1/lmr/m/n/12 (-20) / \T1/lmtt/m/n/12 Sunset\T1/lmr/m/n/12 (-2
0) /\T1/lmtt/m/n/12 Link
 []

[615] (chapters/_standard_addendum.tex
Underfull \hbox (badness 10000) in alignment at lines 14--14
[][][][][] 
 []


LaTeX Warning: `h' float specifier changed to `ht'.

[616]
Overfull \hbox (55.38057pt too wide) in alignment at lines 39--39
[][][] 
 []


LaTeX Warning: `h' float specifier changed to `ht'.


Underfull \hbox (badness 2285) in paragraph at lines 86--86
[]|\T1/lmr/bx/n/10.95 (+20) Choose this ap-proach
 []


Underfull \hbox (badness 5064) in paragraph at lines 86--86
[]|\T1/lmr/bx/n/10.95 (+20) Prefer an al-ter-na-tive
 []

[617]

LaTeX Warning: `h' float specifier changed to `ht'.

)) (chapters/chapter_10_idempotency_caching_concurrency.tex [618] [619]
[620] [621] [622

]
Chapter 11.

Overfull \hbox (7.83275pt too wide) in paragraph at lines 40--53
\T1/lmtt/m/n/12 Cache-Control \T1/lmr/m/n/12 (-20) di-rec-tive vo-cab-u-lary (\
T1/lmtt/m/n/12 max-age\T1/lmr/m/n/12 (-20) , the widely con-fused \T1/lmtt/m/n/
12 no-cache
 []


Overfull \hbox (60.23909pt too wide) in paragraph at lines 40--53
\T1/lmr/m/n/12 (-20) ver-sus \T1/lmtt/m/n/12 no-store\T1/lmr/m/n/12 (-20) , \T1
/lmtt/m/n/12 private \T1/lmr/m/n/12 (-20) ver-sus \T1/lmtt/m/n/12 public\T1/lmr
/m/n/12 (-20) , \T1/lmtt/m/n/12 stale-while-revalidate\T1/lmr/m/n/12 (-20) , \T
1/lmtt/m/n/12 stale-if-error\T1/lmr/m/n/12 (-20) ,
 []

[623] [624]

LaTeX Warning: `h' float specifier changed to `ht'.

[625]

LaTeX Warning: `h' float specifier changed to `ht'.


Underfull \hbox (badness 2384) in paragraph at lines 199--208
\T1/lmr/m/n/12 (+20) ex-e-cuted once or fifty times, the ob-serv-able state end
s at
 []

[626]
Overfull \hbox (28.54985pt too wide) in paragraph at lines 236--240
\T1/lmr/m/n/12 (-20) sponse byte-for-byte, marked with a header such as \T1/lmt
t/m/n/12 Idempotency-Replayed:
 []

[627]
Overfull \hbox (3.44691pt too wide) in paragraph at lines 243--248
[]\T1/lmr/m/n/12 (-20) Same key, same fin-ger-print, state \T1/lmtt/m/n/12 in_f
light $\OMS/lmsy/m/n/12 !$ \T1/lmr/bx/n/12 (-20) 409 \T1/lmr/m/n/12 (-20) with 
\T1/lmtt/m/n/12 Retry-After\T1/lmr/m/n/12 (-20) ,
 []


Overfull \hbox (26.77097pt too wide) in paragraph at lines 284--284
 \T1/lmtt/m/n/10.95 Idempotency-Replayed 
 []


Overfull \hbox (92.9386pt too wide) in paragraph at lines 294--296
 [][] 
 []

[628]
Overfull \hbox (15.30023pt too wide) detected at line 328
[]  \OT1/lmr/m/n/12 +  []  =  []\OML/lmm/m/it/12 :
 []

[629]

LaTeX Warning: `h' float specifier changed to `ht'.

[630]
Overfull \hbox (25.2667pt too wide) in paragraph at lines 445--455
\T1/lmr/m/n/12 (-20) URI. If the re-sponse de-pends on any re-quest header --- 
\T1/lmtt/m/n/12 Accept\T1/lmr/m/n/12 (-20) , \T1/lmtt/m/n/12 Accept-Encoding\T1
/lmr/m/n/12 (-20) ,
 []


LaTeX Warning: `h' float specifier changed to `ht'.

[631] [632]
Underfull \hbox (badness 10000) in paragraph at lines 560--560
[]|\T1/lmr/m/n/10.95 (+20) low-to-moderate
 []


Underfull \hbox (badness 3138) in paragraph at lines 560--560
\T1/lmr/m/n/10.95 (+20) con-tention; cheap
 []


Underfull \hbox (badness 1028) in paragraph at lines 560--560
[]|\T1/lmr/m/n/10.95 (+20) throughput ceil-ing
 []


Underfull \hbox (badness 10000) in paragraph at lines 560--560
[]|\T1/lmr/m/n/10.95 (+20) cross-process mu-
 []


Underfull \hbox (badness 2875) in paragraph at lines 560--560
\T1/lmr/m/n/10.95 (+20) forced at the re-
 []


Overfull \hbox (10.95314pt too wide) in paragraph at lines 565--565
[]\T1/lmr/bx/n/14.4 (-20) Retries Meet Idem-po-tency: The Money-Transfer
 []

[633] [634]
Overfull \hbox (149.79553pt too wide) in paragraph at lines 664--665
[][][][] 
 []


Underfull \vbox (badness 10000) has occurred while \output is active []

 [635]
Overfull \hbox (149.79553pt too wide) in paragraph at lines 666--667
[][][][] 
 []


Underfull \vbox (badness 10000) has occurred while \output is active []

 [636]
Underfull \vbox (badness 10000) has occurred while \output is active []

 [637]
Underfull \vbox (badness 10000) has occurred while \output is active []

 [638]
Underfull \vbox (badness 10000) has occurred while \output is active []

 [639]
Underfull \vbox (badness 10000) has occurred while \output is active []

 [640]
Underfull \vbox (badness 10000) has occurred while \output is active []

 [641]
Overfull \hbox (149.79553pt too wide) in paragraph at lines 890--891
[][][][] 
 []


Overfull \hbox (149.79553pt too wide) in paragraph at lines 892--893
[][][][] 
 []


Underfull \vbox (badness 10000) has occurred while \output is active []

 [642]
[643]
Underfull \vbox (badness 10000) has occurred while \output is active []

 [644]
Underfull \vbox (badness 10000) has occurred while \output is active []

 [645]
Underfull \vbox (badness 10000) has occurred while \output is active []

 [646]
Underfull \vbox (badness 10000) has occurred while \output is active []

 [647]
Underfull \vbox (badness 10000) has occurred while \output is active []

 [648]
[649]
Underfull \vbox (badness 10000) has occurred while \output is active []

 [650]
Underfull \vbox (badness 10000) has occurred while \output is active []

 [651]
[652]
Underfull \vbox (badness 10000) has occurred while \output is active []

 [653]
[654] [655]
Underfull \vbox (badness 10000) has occurred while \output is active []

 [656]
Underfull \vbox (badness 10000) has occurred while \output is active []

 [657]
[658]
Underfull \vbox (badness 10000) has occurred while \output is active []

 [659]
Underfull \vbox (badness 10000) has occurred while \output is active []

 [660]
Overfull \hbox (4.92578pt too wide) in paragraph at lines 1638--1639
[][] 
 []


Underfull \vbox (badness 10000) has occurred while \output is active []

 [661]
Overfull \hbox (7.5645pt too wide) in paragraph at lines 1685--1690
\T1/lmr/m/n/12 (-20) This har-ness re-pro-duces the in-ci-dent shape --- fifty 
iden-ti-cal \T1/lmtt/m/n/12 POST /transfers
 []


Underfull \vbox (badness 10000) has occurred while \output is active []

 [662]
[663]
Underfull \vbox (badness 10000) has occurred while \output is active []

 [664]
Underfull \vbox (badness 10000) has occurred while \output is active []

 [665]
[666] [667]
Overfull \hbox (149.79553pt too wide) in paragraph at lines 1878--1879
[][][][] 
 []


Overfull \hbox (149.79553pt too wide) in paragraph at lines 1880--1881
[][][][] 
 []


Underfull \vbox (badness 10000) has occurred while \output is active []

 [668]
Overfull \hbox (149.79553pt too wide) in paragraph at lines 1947--1948
[][][][] 
 []


Overfull \hbox (149.79553pt too wide) in paragraph at lines 1949--1950
[][][][] 
 []


Underfull \vbox (badness 10000) has occurred while \output is active []

 [669]
Overfull \hbox (149.79553pt too wide) in paragraph at lines 1980--1981
[][][][] 
 []


Overfull \hbox (149.79553pt too wide) in paragraph at lines 1982--1983
[][][][] 
 []


Underfull \vbox (badness 10000) has occurred while \output is active []

 [670]
Underfull \vbox (badness 10000) has occurred while \output is active []

 [671]
Underfull \vbox (badness 10000) has occurred while \output is active []

 [672]
Underfull \vbox (badness 10000) has occurred while \output is active []

 [673]
[674]
Underfull \vbox (badness 10000) has occurred while \output is active []

 [675]
Overfull \hbox (18.7229pt too wide) in paragraph at lines 2210--2211
[][] 
 []


Underfull \vbox (badness 10000) has occurred while \output is active []

 [676]
Underfull \vbox (badness 10000) has occurred while \output is active []

 [677]
Underfull \vbox (badness 10000) has occurred while \output is active []

 [678]
Overfull \hbox (23.64859pt too wide) in paragraph at lines 2307--2313
\T1/lmr/m/n/12 (-20) body for ex-actly this rea-son; the test \T1/lmtt/m/n/12 t
est_same_key_different_route_is_422
 []

[679]
Overfull \hbox (9.1266pt too wide) in paragraph at lines 2355--2355
[]\T1/lmr/bx/n/17.28 (-20) Hands-On Pro-duc-tion Lab & Real-World
 []


Overfull \hbox (11.41713pt too wide) in paragraph at lines 2360--2365
\T1/lmr/bx/n/12 (-20) Scenario. \T1/lmr/m/n/12 (-20) North-wind Robotics ex-pos
es \T1/lmtt/m/n/12 POST /api/v1/payments/transfers
 []

[680] [681]
Overfull \hbox (0.16383pt too wide) in paragraph at lines 2451--2454
\T1/lmr/m/n/12 (-20) idempotency key, we no longer need unique constraints in t
he database.''
 []

[682]
Underfull \vbox (badness 10000) has occurred while \output is active []

 [683]
[684] [685] [686]
Overfull \hbox (16.62634pt too wide) in paragraph at lines 2670--2675
\T1/lmr/m/n/12 (-20) tional re-quest head-ers (\T1/lmtt/m/n/12 If-Match\T1/lmr/
m/n/12 (-20) , \T1/lmtt/m/n/12 If-None-Match\T1/lmr/m/n/12 (-20) , \T1/lmtt/m/n
/12 If-Modified-Since\T1/lmr/m/n/12 (-20) ),
 []

[687] [688] [689] [690] [691]

Package hyperref Warning: Token not allowed in a PDF string (Unicode):
(hyperref)                removing `math shift' on input line 2882.


Package hyperref Warning: Token not allowed in a PDF string (Unicode):
(hyperref)                removing `\geq' on input line 2882.


Package hyperref Warning: Token not allowed in a PDF string (Unicode):
(hyperref)                removing `math shift' on input line 2882.


Package hyperref Warning: Token not allowed in a PDF string (Unicode):
(hyperref)                removing `math shift' on input line 2892.


Package hyperref Warning: Token not allowed in a PDF string (Unicode):
(hyperref)                removing `\geq' on input line 2892.


Package hyperref Warning: Token not allowed in a PDF string (Unicode):
(hyperref)                removing `math shift' on input line 2892.


Package hyperref Warning: Token not allowed in a PDF string (Unicode):
(hyperref)                removing `math shift' on input line 2901.


Package hyperref Warning: Token not allowed in a PDF string (Unicode):
(hyperref)                removing `\geq' on input line 2901.


Package hyperref Warning: Token not allowed in a PDF string (Unicode):
(hyperref)                removing `math shift' on input line 2901.


Package hyperref Warning: Token not allowed in a PDF string (Unicode):
(hyperref)                removing `math shift' on input line 2909.


Package hyperref Warning: Token not allowed in a PDF string (Unicode):
(hyperref)                removing `\geq' on input line 2909.


Package hyperref Warning: Token not allowed in a PDF string (Unicode):
(hyperref)                removing `math shift' on input line 2909.

[692]
Overfull \hbox (68.01834pt too wide) in paragraph at lines 2934--2941
\T1/lmtt/m/n/12 If-None-Match \T1/lmr/m/n/12 (-20) and serves 304s; \T1/lmtt/m/
n/12 no-cache $\OMS/lmsy/m/n/12 6\OT1/lmr/m/n/12 (-20) =$ \T1/lmtt/m/n/12 no-st
ore\T1/lmr/m/n/12 (-20) ; \T1/lmtt/m/n/12 stale-while-revalidate
 []


Overfull \hbox (58.46046pt too wide) in paragraph at lines 2963--2975
 [][] 
 []

[693] (chapters/_standard_addendum.tex
Underfull \hbox (badness 10000) in alignment at lines 14--14
[][][][][] 
 []


LaTeX Warning: `h' float specifier changed to `ht'.

[694]
Overfull \hbox (55.38057pt too wide) in alignment at lines 39--39
[][][] 
 []

[695]
Underfull \hbox (badness 2285) in paragraph at lines 86--86
[]|\T1/lmr/bx/n/10.95 (+20) Choose this ap-proach
 []


Underfull \hbox (badness 5064) in paragraph at lines 86--86
[]|\T1/lmr/bx/n/10.95 (+20) Prefer an al-ter-na-tive
 []

[696])) (chapters/chapter_11_async_event_driven_apis.tex [697] [698

]
Chapter 12.

Underfull \vbox (badness 1226) has occurred while \output is active []

 [699]
Overfull \hbox (57.39854pt too wide) in paragraph at lines 40--59
[]\T1/lmr/m/n/12 (-20) Server-Sent Events get the same wire-level treat-ment: t
he ex-act \T1/lmtt/m/n/12 text/event-stream
 []


Overfull \hbox (17.77321pt too wide) in paragraph at lines 40--59
\T1/lmr/m/n/12 (-20) line \T1/lmtt/m/n/12 data \T1/lmr/m/n/12 (-20) fold-ing), 
the \T1/lmtt/m/n/12 EventSource \T1/lmr/m/n/12 (-20) re-con-nec-tion pro-to-col
 with \T1/lmtt/m/n/12 Last-Event-ID\T1/lmr/m/n/12 (-20) ,
 []


Overfull \hbox (11.55156pt too wide) in paragraph at lines 40--59
\T1/lmr/m/n/12 (-20) worked deriva-tion of \T1/lmtt/m/n/12 Sec-WebSocket-Accept
 \T1/lmr/m/n/12 (-20) as $[][][]\OT1/lmr/m/n/12 (-20) (\OML/lmm/m/it/12 key \OM
S/lmsy/m/n/12 k []\OT1/lmr/m/n/12 (-20) )[]$
 []


Underfull \vbox (badness 10000) has occurred while \output is active []



Package fancyhdr Warning: \headheight is too small (15.0pt): 
(fancyhdr)                Make it at least 27.11652pt, for example:
(fancyhdr)                \setlength{\headheight}{27.11652pt}.
(fancyhdr)                You might also make \topmargin smaller:
(fancyhdr)                \addtolength{\topmargin}{-12.11652pt}.

[700]
Overfull \hbox (46.66116pt too wide) in paragraph at lines 106--110
\T1/lmr/m/n/12 (-20) from per-ma-nent fail-ures --- in typed Python 3.11 with F
astAPI [[][]Ram24[][]]. 
 []


Overfull \hbox (0.87906pt too wide) in paragraph at lines 115--120
[]\T1/lmr/m/n/12 (-20) Derive \T1/lmtt/m/n/12 Sec-WebSocket-Accept \T1/lmr/m/n/
12 (-20) from \T1/lmtt/m/n/12 Sec-WebSocket-Key \T1/lmr/m/n/12 (-20) us-
 []


Overfull \hbox (22.113pt too wide) in paragraph at lines 124--127
\T1/lmr/m/n/12 (-20) with the same rigor as OpenAPI-governed REST con-tracts [[
][]Asy23[][]]. 
 []

[701]

Package fancyhdr Warning: \headheight is too small (15.0pt): 
(fancyhdr)                Make it at least 27.11652pt, for example:
(fancyhdr)                \setlength{\headheight}{27.11652pt}.
(fancyhdr)                You might also make \topmargin smaller:
(fancyhdr)                \addtolength{\topmargin}{-12.11652pt}.

[702]
Overfull \hbox (5.62555pt too wide) in paragraph at lines 269--273
 [][] 
 []


Underfull \hbox (badness 10000) in paragraph at lines 291--291
[]|\T1/lmr/bx/n/10.95 (+20) Fan-out
 []


Overfull \hbox (16.77455pt too wide) in paragraph at lines 291--291
[]|\T1/lmr/bx/n/10.95 (-20) Infrastructure
 []


Underfull \hbox (badness 10000) in paragraph at lines 291--291
[]|\T1/lmr/m/n/10.95 (+20) one round
 []


Underfull \hbox (badness 10000) in paragraph at lines 291--291
\T1/lmr/m/n/10.95 (+20) per con-
 []


Underfull \hbox (badness 10000) in paragraph at lines 291--291
\T1/lmr/m/n/10.95 (+20) sumer per
 []


Underfull \hbox (badness 10000) in paragraph at lines 291--291
[]|\T1/lmr/m/n/10.95 (+20) universal;
 []


Underfull \hbox (badness 2103) in paragraph at lines 291--291
[]|\T1/lmr/m/n/10.95 (+20) clean: sta-
 []


Underfull \hbox (badness 10000) in paragraph at lines 291--291
[]|$\OML/lmm/m/it/10.95 N$ \T1/lmr/m/n/10.95 (+20) con-
 []


Underfull \hbox (badness 10000) in paragraph at lines 291--291
\T1/lmr/m/n/10.95 (+20) sumers $\OMS/lmsy/m/n/10.95 ^^B$
 []


Underfull \hbox (badness 10000) in paragraph at lines 291--291
\T1/lmr/m/n/10.95 (+20) mostly
 []


Underfull \hbox (badness 10000) in paragraph at lines 291--291
[]|\T1/lmr/m/n/10.95 (+20) universal;
 []


Underfull \hbox (badness 6592) in paragraph at lines 291--291
[]|\T1/lmr/m/n/10.95 (+20) clean; but
 []


Underfull \hbox (badness 10000) in paragraph at lines 291--291
[]|\T1/lmr/m/n/10.95 (+20) near-instant
 []


Underfull \hbox (badness 1442) in paragraph at lines 291--291
\T1/lmr/m/n/10.95 (+20) nec-tion per
 []


Underfull \hbox (badness 10000) in paragraph at lines 291--291
\T1/lmr/m/n/10.95 (+20) con-sumer;
 []


Underfull \hbox (badness 10000) in paragraph at lines 291--291
\T1/lmr/m/n/10.95 (+20) re-con-nect
 []


Underfull \hbox (badness 10000) in paragraph at lines 291--291
\T1/lmr/m/n/10.95 (+20) stam-pede
 []


Underfull \hbox (badness 10000) in paragraph at lines 291--291
[]|\T1/lmr/m/n/10.95 (+20) excellent;
 []


Underfull \hbox (badness 10000) in paragraph at lines 291--291
\T1/lmr/m/n/10.95 (+20) passes any
 []


Underfull \hbox (badness 10000) in paragraph at lines 291--291
[]|\T1/lmr/m/n/10.95 (+20) held-request
 []


Underfull \hbox (badness 10000) in paragraph at lines 291--291
\T1/lmr/m/n/10.95 (+20) time-outs;
 []


Underfull \hbox (badness 10000) in paragraph at lines 291--291
\T1/lmr/m/n/10.95 (+20) retry is
 []


Underfull \hbox (badness 10000) in paragraph at lines 291--291
[]|\T1/lmr/m/n/10.95 (+20) near-
 []


Underfull \hbox (badness 10000) in paragraph at lines 291--291
\T1/lmr/m/n/10.95 (+20) instant,
 []


Underfull \hbox (badness 10000) in paragraph at lines 291--291
[]|\T1/lmr/m/n/10.95 (+20) one socket
 []


Underfull \hbox (badness 10000) in paragraph at lines 291--291
\T1/lmr/m/n/10.95 (+20) per con-
 []


Underfull \hbox (badness 10000) in paragraph at lines 291--291
\T1/lmr/m/n/10.95 (+20) sumer;
 []


Underfull \hbox (badness 10000) in paragraph at lines 291--291
\T1/lmr/m/n/10.95 (+20) cheap
 []


Underfull \hbox (badness 10000) in paragraph at lines 291--291
[]|\T1/lmr/m/n/10.95 (+20) good;
 []


Underfull \hbox (badness 10000) in paragraph at lines 291--291
\T1/lmr/m/n/10.95 (+20) blocked
 []


Underfull \hbox (badness 10000) in paragraph at lines 291--291
\T1/lmr/m/n/10.95 (+20) prox-ies;
 []


Underfull \hbox (badness 10000) in paragraph at lines 291--291
\T1/lmr/m/n/10.95 (+20) HTTP/1.1
 []


Underfull \hbox (badness 10000) in paragraph at lines 291--291
\T1/lmr/m/n/10.95 (+20) six-per-
 []


Underfull \hbox (badness 10000) in paragraph at lines 291--291
[]|\T1/lmr/m/n/10.95 (+20) automatic
 []


Overfull \hbox (15.6379pt too wide) in paragraph at lines 291--291
\T1/lmtt/m/n/10.95 Last-Event-ID| 
 []


Underfull \hbox (badness 10000) in paragraph at lines 291--291
[]|\T1/lmr/m/n/10.95 (+20) near-
 []


Underfull \hbox (badness 10000) in paragraph at lines 291--291
\T1/lmr/m/n/10.95 (+20) instant,
 []


Underfull \hbox (badness 6380) in paragraph at lines 291--291
\T1/lmr/m/n/10.95 (+20) both di-rec-
 []


Underfull \hbox (badness 10000) in paragraph at lines 291--291
[]|\T1/lmr/m/n/10.95 (+20) one socket
 []


Underfull \hbox (badness 10000) in paragraph at lines 291--291
\T1/lmr/m/n/10.95 (+20) per con-
 []


Underfull \hbox (badness 10000) in paragraph at lines 291--291
\T1/lmr/m/n/10.95 (+20) sumer;
 []


Underfull \hbox (badness 10000) in paragraph at lines 291--291
\T1/lmr/m/n/10.95 (+20) frame
 []


Underfull \hbox (badness 10000) in paragraph at lines 291--291
\T1/lmr/m/n/10.95 (+20) over-head
 []


Underfull \hbox (badness 10000) in paragraph at lines 291--291
[]|\T1/lmr/m/n/10.95 (+20) fair; Up-
 []


Underfull \hbox (badness 10000) in paragraph at lines 291--291
\T1/lmr/m/n/10.95 (+20) grade
 []


Underfull \hbox (badness 10000) in paragraph at lines 291--291
\T1/lmr/m/n/10.95 (+20) blocked
 []


Underfull \hbox (badness 10000) in paragraph at lines 291--291
\T1/lmr/m/n/10.95 (+20) by some
 []


Underfull \hbox (badness 10000) in paragraph at lines 291--291
[]|\T1/lmr/m/n/10.95 (+20) manual
 []


Underfull \hbox (badness 10000) in paragraph at lines 291--291
\T1/lmr/m/n/10.95 (+20) re-con-nect;
 []


Underfull \hbox (badness 10000) in paragraph at lines 291--291
\T1/lmr/m/n/10.95 (+20) app-level
 []


Underfull \hbox (badness 10000) in paragraph at lines 291--291
[]|\T1/lmr/m/n/10.95 (+20) seconds
 []


Underfull \hbox (badness 10000) in paragraph at lines 291--291
\T1/lmr/m/n/10.95 (+20) (queued,
 []


Underfull \hbox (badness 10000) in paragraph at lines 291--291
[]|\T1/lmr/m/n/10.95 (+20) provider
 []


Underfull \hbox (badness 10000) in paragraph at lines 291--291
\T1/lmr/m/n/10.95 (+20) makes one
 []


Underfull \hbox (badness 10000) in paragraph at lines 291--291
\T1/lmr/m/n/10.95 (+20) out-bound
 []


Underfull \hbox (badness 10000) in paragraph at lines 291--291
\T1/lmr/m/n/10.95 (+20) POST per
 []


Underfull \hbox (badness 10000) in paragraph at lines 291--291
\T1/lmr/m/n/10.95 (+20) sub-scriber
 []


Underfull \hbox (badness 10000) in paragraph at lines 291--291
[]|\T1/lmr/m/n/10.95 (+20) server-to-
 []


Underfull \hbox (badness 1400) in paragraph at lines 291--291
\T1/lmr/m/n/10.95 (+20) server only;
 []


Underfull \hbox (badness 10000) in paragraph at lines 291--291
\T1/lmr/m/n/10.95 (+20) con-sumer
 []


Underfull \hbox (badness 10000) in paragraph at lines 291--291
[]|\T1/lmr/m/n/10.95 (+20) at-least-
 []


Underfull \hbox (badness 10000) in paragraph at lines 291--291
\T1/lmr/m/n/10.95 (+20) once;
 []


Underfull \hbox (badness 10000) in paragraph at lines 291--291
\T1/lmr/m/n/10.95 (+20) DLQ af-
 []

[703]

Package fancyhdr Warning: \headheight is too small (15.0pt): 
(fancyhdr)                Make it at least 27.11652pt, for example:
(fancyhdr)                \setlength{\headheight}{27.11652pt}.
(fancyhdr)                You might also make \topmargin smaller:
(fancyhdr)                \addtolength{\topmargin}{-12.11652pt}.

[704] [705]
Overfull \hbox (53.2157pt too wide) in paragraph at lines 372--373
[][] 
 []


Overfull \hbox (163.59265pt too wide) in paragraph at lines 373--374
[][] 
 []


Package fancyhdr Warning: \headheight is too small (15.0pt): 
(fancyhdr)                Make it at least 27.11652pt, for example:
(fancyhdr)                \setlength{\headheight}{27.11652pt}.
(fancyhdr)                You might also make \topmargin smaller:
(fancyhdr)                \addtolength{\topmargin}{-12.11652pt}.

[706]
Overfull \hbox (45.68303pt too wide) in paragraph at lines 379--384
\T1/lmr/m/n/12 (-20) header's own $\OML/lmm/m/it/12 t$\T1/lmr/m/n/12 (-20) , th
en com-pares with constant-time se-man-tics (\T1/lmtt/m/n/12 hmac.compare_diges
t\T1/lmr/m/n/12 (-20) ),
 []

[707]
Overfull \hbox (38.48921pt too wide) in paragraph at lines 475--479
 [][] 
 []


Underfull \vbox (badness 8019) has occurred while \output is active []



Package fancyhdr Warning: \headheight is too small (15.0pt): 
(fancyhdr)                Make it at least 27.11652pt, for example:
(fancyhdr)                \setlength{\headheight}{27.11652pt}.
(fancyhdr)                You might also make \topmargin smaller:
(fancyhdr)                \addtolength{\topmargin}{-12.11652pt}.

[708] [709]

Package fancyhdr Warning: \headheight is too small (15.0pt): 
(fancyhdr)                Make it at least 27.11652pt, for example:
(fancyhdr)                \setlength{\headheight}{27.11652pt}.
(fancyhdr)                You might also make \topmargin smaller:
(fancyhdr)                \addtolength{\topmargin}{-12.11652pt}.

[710]
Overfull \hbox (51.275pt too wide) in paragraph at lines 593--599
\T1/lmtt/m/n/12 13\T1/lmr/m/n/12 (-20) ), and a ran-domly gen-er-ated 16-byte n
once, Base64-encoded, in \T1/lmtt/m/n/12 Sec-WebSocket-Key\T1/lmr/m/n/12 (-20) 
.
 []


Overfull \hbox (211.29044pt too wide) detected at line 604
[][][][]  \OT1/lmr/m/n/12 =  [][][][][] \OMS/lmsy/m/n/12 k [][][]
 []

[711]
Overfull \hbox (109.09985pt too wide) in paragraph at lines 634--635
[][][][][] 
 []


Overfull \hbox (109.09985pt too wide) in paragraph at lines 638--639
[][][][][] 
 []


Overfull \hbox (109.09985pt too wide) in paragraph at lines 640--641
[][][][][] 
 []


Overfull \hbox (109.09985pt too wide) in paragraph at lines 642--644
[][][][][] 
 []


Package fancyhdr Warning: \headheight is too small (15.0pt): 
(fancyhdr)                Make it at least 27.11652pt, for example:
(fancyhdr)                \setlength{\headheight}{27.11652pt}.
(fancyhdr)                You might also make \topmargin smaller:
(fancyhdr)                \addtolength{\topmargin}{-12.11652pt}.

[712] [713]
Overfull \hbox (319.30112pt too wide) in paragraph at lines 742--746
 [][] 
 []


Overfull \hbox (43.08849pt too wide) in paragraph at lines 753--763
\T1/lmr/m/n/12 (-20) able des-ti-na-tions such as a Kafka topic \T1/lmtt/m/n/12
 northwind.robots.{robot_id}.telemetry\T1/lmr/m/n/12 (-20) )
 []


Package fancyhdr Warning: \headheight is too small (15.0pt): 
(fancyhdr)                Make it at least 27.11652pt, for example:
(fancyhdr)                \setlength{\headheight}{27.11652pt}.
(fancyhdr)                You might also make \topmargin smaller:
(fancyhdr)                \addtolength{\topmargin}{-12.11652pt}.

[714]
Overfull \hbox (6.73976pt too wide) in paragraph at lines 798--798
[]\T1/lmr/bx/n/14.4 (-20) Webhooks: Signed Re-ceiver and Bounded-Retry
 []

[715]
Underfull \vbox (badness 10000) has occurred while \output is active []



Package fancyhdr Warning: \headheight is too small (15.0pt): 
(fancyhdr)                Make it at least 27.11652pt, for example:
(fancyhdr)                \setlength{\headheight}{27.11652pt}.
(fancyhdr)                You might also make \topmargin smaller:
(fancyhdr)                \addtolength{\topmargin}{-12.11652pt}.

[716]
Underfull \vbox (badness 10000) has occurred while \output is active []

 [717]

Package fancyhdr Warning: \headheight is too small (15.0pt): 
(fancyhdr)                Make it at least 27.11652pt, for example:
(fancyhdr)                \setlength{\headheight}{27.11652pt}.
(fancyhdr)                You might also make \topmargin smaller:
(fancyhdr)                \addtolength{\topmargin}{-12.11652pt}.

[718]
Underfull \vbox (badness 10000) has occurred while \output is active []

 [719]
Underfull \vbox (badness 10000) has occurred while \output is active []



Package fancyhdr Warning: \headheight is too small (15.0pt): 
(fancyhdr)                Make it at least 27.11652pt, for example:
(fancyhdr)                \setlength{\headheight}{27.11652pt}.
(fancyhdr)                You might also make \topmargin smaller:
(fancyhdr)                \addtolength{\topmargin}{-12.11652pt}.

[720] [721]
Underfull \vbox (badness 10000) has occurred while \output is active []



Package fancyhdr Warning: \headheight is too small (15.0pt): 
(fancyhdr)                Make it at least 27.11652pt, for example:
(fancyhdr)                \setlength{\headheight}{27.11652pt}.
(fancyhdr)                You might also make \topmargin smaller:
(fancyhdr)                \addtolength{\topmargin}{-12.11652pt}.

[722]
Underfull \vbox (badness 10000) has occurred while \output is active []

 [723]
Underfull \vbox (badness 10000) has occurred while \output is active []



Package fancyhdr Warning: \headheight is too small (15.0pt): 
(fancyhdr)                Make it at least 27.11652pt, for example:
(fancyhdr)                \setlength{\headheight}{27.11652pt}.
(fancyhdr)                You might also make \topmargin smaller:
(fancyhdr)                \addtolength{\topmargin}{-12.11652pt}.

[724]
Underfull \vbox (badness 10000) has occurred while \output is active []

 [725]
Overfull \hbox (4.26215pt too wide) in paragraph at lines 1204--1212
\T1/lmr/m/n/12 (-20) the \T1/lmtt/m/n/12 X-Accel-Buffering: no \T1/lmr/m/n/12 (
-20) es-cape hatch --- and hon-or-ing \T1/lmtt/m/n/12 Last-Event-ID
 []


Package fancyhdr Warning: \headheight is too small (15.0pt): 
(fancyhdr)                Make it at least 27.11652pt, for example:
(fancyhdr)                \setlength{\headheight}{27.11652pt}.
(fancyhdr)                You might also make \topmargin smaller:
(fancyhdr)                \addtolength{\topmargin}{-12.11652pt}.

[726]
Underfull \vbox (badness 10000) has occurred while \output is active []

 [727]
Underfull \vbox (badness 10000) has occurred while \output is active []



Package fancyhdr Warning: \headheight is too small (15.0pt): 
(fancyhdr)                Make it at least 27.11652pt, for example:
(fancyhdr)                \setlength{\headheight}{27.11652pt}.
(fancyhdr)                You might also make \topmargin smaller:
(fancyhdr)                \addtolength{\topmargin}{-12.11652pt}.

[728] [729]
Overfull \hbox (25.62146pt too wide) in paragraph at lines 1352--1353
[][] 
 []


Underfull \vbox (badness 10000) has occurred while \output is active []



Package fancyhdr Warning: \headheight is too small (15.0pt): 
(fancyhdr)                Make it at least 27.11652pt, for example:
(fancyhdr)                \setlength{\headheight}{27.11652pt}.
(fancyhdr)                You might also make \topmargin smaller:
(fancyhdr)                \addtolength{\topmargin}{-12.11652pt}.

[730]
Overfull \hbox (50.69739pt too wide) in paragraph at lines 1395--1395
[]\T1/lmr/bx/n/14.4 (-20) WebSockets: Hand-shake Math and an Echo/Broadcast
 []

[731]
Underfull \vbox (badness 10000) has occurred while \output is active []



Package fancyhdr Warning: \headheight is too small (15.0pt): 
(fancyhdr)                Make it at least 27.11652pt, for example:
(fancyhdr)                \setlength{\headheight}{27.11652pt}.
(fancyhdr)                You might also make \topmargin smaller:
(fancyhdr)                \addtolength{\topmargin}{-12.11652pt}.

[732] [733]

Package fancyhdr Warning: \headheight is too small (15.0pt): 
(fancyhdr)                Make it at least 27.11652pt, for example:
(fancyhdr)                \setlength{\headheight}{27.11652pt}.
(fancyhdr)                You might also make \topmargin smaller:
(fancyhdr)                \addtolength{\topmargin}{-12.11652pt}.

[734]
Underfull \vbox (badness 10000) has occurred while \output is active []

 [735]

Package fancyhdr Warning: \headheight is too small (15.0pt): 
(fancyhdr)                Make it at least 27.11652pt, for example:
(fancyhdr)                \setlength{\headheight}{27.11652pt}.
(fancyhdr)                You might also make \topmargin smaller:
(fancyhdr)                \addtolength{\topmargin}{-12.11652pt}.

[736]
Underfull \vbox (badness 2961) has occurred while \output is active []

 [737]

Package fancyhdr Warning: \headheight is too small (15.0pt): 
(fancyhdr)                Make it at least 27.11652pt, for example:
(fancyhdr)                \setlength{\headheight}{27.11652pt}.
(fancyhdr)                You might also make \topmargin smaller:
(fancyhdr)                \addtolength{\topmargin}{-12.11652pt}.

[738]
Overfull \hbox (9.1266pt too wide) in paragraph at lines 1741--1741
[]\T1/lmr/bx/n/17.28 (-20) Hands-On Pro-duc-tion Lab & Real-World
 []

[739]
Overfull \hbox (26.58488pt too wide) in paragraph at lines 1766--1774
[]\T1/lmr/bx/n/12 (-20) Step 2 --- the de-liv-ery worker. \T1/lmr/m/n/12 (-20) 
Save List-ing 11.2 as \T1/lmtt/m/n/12 webhook_delivery.py\T1/lmr/m/n/12 (-20) .

 []


Overfull \hbox (88.72313pt too wide) in paragraph at lines 1775--1781
\T1/lmtt/m/n/12 --factory\T1/lmr/m/n/12 (-20) . In a sec-ond ter-mi-nal, con-su
me it with \T1/lmtt/m/n/12 curl -N http://127.0.0.1:8000/stream
 []


Overfull \hbox (10.64478pt too wide) in paragraph at lines 1775--1781
\T1/lmr/m/n/12 (-20) and watch events ar-rive with ids; kill and re-run curl wi
th \T1/lmtt/m/n/12 -H "Last-Event-ID:
 []


Overfull \hbox (15.16214pt too wide) in paragraph at lines 1787--1791
\T1/lmr/m/n/12 (-20) valid sig-na-tures; mis-con-fig-ured end-point is dead-let
tered with rea-son \T1/lmtt/m/n/12 permanent
 []


Underfull \vbox (badness 1371) has occurred while \output is active []



Package fancyhdr Warning: \headheight is too small (15.0pt): 
(fancyhdr)                Make it at least 27.11652pt, for example:
(fancyhdr)                \setlength{\headheight}{27.11652pt}.
(fancyhdr)                You might also make \topmargin smaller:
(fancyhdr)                \addtolength{\topmargin}{-12.11652pt}.

[740]
Underfull \vbox (badness 2744) has occurred while \output is active []

 [741]
Overfull \hbox (60.45781pt too wide) in paragraph at lines 1850--1854
\T1/lmr/m/n/12 (-20) at-tempt with \T1/lmr/m/it/12 (-20) two \T1/lmr/m/n/12 (-2
0) se-crets dur-ing a ro-ta-tion win-dow (\T1/lmtt/m/n/12 t=...,v1=...,v1=...\T
1/lmr/m/n/12 (-20) ).
 []


Underfull \vbox (badness 4254) has occurred while \output is active []



Package fancyhdr Warning: \headheight is too small (15.0pt): 
(fancyhdr)                Make it at least 27.11652pt, for example:
(fancyhdr)                \setlength{\headheight}{27.11652pt}.
(fancyhdr)                You might also make \topmargin smaller:
(fancyhdr)                \addtolength{\topmargin}{-12.11652pt}.

[742]
Overfull \hbox (23.5262pt too wide) in paragraph at lines 1900--1906
\T1/lmr/m/n/12 (-20) a server re-sponds to a GET with \T1/lmtt/m/n/12 Content-T
ype: text/event-stream
 []


Overfull \hbox (53.94157pt too wide) in paragraph at lines 1913--1918
\T1/lmr/m/n/12 (-20) sends \T1/lmtt/m/n/12 Upgrade: websocket\T1/lmr/m/n/12 (-2
0) , \T1/lmtt/m/n/12 Connection: Upgrade\T1/lmr/m/n/12 (-20) , \T1/lmtt/m/n/12 
Sec-WebSocket-Key\T1/lmr/m/n/12 (-20) ,
 []


Overfull \hbox (66.45982pt too wide) in paragraph at lines 1913--1918
\T1/lmtt/m/n/12 Sec-WebSocket-Version: 13\T1/lmr/m/n/12 (-20) ; the server repl
ies with \T1/lmtt/m/n/12 Sec-WebSocket-Accept\T1/lmr/m/n/12 (-20) . 
 []

[743]
Overfull \hbox (2.42647pt too wide) in paragraph at lines 1932--1936
[]\T1/lmr/bx/n/12 (-20) What hap-pens when an SSE con-nec-tion drops? \T1/lmtt/
m/n/12 EventSource
 []


Overfull \hbox (66.29501pt too wide) in paragraph at lines 1951--1957
[]\T1/lmr/bx/n/12 (-20) Derive \T1/lmtt/b/n/12 Sec-WebSocket-Accept\T1/lmr/bx/n
/12 (-20) . \T1/lmr/m/n/12 (-20) Con-cate-nate the client's \T1/lmtt/m/n/12 Sec
-WebSocket-Key
 []


Package fancyhdr Warning: \headheight is too small (15.0pt): 
(fancyhdr)                Make it at least 27.11652pt, for example:
(fancyhdr)                \setlength{\headheight}{27.11652pt}.
(fancyhdr)                You might also make \topmargin smaller:
(fancyhdr)                \addtolength{\topmargin}{-12.11652pt}.

[744]
Overfull \hbox (0.33907pt too wide) in paragraph at lines 1989--1993
\T1/lmtt/m/n/12 Cache-Control: no-cache\T1/lmr/m/n/12 (-20) , per-event flush, 
com-ment keep-alives
 []


Underfull \vbox (badness 10000) has occurred while \output is active []

 [745]
Overfull \hbox (8.40636pt too wide) in paragraph at lines 2019--2025
\T1/lmr/m/n/12 (-20) level pro-to-col lay-ered on Web-Socket fram-ing (e.g. \T1
/lmtt/m/n/12 mqtt\T1/lmr/m/n/12 (-20) , \T1/lmtt/m/n/12 graphql-ws\T1/lmr/m/n/1
2 (-20) ),
 []


Package fancyhdr Warning: \headheight is too small (15.0pt): 
(fancyhdr)                Make it at least 27.11652pt, for example:
(fancyhdr)                \setlength{\headheight}{27.11652pt}.
(fancyhdr)                You might also make \topmargin smaller:
(fancyhdr)                \addtolength{\topmargin}{-12.11652pt}.

[746]
Underfull \vbox (badness 10000) has occurred while \output is active []

 [747]

Package fancyhdr Warning: \headheight is too small (15.0pt): 
(fancyhdr)                Make it at least 27.11652pt, for example:
(fancyhdr)                \setlength{\headheight}{27.11652pt}.
(fancyhdr)                You might also make \topmargin smaller:
(fancyhdr)                \addtolength{\topmargin}{-12.11652pt}.

[748]
Overfull \hbox (5.06316pt too wide) in paragraph at lines 2153--2157
[]\T1/lmr/bx/n/12 (-20) Martin Klepp-mann\T1/lmr/m/n/12 (-20) , \T1/lmr/m/it/12
 (-20) De-sign-ing Data-Intensive Ap-pli-ca-tions \T1/lmr/m/n/12 (-20) (O'Reill
y,
 []


Overfull \hbox (12.55116pt too wide) in paragraph at lines 2160--2164
[]\T1/lmr/bx/n/12 (-20) FastAPI \T1/lmr/m/n/12 (-20) and \T1/lmr/bx/n/12 (-20) 
httpx \T1/lmr/m/n/12 (-20) doc-u-men-ta-tion --- \T1/lmtt/m/n/12 StreamingRespo
nse\T1/lmr/m/n/12 (-20) , \T1/lmtt/m/n/12 WebSocket
 []


Underfull \vbox (badness 10000) has occurred while \output is active []

 [749]
Overfull \hbox (7.5757pt too wide) in paragraph at lines 2199--2201
[]\T1/lmr/bx/n/12 (-20) Stretch Goals: \T1/lmr/m/n/12 (-20) sup-port a two-secr
et ro-ta-tion win-dow; emit a Prometheus-
 []


Package fancyhdr Warning: \headheight is too small (15.0pt): 
(fancyhdr)                Make it at least 27.11652pt, for example:
(fancyhdr)                \setlength{\headheight}{27.11652pt}.
(fancyhdr)                You might also make \topmargin smaller:
(fancyhdr)                \addtolength{\topmargin}{-12.11652pt}.

[750]
Overfull \hbox (9.74736pt too wide) in paragraph at lines 2229--2231
[]\T1/lmr/m/n/12 (-20) A one-page delivery-semantics doc-u-ment (at-least-once,
 or-der-ing caveats)
 []

[751]
Overfull \hbox (9.10632pt too wide) in paragraph at lines 2270--2272
[]\T1/lmr/bx/n/12 (-20) Stretch Goals: \T1/lmr/m/n/12 (-20) HTTP/2 serv-ing; pe
r-channel \T1/lmtt/m/n/12 retry \T1/lmr/m/n/12 (-20) tun-ing; EventSource-
 []


Overfull \hbox (0.48328pt too wide) in paragraph at lines 2285--2289
[]\T1/lmr/m/n/12 (-20) Define a sub-pro-to-col \T1/lmtt/m/n/12 northwind.contro
l.v1 \T1/lmr/m/n/12 (-20) (JSON re-quest/response
 []


Package fancyhdr Warning: \headheight is too small (15.0pt): 
(fancyhdr)                Make it at least 27.11652pt, for example:
(fancyhdr)                \setlength{\headheight}{27.11652pt}.
(fancyhdr)                You might also make \topmargin smaller:
(fancyhdr)                \addtolength{\topmargin}{-12.11652pt}.

[752] [753]
Overfull \hbox (4.34718pt too wide) in paragraph at lines 2366--2370
\T1/lmtt/m/n/12 pip download -d wheelhouse -r requirements.txt \T1/lmr/m/n/12 (
-20) on a con-nected host,
 []


Overfull \hbox (57.9545pt too wide) in paragraph at lines 2366--2370
\T1/lmr/m/n/12 (-20) then \T1/lmtt/m/n/12 pip install --no-index --find-links w
heelhouse -r requirements.txt\T1/lmr/m/n/12 (-20) ): 
 []


Package fancyhdr Warning: \headheight is too small (15.0pt): 
(fancyhdr)                Make it at least 27.11652pt, for example:
(fancyhdr)                \setlength{\headheight}{27.11652pt}.
(fancyhdr)                You might also make \topmargin smaller:
(fancyhdr)                \addtolength{\topmargin}{-12.11652pt}.

[754] [755]
Overfull \hbox (13.79094pt too wide) in paragraph at lines 2458--2463
\T1/lmtt/m/n/12 Last-Event-ID \T1/lmr/m/n/12 (-20) for free. Re-spect buffer-in
g prox-ies (\T1/lmtt/m/n/12 X-Accel-Buffering:
 []


Overfull \hbox (36.28033pt too wide) in paragraph at lines 2463--2469
\T1/lmr/m/n/12 (-20) value is $[]\OT1/lmr/m/n/12 (-20) ([](\OML/lmm/m/it/12 key
 \OMS/lmsy/m/n/12 k []\OT1/lmr/m/n/12 (-20) ))$\T1/lmr/m/n/12 (-20) ; frames ca
rry FIN/opcode/mask/length;
 []


Underfull \hbox (badness 10000) in paragraph at lines 2496--2496
[]|\T1/lmr/m/n/10.95 (+20) sign, retry-
 []


Underfull \hbox (badness 10000) in paragraph at lines 2496--2496
\T1/lmr/m/n/10.95 (+20) bounded, DLQ,
 []


Underfull \hbox (badness 10000) in paragraph at lines 2496--2496
\T1/lmr/m/n/10.95 (+20) idem-po-tent re-
 []


Underfull \hbox (badness 10000) in paragraph at lines 2496--2496
[]|\T1/lmr/m/n/10.95 (+20) resume via
 []


Underfull \hbox (badness 10000) in paragraph at lines 2496--2496
\T1/lmtt/m/n/10.95 Last-Event-ID\T1/lmr/m/n/10.95 (+20) ;
 []


Underfull \hbox (badness 5064) in paragraph at lines 2496--2496
\T1/lmr/m/n/10.95 (+20) heart-beat, back-
 []


Underfull \hbox (badness 1527) in paragraph at lines 2496--2496
[]|\T1/lmr/m/n/10.95 (+20) hold dead-line $\OML/lmm/m/it/10.95 <$
 []


LaTeX Warning: `h' float specifier changed to `ht'.


LaTeX Warning: `h' float specifier changed to `ht'.


LaTeX Warning: `h' float specifier changed to `ht'.


Package fancyhdr Warning: \headheight is too small (15.0pt): 
(fancyhdr)                Make it at least 27.11652pt, for example:
(fancyhdr)                \setlength{\headheight}{27.11652pt}.
(fancyhdr)                You might also make \topmargin smaller:
(fancyhdr)                \addtolength{\topmargin}{-12.11652pt}.

[756] (chapters/_standard_addendum.tex
Underfull \hbox (badness 10000) in alignment at lines 14--14
[][][][][] 
 []


LaTeX Warning: `h' float specifier changed to `ht'.


Overfull \hbox (55.38057pt too wide) in alignment at lines 39--39
[][][] 
 []

[757]

Package fancyhdr Warning: \headheight is too small (15.0pt): 
(fancyhdr)                Make it at least 27.11652pt, for example:
(fancyhdr)                \setlength{\headheight}{27.11652pt}.
(fancyhdr)                You might also make \topmargin smaller:
(fancyhdr)                \addtolength{\topmargin}{-12.11652pt}.

[758]
Underfull \hbox (badness 2285) in paragraph at lines 86--86
[]|\T1/lmr/bx/n/10.95 (+20) Choose this ap-proach
 []


Underfull \hbox (badness 5064) in paragraph at lines 86--86
[]|\T1/lmr/bx/n/10.95 (+20) Prefer an al-ter-na-tive
 []

[759])) (chapters/chapter_12_graphql.tex

Package fancyhdr Warning: \headheight is too small (15.0pt): 
(fancyhdr)                Make it at least 27.11652pt, for example:
(fancyhdr)                \setlength{\headheight}{27.11652pt}.
(fancyhdr)                You might also make \topmargin smaller:
(fancyhdr)                \addtolength{\topmargin}{-12.11652pt}.

[760]
Chapter 13.
[761

]
Overfull \hbox (128.65288pt too wide) in paragraph at lines 81--85
[]\T1/lmr/m/n/12 (-20) Read and pro-duce the GraphQL-over-HTTP wire shape: the 
\T1/lmtt/m/n/12 query\T1/lmr/m/n/12 (-20) /\T1/lmtt/m/n/12 variables\T1/lmr/m/n
/12 (-20) /\T1/lmtt/m/n/12 operationName
 []

[762]
Overfull \hbox (2.69539pt too wide) in paragraph at lines 121--124
[]\T1/lmr/bx/n/12 (-20) Chapter 7: \T1/lmr/m/n/12 (-20) er-ror mod-el-ing; Grap
hQL's \T1/lmtt/m/n/12 errors \T1/lmr/m/n/12 (-20) ar-ray and \T1/lmtt/m/n/12 ex
tensions
 []

[763] [764] [765]
Underfull \vbox (badness 2181) has occurred while \output is active []

 [766]
[767] [768]
Underfull \hbox (badness 10000) in paragraph at lines 430--439
[]\T1/lmr/m/n/12 (+20) The query \T1/lmtt/m/n/12 products(first: 5) { edges { n
ode { name
 []

[769]
Overfull \hbox (88.9837pt too wide) in paragraph at lines 479--482
 [][] 
 []

[770] [771]
Overfull \hbox (74.83955pt too wide) in paragraph at lines 566--578
\T1/lmr/m/n/12 (-20) gonomic half of that idea: the client sends only \T1/lmtt/
m/n/12 extensions.persistedQuery.sha256Hash\T1/lmr/m/n/12 (-20) ;
 []


Underfull \hbox (badness 10000) in paragraph at lines 629--629
[]|\T1/lmr/bx/n/10.95 (+20) REST
 []


Overfull \hbox (6.71434pt too wide) in paragraph at lines 629--629
\T1/lmr/bx/n/10.95 (-20) (HTTP+JSON)| 
 []


Underfull \hbox (badness 10000) in paragraph at lines 629--629
[]|\T1/lmr/m/n/10.95 (+20) OpenAPI,
 []


Underfull \hbox (badness 1668) in paragraph at lines 629--629
[]|\T1/lmr/m/n/10.95 (+20) Schema, in-trin-
 []


Underfull \hbox (badness 10000) in paragraph at lines 629--629
[]|\T1/lmr/m/n/10.95 (+20) Client-
 []


Underfull \hbox (badness 10000) in paragraph at lines 629--629
[]|\T1/lmr/m/n/10.95 (+20) No (HTTP/2
 []


Underfull \hbox (badness 1888) in paragraph at lines 629--629
[]|\T1/lmr/m/n/10.95 (+20) Multipart spec,
 []


Underfull \hbox (badness 4846) in paragraph at lines 629--629
\T1/lmr/m/n/10.95 (+20) lu-tion: dep-re-
 []


Underfull \hbox (badness 6078) in paragraph at lines 629--629
[]|\T1/lmr/m/n/10.95 (+20) Field num-bers,
 []


Underfull \hbox (badness 10000) in paragraph at lines 629--629
[]|\T1/lmr/m/n/10.95 (+20) Bounded per
 []


Underfull \hbox (badness 10000) in paragraph at lines 629--629
[]|\T1/lmr/m/n/10.95 (+20) Unbounded
 []


Underfull \hbox (badness 10000) in paragraph at lines 629--629
\T1/lmr/m/n/10.95 (+20) with-out cost
 []


Underfull \hbox (badness 10000) in paragraph at lines 629--629
[]|\T1/lmr/m/n/10.95 (+20) Bounded per
 []


Underfull \hbox (badness 1946) in paragraph at lines 629--629
[]|\T1/lmr/m/n/10.95 (+20) Strong for ser-
 []


Underfull \hbox (badness 10000) in paragraph at lines 629--629
[]|\T1/lmr/m/n/10.95 (+20) Public APIs,
 []


Underfull \hbox (badness 10000) in paragraph at lines 629--629
\T1/lmr/m/n/10.95 (+20) web-hooks,
 []


Underfull \hbox (badness 10000) in paragraph at lines 629--629
\T1/lmr/m/n/10.95 (+20) many clients,
 []


Underfull \hbox (badness 10000) in paragraph at lines 629--629
[]|\T1/lmr/m/n/10.95 (+20) Internal low-
 []


Underfull \vbox (badness 10000) has occurred while \output is active []

 [772]
Overfull \hbox (40.09718pt too wide) in paragraph at lines 676--679
 [][] 
 []


LaTeX Warning: `h' float specifier changed to `ht'.


Underfull \vbox (badness 3168) has occurred while \output is active []

 [773]
Overfull \hbox (61.2325pt too wide) in paragraph at lines 714--721
\T1/lmtt/m/n/12 catalog_schema.py \T1/lmr/m/n/12 (-20) (schema, con-nec-tions, 
mu-ta-tions, Dat-aLoad-ers), \T1/lmtt/m/n/12 cost_control.py
 []


Overfull \hbox (59.46115pt too wide) in paragraph at lines 714--721
\T1/lmr/m/n/12 (-20) process tests). Win-dows paths be-low as-sume the lab live
s at \T1/lmtt/m/n/12 C:\training\graphql_lab\T1/lmr/m/n/12 (-20) . 
 []

[774]
Underfull \hbox (badness 10000) in paragraph at lines 732--732
[]\T1/lmr/m/n/12 (+20) Listing 13.1: In-stru-mented in-memory repos-i-tory
 []

[775]
Underfull \vbox (badness 10000) has occurred while \output is active []

 [776]
Underfull \vbox (badness 10000) has occurred while \output is active []

 [777]
Overfull \hbox (0.34572pt too wide) in paragraph at lines 861--867
\T1/lmtt/m/n/12 reviews_for_product\T1/lmr/m/n/12 (-20) ) ex-ist along-side bat
ched reads (\T1/lmtt/m/n/12 categories_by_ids\T1/lmr/m/n/12 (-20) ,
 []

[778]
Overfull \hbox (156.69409pt too wide) in paragraph at lines 905--906
[][][][] 
 []


Overfull \hbox (156.69409pt too wide) in paragraph at lines 907--910
[][][][] 
 []

[779]
Overfull \hbox (156.69409pt too wide) in paragraph at lines 935--936
[][][][] 
 []


Overfull \hbox (156.69409pt too wide) in paragraph at lines 937--940
[][][][] 
 []


Underfull \vbox (badness 10000) has occurred while \output is active []

 [780]
Underfull \vbox (badness 10000) has occurred while \output is active []

 [781]
Overfull \hbox (156.69409pt too wide) in paragraph at lines 1013--1014
[][][][] 
 []


Overfull \hbox (156.69409pt too wide) in paragraph at lines 1015--1018
[][][][] 
 []


Underfull \vbox (badness 10000) has occurred while \output is active []

 [782]
Underfull \vbox (badness 10000) has occurred while \output is active []

 [783]
Overfull \hbox (156.69409pt too wide) in paragraph at lines 1061--1062
[][][][] 
 []


Overfull \hbox (156.69409pt too wide) in paragraph at lines 1063--1066
[][][][] 
 []


Overfull \hbox (156.69409pt too wide) in paragraph at lines 1089--1090
[][][][] 
 []


Overfull \hbox (156.69409pt too wide) in paragraph at lines 1091--1094
[][][][] 
 []


Underfull \vbox (badness 10000) has occurred while \output is active []

 [784]
Underfull \vbox (badness 10000) has occurred while \output is active []

 [785]
Overfull \hbox (156.69409pt too wide) in paragraph at lines 1162--1163
[][][][] 
 []


Overfull \hbox (156.69409pt too wide) in paragraph at lines 1164--1167
[][][][] 
 []


Underfull \vbox (badness 10000) has occurred while \output is active []

 [786]
[787]
Underfull \vbox (badness 10000) has occurred while \output is active []

 [788]
[789] [790]
Overfull \hbox (156.69409pt too wide) in paragraph at lines 1342--1343
[][][][] 
 []


Overfull \hbox (156.69409pt too wide) in paragraph at lines 1344--1347
[][][][] 
 []


Underfull \vbox (badness 10000) has occurred while \output is active []

 [791]
Underfull \vbox (badness 10000) has occurred while \output is active []

 [792]
Overfull \hbox (156.69409pt too wide) in paragraph at lines 1436--1437
[][][][] 
 []


Underfull \vbox (badness 10000) has occurred while \output is active []

 [793]
Overfull \hbox (156.69409pt too wide) in paragraph at lines 1438--1441
[][][][] 
 []


Underfull \vbox (badness 10000) has occurred while \output is active []

 [794]
Underfull \vbox (badness 10000) has occurred while \output is active []

 [795]
Overfull \hbox (156.69409pt too wide) in paragraph at lines 1517--1518
[][][][] 
 []


Overfull \hbox (156.69409pt too wide) in paragraph at lines 1519--1522
[][][][] 
 []


Underfull \vbox (badness 10000) has occurred while \output is active []

 [796]
Overfull \hbox (65.14607pt too wide) in paragraph at lines 1576--1583
[]\T1/lmr/m/n/12 (-20) The com-plex-ity es-ti-ma-tor en-codes one de-lib-er-ate
 mod-el-ing choice: \T1/lmtt/m/n/12 _list_multiplier
 []

[797]
Overfull \hbox (39.81374pt too wide) in paragraph at lines 1587--1593
\T1/lmr/m/n/12 (-20) The server (List-ing [][]13.5[][]) is thin by de-sign: par
se JSON, call \T1/lmtt/m/n/12 execute_graphql_http\T1/lmr/m/n/12 (-20) ,
 []

[798]
Underfull \vbox (badness 10000) has occurred while \output is active []

 [799]
[800]
Underfull \vbox (badness 10000) has occurred while \output is active []

 [801]
Underfull \vbox (badness 10000) has occurred while \output is active []

 [802]
Underfull \vbox (badness 10000) has occurred while \output is active []

 [803]
[804]
Overfull \hbox (45.32266pt too wide) in paragraph at lines 1859--1869
\T1/lmr/m/n/12 (-20) Listing [][]13.7[][] is 21 tests, all in-process via \T1/l
mtt/m/n/12 schema.execute \T1/lmr/m/n/12 (-20) or \T1/lmtt/m/n/12 execute_graph
ql_http\T1/lmr/m/n/12 (-20) ,
 []


Underfull \hbox (badness 7256) in paragraph at lines 1870--1870
[]\T1/lmr/m/n/12 (+20) Listing 13.7: In-process test suite: 21 tests, zero net-
work
 []

[805]
Overfull \hbox (156.69409pt too wide) in paragraph at lines 1915--1916
[][][][] 
 []


Overfull \hbox (156.69409pt too wide) in paragraph at lines 1917--1920
[][][][] 
 []


Underfull \vbox (badness 10000) has occurred while \output is active []

 [806]
Underfull \vbox (badness 10000) has occurred while \output is active []

 [807]
Overfull \hbox (156.69409pt too wide) in paragraph at lines 2016--2017
[][][][] 
 []


Underfull \vbox (badness 10000) has occurred while \output is active []

 [808]
Overfull \hbox (156.69409pt too wide) in paragraph at lines 2018--2021
[][][][] 
 []


Underfull \vbox (badness 10000) has occurred while \output is active []

 [809]
Overfull \hbox (156.69409pt too wide) in paragraph at lines 2053--2054
[][][][] 
 []


Overfull \hbox (156.69409pt too wide) in paragraph at lines 2055--2058
[][][][] 
 []


Underfull \vbox (badness 10000) has occurred while \output is active []

 [810]
Overfull \hbox (156.69409pt too wide) in paragraph at lines 2097--2098
[][][][] 
 []


Overfull \hbox (156.69409pt too wide) in paragraph at lines 2099--2102
[][][][] 
 []


Underfull \vbox (badness 10000) has occurred while \output is active []

 [811]
Overfull \hbox (156.69409pt too wide) in paragraph at lines 2131--2132
[][][][] 
 []


Overfull \hbox (156.69409pt too wide) in paragraph at lines 2133--2136
[][][][] 
 []


Underfull \vbox (badness 10000) has occurred while \output is active []

 [812]
Underfull \vbox (badness 10000) has occurred while \output is active []

 [813]
Underfull \vbox (badness 10000) has occurred while \output is active []

 [814]
[815]
Overfull \hbox (17.47307pt too wide) in paragraph at lines 2279--2287
\T1/lmr/bx/n/12 (-20) Failure. \T1/lmr/m/n/12 (-20) The client checks \T1/lmtt/
m/n/12 status_code\T1/lmr/m/n/12 (-20) , sees 200, ren-ders \T1/lmtt/m/n/12 dat
a.product.name
 []

[816]
Overfull \hbox (9.1266pt too wide) in paragraph at lines 2324--2324
[]\T1/lmr/bx/n/17.28 (-20) Hands-On Pro-duc-tion Lab & Real-World
 []


Overfull \hbox (68.33629pt too wide) in paragraph at lines 2329--2331
\T1/lmr/m/n/12 (-20) Four hours, one Win-dows work-sta-tion, zero net-work. Wor
k in \T1/lmtt/m/n/12 C:\training\graphql_lab\T1/lmr/m/n/12 (-20) . 
 []


Overfull \hbox (22.16039pt too wide) in paragraph at lines 2343--2349
\T1/lmr/m/n/12 (-20) faults to \T1/lmtt/m/n/12 False \T1/lmr/m/n/12 (-20) and r
e-run \T1/lmtt/m/n/12 pytest\T1/lmr/m/n/12 (-20) : \T1/lmtt/m/n/12 test_dataloa
der_collapses_nplus1
 []


Overfull \hbox (52.33228pt too wide) in paragraph at lines 2349--2356
[]\T1/lmr/bx/n/12 (-20) Find the thresh-old. \T1/lmr/m/n/12 (-20) In a Python R
EPL, call \T1/lmtt/m/n/12 analyze_document(parse(...))
 []


Overfull \hbox (41.3566pt too wide) in paragraph at lines 2356--2362
\T1/lmr/m/n/12 (-20) then send a mis-matched hash/text pair and ob-serve \T1/lm
tt/m/n/12 PersistedQueryMismatch\T1/lmr/m/n/12 (-20) .
 []

[817] [818] [819] [820] [821]
Underfull \vbox (badness 10000) has occurred while \output is active []

 [822]
Overfull \hbox (2.08844pt too wide) in paragraph at lines 2606--2612
\T1/lmr/m/n/12 (-20) --- \T1/lmtt/m/n/12 COST_DATA_UNAVAILABLE\T1/lmr/m/n/12 (-
20) , \T1/lmtt/m/n/12 BAD_CURSOR \T1/lmr/m/n/12 (-20) --- so clients branch on 
codes,
 []


Overfull \hbox (151.2741pt too wide) in paragraph at lines 2629--2638
[]\T1/lmr/bx/n/12 (-20) Walk through the APQ pro-to-col flow. \T1/lmr/m/n/12 (-
20) Client sends \T1/lmtt/m/n/12 extensions.persistedQuery.sha256Hash
 []


Underfull \vbox (badness 10000) has occurred while \output is active []

 [823]
Underfull \vbox (badness 10000) has occurred while \output is active []

 [824]
Underfull \vbox (badness 10000) has occurred while \output is active []

 [825]
Overfull \hbox (7.79893pt too wide) in paragraph at lines 2742--2750
[]\T1/lmr/bx/n/12 (-20) Design the mi-gra-tion of a 200-endpoint REST API to Gr
aphQL
 []


Overfull \hbox (117.10423pt too wide) in paragraph at lines 2764--2768
[]\T1/lmr/bx/n/12 (-20) Relay GraphQL Cur-sor Con-nec-tions Spec-i-fi-ca-tion \
T1/lmr/m/n/12 (-20) (re-lay.dev/graphql/connections.htm)
 []

[826]
Overfull \hbox (33.4973pt too wide) in paragraph at lines 2824--2826
[]\T1/lmr/m/n/12 (-20) A forged cur-sor yields a field er-ror with a machine-re
adable \T1/lmtt/m/n/12 extensions.code\T1/lmr/m/n/12 (-20) . 
 []

[827]
Overfull \hbox (41.53622pt too wide) in paragraph at lines 2842--2845
[]\T1/lmr/bx/n/12 (-20) Inputs/Datasets. \T1/lmr/m/n/12 (-20) Your Capstone-1 s
chema ex-tended with \T1/lmtt/m/n/12 Category.products
 []

[828] [829]
Overfull \hbox (2.86115pt too wide) in paragraph at lines 2966--2968
[]\T1/lmr/m/n/12 (-20) One client op-er-a-tion span-ning both sub-graphs re-tur
ns cor-rectly stitched
 []

[830] [831]
Overfull \hbox (18.709pt too wide) in paragraph at lines 3071--3074
[]\T1/lmr/bx/n/12 (-20) Why in-cluded. \T1/lmr/m/n/12 (-20) The suite's 21 test
s run in-process and of-fline; \T1/lmtt/m/n/12 asyncio.run
 []

[832]
Overfull \hbox (13.02907pt too wide) in paragraph at lines 3100--3103
[]\T1/lmr/m/n/12 (-20) Relay con-nec-tions stan-dard-ize cur-sor pag-i-na-tion:
 \T1/lmtt/m/n/12 edges\T1/lmr/m/n/12 (-20) /\T1/lmtt/m/n/12 node\T1/lmr/m/n/12 
(-20) /\T1/lmtt/m/n/12 pageInfo\T1/lmr/m/n/12 (-20) ,
 []

[833] (chapters/_standard_addendum.tex
Underfull \hbox (badness 10000) in alignment at lines 14--14
[][][][][] 
 []

[834]
Overfull \hbox (55.38057pt too wide) in alignment at lines 39--39
[][][] 
 []

[835]
Underfull \hbox (badness 2285) in paragraph at lines 86--86
[]|\T1/lmr/bx/n/10.95 (+20) Choose this ap-proach
 []


Underfull \hbox (badness 5064) in paragraph at lines 86--86
[]|\T1/lmr/bx/n/10.95 (+20) Prefer an al-ter-na-tive
 []


LaTeX Warning: `h' float specifier changed to `ht'.

[836])) (chapters/chapter_13_grpc_high_performance_rpc.tex [837] [838

]
Chapter 14.

Underfull \vbox (badness 1675) has occurred while \output is active []

 [839]
[840]
Overfull \hbox (28.08476pt too wide) in paragraph at lines 84--86
[]\T1/lmr/m/n/12 (-20) Use meta-data (head-ers, trail-ers, bi-nary \T1/lmtt/m/n
/12 -bin \T1/lmr/m/n/12 (-20) keys) and client/server
 []

[841]
Overfull \hbox (2.50406pt too wide) in paragraph at lines 163--163
[]\T1/lmr/bx/n/14.4 (-20) Why REST+JSON Loses on Hot In-ter-nal Paths 
 []

[842] [843] [844]
Overfull \hbox (189.77538pt too wide) in paragraph at lines 325--329
 [][] 
 []


Overfull \hbox (12.51637pt too wide) in paragraph at lines 353--358
[]\T1/lmr/bx/n/12 (-20) Well-known types. \T1/lmtt/m/n/12 google.protobuf.Times
tamp\T1/lmr/m/n/12 (-20) , \T1/lmtt/m/n/12 Duration\T1/lmr/m/n/12 (-20) , \T1/l
mtt/m/n/12 Struct\T1/lmr/m/n/12 (-20) ,
 []


Overfull \hbox (10.13818pt too wide) in paragraph at lines 353--358
\T1/lmtt/m/n/12 Any\T1/lmr/m/n/12 (-20) , and wrap-pers like \T1/lmtt/m/n/12 Do
ubleValue \T1/lmr/m/n/12 (-20) ship with pro-toc. Pre-fer \T1/lmtt/m/n/12 Times
tamp
 []

[845] [846] [847]
Overfull \hbox (10.74188pt too wide) in paragraph at lines 409--413
\T1/lmr/m/n/12 (-20) shapes (\T1/lmtt/m/n/12 GetRobotStatus\T1/lmr/m/n/12 (-20)
 ). Can-cel-la-tion: client abort sends \T1/lmtt/m/n/12 RST_STREAM\T1/lmr/m/n/1
2 (-20) ;
 []


Overfull \hbox (3.04881pt too wide) in paragraph at lines 413--419
[]\T1/lmr/bx/n/12 (-20) Server stream-ing \T1/lmr/m/n/12 (-20) --- one re-quest
, many re-sponses (\T1/lmtt/m/n/12 StreamTelemetry\T1/lmr/m/n/12 (-20) :
 []


Overfull \hbox (1.2721pt too wide) in paragraph at lines 419--423
[]\T1/lmr/bx/n/12 (-20) Client stream-ing \T1/lmr/m/n/12 (-20) --- many re-ques
ts, one re-sponse (\T1/lmtt/m/n/12 UploadTelemetry\T1/lmr/m/n/12 (-20) :
 []

[848]
Overfull \hbox (60.28433pt too wide) in paragraph at lines 538--550
\T1/lmr/m/n/12 (-20) mod-els the client ones as the four ab-stract classes \T1/
lmtt/m/n/12 grpc.UnaryUnaryClientInterceptor
 []


Overfull \hbox (69.67593pt too wide) in paragraph at lines 538--550
\T1/lmr/m/n/12 (-20) ... \T1/lmtt/m/n/12 grpc.StreamStreamClientInterceptor\T1/
lmr/m/n/12 (-20) , com-posed with \T1/lmtt/m/n/12 grpc.intercept_channel\T1/lmr
/m/n/12 (-20) ,
 []


Overfull \hbox (8.11389pt too wide) in paragraph at lines 538--550
\T1/lmr/m/n/12 (-20) and the server side as \T1/lmtt/m/n/12 grpc.ServerIntercep
tor.intercept_service\T1/lmr/m/n/12 (-20) , which
 []

[849]
Overfull \hbox (234.60226pt too wide) in paragraph at lines 584--587
 [][] 
 []


Underfull \hbox (badness 10000) in paragraph at lines 623--623
[]|\T1/lmr/m/n/10.95 (+20) Caller can-celled (or
 []


Underfull \hbox (badness 10000) in paragraph at lines 623--623
[]|\T1/lmr/m/n/10.95 (+20) Error from an-other
 []


Underfull \hbox (badness 4779) in paragraph at lines 623--623
[]|\T1/lmr/m/n/10.95 (+20) Budget ex-pired (note:
 []


Underfull \hbox (badness 10000) in paragraph at lines 623--623
\T1/lmr/m/n/10.95 (+20) server-set, vs. CAN-
 []


Underfull \hbox (badness 10000) in paragraph at lines 623--623
\T1/lmr/m/n/10.95 (+20) CELLED for client
 []


Underfull \hbox (badness 10000) in paragraph at lines 623--623
[]|\T1/lmr/m/n/10.95 (+20) Concurrency con-flict;
 []


Underfull \hbox (badness 10000) in paragraph at lines 623--623
\T1/lmr/m/n/10.95 (+20) over-loaded, restart-ing.
 []


Underfull \hbox (badness 4229) in paragraph at lines 623--623
[]|\T1/lmr/m/n/10.95 (+20) Missing/invalid cre-den-
 []


Overfull \hbox (38.22403pt too wide) in paragraph at lines 630--641
[]\T1/lmr/m/n/12 (-20) Three judg-ment calls trip up even se-nior en-gi-neers. 
\T1/lmr/bx/n/12 (-20) IN-VALID_ARGUMENT
 []

[850] [851]
Overfull \hbox (59.78378pt too wide) in paragraph at lines 680--689
\T1/lmr/m/n/12 (-20) con-nec-tions through NATs/firewalls are de-tected. Client
-side \T1/lmtt/m/n/12 grpc.keepalive_time_ms
 []


Overfull \hbox (2.78049pt too wide) in paragraph at lines 705--711
[]\T1/lmr/bx/n/12 (-20) Health check-ing. \T1/lmr/m/n/12 (-20) The \T1/lmtt/m/n
/12 grpc.health.v1.Health \T1/lmr/m/n/12 (-20) ser-vice (\T1/lmtt/m/n/12 Check\
T1/lmr/m/n/12 (-20) , \T1/lmtt/m/n/12 Watch\T1/lmr/m/n/12 (-20) )
 []

[852]
Overfull \hbox (16.63661pt too wide) in paragraph at lines 724--724
[]\T1/lmr/bx/n/14.4 (-20) Listing 1 --- In-ter-face Def-i-ni-tion: \T1/lmtt/b/n
/14.4 telemetry.proto 
 []

[853]
Underfull \vbox (badness 10000) has occurred while \output is active []

 [854]
Underfull \vbox (badness 10000) has occurred while \output is active []

 [855]
[856]
Underfull \vbox (badness 10000) has occurred while \output is active []

 [857]
Underfull \vbox (badness 10000) has occurred while \output is active []

 [858]
Overfull \hbox (25.62146pt too wide) in paragraph at lines 959--960
[][][][] 
 []


Underfull \vbox (badness 10000) has occurred while \output is active []

 [859]
Underfull \vbox (badness 10000) has occurred while \output is active []

 [860]
Underfull \vbox (badness 10000) has occurred while \output is active []

 [861]
Underfull \vbox (badness 10000) has occurred while \output is active []

 [862]
Overfull \hbox (0.81189pt too wide) in paragraph at lines 1113--1120
\T1/lmr/m/n/12 (-20) A \T1/lmtt/m/n/12 grpc.ServerInterceptor \T1/lmr/m/n/12 (-
20) re-builds each han-dler so that any \T1/lmtt/m/n/12 DomainError
 []

[863]
Underfull \vbox (badness 10000) has occurred while \output is active []

 [864]
[865]
Underfull \vbox (badness 10000) has occurred while \output is active []

 [866]
Underfull \vbox (badness 10000) has occurred while \output is active []

 [867]
Underfull \vbox (badness 10000) has occurred while \output is active []

 [868]
Underfull \vbox (badness 10000) has occurred while \output is active []

 [869]
[870]
Underfull \vbox (badness 10000) has occurred while \output is active []

 [871]
Underfull \vbox (badness 10000) has occurred while \output is active []

 [872]
[873]
Underfull \vbox (badness 10000) has occurred while \output is active []

 [874]
Overfull \hbox (11.82434pt too wide) in paragraph at lines 1588--1589
[][] 
 []


Underfull \vbox (badness 10000) has occurred while \output is active []

 [875]
Overfull \hbox (25.62146pt too wide) in paragraph at lines 1643--1644
[][] 
 []


Underfull \vbox (badness 10000) has occurred while \output is active []

 [876]
[877]
Underfull \vbox (badness 10000) has occurred while \output is active []

 [878]
Overfull \hbox (9.1266pt too wide) in paragraph at lines 1735--1735
[]\T1/lmr/bx/n/17.28 (-20) Hands-On Pro-duc-tion Lab & Real-World
 []

[879]
Overfull \hbox (9.03188pt too wide) in paragraph at lines 1829--1838
[]\T1/lmr/m/n/12 (-20) The durable fixes, in or-der of im-pact: \T1/lmr/bx/n/12
 (-20) (1) \T1/lmr/m/n/12 (-20) server-side \T1/lmtt/m/n/12 max_connection_age
 []

[880] [881]
Overfull \hbox (185.55959pt too wide) in paragraph at lines 1915--1919
\T1/lmr/bx/n/12 (-20) call? \T1/lmtt/m/n/12 /\T1/lmr/m/it/12 (-20) package.Serv
ice\T1/lmtt/m/n/12 /\T1/lmr/m/it/12 (-20) Method\T1/lmr/m/n/12 (-20) , e.g. \T1
/lmtt/m/n/12 /northwind.telemetry.v1.TelemetryService/GetRobotStatus\T1/lmr/m/n
/12 (-20) .
 []

[882]
Underfull \vbox (badness 10000) has occurred while \output is active []

 [883]
Underfull \vbox (badness 10000) has occurred while \output is active []

 [884]
Overfull \hbox (13.46248pt too wide) in paragraph at lines 2014--2022
\T1/lmr/m/n/12 (-20) for-bids it (delet-ing a non-empty ware-house zone). OUT_O
F_RANGE:
 []


Overfull \hbox (16.11569pt too wide) in paragraph at lines 2022--2028
[]\T1/lmr/bx/n/12 (-20) UNAUTHENTICATED vs. PER-MIS-SION_DENIED? \T1/lmr/m/n/12
 (-20) UNAU-
 []


Underfull \vbox (badness 10000) has occurred while \output is active []

 [885]
Overfull \hbox (27.01299pt too wide) in paragraph at lines 2041--2050
[]\T1/lmr/bx/n/12 (-20) How do rich er-ror de-tails work on the wire? \T1/lmr/m
/n/12 (-20) A \T1/lmtt/m/n/12 google.rpc.Status
 []


Underfull \vbox (badness 10000) has occurred while \output is active []

 [886]
Overfull \hbox (21.24461pt too wide) in paragraph at lines 2106--2115
\T1/lmr/m/n/12 (-20) server stream-ing; or \T1/lmr/bx/n/12 (-20) HTTP/JSON tran
scod-ing \T1/lmr/m/n/12 (-20) --- \T1/lmtt/m/n/12 google.api.http
 []


Underfull \vbox (badness 10000) has occurred while \output is active []

 [887]
Underfull \vbox (badness 10000) has occurred while \output is active []

 [888]
[889]
Overfull \hbox (9.01904pt too wide) in paragraph at lines 2216--2221
[]\T1/lmr/bx/n/12 (-20) Google AIP (API Im-prove-ment Pro-pos-als) \T1/lmr/m/n/
12 (-20) --- \T1/lmtt/m/n/12 https://aip.dev/\T1/lmr/m/n/12 (-20) :
 []


Overfull \hbox (269.13402pt too wide) in paragraph at lines 2221--2225
[]\T1/lmr/bx/n/12 (-20) CNCF xDS / En-voy doc-u-men-ta-tion \T1/lmr/m/n/12 (-20
) --- \T1/lmtt/m/n/12 https://www.envoyproxy.io/docs/envoy/latest/api-docs/xds_
protocol
 []


Overfull \hbox (2.9108pt too wide) in paragraph at lines 2227--2231
\T1/lmr/m/n/12 (-20) (O'Reilly, 2017) --- the RPC fal-la-cies, schema evo-lu-ti
on, and distributed-
 []


Overfull \hbox (28.76501pt too wide) in paragraph at lines 2247--2250
[]\T1/lmr/bx/n/12 (-20) Inputs/Datasets. \T1/lmr/m/n/12 (-20) List-ing 1's \T1/
lmtt/m/n/12 telemetry.proto \T1/lmr/m/n/12 (-20) re-duced to \T1/lmtt/m/n/12 Ge
tRobotStatus
 []

[890]
Overfull \hbox (13.50946pt too wide) in paragraph at lines 2283--2285
[]\T1/lmr/m/n/12 (-20) Implement the server stream with \T1/lmtt/m/n/12 max_fra
mes\T1/lmr/m/n/12 (-20) , \T1/lmtt/m/n/12 period_ms\T1/lmr/m/n/12 (-20) , \T1/l
mtt/m/n/12 is_active()
 []

[891]
Overfull \hbox (25.59148pt too wide) in paragraph at lines 2309--2312
[]\T1/lmr/bx/n/12 (-20) Inputs/Datasets. \T1/lmtt/m/n/12 UploadTelemetry\T1/lmr
/m/n/12 (-20) , \T1/lmtt/m/n/12 ErrorDetails\T1/lmr/m/n/12 (-20) , and \T1/lmtt
/m/n/12 FieldViolation
 []

[892]
Overfull \hbox (1.03105pt too wide) in paragraph at lines 2388--2391
[]\T1/lmr/m/n/12 (-20) Apply, and mea-sure sep-a-rately: \T1/lmtt/m/n/12 max_co
nnection_age \T1/lmr/m/n/12 (-20) re-cy-cling; client-
 []

[893] [894]
Overfull \hbox (37.06319pt too wide) in paragraph at lines 2490--2492
[]\T1/lmr/bx/n/12 (-20) Installation. \T1/lmtt/m/n/12 pip install protobuf\T1/l
mr/m/n/12 (-20) ; match the ma-jor ver-sion \T1/lmtt/m/n/12 grpcio-tools
 []

[895]
Overfull \hbox (9.33905pt too wide) in paragraph at lines 2536--2542
\T1/lmr/m/n/12 (-20) RPCs, not con-nec-tions --- client-side LB, xDS, or \T1/lm
tt/m/n/12 max_connection_age\T1/lmr/m/n/12 (-20) );
 []

[896]
Underfull \hbox (badness 4582) in paragraph at lines 2564--2564
\T1/lmr/m/n/10.95 (+20) with max count; check
 []


Underfull \hbox (badness 4378) in paragraph at lines 2589--2589
[]|\T1/lmr/m/n/10.95 (+20) Caller can-
 []


Underfull \hbox (badness 10000) in paragraph at lines 2589--2589
[]|\T1/lmr/m/n/10.95 (+20) Malformed
 []


Underfull \hbox (badness 4132) in paragraph at lines 2589--2589
[]|\T1/lmr/m/n/10.95 (+20) Budget ex-
 []


Underfull \hbox (badness 10000) in paragraph at lines 2589--2589
[]|\T1/lmr/m/n/10.95 (+20) Known
 []


Underfull \hbox (badness 10000) in paragraph at lines 2589--2589
\T1/lmr/m/n/10.95 (+20) caller, re-
 []


Underfull \hbox (badness 10000) in paragraph at lines 2589--2589
[]|\T1/lmr/m/n/10.95 (+20) Quota/rate
 []


Underfull \hbox (badness 10000) in paragraph at lines 2589--2589
[]|\T1/lmr/m/n/10.95 (+20) State for-
 []


Overfull \hbox (1.04306pt too wide) in paragraph at lines 2589--2589
[]|\T1/lmr/m/n/10.95 (-20) Concurrency
 []


Underfull \hbox (badness 10000) in paragraph at lines 2589--2589
[]|\T1/lmr/m/n/10.95 (+20) Transient
 []


Underfull \hbox (badness 10000) in paragraph at lines 2589--2589
\T1/lmr/m/n/10.95 (+20) un-avail-abil-
 []


Overfull \hbox (1.05989pt too wide) in paragraph at lines 2589--2589
[]|\T1/lmr/m/n/10.95 (-20) Bad/missing
 []


LaTeX Warning: `h' float specifier changed to `ht'.

[897] (chapters/_standard_addendum.tex
Underfull \hbox (badness 10000) in alignment at lines 14--14
[][][][][] 
 []


Underfull \vbox (badness 1789) has occurred while \output is active []

 [898]
Overfull \hbox (55.38057pt too wide) in alignment at lines 39--39
[][][] 
 []

[899]
Underfull \hbox (badness 2285) in paragraph at lines 86--86
[]|\T1/lmr/bx/n/10.95 (+20) Choose this ap-proach
 []


Underfull \hbox (badness 5064) in paragraph at lines 86--86
[]|\T1/lmr/bx/n/10.95 (+20) Prefer an al-ter-na-tive
 []


LaTeX Warning: `h' float specifier changed to `ht'.

[900])) (chapters/chapter_14_rate_limiting_throttling.tex [901] [902

]
Chapter 15.
[903] [904]
Overfull \hbox (35.02606pt too wide) in paragraph at lines 103--108
\T1/lmtt/m/n/12 RateLimit-Remaining\T1/lmr/m/n/12 (-20) , \T1/lmtt/m/n/12 RateL
imit-Reset\T1/lmr/m/n/12 (-20) , and \T1/lmtt/m/n/12 RateLimit-Policy
 []

[905] [906] [907]

Package hyperref Warning: Token not allowed in a PDF string (Unicode):
(hyperref)                removing `math shift' on input line 265.


Package hyperref Warning: Token not allowed in a PDF string (Unicode):
(hyperref)                removing `math shift' on input line 265.

[908] [909]
Overfull \hbox (74.29503pt too wide) in paragraph at lines 416--423
 [][] 
 []

[910] [911]

Package tabularx Warning: X Columns too narrow (table too wide)
(tabularx)                 on input line 523.


Overfull \hbox (28.03345pt too wide) in paragraph at lines 523--523
[]|\T1/lmr/bx/n/10.95 (-20) Choose
 []


Overfull \hbox (16.92078pt too wide) in paragraph at lines 523--523
\T1/lmr/bx/n/10.95 (-20) when| 
 []


Overfull \hbox (14.17813pt too wide) in paragraph at lines 523--523
[]|\T1/lmr/m/n/10.95 (-20) Crisp
 []


Overfull \hbox (1.92986pt too wide) in paragraph at lines 523--523
\T1/lmr/m/n/10.95 (-20) set
 []


Overfull \hbox (12.85643pt too wide) in paragraph at lines 523--523
\T1/lmr/m/n/10.95 (-20) head-
 []


Overfull \hbox (3.71396pt too wide) in paragraph at lines 523--523
\T1/lmr/m/n/10.95 (-20) ers;
 []


Overfull \hbox (15.90715pt too wide) in paragraph at lines 523--523
\T1/lmr/m/n/10.95 (-20) rough
 []


Overfull \hbox (6.32841pt too wide) in paragraph at lines 523--523
\T1/lmr/m/n/10.95 (-20) pro-
 []


Overfull \hbox (4.51042pt too wide) in paragraph at lines 523--523
\T1/lmr/m/n/10.95 (-20) tec-
 []


Overfull \hbox (8.98993pt too wide) in paragraph at lines 523--523
\T1/lmr/m/n/10.95 (-20) tion;
 []


Overfull \hbox (12.69052pt too wide) in paragraph at lines 523--523
\T1/lmr/m/n/10.95 (-20) short
 []


Overfull \hbox (7.09648pt too wide) in paragraph at lines 523--523
\T1/lmr/m/n/10.95 (-20) win-
 []


Overfull \hbox (12.05566pt too wide) in paragraph at lines 523--523
\T1/lmr/m/n/10.95 (-20) dows| 
 []


Overfull \hbox (45.22844pt too wide) in paragraph at lines 523--523
[]|\T1/lmr/m/n/10.95 (-20) Correctness-
 []


Overfull \hbox (22.7317pt too wide) in paragraph at lines 523--523
\T1/lmr/m/n/10.95 (-20) critical,
 []


Overfull \hbox (11.37173pt too wide) in paragraph at lines 523--523
\T1/lmr/m/n/10.95 (-20) mod-
 []


Overfull \hbox (1.92986pt too wide) in paragraph at lines 523--523
\T1/lmr/m/n/10.95 (-20) est
 []


Underfull \hbox (badness 10000) in paragraph at lines 523--523
\OML/lmm/m/it/10.95 N$
 []


Overfull \hbox (13.4041pt too wide) in paragraph at lines 523--523
\T1/lmr/m/n/10.95 (-20) (auth
 []


Overfull \hbox (22.76126pt too wide) in paragraph at lines 523--523
\T1/lmr/m/n/10.95 (-20) tempts,
 []


Overfull \hbox (7.48508pt too wide) in paragraph at lines 523--523
\T1/lmr/m/n/10.95 (-20) pay-
 []


Overfull \hbox (20.99832pt too wide) in paragraph at lines 523--523
\T1/lmr/m/n/10.95 (-20) ments)| 
 []


Overfull \hbox (13.19473pt too wide) in paragraph at lines 523--523
[]|\T1/lmr/m/n/10.95 (-20) Huge
 []


Overfull \hbox (4.4377pt too wide) in paragraph at lines 523--523
\T1/lmr/m/n/10.95 (-20) key
 []


Overfull \hbox (15.60747pt too wide) in paragraph at lines 523--523
\T1/lmr/m/n/10.95 (-20) space,
 []


Overfull \hbox (23.39499pt too wide) in paragraph at lines 523--523
\T1/lmr/m/n/10.95 (-20) smooth
 []


Overfull \hbox (7.81895pt too wide) in paragraph at lines 523--523
\T1/lmr/m/n/10.95 (-20) traf-
 []


Overfull \hbox (1.23975pt too wide) in paragraph at lines 523--523
\T1/lmr/m/n/10.95 (-20) fic,
 []


Overfull \hbox (3.31793pt too wide) in paragraph at lines 523--523
\T1/lmr/m/n/10.95 (-20) tol-
 []


Overfull \hbox (9.91588pt too wide) in paragraph at lines 523--523
\T1/lmr/m/n/10.95 (-20) ance
 []


Overfull \hbox (1.67833pt too wide) in paragraph at lines 523--523
\T1/lmr/m/n/10.95 (-20) for
 []


Overfull \hbox (3.07591pt too wide) in paragraph at lines 523--523
\OMS/lmsy/m/n/10.95 ^^F\OML/lmm/m/it/10.95 p$
 []


Overfull \hbox (2.82144pt too wide) in paragraph at lines 523--523
\T1/lmr/m/n/10.95 (-20) ror| 
 []


Overfull \hbox (25.52026pt too wide) in paragraph at lines 523--523
[]|\T1/lmr/m/n/10.95 (-20) General
 []


Overfull \hbox (1.52934pt too wide) in paragraph at lines 523--523
\T1/lmr/m/n/10.95 (-20) de-
 []


Overfull \hbox (12.26878pt too wide) in paragraph at lines 523--523
\T1/lmr/m/n/10.95 (-20) fault;
 []


Underfull \hbox (badness 10000) in paragraph at lines 523--523
\T1/lmr/m/n/10.95 in-
 []


Overfull \hbox (1.52934pt too wide) in paragraph at lines 523--523
\T1/lmr/m/n/10.95 (-20) de-
 []


Overfull \hbox (7.7951pt too wide) in paragraph at lines 523--523
\T1/lmr/m/n/10.95 (-20) pen-
 []


Overfull \hbox (9.31602pt too wide) in paragraph at lines 523--523
\T1/lmr/m/n/10.95 (-20) dent
 []


Overfull \hbox (37.16325pt too wide) in paragraph at lines 523--523
\T1/lmr/m/n/10.95 (-20) rate/burst
 []


Overfull \hbox (16.23534pt too wide) in paragraph at lines 523--523
\T1/lmr/m/n/10.95 (-20) knobs| 
 []


Overfull \hbox (18.81804pt too wide) in paragraph at lines 523--523
[]|\T1/lmr/m/n/10.95 (-20) Single-
 []


Overfull \hbox (8.72339pt too wide) in paragraph at lines 523--523
\T1/lmr/m/n/10.95 (-20) field
 []


Overfull \hbox (13.22304pt too wide) in paragraph at lines 523--523
\T1/lmr/m/n/10.95 (-20) state;
 []


Overfull \hbox (10.47202pt too wide) in paragraph at lines 523--523
\T1/lmr/m/n/10.95 (-20) gate-
 []


Overfull \hbox (6.42152pt too wide) in paragraph at lines 523--523
\T1/lmr/m/n/10.95 (-20) way
 []


Overfull \hbox (6.32841pt too wide) in paragraph at lines 523--523
\T1/lmr/m/n/10.95 (-20) par-
 []


Overfull \hbox (3.02248pt too wide) in paragraph at lines 523--523
\T1/lmr/m/n/10.95 (-20) ity;
 []


Overfull \hbox (5.73232pt too wide) in paragraph at lines 523--523
\T1/lmr/m/n/10.95 (-20) pre-
 []


Overfull \hbox (5.80243pt too wide) in paragraph at lines 523--523
\T1/lmr/m/n/10.95 (-20) cise
 []


Overfull \hbox (6.89484pt too wide) in paragraph at lines 523--523
\T1/lmr/m/n/10.95 (-20) pac-
 []


Overfull \hbox (3.3579pt too wide) in paragraph at lines 523--523
\T1/lmr/m/n/10.95 (-20) ing| 
 []


Overfull \hbox (23.74925pt too wide) in alignment at lines 523--523
[][][][][] 
 []


LaTeX Warning: Float too large for page by 225.37733pt on input line 530.


Overfull \hbox (224.2459pt too wide) in paragraph at lines 558--562
 [][] 
 []

[912] [913]
Overfull \hbox (92.79655pt too wide) in paragraph at lines 665--671
 [][] 
 []


Underfull \hbox (badness 1552) in paragraph at lines 699--699
[]|\T1/lmr/m/n/10.95 (+20) Serve ev-ery-thing;
 []


Underfull \hbox (badness 1077) in paragraph at lines 699--699
\T1/lmr/m/n/10.95 (+20) emit no un-ver-i-fi-
 []


Underfull \hbox (badness 10000) in paragraph at lines 699--699
[]|\T1/lmr/m/n/10.95 (+20) Reject (503 +
 []


Underfull \hbox (badness 4940) in paragraph at lines 699--699
[]|\T1/lmr/m/n/10.95 (+20) Login, pass-word
 []


Underfull \hbox (badness 10000) in paragraph at lines 699--699
[]|\T1/lmr/m/n/10.95 (+20) Fall back to
 []


Underfull \hbox (badness 10000) in paragraph at lines 699--699
\T1/lmr/m/n/10.95 (+20) per-replica limit
 []


Underfull \hbox (badness 10000) in paragraph at lines 699--699
[]|\T1/lmr/m/n/10.95 (+20) Bounded over-
 []


Underfull \hbox (badness 5175) in paragraph at lines 699--699
[]|\T1/lmr/m/n/10.95 (+20) The de-fault for
 []

[914]
Overfull \hbox (42.58113pt too wide) in paragraph at lines 732--745
\T1/lmr/m/n/12 (-20) seconds vari-ants be-fore the draft set-tled, so doc-u-men
t yours), and \T1/lmtt/m/n/12 RateLimit-Policy
 []


Underfull \vbox (badness 10000) has occurred while \output is active []

 [915]
Overfull \hbox (8.56552pt too wide) in paragraph at lines 807--813
\T1/lmr/m/n/12 (-20) (health, con-trol plane, pay-ing in-ter-ac-tive reads) and
 shed batch/analytics
 []

[916] [917]
Underfull \vbox (badness 10000) has occurred while \output is active []

 [918]
Underfull \vbox (badness 10000) has occurred while \output is active []

 [919]
Underfull \vbox (badness 10000) has occurred while \output is active []

 [920]
Underfull \vbox (badness 10000) has occurred while \output is active []

 [921]
Underfull \vbox (badness 10000) has occurred while \output is active []

 [922]
[923]
Underfull \vbox (badness 1831) has occurred while \output is active []

 [924]
Underfull \vbox (badness 10000) has occurred while \output is active []

 [925]
Underfull \vbox (badness 10000) has occurred while \output is active []

 [926]
Underfull \vbox (badness 10000) has occurred while \output is active []

 [927]
Underfull \vbox (badness 10000) has occurred while \output is active []

 [928]
Overfull \hbox (4.92578pt too wide) in paragraph at lines 1266--1267
[][] 
 []


Overfull \hbox (50.84833pt too wide) in paragraph at lines 1286--1292
\T1/lmr/m/n/12 (-20) Claims about burst be-hav-ior should be mea-sured, not as-
serted. \T1/lmtt/m/n/12 burst_simulation.py
 []

[929]
Underfull \vbox (badness 1275) has occurred while \output is active []

 [930]
Underfull \vbox (badness 10000) has occurred while \output is active []

 [931]
[932]
Underfull \vbox (badness 1521) has occurred while \output is active []

 [933]
[934]
Underfull \vbox (badness 10000) has occurred while \output is active []

 [935]
Underfull \vbox (badness 10000) has occurred while \output is active []

 [936]
[937]
Underfull \vbox (badness 10000) has occurred while \output is active []

 [938]
Underfull \vbox (badness 10000) has occurred while \output is active []

 [939]
[940]
Underfull \vbox (badness 10000) has occurred while \output is active []

 [941]
Underfull \vbox (badness 10000) has occurred while \output is active []

 [942]
Underfull \vbox (badness 10000) has occurred while \output is active []

 [943]
Underfull \vbox (badness 10000) has occurred while \output is active []

 [944]
Underfull \vbox (badness 10000) has occurred while \output is active []

 [945]
[946]
Underfull \vbox (badness 10000) has occurred while \output is active []

 [947]
Overfull \hbox (11.82434pt too wide) in paragraph at lines 2013--2014
[][] 
 []


Underfull \vbox (badness 10000) has occurred while \output is active []

 [948]
[949]
Underfull \vbox (badness 10000) has occurred while \output is active []

 [950]
[951]
Underfull \vbox (badness 10000) has occurred while \output is active []

 [952]
Underfull \vbox (badness 10000) has occurred while \output is active []

 [953]
[954]
Overfull \hbox (9.1266pt too wide) in paragraph at lines 2266--2266
[]\T1/lmr/bx/n/17.28 (-20) Hands-On Pro-duc-tion Lab & Real-World
 []


Overfull \hbox (18.3203pt too wide) in paragraph at lines 2290--2297
\T1/lmtt/m/n/12 Retry-After: 60\T1/lmr/m/n/12 (-20) . Now load it: run \T1/lmtt
/m/n/12 pytest test_middleware_app.py
 []

[955]
Overfull \hbox (5.95558pt too wide) in paragraph at lines 2304--2310
\T1/lmr/m/n/12 (-20) for each North-wind Robotics end-point (\T1/lmtt/m/n/12 /t
elemetry\T1/lmr/m/n/12 (-20) , \T1/lmtt/m/n/12 /reports/export\T1/lmr/m/n/12 (-
20) ,
 []

[956]
Overfull \hbox (36.11731pt too wide) in paragraph at lines 2368--2374
[]\T1/lmr/bx/n/12 (-20) Equivalence hunt-ing. \T1/lmr/m/n/12 (-20) Ex-tend \T1/
lmtt/m/n/12 test_equivalent_to_token_bucket
 []


Overfull \hbox (6.21254pt too wide) in paragraph at lines 2374--2379
[]\T1/lmr/bx/n/12 (-20) Reset se-man-tics. \T1/lmr/m/n/12 (-20) The mid-dle-war
e com-putes \T1/lmtt/m/n/12 RateLimit-Reset
 []

[957] [958]
Overfull \hbox (33.14757pt too wide) in paragraph at lines 2454--2460
\T1/lmtt/m/n/12 RateLimit-Remaining: 0\T1/lmr/m/n/12 (-20) , \T1/lmtt/m/n/12 Ra
teLimit-Reset\T1/lmr/m/n/12 (-20) , and \T1/lmtt/m/n/12 RateLimit-Policy\T1/lmr
/m/n/12 (-20) ;
 []


Underfull \vbox (badness 10000) has occurred while \output is active []

 [959]
[960]
Overfull \hbox (5.94913pt too wide) in paragraph at lines 2522--2530
\T1/lmr/m/n/12 (-20) count, con-di-tional \T1/lmtt/m/n/12 ZADD \T1/lmr/m/n/12 (
-20) (unique mem-ber, times-tamp score), \T1/lmtt/m/n/12 PEXPIRE
 []

[961]
Underfull \vbox (badness 10000) has occurred while \output is active []

 [962]
Underfull \vbox (badness 10000) has occurred while \output is active []

 [963]
Underfull \vbox (badness 5504) has occurred while \output is active []

 [964]
Overfull \hbox (111.00912pt too wide) in paragraph at lines 2736--2742
\T1/lmr/m/n/12 (-20) (Internet-Draft) --- the stan-dard-iz-ing vo-cab-u-lary fo
r \T1/lmtt/m/n/12 RateLimit-Limit/-Remaining/-Reset
 []

[965]
Overfull \hbox (7.19705pt too wide) in paragraph at lines 2765--2769
[]\T1/lmr/m/n/12 (-20) NGINX, \T1/lmr/m/it/12 (-20) Rate Lim-it-ing with NG-INX
 and NG-INX Plus \T1/lmr/m/n/12 (-20) --- the \T1/lmtt/m/n/12 limit_req
 []


Overfull \hbox (14.88438pt too wide) in paragraph at lines 2769--2772
[]\T1/lmr/m/n/12 (-20) Redis doc-u-men-ta-tion, \T1/lmr/m/it/12 (-20) Rate lim-
iter pat-terns \T1/lmr/m/n/12 (-20) --- the canon-i-cal \T1/lmtt/m/n/12 INCR\T1
/lmr/m/n/12 (-20) /\T1/lmtt/m/n/12 EXPIRE
 []


Underfull \vbox (badness 10000) has occurred while \output is active []

 [966]
[967] [968] [969]

Package hyperref Warning: Token not allowed in a PDF string (Unicode):
(hyperref)                removing `math shift' on input line 2969.


Package hyperref Warning: Token not allowed in a PDF string (Unicode):
(hyperref)                removing `\geq' on input line 2969.


Package hyperref Warning: Token not allowed in a PDF string (Unicode):
(hyperref)                removing `math shift' on input line 2969.


Package hyperref Warning: Token not allowed in a PDF string (Unicode):
(hyperref)                removing `math shift' on input line 2982.


Package hyperref Warning: Token not allowed in a PDF string (Unicode):
(hyperref)                removing `\geq' on input line 2982.


Package hyperref Warning: Token not allowed in a PDF string (Unicode):
(hyperref)                removing `math shift' on input line 2982.

[970]

Package hyperref Warning: Token not allowed in a PDF string (Unicode):
(hyperref)                removing `math shift' on input line 2993.


Package hyperref Warning: Token not allowed in a PDF string (Unicode):
(hyperref)                removing `\geq' on input line 2993.


Package hyperref Warning: Token not allowed in a PDF string (Unicode):
(hyperref)                removing `math shift' on input line 2993.


Package hyperref Warning: Token not allowed in a PDF string (Unicode):
(hyperref)                removing `math shift' on input line 3001.


Package hyperref Warning: Token not allowed in a PDF string (Unicode):
(hyperref)                removing `\geq' on input line 3001.


Package hyperref Warning: Token not allowed in a PDF string (Unicode):
(hyperref)                removing `math shift' on input line 3001.

[971]
Overfull \hbox (6.2445pt too wide) in paragraph at lines 3047--3052
\T1/lmtt/m/n/12 RateLimit-Limit/-Remaining/-Reset/-Policy \T1/lmr/m/n/12 (-20) 
on suc-cesses too, 503
 []

[972] (chapters/_standard_addendum.tex
Underfull \hbox (badness 10000) in alignment at lines 14--14
[][][][][] 
 []


LaTeX Warning: `h' float specifier changed to `ht'.


Overfull \hbox (55.38057pt too wide) in alignment at lines 39--39
[][][] 
 []


LaTeX Warning: `h' float specifier changed to `ht'.

[973]
Underfull \hbox (badness 2285) in paragraph at lines 86--86
[]|\T1/lmr/bx/n/10.95 (+20) Choose this ap-proach
 []


Underfull \hbox (badness 5064) in paragraph at lines 86--86
[]|\T1/lmr/bx/n/10.95 (+20) Prefer an al-ter-na-tive
 []


LaTeX Warning: `h' float specifier changed to `ht'.


Underfull \vbox (badness 10000) has occurred while \output is active []

 [974]))
(chapters/chapter_15_microservices_resilience.tex [975] [976] [977] [978

]
Chapter 16.

Overfull \hbox (14.09871pt too wide) in paragraph at lines 21--31
[]\T1/lmr/m/n/12 (-20) We be-gin with the com-mu-ni-ca-tion tax-on-omy: syn-chr
onous re-quest/response
 []

Package microtype Info: Character `029' is missing
(microtype)             in font `T1/lmr/m/sc/12'.
(microtype)             Ignoring protrusion settings for this character.
[979] [980] [981]
Underfull \hbox (badness 10000) in paragraph at lines 195--195
[]|\T1/lmr/bx/n/10.95 (+20) Synchronous
 []


Underfull \hbox (badness 10000) in paragraph at lines 195--195
[]|\T1/lmr/bx/n/10.95 (+20) Asynchronous
 []


Underfull \hbox (badness 10000) in paragraph at lines 195--195
[]|\T1/lmr/m/n/10.95 (+20) Yes, un-til re-
 []


Underfull \hbox (badness 5189) in paragraph at lines 195--195
[]|\T1/lmr/m/n/10.95 (+20) Event cor-re-la-tion, read
 []


Underfull \hbox (badness 10000) in paragraph at lines 195--195
[]|\T1/lmr/m/n/10.95 (+20) Fan-out, long work,
 []

[982] [983]
Underfull \vbox (badness 10000) has occurred while \output is active []

 [984]
[985] [986]
Overfull \hbox (37.34833pt too wide) in paragraph at lines 395--407
\T1/lmr/m/n/12 (-20) state ma-chine over $\OMS/lmsy/m/n/12 f[]\OML/lmm/m/it/12 
; []; []\OMS/lmsy/m/n/12 g$ \T1/lmr/m/n/12 (-20) with pa-ram-e-ters $\OT1/lmr/m
/n/12 (-20) (\OML/lmm/m/it/12 ^^R; W; N; d; p; s\OT1/lmr/m/n/12 (-20) )$\T1/lmr
/m/n/12 (-20) :
 []

[987] [988]
Overfull \hbox (270.29152pt too wide) in paragraph at lines 537--541
 [][] 
 []


Underfull \hbox (badness 10000) in paragraph at lines 559--559
[]|\T1/lmr/m/n/10.95 (+20) in-flight calls gauge
 []


Underfull \hbox (badness 2990) in paragraph at lines 559--559
[]|\T1/lmr/m/n/10.95 (+20) bulkheads per de-pen-
 []


Underfull \hbox (badness 6300) in paragraph at lines 559--559
[]|\T1/lmr/m/n/10.95 (+20) downstream QPS $\OMS/lmsy/m/n/10.95 ^^]$
 []


Underfull \hbox (badness 5490) in paragraph at lines 559--559
[]|\T1/lmr/m/n/10.95 (+20) retry bud-gets, jit-ter,
 []


LaTeX Warning: `h' float specifier changed to `ht'.


Underfull \vbox (badness 1755) has occurred while \output is active []

 [989]
Underfull \hbox (badness 10000) in paragraph at lines 612--612
[]|\T1/lmr/bx/n/10.95 (+20) Server-side
 []


Underfull \hbox (badness 10000) in paragraph at lines 612--612
[]|\T1/lmr/bx/n/10.95 (+20) Client-side
 []


Underfull \hbox (badness 10000) in paragraph at lines 612--612
[]|\T1/lmr/m/n/10.95 (+20) Fast (ac-tive
 []


Underfull \hbox (badness 10000) in paragraph at lines 612--612
[]|\T1/lmr/m/n/10.95 (+20) Fast (reg-istry
 []


Underfull \hbox (badness 10000) in paragraph at lines 612--612
[]|\T1/lmr/m/n/10.95 (+20) Slow (TTL-
 []


LaTeX Warning: `h' float specifier changed to `ht'.


Overfull \hbox (0.26857pt too wide) in paragraph at lines 624--624
[]\T1/lmr/bx/n/14.4 (-20) Service Mesh: Data Plane ver-sus Con-trol Plane 
 []


Underfull \vbox (badness 10000) has occurred while \output is active []

 [990]
Overfull \hbox (48.11195pt too wide) in paragraph at lines 666--670
 [][] 
 []

[991] [992]
Overfull \hbox (214.50127pt too wide) in paragraph at lines 788--792
 [][] 
 []

[993]
Overfull \hbox (12.36821pt too wide) in paragraph at lines 847--850
\T1/lmr/bx/n/12 (-20) Listing 15.1 --- \T1/lmtt/b/n/12 circuit_breaker.py\T1/lm
r/bx/n/12 (-20) : production-grade cir-cuit breaker
 []

[994]
Underfull \vbox (badness 10000) has occurred while \output is active []

 [995]
Underfull \vbox (badness 10000) has occurred while \output is active []

 [996]
Underfull \vbox (badness 10000) has occurred while \output is active []

 [997]
Overfull \hbox (4.92578pt too wide) in paragraph at lines 966--967
[][][][] 
 []


Underfull \vbox (badness 10000) has occurred while \output is active []

 [998]
Underfull \vbox (badness 10000) has occurred while \output is active []

 [999]
Overfull \hbox (39.41858pt too wide) in paragraph at lines 1053--1054
[][][][] 
 []


Underfull \vbox (badness 10000) has occurred while \output is active []

 [1000]
Overfull \hbox (16.87949pt too wide) in paragraph at lines 1085--1088
\T1/lmr/bx/n/12 (-20) Listing 15.2 --- \T1/lmtt/b/n/12 test_circuit_breaker.py\
T1/lmr/bx/n/12 (-20) : de-ter-min-is-tic state-machine
 []

[1001]
Underfull \vbox (badness 10000) has occurred while \output is active []

 [1002]
Overfull \hbox (25.62146pt too wide) in paragraph at lines 1164--1165
[][] 
 []


Underfull \vbox (badness 10000) has occurred while \output is active []

 [1003]
Underfull \vbox (badness 10000) has occurred while \output is active []

 [1004]
Underfull \vbox (badness 10000) has occurred while \output is active []

 [1005]
Underfull \vbox (badness 10000) has occurred while \output is active []

 [1006]
[1007]
Underfull \vbox (badness 10000) has occurred while \output is active []

 [1008]
Underfull \vbox (badness 10000) has occurred while \output is active []

 [1009]
Underfull \vbox (badness 10000) has occurred while \output is active []

 [1010]
Underfull \vbox (badness 10000) has occurred while \output is active []

 [1011]
[1012]
Underfull \vbox (badness 10000) has occurred while \output is active []

 [1013]
Underfull \vbox (badness 10000) has occurred while \output is active []

 [1014]
Underfull \vbox (badness 10000) has occurred while \output is active []

 [1015]
Overfull \hbox (53.2157pt too wide) in paragraph at lines 1659--1660
[][] 
 []


Underfull \vbox (badness 10000) has occurred while \output is active []

 [1016]

Package hyperref Warning: Token not allowed in a PDF string (Unicode):
(hyperref)                removing `math shift' on input line 1683.


Package hyperref Warning: Token not allowed in a PDF string (Unicode):
(hyperref)                removing `\to' on input line 1683.


Package hyperref Warning: Token not allowed in a PDF string (Unicode):
(hyperref)                removing `math shift' on input line 1683.


Package hyperref Warning: Token not allowed in a PDF string (Unicode):
(hyperref)                removing `math shift' on input line 1683.


Package hyperref Warning: Token not allowed in a PDF string (Unicode):
(hyperref)                removing `\to' on input line 1683.


Package hyperref Warning: Token not allowed in a PDF string (Unicode):
(hyperref)                removing `math shift' on input line 1683.


Overfull \hbox (1.97066pt too wide) in paragraph at lines 1686--1697
\T1/lmr/m/n/12 (-20) Listing [][]16.3.3[][] wires three FastAPI services --- ca
talog, inventory, warehouse ---
 []

[1017]
Underfull \vbox (badness 10000) has occurred while \output is active []

 [1018]
Overfull \hbox (149.79553pt too wide) in paragraph at lines 1761--1762
[][][][] 
 []


Overfull \hbox (149.79553pt too wide) in paragraph at lines 1763--1764
[][][][] 
 []


Overfull \hbox (149.79553pt too wide) in paragraph at lines 1775--1776
[][][][] 
 []


Overfull \hbox (149.79553pt too wide) in paragraph at lines 1777--1778
[][][][] 
 []


Underfull \vbox (badness 10000) has occurred while \output is active []

 [1019]
Overfull \hbox (149.79553pt too wide) in paragraph at lines 1805--1806
[][][][] 
 []


Overfull \hbox (149.79553pt too wide) in paragraph at lines 1807--1808
[][][][] 
 []


Underfull \vbox (badness 10000) has occurred while \output is active []

 [1020]
Overfull \hbox (149.79553pt too wide) in paragraph at lines 1851--1852
[][][][] 
 []


Overfull \hbox (149.79553pt too wide) in paragraph at lines 1853--1854
[][][][] 
 []


Underfull \vbox (badness 10000) has occurred while \output is active []

 [1021]
Underfull \vbox (badness 10000) has occurred while \output is active []

 [1022]
Underfull \vbox (badness 10000) has occurred while \output is active []

 [1023]
Underfull \hbox (badness 10000) in paragraph at lines 1980--1980
[]|\T1/lmr/bx/n/10.95 (+20) Fast-fail
 []


Underfull \hbox (badness 10000) in paragraph at lines 1980--1980
\T1/lmr/m/n/10.95 (+20) re-quest
 []


Underfull \hbox (badness 10000) in paragraph at lines 1980--1980
\T1/lmr/m/n/10.95 (+20) pays full
 []


Underfull \hbox (badness 10000) in paragraph at lines 1980--1980
\T1/lmr/m/n/10.95 (+20) fail-ure
 []


Underfull \hbox (badness 4132) in paragraph at lines 1980--1980
[]|\T1/lmr/m/n/10.95 (+20) 26 --- re-
 []


Underfull \hbox (badness 10000) in paragraph at lines 1980--1980
\T1/lmr/m/n/10.95 (+20) jected in
 []


Underfull \hbox (badness 10000) in paragraph at lines 1980--1980
\T1/lmr/m/n/10.95 (+20) mi-crosec-
 []


Underfull \hbox (badness 10000) in paragraph at lines 1980--1980
\T1/lmr/m/n/10.95 (+20) onds, de-
 []


Underfull \hbox (badness 10000) in paragraph at lines 1980--1980
\T1/lmr/m/n/10.95 (+20) pen-dency
 []


LaTeX Warning: `h' float specifier changed to `ht'.

[1024]
Overfull \hbox (4.92578pt too wide) in paragraph at lines 2012--2013
[][] 
 []

[1025]
Overfull \hbox (73.91138pt too wide) in paragraph at lines 2030--2031
[][] 
 []


Overfull \hbox (18.7229pt too wide) in paragraph at lines 2047--2048
[][] 
 []


Underfull \vbox (badness 10000) has occurred while \output is active []

 [1026]
Overfull \hbox (4.04446pt too wide) in paragraph at lines 2068--2068
[]\T1/lmr/bx/n/14.4 (-20) The Trans-ac-tional Out-box with Re-lay and Idem-
 []


Overfull \hbox (0.99292pt too wide) in paragraph at lines 2071--2082
\T1/lmr/m/n/12 (-20) test proves roll-back leaves no or-phan out-box row. \T1/l
mtt/m/n/12 OutboxRelay.relay_once
 []

[1027]
Underfull \vbox (badness 10000) has occurred while \output is active []

 [1028]
Underfull \vbox (badness 10000) has occurred while \output is active []

 [1029]
Underfull \vbox (badness 10000) has occurred while \output is active []

 [1030]
Underfull \vbox (badness 10000) has occurred while \output is active []

 [1031]
[1032]
Underfull \vbox (badness 10000) has occurred while \output is active []

 [1033]
Underfull \vbox (badness 10000) has occurred while \output is active []

 [1034]
Overfull \hbox (4.92578pt too wide) in paragraph at lines 2358--2359
[][] 
 []

[1035] [1036]
Underfull \vbox (badness 10000) has occurred while \output is active []

 [1037]
Overfull \hbox (149.79553pt too wide) in paragraph at lines 2516--2517
[][][][] 
 []


Underfull \vbox (badness 10000) has occurred while \output is active []

 [1038]
Overfull \hbox (149.79553pt too wide) in paragraph at lines 2518--2519
[][][][] 
 []


Underfull \vbox (badness 10000) has occurred while \output is active []

 [1039]
Underfull \vbox (badness 10000) has occurred while \output is active []

 [1040]
[1041]
Overfull \hbox (4.92578pt too wide) in paragraph at lines 2658--2659
[][] 
 []


Underfull \vbox (badness 10000) has occurred while \output is active []

 [1042]
Overfull \hbox (25.62146pt too wide) in paragraph at lines 2672--2673
[][] 
 []


Underfull \vbox (badness 10000) has occurred while \output is active []

 [1043]
Underfull \vbox (badness 10000) has occurred while \output is active []

 [1044]
[1045] [1046]
Overfull \hbox (9.1266pt too wide) in paragraph at lines 2857--2857
[]\T1/lmr/bx/n/17.28 (-20) Hands-On Pro-duc-tion Lab & Real-World
 []

[1047]
Overfull \hbox (16.57225pt too wide) in paragraph at lines 2883--2890
\T1/lmr/m/n/12 (-20) suc-ceeds and the breaker closes --- ob-serve the open $\O
MS/lmsy/m/n/12 !$ \T1/lmr/m/n/12 (-20) half_open $\OMS/lmsy/m/n/12 !$ \T1/lmr/m
/n/12 (-20) closed
 []


Overfull \hbox (87.17223pt too wide) in paragraph at lines 2890--2896
[]\T1/lmr/bx/n/12 (-20) Tune thresh-olds. \T1/lmr/m/n/12 (-20) Sweep \T1/lmtt/m
/n/12 minimum_calls \T1/lmr/m/n/12 (-20) over $\OMS/lmsy/m/n/12 f\OT1/lmr/m/n/1
2 (-20) 2\OML/lmm/m/it/12 ; \OT1/lmr/m/n/12 (-20) 4\OML/lmm/m/it/12 ; \OT1/lmr/
m/n/12 (-20) 8\OMS/lmsy/m/n/12 g$ \T1/lmr/m/n/12 (-20) and \T1/lmtt/m/n/12 fail
ure_rate_threshold
 []


Overfull \hbox (54.02385pt too wide) in paragraph at lines 2896--2900
\T1/lmr/m/n/12 (-20) caller's dead-line and re-run the drill with la-tency chao
s (\T1/lmtt/m/n/12 chaos.latency_seconds
 []

[1048] [1049]
Overfull \hbox (6.00368pt too wide) in paragraph at lines 2969--2975
\T1/lmr/m/n/12 (-20) ra-phy over the in-process bro-ker: in-ven-tory emits \T1/
lmtt/m/n/12 inventory.reserved\T1/lmr/m/n/12 (-20) ,
 []

[1050]
Underfull \vbox (badness 10000) has occurred while \output is active []

 [1051]
[1052]
Underfull \vbox (badness 10000) has occurred while \output is active []

 [1053]
[1054] [1055]
Underfull \vbox (badness 10000) has occurred while \output is active []

 [1056]
Overfull \hbox (0.55443pt too wide) in paragraph at lines 3282--3287
\T1/lmr/m/n/12 (-20) exactly-why-2PC-is-hard; the the-o-ret-i-cal foun-da-tion 
for Sec-tion [][]16.2.10[][]
 []


Overfull \hbox (16.85773pt too wide) in paragraph at lines 3287--3291
[]\T1/lmr/m/n/12 (-20) Uwe Friedrich-sen, \T1/lmr/m/it/12 (-20) Pat-terns of Re
-silience \T1/lmr/m/n/12 (-20) ar-ti-cle se-ries (uwe-friedrichsen.de)
 []


Underfull \vbox (badness 10000) has occurred while \output is active []

 [1057]
[1058] [1059] [1060]

Package hyperref Warning: Token not allowed in a PDF string (Unicode):
(hyperref)                removing `math shift' on input line 3495.


Package hyperref Warning: Token not allowed in a PDF string (Unicode):
(hyperref)                removing `\geq' on input line 3495.


Package hyperref Warning: Token not allowed in a PDF string (Unicode):
(hyperref)                removing `math shift' on input line 3495.


Package hyperref Warning: Token not allowed in a PDF string (Unicode):
(hyperref)                removing `math shift' on input line 3507.


Package hyperref Warning: Token not allowed in a PDF string (Unicode):
(hyperref)                removing `\geq' on input line 3507.


Package hyperref Warning: Token not allowed in a PDF string (Unicode):
(hyperref)                removing `math shift' on input line 3507.

[1061]

Package hyperref Warning: Token not allowed in a PDF string (Unicode):
(hyperref)                removing `math shift' on input line 3521.


Package hyperref Warning: Token not allowed in a PDF string (Unicode):
(hyperref)                removing `\geq' on input line 3521.


Package hyperref Warning: Token not allowed in a PDF string (Unicode):
(hyperref)                removing `math shift' on input line 3521.


Package hyperref Warning: Token not allowed in a PDF string (Unicode):
(hyperref)                removing `math shift' on input line 3532.


Package hyperref Warning: Token not allowed in a PDF string (Unicode):
(hyperref)                removing `\geq' on input line 3532.


Package hyperref Warning: Token not allowed in a PDF string (Unicode):
(hyperref)                removing `math shift' on input line 3532.


Package hyperref Warning: Token not allowed in a PDF string (Unicode):
(hyperref)                removing `math shift' on input line 3541.


Package hyperref Warning: Token not allowed in a PDF string (Unicode):
(hyperref)                removing `\geq' on input line 3541.


Package hyperref Warning: Token not allowed in a PDF string (Unicode):
(hyperref)                removing `math shift' on input line 3541.

[1062]
Underfull \vbox (badness 10000) has occurred while \output is active []

 [1063]

LaTeX Warning: `h' float specifier changed to `ht'.

[1064] (chapters/_standard_addendum.tex
Underfull \hbox (badness 10000) in alignment at lines 14--14
[][][][][] 
 []

[1065]
Overfull \hbox (55.38057pt too wide) in alignment at lines 39--39
[][][] 
 []

[1066]
Underfull \hbox (badness 2285) in paragraph at lines 86--86
[]|\T1/lmr/bx/n/10.95 (+20) Choose this ap-proach
 []


Underfull \hbox (badness 5064) in paragraph at lines 86--86
[]|\T1/lmr/bx/n/10.95 (+20) Prefer an al-ter-na-tive
 []

)) (chapters/chapter_16_api_security_engineering.tex [1067] [1068]
Chapter 17.

Underfull \vbox (badness 1675) has occurred while \output is active []

 [1069

]
[1070]
Overfull \hbox (9.17387pt too wide) in paragraph at lines 107--107
[]\T1/lmr/bx/n/14.4 (-20) The Trust Model: Where Re-quests Cross Bound-
 []

[1071]
Underfull \hbox (badness 10000) in paragraph at lines 205--205
[]|\T1/lmr/m/n/10.95 (+20) Object id ac-
 []


Underfull \hbox (badness 10000) in paragraph at lines 205--205
\T1/lmr/m/n/10.95 (+20) cepted with-
 []


Underfull \hbox (badness 10000) in paragraph at lines 205--205
\T1/lmr/m/n/10.95 (+20) out an own-er-
 []


Underfull \hbox (badness 10000) in paragraph at lines 205--205
\T1/lmr/m/n/10.95 (+20) ship/tenancy
 []


Underfull \hbox (badness 1845) in paragraph at lines 205--205
[]|\T1/lmr/m/n/10.95 (+20) Weak, forge-able,
 []


Underfull \hbox (badness 4779) in paragraph at lines 205--205
\T1/lmr/m/n/10.95 (+20) guarded by ob-
 []


Underfull \hbox (badness 10000) in paragraph at lines 205--205
[]|\T1/lmr/m/n/10.95 (+20) Automatable
 []


Underfull \hbox (badness 7168) in paragraph at lines 205--205
\T1/lmr/m/n/10.95 (+20) high-value flows
 []


Underfull \hbox (badness 10000) in paragraph at lines 205--205
[]|\T1/lmr/m/n/10.95 (+20) Server fetches
 []


Underfull \hbox (badness 10000) in paragraph at lines 205--205
\T1/lmr/m/n/10.95 (+20) attacker-chosen
 []


Underfull \hbox (badness 10000) in paragraph at lines 205--205
[]|\T1/lmr/m/n/10.95 (+20) Debug sur-faces,
 []


Underfull \hbox (badness 7012) in paragraph at lines 205--205
\T1/lmr/m/n/10.95 (+20) wild-card CORS,
 []


Underfull \hbox (badness 10000) in paragraph at lines 205--205
[]|\T1/lmr/m/n/10.95 (+20) Shadow, legacy,
 []


Underfull \hbox (badness 10000) in paragraph at lines 205--205
\T1/lmr/m/n/10.95 (+20) and un-patched
 []


Underfull \hbox (badness 10000) in paragraph at lines 205--205
\T1/lmr/m/n/10.95 (+20) ver-sions still
 []


Underfull \hbox (badness 10000) in paragraph at lines 205--205
[]|\T1/lmr/m/n/10.95 (+20) Third-party re-
 []


Underfull \hbox (badness 10000) in paragraph at lines 205--205
\T1/lmr/m/n/10.95 (+20) sponses trusted
 []


Underfull \hbox (badness 10000) in paragraph at lines 205--205
\T1/lmr/m/n/10.95 (+20) with-out val-i-da-
 []


LaTeX Warning: Float too large for page by 6.7107pt on input line 209.

[1072]
Overfull \hbox (6.94514pt too wide) in paragraph at lines 275--282
\T1/lmr/m/n/12 (-20) dler binds the re-quest body di-rectly onto the model (\T1
/lmtt/m/n/12 record.update(patch)\T1/lmr/m/n/12 (-20) ),
 []

[1073]
Overfull \hbox (45.1314pt too wide) in paragraph at lines 283--288
[]\T1/lmr/bx/n/12 (-20) Exploit nar-ra-tive. \T1/lmr/m/n/12 (-20) The at-tacker
 sends \T1/lmtt/m/n/12 PATCH /v1/robots/1001 {"owner_id":
 []


Overfull \hbox (3.61064pt too wide) in paragraph at lines 311--316
[]\T1/lmr/bx/n/12 (-20) Exploit nar-ra-tive. \T1/lmtt/m/n/12 POST /v1/fleet/sim
ulate?steps=40000000 \T1/lmr/m/n/12 (-20) from
 []


Overfull \hbox (21.59143pt too wide) in paragraph at lines 317--323
\T1/lmr/m/n/12 (-20) size lim-its at the edge, per-principal and global rate li
m-its with \T1/lmtt/m/n/12 429\T1/lmr/m/n/12 (-20) /\T1/lmtt/m/n/12 Retry-After

 []


Underfull \vbox (badness 10000) has occurred while \output is active []

 [1074]
Overfull \hbox (21.39398pt too wide) in paragraph at lines 378--378
[]\T1/lmr/bx/n/14.4 (-20) API7:2023 --- Server-Side Re-quest Forgery (SSRF) 
 []


Underfull \vbox (badness 1173) has occurred while \output is active []

 [1075]
Overfull \hbox (14.40152pt too wide) in paragraph at lines 409--414
\T1/lmr/bx/n/12 (-20) Mechanism. \T1/lmr/m/n/12 (-20) Ev-ery-thing that is ``on
'' that should be ``off'': \T1/lmtt/m/n/12 /v1/debug/config
 []

[1076]
Underfull \vbox (badness 3872) has occurred while \output is active []

 [1077]
Overfull \hbox (6.64317pt too wide) in paragraph at lines 530--533
 [][] 
 []


Overfull \hbox (20.55748pt too wide) in paragraph at lines 539--549
\T1/lmr/m/n/12 (-20) (\T1/lmtt/m/n/12 fleet:read\T1/lmr/m/n/12 (-20) , \T1/lmtt
/m/n/12 fleet:command\T1/lmr/m/n/12 (-20) ) to \T1/lmr/m/it/12 (-20) fine-grain
ed \T1/lmr/m/n/12 (-20) (\T1/lmtt/m/n/12 robots:1001:command\T1/lmr/m/n/12 (-20
) ). Coarse
 []


Overfull \hbox (38.66739pt too wide) in paragraph at lines 551--554
[]\T1/lmr/m/n/12 (-20) Scopes ex-press \T1/lmr/m/it/12 (-20) ca-pa-bil-ity clas
ses\T1/lmr/m/n/12 (-20) : \T1/lmtt/m/n/12 fleet:read\T1/lmr/m/n/12 (-20) , \T1/
lmtt/m/n/12 fleet:write\T1/lmr/m/n/12 (-20) , \T1/lmtt/m/n/12 fleet:command\T1/
lmr/m/n/12 (-20) ,
 []

[1078]
Underfull \vbox (badness 2809) has occurred while \output is active []

 [1079]
Underfull \hbox (badness 10000) in paragraph at lines 656--656
[]|\T1/lmr/bx/n/10.95 (+20) Threat to \T1/lmtt/b/n/10.95 PATCH
 []


Underfull \hbox (badness 10000) in paragraph at lines 656--656
[]|\T1/lmtt/m/n/10.95 extra="forbid" \T1/lmr/m/n/10.95 (+20) schema +
 []


Underfull \hbox (badness 2426) in paragraph at lines 656--656
[]|\T1/lmr/m/n/10.95 (+20) Function-level scope + role
 []

[1080]
Overfull \hbox (47.402pt too wide) in paragraph at lines 709--712
 [][] 
 []

[1081]
Overfull \hbox (34.30302pt too wide) in paragraph at lines 786--789
[]\T1/lmr/bx/n/12 (-20) Exact host allow-list. \T1/lmr/m/n/12 (-20) Not suf-fix
 match-ing --- \T1/lmtt/m/n/12 example.com.evil.example
 []

[1082]
Overfull \hbox (6.66895pt too wide) in paragraph at lines 814--823
[]\T1/lmr/bx/n/12 (-20) Security head-ers. \T1/lmtt/m/n/12 X-Content-Type-Optio
ns: nosniff \T1/lmr/m/n/12 (-20) blocks MIME
 []


Overfull \hbox (21.25041pt too wide) in paragraph at lines 814--823
\T1/lmr/m/n/12 (-20) con-fu-sion on er-ror pay-loads; \T1/lmtt/m/n/12 X-Frame-O
ptions: DENY \T1/lmr/m/n/12 (-20) and a \T1/lmtt/m/n/12 frame-ancestors
 []

[1083] [1084]
Overfull \hbox (38.80061pt too wide) in paragraph at lines 886--886
[]\T1/lmr/bx/n/14.4 (-20) Listing 16.1 --- Sim-u-lated Net-work (\T1/lmtt/b/n/1
4.4 fake_network.py\T1/lmr/bx/n/14.4 (-20) ) 
 []

[1085]
Underfull \vbox (badness 10000) has occurred while \output is active []

 [1086]
Overfull \hbox (48.45248pt too wide) in paragraph at lines 969--969
[]\T1/lmr/bx/n/14.4 (-20) Listing 16.2 --- Lo-cal JWKS Fix-ture (\T1/lmtt/b/n/1
4.4 jwks_fixture.py\T1/lmr/bx/n/14.4 (-20) ) 
 []

[1087]
Overfull \hbox (73.91138pt too wide) in paragraph at lines 998--999
[][][][] 
 []


Overfull \hbox (60.80994pt too wide) in paragraph at lines 1015--1016
[][][][][][] 
 []


Underfull \vbox (badness 10000) has occurred while \output is active []

 [1088]
Underfull \vbox (badness 10000) has occurred while \output is active []

 [1089]
Overfull \hbox (80.80994pt too wide) in paragraph at lines 1084--1085
[][][][] 
 []


Overfull \hbox (60.80994pt too wide) in paragraph at lines 1086--1087
[][][][][][] 
 []

[1090]
Underfull \vbox (badness 10000) has occurred while \output is active []

 [1091]
Underfull \vbox (badness 10000) has occurred while \output is active []

 [1092]
Underfull \vbox (badness 10000) has occurred while \output is active []

 [1093]
Underfull \vbox (badness 10000) has occurred while \output is active []

 [1094]
Underfull \vbox (badness 10000) has occurred while \output is active []

 [1095]
Underfull \vbox (badness 10000) has occurred while \output is active []

 [1096]
Overfull \hbox (37.41968pt too wide) in paragraph at lines 1315--1315
[]\T1/lmr/bx/n/14.4 (-20) Listing 16.4 --- The Hard-ened API (\T1/lmtt/b/n/14.4
 hardened_app.py\T1/lmr/bx/n/14.4 (-20) ) 
 []

[1097]
Underfull \vbox (badness 10000) has occurred while \output is active []

 [1098]
Underfull \vbox (badness 10000) has occurred while \output is active []

 [1099]
Underfull \vbox (badness 10000) has occurred while \output is active []

 [1100]
Underfull \vbox (badness 10000) has occurred while \output is active []

 [1101]
Underfull \vbox (badness 10000) has occurred while \output is active []

 [1102]
Underfull \vbox (badness 10000) has occurred while \output is active []

 [1103]
Underfull \vbox (badness 10000) has occurred while \output is active []

 [1104]
Underfull \vbox (badness 10000) has occurred while \output is active []

 [1105]
[1106]
Underfull \vbox (badness 10000) has occurred while \output is active []

 [1107]
Underfull \vbox (badness 10000) has occurred while \output is active []

 [1108]
Underfull \vbox (badness 10000) has occurred while \output is active []

 [1109]
Overfull \hbox (4.36963pt too wide) in paragraph at lines 1772--1772
[]\T1/lmr/bx/n/14.4 (-20) Listing 16.6 --- Au-tho-riza-tion Guards (\T1/lmtt/b/
n/14.4 authz.py\T1/lmr/bx/n/14.4 (-20) ) 
 []

[1110]
Underfull \vbox (badness 10000) has occurred while \output is active []

 [1111]
Underfull \vbox (badness 10000) has occurred while \output is active []

 [1112]
Underfull \vbox (badness 10000) has occurred while \output is active []

 [1113]
[1114]
Underfull \vbox (badness 10000) has occurred while \output is active []

 [1115]
Underfull \vbox (badness 10000) has occurred while \output is active []

 [1116]
Underfull \vbox (badness 10000) has occurred while \output is active []

 [1117]
[1118]
Underfull \vbox (badness 10000) has occurred while \output is active []

 [1119]
Underfull \vbox (badness 10000) has occurred while \output is active []

 [1120]
Underfull \vbox (badness 10000) has occurred while \output is active []

 [1121]
Overfull \hbox (18.24709pt too wide) in paragraph at lines 2218--2218
[]\T1/lmr/bx/n/14.4 (-20) Listing 16.9 --- Ex-ploit Suite Wiring (\T1/lmtt/b/n/
14.4 conftest.py\T1/lmr/bx/n/14.4 (-20) ) 
 []

[1122]
Overfull \hbox (88.52994pt too wide) in paragraph at lines 2256--2256
[]\T1/lmr/bx/n/14.4 (-20) Listing 16.10 --- The Ex-ploit Suite (\T1/lmtt/b/n/14
.4 test_exploit_suite.py\T1/lmr/bx/n/14.4 (-20) ) 
 []

[1123]
Underfull \vbox (badness 10000) has occurred while \output is active []

 [1124]
Underfull \vbox (badness 10000) has occurred while \output is active []

 [1125]
Underfull \vbox (badness 10000) has occurred while \output is active []

 [1126]
Underfull \vbox (badness 10000) has occurred while \output is active []

 [1127]
Underfull \vbox (badness 10000) has occurred while \output is active []

 [1128]
Underfull \vbox (badness 10000) has occurred while \output is active []

 [1129]
Overfull \hbox (54.45544pt too wide) in paragraph at lines 2501--2511
\T1/lmr/m/n/12 (-20) The sup-port-ing li-braries carry their own ad-ver-sar-ial
 tests: \T1/lmtt/m/n/12 test_token_validation.py
 []

[1130]
Underfull \vbox (badness 10000) has occurred while \output is active []

 [1131]
Underfull \vbox (badness 10000) has occurred while \output is active []

 [1132]
[1133]
Underfull \vbox (badness 10000) has occurred while \output is active []

 [1134]
Overfull \hbox (4.92578pt too wide) in paragraph at lines 2728--2729
[][] 
 []


Underfull \vbox (badness 10000) has occurred while \output is active []

 [1135]
[1136]
Overfull \hbox (4.92578pt too wide) in paragraph at lines 2786--2787
[][] 
 []


Underfull \vbox (badness 10000) has occurred while \output is active []

 [1137]
Underfull \vbox (badness 10000) has occurred while \output is active []

 [1138]
Overfull \hbox (3.92035pt too wide) in paragraph at lines 2854--2857
\T1/lmtt/m/n/12 except Exception: return anonymous_context \T1/lmr/m/n/12 (-20)
 con-verts ev-ery au-
 []


Overfull \hbox (9.1266pt too wide) in paragraph at lines 2864--2864
[]\T1/lmr/bx/n/17.28 (-20) Hands-On Pro-duc-tion Lab & Real-World
 []

[1139]
Overfull \hbox (17.17879pt too wide) in paragraph at lines 2923--2928
\T1/lmr/m/n/12 (-20) (delete the \T1/lmtt/m/n/12 guard.require_read \T1/lmr/m/n
/12 (-20) call, or change \T1/lmtt/m/n/12 extra="forbid" \T1/lmr/m/n/12 (-20) t
o \T1/lmtt/m/n/12 "ignore"\T1/lmr/m/n/12 (-20) ),
 []

[1140]
Overfull \hbox (19.60765pt too wide) in paragraph at lines 2958--2964
[]\T1/lmr/bx/n/12 (-20) Close the redi-rect hole by hand. \T1/lmr/m/n/12 (-20) 
Ex-tend \T1/lmtt/m/n/12 test_ssrf_fetcher.py
 []


Underfull \vbox (badness 10000) has occurred while \output is active []

 [1141]
[1142]
Overfull \hbox (34.46199pt too wide) in paragraph at lines 3040--3044
\T1/lmr/m/n/12 (-20) ing un-changed will never suc-ceed. 401 car-ries \T1/lmtt/
m/n/12 WWW-Authenticate \T1/lmr/m/n/12 (-20) [[][]Fie22a[][]]. 
 []


Overfull \hbox (61.84402pt too wide) in paragraph at lines 3045--3050
[]\T1/lmr/bx/n/12 (-20) A. \T1/lmr/m/n/12 (-20) Bind-ing the re-quest body di-r
ectly onto the model (\T1/lmtt/m/n/12 record.update(patch)\T1/lmr/m/n/12 (-20) 
),
 []


Overfull \hbox (77.17122pt too wide) in paragraph at lines 3061--3066
[]\T1/lmr/bx/n/12 (-20) A. \T1/lmtt/m/n/12 X-Content-Type-Options: nosniff \T1/
lmr/m/n/12 (-20) (MIME con-fu-sion), \T1/lmtt/m/n/12 X-Frame-Options:
 []


Underfull \vbox (badness 10000) has occurred while \output is active []

 [1143]
[1144]
Overfull \hbox (37.26926pt too wide) in paragraph at lines 3124--3129
\T1/lmr/m/n/12 (-20) Spoof-ing/Tampering/Repudiation/Information Dis-clo-sure/D
oS/Elevation
 []


Overfull \hbox (65.62396pt too wide) in paragraph at lines 3137--3142
[]\T1/lmr/bx/n/12 (-20) A. \T1/lmr/m/n/12 (-20) When-ever browsers at-tach cre-
den-tials au-to-mat-i-cally. \T1/lmtt/m/n/12 SameSite=Lax/Strict
 []


Underfull \vbox (badness 10000) has occurred while \output is active []

 [1145]
Overfull \hbox (15.28708pt too wide) in paragraph at lines 3143--3147
\T1/lmr/m/n/12 (-20) enu-mer-a-tion and leak busi-ness vol-ume. Use ran-dom UUI
Dv4/UUIDv7
 []


Overfull \hbox (19.33981pt too wide) in paragraph at lines 3162--3170
[]\T1/lmr/bx/n/12 (-20) A. \T1/lmr/m/n/12 (-20) Ca-pa-bil-ity classes per risk 
tier: \T1/lmtt/m/n/12 payments:read\T1/lmr/m/n/12 (-20) , \T1/lmtt/m/n/12 payme
nts:create\T1/lmr/m/n/12 (-20) ,
 []

[1146]
Underfull \vbox (badness 10000) has occurred while \output is active []

 [1147]
[1148] [1149]
Overfull \hbox (47.23537pt too wide) in paragraph at lines 3334--3337
[]\T1/lmr/bx/n/12 (-20) Inputs/Datasets. \T1/lmr/m/n/12 (-20) This chap-ter's \
T1/lmtt/m/n/12 jwks_fixture.py \T1/lmr/m/n/12 (-20) and \T1/lmtt/m/n/12 token_v
alidation.py\T1/lmr/m/n/12 (-20) ;
 []

[1150]
Overfull \hbox (48.1957pt too wide) in paragraph at lines 3385--3388
\T1/lmr/bx/n/12 (-20) Objective. \T1/lmr/m/n/12 (-20) Turn threat mod-el-ing in
to a build ar-ti-fact: ex-tend \T1/lmtt/m/n/12 stride_worksheet.py
 []

[1151] [1152] [1153]
Overfull \hbox (21.1865pt too wide) in paragraph at lines 3549--3554
[]\T1/lmr/bx/n/12 (-20) Alternatives. \T1/lmtt/m/n/12 marshmallow \T1/lmr/m/n/1
2 (-20) (schema-first, more cer-e-mony); \T1/lmtt/m/n/12 attrs\T1/lmr/m/n/12 (-
20) +\T1/lmtt/m/n/12 cattrs\T1/lmr/m/n/12 (-20) ;
 []

[1154]
Underfull \hbox (badness 10000) in paragraph at lines 3651--3651
[]|\T1/lmtt/m/n/10.95 default-src 'none' \T1/lmr/m/n/10.95 (+20) for JSON;
 []


Underfull \hbox (badness 10000) in paragraph at lines 3651--3651
[]|\T1/lmtt/m/n/10.95 max-age=63072000; includeSubDomains
 []

(chapters/_standard_addendum.tex
Underfull \hbox (badness 10000) in alignment at lines 14--14
[][][][][] 
 []


LaTeX Warning: `h' float specifier changed to `ht'.


Overfull \hbox (55.38057pt too wide) in alignment at lines 39--39
[][][] 
 []


LaTeX Warning: `h' float specifier changed to `ht'.

[1155]
Underfull \hbox (badness 2285) in paragraph at lines 86--86
[]|\T1/lmr/bx/n/10.95 (+20) Choose this ap-proach
 []


Underfull \hbox (badness 5064) in paragraph at lines 86--86
[]|\T1/lmr/bx/n/10.95 (+20) Prefer an al-ter-na-tive
 []


LaTeX Warning: `h' float specifier changed to `ht'.


Underfull \vbox (badness 1231) has occurred while \output is active []

 [1156]))
(chapters/chapter_17_deployment_infrastructure.tex [1157] [1158] [1159]
[1160] [1161] [1162

]
Chapter 18.
[1163] [1164]
Overfull \hbox (27.82477pt too wide) in paragraph at lines 102--107
[]\T1/lmr/m/n/12 (-20) Place TLS ter-mi-na-tion de-lib-er-ately (edge, re-encry
pt, passthrough),
 []

[1165] [1166]
Overfull \hbox (3.44244pt too wide) in paragraph at lines 185--198
[]\T1/lmr/bx/n/12 (-20) Base-image spec-trum. \T1/lmr/m/n/12 (-20) The prac-ti-
cal spec-trum runs from \T1/lmtt/m/n/12 python:3.12
 []

[1167] [1168]
Underfull \hbox (badness 10000) in paragraph at lines 331--331
[]|\T1/lmr/bx/n/10.95 (+20) NGINX
 []


Underfull \hbox (badness 10000) in paragraph at lines 331--331
[]|\T1/lmr/m/n/10.95 (+20) NGINX +
 []


Underfull \hbox (badness 10000) in paragraph at lines 331--331
\T1/lmr/m/n/10.95 (+20) Open-Resty
 []


Underfull \hbox (badness 10000) in paragraph at lines 331--331
[]|\T1/lmr/m/n/10.95 (+20) purpose-built
 []


Underfull \hbox (badness 10000) in paragraph at lines 331--331
\T1/lmr/m/n/10.95 (+20) C++ L4/L7
 []


Underfull \hbox (badness 10000) in paragraph at lines 331--331
[]|\T1/lmr/m/n/10.95 (+20) rich:
 []


Overfull \hbox (56.2174pt too wide) in paragraph at lines 331--331
\T1/lmr/m/n/10.95 (-20) host/path/method/headers,
 []


Overfull \hbox (3.13861pt too wide) in paragraph at lines 331--331
[]|\T1/lmr/m/n/10.95 (-20) host/path/regex
 []


Underfull \hbox (badness 3229) in paragraph at lines 331--331
\T1/lmr/m/n/10.95 (+20) map; head-ers
 []


Underfull \hbox (badness 4940) in paragraph at lines 331--331
[]|\T1/lmr/m/n/10.95 (+20) first-class plu-
 []


Underfull \hbox (badness 10000) in paragraph at lines 331--331
\T1/lmr/m/n/10.95 (+20) gin (JWKS,
 []


Underfull \hbox (badness 10000) in paragraph at lines 331--331
[]|\T1/lmr/m/n/10.95 (+20) JWT au-thn
 []


Underfull \hbox (badness 10000) in paragraph at lines 331--331
\T1/lmr/m/n/10.95 (+20) fil-ter (JWKS,
 []


Underfull \hbox (badness 10000) in paragraph at lines 331--331
[]|\T1/lmr/m/n/10.95 (+20) Plus na-tive;
 []


Underfull \hbox (badness 10000) in paragraph at lines 331--331
\T1/lmr/m/n/10.95 (+20) OSS via
 []


Underfull \hbox (badness 10000) in paragraph at lines 331--331
\T1/lmr/m/n/10.95 (+20) njs/Lua mod-
 []


Underfull \hbox (badness 10000) in paragraph at lines 331--331
[]|\T1/lmr/m/n/10.95 (+20) plugin (lo-
 []


Underfull \hbox (badness 10000) in paragraph at lines 331--331
\T1/lmr/m/n/10.95 (+20) cal/Redis,
 []


Underfull \hbox (badness 10000) in paragraph at lines 331--331
\T1/lmr/m/n/10.95 (+20) per con-
 []


Underfull \hbox (badness 10000) in paragraph at lines 331--331
[]|\T1/lmr/m/n/10.95 (+20) local to-ken
 []


Underfull \hbox (badness 10000) in paragraph at lines 331--331
\T1/lmr/m/n/10.95 (+20) rate-limit ser-
 []


Underfull \hbox (badness 10000) in paragraph at lines 331--331
[]|\T1/lmtt/m/n/10.95 limit_req
 []


Underfull \hbox (badness 1371) in paragraph at lines 331--331
\T1/lmr/m/n/10.95 (+20) (GCRA); Plus
 []


Underfull \hbox (badness 5893) in paragraph at lines 331--331
[]|\T1/lmr/m/n/10.95 (+20) plugin ecosys-
 []


Underfull \hbox (badness 10000) in paragraph at lines 331--331
[]|\T1/lmr/m/n/10.95 (+20) Lua/Wasm
 []


Underfull \hbox (badness 10000) in paragraph at lines 331--331
\T1/lmr/m/n/10.95 (+20) fil-ters;
 []


Underfull \hbox (badness 10000) in paragraph at lines 331--331
\T1/lmr/m/n/10.95 (+20) header/body
 []


Underfull \hbox (badness 10000) in paragraph at lines 331--331
[]|\T1/lmtt/m/n/10.95 sub_filter\T1/lmr/m/n/10.95 (+20) ,
 []


Underfull \hbox (badness 10000) in paragraph at lines 331--331
\T1/lmr/m/n/10.95 (+20) head-ers, njs
 []


Underfull \hbox (badness 5741) in paragraph at lines 331--331
\T1/lmr/m/n/10.95 (+20) gin, weighted
 []


Underfull \hbox (badness 6364) in paragraph at lines 331--331
\T1/lmr/m/n/10.95 (+20) clus-ters (first-
 []


Overfull \hbox (1.45963pt too wide) in paragraph at lines 331--331
[]|\T1/lmtt/m/n/10.95 split_clients
 []


Underfull \hbox (badness 10000) in paragraph at lines 331--331
[]|\T1/lmr/m/n/10.95 (+20) plugin hub
 []


Underfull \hbox (badness 10000) in paragraph at lines 331--331
\T1/lmr/m/n/10.95 (+20) + cus-tom
 []


Overfull \hbox (20.54762pt too wide) in paragraph at lines 331--331
\T1/lmr/m/n/10.95 (-20) Lua/Go/JS/Python| 
 []


Overfull \hbox (28.8654pt too wide) in paragraph at lines 331--331
[]|\T1/lmr/m/n/10.95 (-20) Wasm/Lua/ext_proc;
 []


Underfull \hbox (badness 10000) in paragraph at lines 331--331
[]|\T1/lmr/m/n/10.95 (+20) modules at
 []


Underfull \hbox (badness 10000) in paragraph at lines 331--331
\T1/lmr/m/n/10.95 (+20) com-pile time;
 []


Underfull \hbox (badness 10000) in paragraph at lines 331--331
[]|\T1/lmr/m/n/10.95 (+20) xDS APIs
 []


Underfull \hbox (badness 1024) in paragraph at lines 331--331
\T1/lmr/m/n/10.95 (+20) (built for con-
 []


Underfull \hbox (badness 5622) in paragraph at lines 331--331
[]|\T1/lmr/m/n/10.95 (+20) static files +
 []


Underfull \hbox (badness 10000) in paragraph at lines 331--331
\T1/lmr/m/n/10.95 (+20) reload (Plus:
 []


Underfull \hbox (badness 10000) in paragraph at lines 331--331
[]|\T1/lmr/m/n/10.95 (+20) gateway-first,
 []


Underfull \hbox (badness 10000) in paragraph at lines 331--331
\T1/lmr/m/n/10.95 (+20) ad-min API,
 []


Underfull \hbox (badness 10000) in paragraph at lines 331--331
[]|\T1/lmr/m/n/10.95 (+20) building
 []


Underfull \hbox (badness 10000) in paragraph at lines 331--331
\T1/lmr/m/n/10.95 (+20) block: gate-
 []


Underfull \hbox (badness 10000) in paragraph at lines 331--331
\T1/lmr/m/n/10.95 (+20) ways/meshes
 []


Underfull \hbox (badness 10000) in paragraph at lines 331--331
[]|\T1/lmr/m/n/10.95 (+20) ubiquitous,
 []


Underfull \hbox (badness 4621) in paragraph at lines 331--331
\T1/lmr/m/n/10.95 (+20) min-i-mal deps,
 []


LaTeX Warning: `h' float specifier changed to `ht'.


Underfull \vbox (badness 10000) has occurred while \output is active []

 [1169]
Underfull \hbox (badness 10000) in paragraph at lines 388--388
\T1/lmr/m/n/10.95 (+20) re-ceive traf-fic
 []


Underfull \hbox (badness 10000) in paragraph at lines 388--388
[]|\T1/lmr/m/n/10.95 (+20) Is the pro-cess
 []


Underfull \hbox (badness 10000) in paragraph at lines 388--388
\T1/lmr/m/n/10.95 (+20) un-re-cov-er-ably
 []


Underfull \hbox (badness 10000) in paragraph at lines 388--388
[]|\T1/lmr/m/n/10.95 (+20) Retried
 []


Underfull \hbox (badness 10000) in paragraph at lines 388--388
\T1/lmr/m/n/10.95 (+20) within bud-
 []


Underfull \hbox (badness 6510) in paragraph at lines 388--388
\T1/lmr/m/n/10.95 (+20) get (\T1/lmtt/m/n/10.95 period $\OMS/lmsy/m/n/10.95 ^^B
$
 []


Overfull \hbox (13.37747pt too wide) in paragraph at lines 388--388
\T1/lmtt/m/n/10.95 failureThreshold\T1/lmr/m/n/10.95 (-20) );
 []


Underfull \hbox (badness 10000) in paragraph at lines 388--388
\OMS/lmsy/m/n/10.95 )$ \T1/lmr/m/n/10.95 (+20) con-tainer
 []


Underfull \hbox (badness 10000) in paragraph at lines 388--388
[]|\T1/lmr/m/n/10.95 (+20) Pod \T1/lmr/bx/n/10.95 (+20) re-moved
 []


Underfull \hbox (badness 10000) in paragraph at lines 388--388
\T1/lmr/bx/n/10.95 (+20) from Ser-vice
 []


Underfull \hbox (badness 10000) in paragraph at lines 388--388
\T1/lmr/bx/n/10.95 (+20) end-points\T1/lmr/m/n/10.95 (+20) ;
 []


Underfull \hbox (badness 10000) in paragraph at lines 388--388
\T1/lmr/m/n/10.95 (+20) no restart, no
 []


Underfull \hbox (badness 10000) in paragraph at lines 388--388
\T1/lmr/m/n/10.95 (+20) resched-ule; re-
 []


Underfull \hbox (badness 10000) in paragraph at lines 388--388
\T1/lmr/m/n/10.95 (+20) added on first
 []


Underfull \hbox (badness 10000) in paragraph at lines 388--388
[]|\T1/lmr/m/n/10.95 (+20) Failure streak
 []


Underfull \hbox (badness 10000) in paragraph at lines 388--388
\OMS/lmsy/m/n/10.95 )$ \T1/lmr/m/n/10.95 (+20) con-tainer
 []


Underfull \hbox (badness 10000) in paragraph at lines 388--388
\T1/lmr/bx/n/10.95 (+20) restarted in
 []


Underfull \hbox (badness 6559) in paragraph at lines 388--388
[]|\T1/lmr/m/n/10.95 (+20) Nothing; eval-u-
 []


Underfull \hbox (badness 4096) in paragraph at lines 388--388
\T1/lmr/m/n/10.95 (+20) ated only af-ter
 []


Underfull \hbox (badness 6559) in paragraph at lines 388--388
[]|\T1/lmr/m/n/10.95 (+20) Nothing; eval-u-
 []


Underfull \hbox (badness 4096) in paragraph at lines 388--388
\T1/lmr/m/n/10.95 (+20) ated only af-ter
 []


Underfull \hbox (badness 10000) in paragraph at lines 388--388
[]|\T1/lmr/m/n/10.95 (+20) A \T1/lmr/m/it/10.95 (+20) re-cov-er-
 []


Underfull \hbox (badness 10000) in paragraph at lines 388--388
\T1/lmr/m/it/10.95 (+20) able\T1/lmr/m/n/10.95 (+20) /external
 []


Underfull \hbox (badness 10000) in paragraph at lines 388--388
\T1/lmr/m/n/10.95 (+20) prob-lem: de-
 []


Underfull \hbox (badness 6477) in paragraph at lines 388--388
\T1/lmr/m/n/10.95 (+20) pen-dency down,
 []


Underfull \hbox (badness 10000) in paragraph at lines 388--388
[]|\T1/lmr/m/n/10.95 (+20) A \T1/lmr/m/it/10.95 (+20) process-local
 []


Underfull \hbox (badness 10000) in paragraph at lines 388--388
\T1/lmr/m/n/10.95 (+20) wedged event
 []


Overfull \hbox (7.74544pt too wide) in paragraph at lines 388--388
[]|\T1/lmtt/m/n/10.95 /healthz/startup
 []


Underfull \hbox (badness 10000) in paragraph at lines 388--388
[]|\T1/lmtt/m/n/10.95 /healthz/ready
 []


Underfull \hbox (badness 10000) in paragraph at lines 388--388
\T1/lmr/m/n/10.95 (+20) (may check
 []


Underfull \hbox (badness 10000) in paragraph at lines 388--388
\T1/lmr/m/n/10.95 (+20) crit-i-cal deps,
 []


Underfull \hbox (badness 10000) in paragraph at lines 388--388
[]|\T1/lmtt/m/n/10.95 /healthz/live
 []


LaTeX Warning: `h' float specifier changed to `ht'.


Overfull \hbox (44.26422pt too wide) in paragraph at lines 441--445
 [][] 
 []

[1170]
Underfull \hbox (badness 10000) in paragraph at lines 497--497
[]|\T1/lmr/m/n/10.95 (+20) one surge pod's
 []


Underfull \hbox (badness 2409) in paragraph at lines 497--497
[]|\T1/lmr/m/n/10.95 (+20) cannot roll at all;
 []


LaTeX Warning: `h' float specifier changed to `ht'.


Underfull \vbox (badness 4726) has occurred while \output is active []

 [1171]
[1172]
Overfull \hbox (67.05023pt too wide) in paragraph at lines 605--609
 [][] 
 []

[1173]
Overfull \hbox (456.05684pt too wide) in paragraph at lines 684--688
 [][] 
 []


Underfull \vbox (badness 10000) has occurred while \output is active []

 [1174]
[1175] [1176] [1177]
Underfull \vbox (badness 10000) has occurred while \output is active []

 [1178]
Overfull \hbox (13.34589pt too wide) in paragraph at lines 895--923
[]\T1/lmr/m/n/12 (-20) Field by field: \T1/lmtt/m/n/12 replicas: 4 \T1/lmr/m/n/
12 (-20) pairs with \T1/lmtt/m/n/12 maxSurge: 1, maxUnavailable:
 []


Overfull \hbox (14.66566pt too wide) in paragraph at lines 895--923
\T1/lmr/m/n/12 (-20) pod; the arith-metic for other sizes is in Ta-ble [][]18.3
[][]. \T1/lmtt/m/n/12 progressDeadlineSeconds:
 []


Overfull \hbox (47.18677pt too wide) in paragraph at lines 895--923
\T1/lmr/m/n/12 (-20) sion) \T1/lmr/m/it/12 (-20) fail loudly \T1/lmr/m/n/12 (-2
0) af-ter ten min-utes in-stead of hang-ing silently. \T1/lmtt/m/n/12 revisionH
istoryLimit:
 []

[1179] [1180] [1181]
Overfull \hbox (69.42pt too wide) in paragraph at lines 1042--1042
[]\T1/lmr/bx/n/14.4 (-20) Listing 17.3 --- The Server Un-der Test (\T1/lmtt/b/n
/14.4 orders_server.py\T1/lmr/bx/n/14.4 (-20) ) 
 []

[1182]
Underfull \vbox (badness 10000) has occurred while \output is active []

 [1183]
[1184]
Underfull \vbox (badness 1769) has occurred while \output is active []

 [1185]
Underfull \vbox (badness 10000) has occurred while \output is active []

 [1186]
Underfull \vbox (badness 10000) has occurred while \output is active []

 [1187]
Underfull \vbox (badness 10000) has occurred while \output is active []

 [1188]
Overfull \hbox (116.99808pt too wide) in paragraph at lines 1322--1322
[]\T1/lmr/bx/n/14.4 (-20) Listing 17.5 --- Probe-Semantics Sim-u-la-tor (\T1/lm
tt/b/n/14.4 probe_simulator.py\T1/lmr/bx/n/14.4 (-20) ) 
 []

[1189]
Underfull \vbox (badness 10000) has occurred while \output is active []

 [1190]
Underfull \vbox (badness 10000) has occurred while \output is active []

 [1191]
Underfull \vbox (badness 10000) has occurred while \output is active []

 [1192]
Underfull \vbox (badness 10000) has occurred while \output is active []

 [1193]
Underfull \vbox (badness 10000) has occurred while \output is active []

 [1194]
Underfull \vbox (badness 10000) has occurred while \output is active []

 [1195]
Overfull \hbox (115.99841pt too wide) in paragraph at lines 1560--1561
[][][][][] 
 []


Overfull \hbox (115.99841pt too wide) in paragraph at lines 1562--1563
[][][][][] 
 []


Overfull \hbox (115.99841pt too wide) in paragraph at lines 1574--1575
[][][][][] 
 []

[1196]
Overfull \hbox (115.99841pt too wide) in paragraph at lines 1579--1580
[][][][][] 
 []


Overfull \hbox (115.99841pt too wide) in paragraph at lines 1581--1582
[][][][][] 
 []


Overfull \hbox (115.99841pt too wide) in paragraph at lines 1595--1596
[][][][][] 
 []


Overfull \hbox (45.77043pt too wide) in paragraph at lines 1615--1615
[]\T1/lmr/bx/n/14.4 (-20) Listing 17.6 --- Ca-nary An-a-lyzer (\T1/lmtt/b/n/14.
4 canary_analysis.py\T1/lmr/bx/n/14.4 (-20) ) 
 []

[1197]
Overfull \hbox (154.48383pt too wide) detected at line 1631
\OT1/lmr/m/n/12 ^^C[]  =  [] []\OML/lmm/m/it/12 x[] [] []  \OT1/lmr/m/n/12 +  (
1 \OMS/lmsy/m/n/12 ^^@ \OML/lmm/m/it/12 x[]\OT1/lmr/m/n/12 )  [] [][]\OML/lmm/m
/it/12 ;  \OT1/lmr/m/n/12 ^^C[] \OMS/lmsy/m/n/12 ^^U [] [] ) []\OML/lmm/m/it/12
 ;  \OT1/lmr/m/n/12 ^^C[] \OMS/lmsy/m/n/12 ^^T [] [] ) []\OML/lmm/m/it/12 ;
 []

[1198]
Underfull \vbox (badness 10000) has occurred while \output is active []

 [1199]
Underfull \vbox (badness 10000) has occurred while \output is active []

 [1200]
Underfull \vbox (badness 10000) has occurred while \output is active []

 [1201]
Underfull \vbox (badness 10000) has occurred while \output is active []

 [1202]
Overfull \hbox (129.79553pt too wide) in paragraph at lines 1813--1814
[][][][][] 
 []


Overfull \hbox (129.79553pt too wide) in paragraph at lines 1815--1816
[][][][][] 
 []

[1203]
Overfull \hbox (125.88452pt too wide) in paragraph at lines 1879--1887
\T1/lmr/m/n/12 (-20) ti-ples of  100 ms, av-er-age CPU well be-low the limit, \
T1/lmtt/m/n/12 container_cpu_cfs_throttled_periods_total
 []

[1204]
Overfull \hbox (9.1266pt too wide) in paragraph at lines 1925--1925
[]\T1/lmr/bx/n/17.28 (-20) Hands-On Pro-duc-tion Lab & Real-World
 []

[1205]
Overfull \hbox (33.20164pt too wide) in paragraph at lines 1944--1953
[]\T1/lmr/bx/n/12 (-20) Part 2 --- Re-play the probes (25 min). \T1/lmr/m/n/12 
(-20) Run \T1/lmtt/m/n/12 python probe_simulator.py\T1/lmr/m/n/12 (-20) .
 []

[1206]
Overfull \hbox (90.0802pt too wide) in paragraph at lines 1989--1996
\T1/lmtt/m/n/12 8 \T1/lmr/m/n/12 (-20) (the pod keeps serv-ing while end-point 
re-moval fans out), \T1/lmtt/m/n/12 terminationGracePeriodSeconds:
 []


Overfull \hbox (100.53383pt too wide) in paragraph at lines 2015--2019
[]\T1/lmr/bx/n/12 (-20) Break the drain. \T1/lmr/m/n/12 (-20) In \T1/lmtt/m/n/1
2 orders_server.py\T1/lmr/m/n/12 (-20) , set \T1/lmtt/m/n/12 timeout_graceful_s
hutdown=1
 []


Overfull \hbox (18.49963pt too wide) in paragraph at lines 2019--2024
\T1/lmtt/m/n/12 periodSeconds: 5\T1/lmr/m/n/12 (-20) , what is the min-i-mum \T
1/lmtt/m/n/12 failureThreshold
 []

[1207]
Overfull \hbox (74.39777pt too wide) in paragraph at lines 2024--2030
[]\T1/lmr/bx/n/12 (-20) Retune the gate. \T1/lmr/m/n/12 (-20) Run \T1/lmtt/m/n/
12 canary_analysis.py \T1/lmr/m/n/12 (-20) with \T1/lmtt/m/n/12 LATENCY_P95_FAC
TOR
 []


Underfull \vbox (badness 10000) has occurred while \output is active []

 [1208]
Underfull \vbox (badness 2799) has occurred while \output is active []

 [1209]
[1210]
Overfull \hbox (60.52591pt too wide) in paragraph at lines 2185--2195
\T1/lmr/bx/n/12 (-20) liza-tion win-dow? \T1/lmr/m/n/12 (-20) Ev-ery sync pe-ri
od: $\OMS/lmsy/m/n/12 d[] ^^B []\OML/lmm/m/it/12 =[]\OMS/lmsy/m/n/12 e$\T1/lmr/
m/n/12 (-20) ,
 []


Underfull \vbox (badness 10000) has occurred while \output is active []

 [1211]
Overfull \hbox (6.97766pt too wide) in paragraph at lines 2206--2216
[]\T1/lmr/bx/n/12 (-20) Gateway vs. ingress vs. ser-vice mesh? \T1/lmr/m/n/12 (
-20) Ingress is the Kubernetes-
 []

[1212]
Underfull \vbox (badness 10000) has occurred while \output is active []

 [1213]
[1214]
Overfull \hbox (1.96231pt too wide) in paragraph at lines 2366--2377
\T1/lmr/m/n/12 (-20) detection window; $\OML/lmm/m/it/12 $ \T1/lmr/m/n/12 (-20
) (false promote) is priced against rollback cost ---
 []


Underfull \vbox (badness 10000) has occurred while \output is active []

 [1215]
Overfull \hbox (128.77815pt too wide) in paragraph at lines 2390--2401
\T1/lmr/m/n/12 (-20) bounded time; re-bal-ance de-lib-er-ately on scale events;
 size \T1/lmtt/m/n/12 terminationGracePeriodSeconds
 []


Underfull \vbox (badness 10000) has occurred while \output is active []

 [1216]
Overfull \hbox (108.0463pt too wide) in paragraph at lines 2438--2443
[][]$\T1/lmtt/m/n/12 https : / / kubernetes . io / docs / tasks / run-[]applica
tion / horizontal-[]pod-[]autoscale/$[][]\T1/lmr/m/n/12 (-20) .
 []


Overfull \hbox (11.92278pt too wide) in paragraph at lines 2443--2447
[]\T1/lmr/bx/n/12 (-20) Kubernetes doc-u-men-ta-tion --- Dis-rup-tions: [][]$\T
1/lmtt/m/n/12 https : / / kubernetes .
 []


Overfull \hbox (51.97127pt too wide) in paragraph at lines 2447--2453
\T1/lmtt/m/n/12 docs . docker . com / develop / develop-[]images / dockerfile _
 best-[]practices/$[][]\T1/lmr/m/n/12 (-20) .
 []


Overfull \hbox (7.52687pt too wide) in paragraph at lines 2453--2458
[]\T1/lmr/bx/n/12 (-20) Envoy proxy doc-u-men-ta-tion: [][]$\T1/lmtt/m/n/12 htt
ps : / / www . envoyproxy . io / docs /
 []


Overfull \hbox (28.2018pt too wide) in paragraph at lines 2458--2462
[]\T1/lmr/bx/n/12 (-20) Kong Gate-way doc-u-men-ta-tion: [][]$\T1/lmtt/m/n/12 h
ttps : / / docs . konghq . com / gateway/$[][]\T1/lmr/m/n/12 (-20) .
 []


Overfull \hbox (101.15683pt too wide) in paragraph at lines 2463--2467
\T1/lmr/m/n/12 (-20) Beyer et al. ([[][]Bey+16[][]], also at [][]$\T1/lmtt/m/n/
12 https : / / sre . google / sre-[]book / release-[]engineering/$[][]\T1/lmr/m
/n/12 (-20) ).
 []


Underfull \vbox (badness 4254) has occurred while \output is active []

 [1217]
Overfull \hbox (26.14644pt too wide) in paragraph at lines 2478--2483
\T1/lmr/bx/n/12 (-20) netes Se-cu-rity: [][]$\T1/lmtt/m/n/12 https : / / cheats
heetseries . owasp . org / cheatsheets /
 []

[1218]
Overfull \hbox (35.52882pt too wide) in paragraph at lines 2542--2549
\T1/lmr/m/n/12 (-20) (ex-pected), and \T1/lmr/m/it/12 (-20) sev-ered \T1/lmr/m/
n/12 (-20) (the fail-ure class). (3) Sweep \T1/lmtt/m/n/12 timeout_graceful_shu
tdown
 []


Overfull \hbox (1.82477pt too wide) in paragraph at lines 2554--2556
[]\T1/lmr/m/n/12 (-20) Zero sev-ered re-quests at the pro-duc-tion time-out; no
nzero at \T1/lmtt/m/n/12 timeout=0\T1/lmr/m/n/12 (-20) ;
 []


Overfull \hbox (37.10628pt too wide) in paragraph at lines 2570--2576
\T1/lmr/m/n/12 (-20) the preStop hook, hard-code \T1/lmtt/m/n/12 DATABASE_URL\T
1/lmr/m/n/12 (-20) , set \T1/lmtt/m/n/12 terminationGracePeriodSeconds:
 []

[1219]
Overfull \hbox (0.84282pt too wide) in paragraph at lines 2609--2617
[]\T1/lmr/bx/n/12 (-20) Steps: \T1/lmr/m/n/12 (-20) (1) Sweep $\OML/lmm/m/it/12
 ^^N \OMS/lmsy/m/n/12 2 f\OT1/lmr/m/n/12 (-20) 0\OML/lmm/m/it/12 :\OT1/lmr/m/n/
12 (-20) 5\OML/lmm/m/it/12 ; \OT1/lmr/m/n/12 (-20) 1\OML/lmm/m/it/12 :\OT1/lmr/
m/n/12 (-20) 0\OML/lmm/m/it/12 ; \OT1/lmr/m/n/12 (-20) 2\OML/lmm/m/it/12 :\OT1/
lmr/m/n/12 (-20) 0\OMS/lmsy/m/n/12 g$ \T1/lmr/m/n/12 (-20) points and $\OML/lmm
/m/it/12  \OT1/lmr/m/n/12 (-20) = \OML/lmm/m/it/12 ^^L \OMS/lmsy/m/n/12 2 f\OT
1/lmr/m/n/12 (-20) 0\OML/lmm/m/it/12 :\OT1/lmr/m/n/12 (-20) 01\OML/lmm/m/it/12 
; \OT1/lmr/m/n/12 (-20) 0\OML/lmm/m/it/12 :\OT1/lmr/m/n/12 (-20) 05\OML/lmm/m/i
t/12 ; \OT1/lmr/m/n/12 (-20) 0\OML/lmm/m/it/12 :\OT1/lmr/m/n/12 (-20) 10\OMS/lm
sy/m/n/12 g$
 []

[1220] [1221]

Package hyperref Warning: Token not allowed in a PDF string (Unicode):
(hyperref)                removing `math shift' on input line 2699.


Package hyperref Warning: Token not allowed in a PDF string (Unicode):
(hyperref)                removing `\geq' on input line 2699.


Package hyperref Warning: Token not allowed in a PDF string (Unicode):
(hyperref)                removing `math shift' on input line 2699.


Overfull \hbox (14.26643pt too wide) in paragraph at lines 2700--2709
\T1/lmr/m/n/12 (-20) graceful-shutdown teach-ing). \T1/lmr/bx/n/12 (-20) In-sta
l-la-tion: \T1/lmtt/m/n/12 pip install "fastapi>=0.110"
 []


Package hyperref Warning: Token not allowed in a PDF string (Unicode):
(hyperref)                removing `math shift' on input line 2710.


Package hyperref Warning: Token not allowed in a PDF string (Unicode):
(hyperref)                removing `\geq' on input line 2710.


Package hyperref Warning: Token not allowed in a PDF string (Unicode):
(hyperref)                removing `math shift' on input line 2710.


Overfull \hbox (15.48413pt too wide) in paragraph at lines 2711--2722
\T1/lmr/m/n/12 (-20) stops ac-cept-ing, waits for in-flight re-quests up to \T1
/lmtt/m/n/12 timeout_graceful_shutdown\T1/lmr/m/n/12 (-20) ,
 []


Package hyperref Warning: Token not allowed in a PDF string (Unicode):
(hyperref)                removing `math shift' on input line 2723.


Package hyperref Warning: Token not allowed in a PDF string (Unicode):
(hyperref)                removing `\geq' on input line 2723.


Package hyperref Warning: Token not allowed in a PDF string (Unicode):
(hyperref)                removing `math shift' on input line 2723.


Overfull \hbox (2.83423pt too wide) in paragraph at lines 2724--2732
\T1/lmr/bx/n/12 (-20) Description: \T1/lmr/m/n/12 (-20) Sync/async HTTP client.
 \T1/lmr/bx/n/12 (-20) Why in-cluded: \T1/lmr/m/n/12 (-20) it backs FastAPI's
 []

[1222]

Package hyperref Warning: Token not allowed in a PDF string (Unicode):
(hyperref)                removing `math shift' on input line 2733.


Package hyperref Warning: Token not allowed in a PDF string (Unicode):
(hyperref)                removing `\geq' on input line 2733.


Package hyperref Warning: Token not allowed in a PDF string (Unicode):
(hyperref)                removing `math shift' on input line 2733.


Package hyperref Warning: Token not allowed in a PDF string (Unicode):
(hyperref)                removing `math shift' on input line 2740.


Package hyperref Warning: Token not allowed in a PDF string (Unicode):
(hyperref)                removing `\geq' on input line 2740.


Package hyperref Warning: Token not allowed in a PDF string (Unicode):
(hyperref)                removing `math shift' on input line 2740.


Overfull \hbox (9.22273pt too wide) in paragraph at lines 2752--2764
\T1/lmr/m/n/12 (-20) op-tional here: \T1/lmr/bx/n/12 (-20) Docker Desk-top \T1/
lmr/m/n/12 (-20) (\T1/lmtt/m/n/12 winget install Docker.DockerDesktop\T1/lmr/m/
n/12 (-20) )
 []


Overfull \hbox (62.12915pt too wide) in paragraph at lines 2752--2764
\T1/lmtt/m/n/12 Kubernetes.kubectl\T1/lmr/m/n/12 (-20) ) plus a lo-cal clus-ter
 (\T1/lmtt/m/n/12 kind \T1/lmr/m/n/12 (-20) --- \T1/lmtt/m/n/12 winget install 
Kubernetes.kind
 []


Underfull \vbox (badness 1163) has occurred while \output is active []

 [1223]
[1224]

LaTeX Warning: `h' float specifier changed to `ht'.


Overfull \hbox (0.82741pt too wide) in paragraph at lines 2837--2849
\T1/lmr/m/n/12 (-20) surge pod $\OMS/lmsy/m/n/12 ^^O$ \T1/lmtt/m/n/12 maxUnavai
lable: 1, maxSurge: 0 $\OMS/lmsy/m/n/12 )$ \T1/lmr/m/n/12 (-20) no ex-tra quota
, serves
 []


Overfull \hbox (71.67915pt too wide) in paragraph at lines 2837--2849
\T1/lmtt/m/n/12 revisionHistoryLimit: 5 \T1/lmr/m/n/12 (-20) keeps roll-backs i
n-stant $\OMS/lmsy/m/n/12 ^^O$ \T1/lmtt/m/n/12 terminationGracePeriodSeconds
 []


Underfull \hbox (badness 5939) in paragraph at lines 2862--2862
[]|\T1/lmr/m/n/10.95 (+20) full L7 (WAF,
 []


Underfull \hbox (badness 3108) in paragraph at lines 2862--2862
[]|\T1/lmr/m/n/10.95 (+20) private net-work
 []


Underfull \hbox (badness 5022) in paragraph at lines 2862--2862
\T1/lmr/m/n/10.95 (+20) (in-ter-nal CA /
 []


Underfull \hbox (badness 1622) in paragraph at lines 2862--2862
[]|\T1/lmr/m/n/10.95 (+20) default for pro-
 []


Underfull \hbox (badness 10000) in paragraph at lines 2862--2862
[]|\T1/lmr/m/n/10.95 (+20) end-to-end en-
 []


Underfull \hbox (badness 10000) in paragraph at lines 2862--2862
[]|\T1/lmr/m/n/10.95 (+20) regulated pay-
 []


LaTeX Warning: `h' float specifier changed to `ht'.

(chapters/_standard_addendum.tex
Underfull \hbox (badness 10000) in alignment at lines 14--14
[][][][][] 
 []


LaTeX Warning: `h' float specifier changed to `ht'.


Overfull \hbox (55.38057pt too wide) in alignment at lines 39--39
[][][] 
 []

[1225]

LaTeX Warning: `h' float specifier changed to `ht'.


Underfull \hbox (badness 2285) in paragraph at lines 86--86
[]|\T1/lmr/bx/n/10.95 (+20) Choose this ap-proach
 []


Underfull \hbox (badness 5064) in paragraph at lines 86--86
[]|\T1/lmr/bx/n/10.95 (+20) Prefer an al-ter-na-tive
 []


LaTeX Warning: `h' float specifier changed to `ht'.

[1226])) (chapters/chapter_18_observability_sre.tex [1227] [1228] [1229]
[1230] [1231] [1232

]
Chapter 19.

Underfull \vbox (badness 1132) has occurred while \output is active []

 [1233]
Overfull \hbox (0.93857pt too wide) in paragraph at lines 78--82
\T1/lmr/m/n/12 (-20) (version--trace-id--span-id--flags), ex-plain \T1/lmtt/m/n
/12 tracestate \T1/lmr/m/n/12 (-20) and bag-
 []


Overfull \hbox (2.25198pt too wide) in paragraph at lines 86--90
\T1/lmr/m/n/12 (-20) ment multi-window multi-burn-rate alert-ing with the fast/
slow
 []

[1234]
Overfull \hbox (7.68889pt too wide) in paragraph at lines 90--94
\T1/lmr/m/n/12 (-20) gated to problem-details re-sponses, SLO-anchored per-endp
oint
 []


Underfull \vbox (badness 2384) has occurred while \output is active []

 [1235]
[1236]
Overfull \hbox (113.19807pt too wide) in paragraph at lines 197--201
[]\T1/lmr/bx/n/12 (-20) API \T1/lmr/m/n/12 (-20) --- the in-stru-men-ta-tion su
r-face your code calls: \T1/lmtt/m/n/12 tracer.start_as_current_span(...)\T1/lm
r/m/n/12 (-20) ,
 []


Overfull \hbox (9.07278pt too wide) in paragraph at lines 208--214
\T1/lmr/m/n/12 (-20) ing, redac-tion, tail sam-pling), and re-exporting to back
-ends (Prometheus,
 []


Overfull \hbox (438.03844pt too wide) in paragraph at lines 251--256
 [][] 
 []

[1237]
Overfull \hbox (126.4004pt too wide) in paragraph at lines 278--284
[]\T1/lmr/bx/n/12 (-20) Decoding a live header. \T1/lmtt/m/n/12 00-4bf92f3577b3
4da6a3ce929d0e0e4736-00f067aa0ba902b7-01
 []


Overfull \hbox (11.33508pt too wide) in paragraph at lines 318--318
[]\T1/lmr/bx/n/14.4 (-20) Span Kinds and Se-man-tic Con-ven-tions for HTTP 
 []

[1238]
Overfull \hbox (44.3056pt too wide) in paragraph at lines 338--346
\T1/lmr/m/n/12 (-20) route, never the raw path with ids), \T1/lmtt/m/n/12 http.
response.status_code\T1/lmr/m/n/12 (-20) , \T1/lmtt/m/n/12 server.address\T1/lm
r/m/n/12 (-20) ,
 []


Overfull \hbox (97.80312pt too wide) in paragraph at lines 383--388
 [][] 
 []

[1239]
Underfull \vbox (badness 7433) has occurred while \output is active []

 [1240]
Package pgfplots info on input line 482: Using 'lua backend=false' for axis: x 
coord trafo unsupported.

[1241] [1242]
Overfull \hbox (9.85573pt too wide) in paragraph at lines 553--558
[]\T1/lmr/bx/n/12 (-20) Availability: $[][] \OT1/lmr/m/n/12 (-20) = []$ \T1/lmr
/m/n/12 (-20) per route. Count
 []


Overfull \hbox (70.15074pt too wide) in paragraph at lines 564--569
[]\T1/lmr/bx/n/12 (-20) Freshness \T1/lmr/m/n/12 (-20) (data-serving APIs): $[]
[] \OT1/lmr/m/n/12 (-20) = []$
 []


Overfull \hbox (118.40411pt too wide) detected at line 601
[][][][]  \OT1/lmr/m/n/12 =  []  =  []\OML/lmm/m/it/12 ;  []  \OT1/lmr/m/n/12 =
  [] \OMS/lmsy/m/n/12 ^^B []\OML/lmm/m/it/12 :
 []

[1243]
Overfull \hbox (73.31349pt too wide) in paragraph at lines 670--675
 [][] 
 []

[1244]
Overfull \hbox (36.90921pt too wide) in paragraph at lines 737--737
[]|\T1/lmr/bx/n/10.95 (-20) Definition| 
 []


Overfull \hbox (8.07584pt too wide) in paragraph at lines 737--737
[]|\T1/lmr/m/n/10.95 (-20) Total
 []


Overfull \hbox (0.60207pt too wide) in paragraph at lines 737--737
\T1/lmr/m/n/10.95 (-20) out-
 []


Underfull \hbox (badness 10000) in paragraph at lines 737--737
\T1/lmr/m/n/10.95 (+20) age
 []


Underfull \hbox (badness 10000) in paragraph at lines 737--737
\T1/lmr/m/n/10.95 (+20) or
 []


Overfull \hbox (4.21921pt too wide) in paragraph at lines 737--737
\T1/lmr/m/n/10.95 (-20) data
 []


Overfull \hbox (1.62407pt too wide) in paragraph at lines 737--737
\T1/lmr/m/n/10.95 (-20) loss;
 []


Overfull \hbox (4.36836pt too wide) in paragraph at lines 737--737
\T1/lmr/m/n/10.95 (-20) SLO
 []


Overfull \hbox (2.98648pt too wide) in paragraph at lines 737--737
\T1/lmr/m/n/10.95 (-20) bud-
 []


Underfull \hbox (badness 10000) in paragraph at lines 737--737
\T1/lmr/m/n/10.95 (+20) get
 []


Underfull \hbox (badness 10000) in paragraph at lines 737--737
\T1/lmr/m/n/10.95 (+20) in-
 []


Underfull \hbox (badness 10000) in paragraph at lines 737--737
\T1/lmr/m/n/10.95 (+20) cin-
 []


Underfull \hbox (badness 10000) in paragraph at lines 737--737
\T1/lmr/m/n/10.95 (+20) er-
 []


Underfull \hbox (badness 10000) in paragraph at lines 737--737
\T1/lmr/m/n/10.95 (+20) at-
 []


Overfull \hbox (0.64204pt too wide) in paragraph at lines 737--737
\T1/lmr/m/n/10.95 (-20) ing.| 
 []


Overfull \hbox (11.48843pt too wide) in paragraph at lines 737--737
[]|\T1/lmr/m/n/10.95 (-20) Major
 []


Overfull \hbox (10.76665pt too wide) in paragraph at lines 737--737
\T1/lmr/m/n/10.95 (-20) degra-
 []


Underfull \hbox (badness 10000) in paragraph at lines 737--737
\T1/lmr/m/n/10.95 (+20) da-
 []


Overfull \hbox (1.83452pt too wide) in paragraph at lines 737--737
\T1/lmr/m/n/10.95 (-20) tion
 []


Overfull \hbox (2.4606pt too wide) in paragraph at lines 737--737
\T1/lmr/m/n/10.95 (-20) core
 []


Overfull \hbox (5.82712pt too wide) in paragraph at lines 737--737
\T1/lmr/m/n/10.95 (-20) SLO;
 []


Overfull \hbox (12.5655pt too wide) in paragraph at lines 737--737
\T1/lmr/m/n/10.95 (-20) tained
 []


Overfull \hbox (8.4219pt too wide) in paragraph at lines 737--737
\T1/lmr/m/n/10.95 (-20) burn.| 
 []


Overfull \hbox (11.48232pt too wide) in paragraph at lines 737--737
[]|\T1/lmr/m/n/10.95 (-20) Minor
 []


Overfull \hbox (10.76665pt too wide) in paragraph at lines 737--737
\T1/lmr/m/n/10.95 (-20) degra-
 []


Underfull \hbox (badness 10000) in paragraph at lines 737--737
\T1/lmr/m/n/10.95 (+20) da-
 []


Overfull \hbox (1.83452pt too wide) in paragraph at lines 737--737
\T1/lmr/m/n/10.95 (-20) tion
 []


Underfull \hbox (badness 10000) in paragraph at lines 737--737
\T1/lmr/m/n/10.95 (+20) or
 []


Overfull \hbox (11.39262pt too wide) in paragraph at lines 737--737
\T1/lmr/m/n/10.95 (-20) single-
 []


Overfull \hbox (13.15814pt too wide) in paragraph at lines 737--737
\T1/lmr/m/n/10.95 (-20) tenant
 []


Underfull \hbox (badness 10000) in paragraph at lines 737--737
\T1/lmr/m/n/10.95 (+20) im-
 []


Overfull \hbox (6.60391pt too wide) in paragraph at lines 737--737
\T1/lmr/m/n/10.95 (-20) pact.| 
 []


Overfull \hbox (26.3366pt too wide) in paragraph at lines 737--737
[]|\T1/lmr/m/n/10.95 (-20) Cosmetic
 []


Underfull \hbox (badness 10000) in paragraph at lines 737--737
\T1/lmr/m/n/10.95 (+20) or
 []


Overfull \hbox (21.19345pt too wide) in paragraph at lines 737--737
\T1/lmr/m/n/10.95 (-20) internal-
 []


Overfull \hbox (5.39336pt too wide) in paragraph at lines 737--737
\T1/lmr/m/n/10.95 (-20) only.| 
 []

[1245] [1246]
Underfull \vbox (badness 10000) has occurred while \output is active []

 [1247]
Underfull \vbox (badness 10000) has occurred while \output is active []

 [1248]
Underfull \vbox (badness 10000) has occurred while \output is active []

 [1249]
Underfull \vbox (badness 10000) has occurred while \output is active []

 [1250]
[1251]
Underfull \vbox (badness 10000) has occurred while \output is active []

 [1252]
Underfull \vbox (badness 10000) has occurred while \output is active []

 [1253]
[1254]
Underfull \vbox (badness 10000) has occurred while \output is active []

 [1255]
Overfull \hbox (149.79553pt too wide) in paragraph at lines 1141--1142
[][][][] 
 []


Overfull \hbox (149.79553pt too wide) in paragraph at lines 1143--1144
[][][][] 
 []


Underfull \vbox (badness 10000) has occurred while \output is active []

 [1256]
Underfull \vbox (badness 10000) has occurred while \output is active []

 [1257]
Underfull \vbox (badness 10000) has occurred while \output is active []

 [1258]
Underfull \vbox (badness 10000) has occurred while \output is active []

 [1259]
Overfull \hbox (149.79553pt too wide) in paragraph at lines 1270--1271
[][][][] 
 []


Overfull \hbox (149.79553pt too wide) in paragraph at lines 1272--1273
[][][][] 
 []


Underfull \vbox (badness 10000) has occurred while \output is active []

 [1260]
Underfull \vbox (badness 10000) has occurred while \output is active []

 [1261]
Overfull \hbox (149.79553pt too wide) in paragraph at lines 1329--1330
[][][][] 
 []


Overfull \hbox (149.79553pt too wide) in paragraph at lines 1331--1332
[][][][] 
 []


Overfull \hbox (149.79553pt too wide) in paragraph at lines 1360--1361
[][][][] 
 []


Underfull \vbox (badness 10000) has occurred while \output is active []

 [1262]
Overfull \hbox (149.79553pt too wide) in paragraph at lines 1362--1363
[][][][] 
 []


Underfull \vbox (badness 10000) has occurred while \output is active []

 [1263]
Underfull \vbox (badness 10000) has occurred while \output is active []

 [1264]
[1265]
Overfull \hbox (60.11426pt too wide) in paragraph at lines 1502--1503
[][][][] 
 []


Underfull \vbox (badness 10000) has occurred while \output is active []

 [1266]
Overfull \hbox (73.91138pt too wide) in paragraph at lines 1516--1517
[][][][] 
 []


Underfull \vbox (badness 10000) has occurred while \output is active []

 [1267]
Underfull \vbox (badness 10000) has occurred while \output is active []

 [1268]
Overfull \hbox (156.69409pt too wide) in paragraph at lines 1579--1580
[][][][] 
 []


Overfull \hbox (156.69409pt too wide) in paragraph at lines 1581--1582
[][][][] 
 []


Underfull \vbox (badness 10000) has occurred while \output is active []

 [1269]
Underfull \vbox (badness 10000) has occurred while \output is active []

 [1270]
[1271]
Underfull \vbox (badness 10000) has occurred while \output is active []

 [1272]
Underfull \vbox (badness 10000) has occurred while \output is active []

 [1273]
Underfull \vbox (badness 10000) has occurred while \output is active []

 [1274]
Overfull \hbox (156.69409pt too wide) in paragraph at lines 1830--1831
[][][][] 
 []


Overfull \hbox (156.69409pt too wide) in paragraph at lines 1832--1833
[][][][] 
 []


Underfull \vbox (badness 10000) has occurred while \output is active []

 [1275]
Overfull \hbox (4.92578pt too wide) in paragraph at lines 1837--1838
[][] 
 []


Underfull \vbox (badness 10000) has occurred while \output is active []

 [1276]
[1277]
Underfull \vbox (badness 10000) has occurred while \output is active []

 [1278]
Underfull \vbox (badness 10000) has occurred while \output is active []

 [1279]
Underfull \vbox (badness 10000) has occurred while \output is active []

 [1280]
Underfull \vbox (badness 10000) has occurred while \output is active []

 [1281]
Overfull \hbox (156.69409pt too wide) in paragraph at lines 2078--2079
[][][][] 
 []


Overfull \hbox (156.69409pt too wide) in paragraph at lines 2080--2081
[][][][] 
 []


Underfull \vbox (badness 10000) has occurred while \output is active []

 [1282]
Underfull \vbox (badness 10000) has occurred while \output is active []

 [1283]
Overfull \hbox (19.2324pt too wide) in paragraph at lines 2146--2153
[]\T1/lmr/bx/n/12 (-20) Logging PII, to-kens, or re-quest bod-ies. \T1/lmr/m/n/
12 (-20) One \T1/lmtt/m/n/12 logger.info("request
 []

[1284]
Overfull \hbox (1.08441pt too wide) in paragraph at lines 2181--2187
[]\T1/lmr/bx/n/12 (-20) Tracing with-out prop-a-ga-tion through queues. \T1/lmr
/m/n/12 (-20) The \T1/lmtt/m/n/12 traceparent
 []


Overfull \hbox (9.1266pt too wide) in paragraph at lines 2196--2196
[]\T1/lmr/bx/n/17.28 (-20) Hands-On Pro-duc-tion Lab & Real-World
 []


Underfull \vbox (badness 10000) has occurred while \output is active []

 [1285]
Overfull \hbox (68.09677pt too wide) in paragraph at lines 2223--2229
\T1/lmr/m/n/12 (-20) con-firm mean $\OMS/lmsy/m/n/12 ^^Y$ \T1/lmr/m/n/12 (-20) 
761ms against p99 $\OMS/lmsy/m/n/12 ^^Y$ \T1/lmr/m/n/12 (-20) 23.7s, then \T1/l
mtt/m/n/12 pytest latency_histograms.py
 []

[1286]
Overfull \hbox (8.898pt too wide) in paragraph at lines 2260--2272
\T1/lmr/m/n/12 (-20) where there should be one, each retry fan-ning into its ow
n \T1/lmtt/m/n/12 inventory.reserve
 []

[1287]
Underfull \vbox (badness 10000) has occurred while \output is active []

 [1288]
Overfull \hbox (25.20563pt too wide) in paragraph at lines 2369--2375
\T1/lmr/m/n/12 (-20) e.g. \T1/lmtt/m/n/12 00-4bf92f3577b34da6a3ce929d0e0e4736-0
0f067aa0ba902b7-01\T1/lmr/m/n/12 (-20) .
 []

[1289] [1290]
Underfull \vbox (badness 10000) has occurred while \output is active []

 [1291]
Underfull \vbox (badness 10000) has occurred while \output is active []

 [1292]
[1293]
Underfull \vbox (badness 10000) has occurred while \output is active []

 [1294]
[1295]
Overfull \hbox (21.25276pt too wide) in paragraph at lines 2667--2670
[]\T1/lmr/bx/n/12 (-20) Inputs/Datasets: \T1/lmr/m/n/12 (-20) List-ings 18.1--1
8.2; a hand-written file of 20 \T1/lmtt/m/n/12 traceparent
 []

[1296] [1297] [1298]

Package hyperref Warning: Token not allowed in a PDF string (Unicode):
(hyperref)                removing `math shift' on input line 2830.


Package hyperref Warning: Token not allowed in a PDF string (Unicode):
(hyperref)                removing `\geq' on input line 2830.


Package hyperref Warning: Token not allowed in a PDF string (Unicode):
(hyperref)                removing `math shift' on input line 2830.

[1299]
Overfull \hbox (25.82666pt too wide) in paragraph at lines 2844--2844
[]\T1/lmr/bx/n/14.4 (-20) opentelemetry-instrumentation-fastapi ($\OMS/lmsy/m/n
/14.4 ^^U$ \T1/lmr/bx/n/14.4 (-20) 0.46b0) 
 []


Package hyperref Warning: Token not allowed in a PDF string (Unicode):
(hyperref)                removing `math shift' on input line 2844.


Package hyperref Warning: Token not allowed in a PDF string (Unicode):
(hyperref)                removing `\geq' on input line 2844.


Package hyperref Warning: Token not allowed in a PDF string (Unicode):
(hyperref)                removing `math shift' on input line 2844.


Overfull \hbox (2.37431pt too wide) in paragraph at lines 2845--2858
\T1/lmr/m/n/12 (-20) agnostic, more man-ual); ven-dor agents (locked). \T1/lmr/
bx/n/12 (-20) In-stal-la-tion: \T1/lmtt/m/n/12 pip install
 []


Package hyperref Warning: Token not allowed in a PDF string (Unicode):
(hyperref)                removing `math shift' on input line 2859.


Package hyperref Warning: Token not allowed in a PDF string (Unicode):
(hyperref)                removing `\geq' on input line 2859.


Package hyperref Warning: Token not allowed in a PDF string (Unicode):
(hyperref)                removing `math shift' on input line 2859.


Package hyperref Warning: Token not allowed in a PDF string (Unicode):
(hyperref)                removing `math shift' on input line 2871.


Package hyperref Warning: Token not allowed in a PDF string (Unicode):
(hyperref)                removing `\geq' on input line 2871.


Package hyperref Warning: Token not allowed in a PDF string (Unicode):
(hyperref)                removing `math shift' on input line 2871.

[1300] [1301] (chapters/_standard_addendum.tex
Underfull \hbox (badness 10000) in alignment at lines 14--14
[][][][][] 
 []

[1302]

LaTeX Warning: `h' float specifier changed to `ht'.


Overfull \hbox (55.38057pt too wide) in alignment at lines 39--39
[][][] 
 []


LaTeX Warning: `h' float specifier changed to `ht'.

[1303]
Underfull \hbox (badness 2285) in paragraph at lines 86--86
[]|\T1/lmr/bx/n/10.95 (+20) Choose this ap-proach
 []


Underfull \hbox (badness 5064) in paragraph at lines 86--86
[]|\T1/lmr/bx/n/10.95 (+20) Prefer an al-ter-na-tive
 []


LaTeX Warning: `h' float specifier changed to `ht'.

)) (chapters/chapter_19_testing_quality_engineering.tex [1304] [1305] [1306]
Chapter 20.

Overfull \hbox (12.15524pt too wide) in paragraph at lines 37--57
\T1/lmr/bx/n/12 (-20) mock-ing \T1/lmr/m/n/12 (-20) gives us a pre-cise fake/st
ub/mock tax-on-omy, \T1/lmtt/m/n/12 httpx.MockTransport\T1/lmr/m/n/12 (-20) -
 []

[1307

] [1308] [1309]
Overfull \hbox (206.77386pt too wide) in paragraph at lines 201--205
 [][] 
 []

[1310]
Underfull \vbox (badness 10000) has occurred while \output is active []

 [1311]
Overfull \hbox (98.31316pt too wide) in paragraph at lines 288--291
 [][] 
 []

[1312] [1313]
Overfull \hbox (14.28455pt too wide) in paragraph at lines 385--385
[]\T1/lmr/bx/n/14.4 (-20) Test Dou-bles, Record--Replay, and Vir-tual Clocks 
 []


Overfull \hbox (55.91821pt too wide) in paragraph at lines 402--417
\T1/lmr/m/n/12 (-20) ASGI trans-port to the real app) for any-thing you own; us
e \T1/lmr/m/it/12 (-20) stubs \T1/lmr/m/n/12 (-20) (\T1/lmtt/m/n/12 httpx.MockT
ransport
 []

[1314] [1315] [1316]
Overfull \hbox (160.61598pt too wide) in paragraph at lines 534--537
 [][] 
 []


Underfull \hbox (badness 10000) in paragraph at lines 571--571
[]|\T1/lmr/m/n/12 (+20) inject de-lay be-
 []


Underfull \hbox (badness 10000) in paragraph at lines 571--571
\T1/lmr/m/n/12 (+20) fore/around the
 []


Underfull \hbox (badness 10000) in paragraph at lines 571--571
[]|\T1/lmr/m/n/12 (+20) missing time-outs,
 []


Underfull \hbox (badness 10000) in paragraph at lines 571--571
\T1/lmr/m/n/12 (+20) thread/connection
 []


Underfull \hbox (badness 10000) in paragraph at lines 571--571
[]|\T1/lmr/m/n/12 (+20) synthesize er-ror re-
 []


Underfull \hbox (badness 1005) in paragraph at lines 571--571
[]|\T1/lmr/m/n/12 (+20) retry storms, miss-ing
 []


Underfull \hbox (badness 10000) in paragraph at lines 571--571
\T1/lmr/m/n/12 (+20) back-off/jitter, error-
 []


Underfull \hbox (badness 10000) in paragraph at lines 571--571
[]|\T1/lmr/m/n/12 (+20) retry-on-exception
 []


Underfull \hbox (badness 10000) in paragraph at lines 571--571
[]|\T1/lmr/m/n/12 (+20) cap
 []


Overfull \hbox (20.87892pt too wide) in paragraph at lines 571--571
\T1/lmr/m/n/12 (-20) CPU/memory/threads/FDs| 
 []


Underfull \vbox (badness 10000) has occurred while \output is active []

 [1317]
[1318] [1319]
Underfull \vbox (badness 10000) has occurred while \output is active []

 [1320]
Underfull \vbox (badness 10000) has occurred while \output is active []

 [1321]
Underfull \vbox (badness 10000) has occurred while \output is active []

 [1322]
[1323]
Underfull \vbox (badness 6188) has occurred while \output is active []

 [1324]
Underfull \vbox (badness 10000) has occurred while \output is active []

 [1325]
Underfull \vbox (badness 10000) has occurred while \output is active []

 [1326]
Underfull \vbox (badness 10000) has occurred while \output is active []

 [1327]
Underfull \vbox (badness 10000) has occurred while \output is active []

 [1328]
Overfull \hbox (149.79553pt too wide) in paragraph at lines 1027--1028
[][][][] 
 []


Underfull \vbox (badness 10000) has occurred while \output is active []

 [1329]
Overfull \hbox (149.79553pt too wide) in paragraph at lines 1029--1031
[][][][] 
 []


Underfull \vbox (badness 10000) has occurred while \output is active []

 [1330]
[1331]
Underfull \vbox (badness 10000) has occurred while \output is active []

 [1332]
[1333]
Underfull \vbox (badness 10000) has occurred while \output is active []

 [1334]
Underfull \vbox (badness 10000) has occurred while \output is active []

 [1335]
Overfull \hbox (25.62146pt too wide) in paragraph at lines 1256--1257
[][] 
 []


Underfull \vbox (badness 10000) has occurred while \output is active []

 [1336]
[1337]
Underfull \vbox (badness 10000) has occurred while \output is active []

 [1338]
Underfull \vbox (badness 10000) has occurred while \output is active []

 [1339]
Underfull \vbox (badness 10000) has occurred while \output is active []

 [1340]
Underfull \vbox (badness 10000) has occurred while \output is active []

 [1341]
Underfull \vbox (badness 10000) has occurred while \output is active []

 [1342]
[1343] [1344]
Underfull \vbox (badness 4316) has occurred while \output is active []

 [1345]
Underfull \vbox (badness 10000) has occurred while \output is active []

 [1346]
Underfull \vbox (badness 10000) has occurred while \output is active []

 [1347]
Underfull \vbox (badness 10000) has occurred while \output is active []

 [1348]
Overfull \hbox (94.60706pt too wide) in paragraph at lines 1769--1770
[][][][] 
 []


Underfull \vbox (badness 10000) has occurred while \output is active []

 [1349]
Overfull \hbox (39.23071pt too wide) in paragraph at lines 1823--1833
\T1/lmr/m/n/12 (-20) de-ter-min-is-tic by con-struc-tion, no dice. The pure ASG
I \T1/lmtt/m/n/12 FaultInjectionMiddleware
 []


Underfull \vbox (badness 6284) has occurred while \output is active []

 [1350]
[1351]
Underfull \vbox (badness 10000) has occurred while \output is active []

 [1352]
Underfull \vbox (badness 10000) has occurred while \output is active []

 [1353]
Underfull \vbox (badness 10000) has occurred while \output is active []

 [1354]
[1355]
Underfull \vbox (badness 10000) has occurred while \output is active []

 [1356]
Underfull \vbox (badness 10000) has occurred while \output is active []

 [1357]
[1358]
Underfull \vbox (badness 10000) has occurred while \output is active []

 [1359]
Underfull \vbox (badness 10000) has occurred while \output is active []

 [1360]
[1361] [1362]
Overfull \hbox (3.55997pt too wide) in paragraph at lines 2304--2308
[]\T1/lmr/bx/n/12 (-20) Verifying con-tracts against a mock provider. \T1/lmr/m
/n/12 (-20) If the ``provider
 []


Overfull \hbox (9.1266pt too wide) in paragraph at lines 2328--2328
[]\T1/lmr/bx/n/17.28 (-20) Hands-On Pro-duc-tion Lab & Real-World
 []


Underfull \vbox (badness 10000) has occurred while \output is active []

 [1363]
Overfull \hbox (34.89996pt too wide) in paragraph at lines 2344--2351
[]\T1/lmr/bx/n/12 (-20) Baseline. \T1/lmr/m/n/12 (-20) Run \T1/lmtt/m/n/12 pyte
st -q \T1/lmr/m/n/12 (-20) (all green), then \T1/lmtt/m/n/12 python fuzz_openap
i_mini.py
 []


Overfull \hbox (83.05272pt too wide) in paragraph at lines 2351--2355
\T1/lmr/m/n/12 (-20) and \T1/lmtt/m/n/12 $LASTEXITCODE \T1/lmr/m/n/12 (-20) is 
0. Read \T1/lmtt/m/n/12 pacts\fulfillment-service-robot-registry.json
 []


Underfull \vbox (badness 10000) has occurred while \output is active []

 [1364]
[1365] [1366]
Underfull \vbox (badness 10000) has occurred while \output is active []

 [1367]
Underfull \vbox (badness 10000) has occurred while \output is active []

 [1368]
Underfull \vbox (badness 10000) has occurred while \output is active []

 [1369]
Overfull \hbox (6.79099pt too wide) in paragraph at lines 2584--2592
\T1/lmr/m/n/12 (-20) drawn from the Ope-nAPI con-straints (\T1/lmtt/m/n/12 minL
ength$\OMS/lmsy/m/n/12 ^^@\OT1/lmr/m/n/12 (-20) 1$\T1/lmr/m/n/12 (-20) , \T1/lm
tt/m/n/12 maxLength$\OT1/lmr/m/n/12 (-20) +1$\T1/lmr/m/n/12 (-20) ,
 []


Underfull \vbox (badness 10000) has occurred while \output is active []

 [1370]
Overfull \hbox (121.64542pt too wide) in paragraph at lines 2660--2664
[]\T1/lmr/bx/n/12 (-20) Pact doc-u-men-ta-tion \T1/lmr/m/n/12 (-20) --- \T1/lmr
/m/it/12 (-20) Pact: Consumer-Driven Con-tracts\T1/lmr/m/n/12 (-20) , \T1/lmtt/
m/n/12 https://docs.pact.io \T1/lmr/m/n/12 (-20) [[][]Pac24[][]].
 []


Underfull \vbox (badness 10000) has occurred while \output is active []

 [1371]
Overfull \hbox (23.41985pt too wide) in paragraph at lines 2674--2678
[]\T1/lmr/bx/n/12 (-20) Hypothesis doc-u-men-ta-tion \T1/lmr/m/n/12 (-20) --- \
T1/lmtt/m/n/12 https://hypothesis.readthedocs.io\T1/lmr/m/n/12 (-20) .
 []


Overfull \hbox (47.80151pt too wide) in paragraph at lines 2678--2681
[]\T1/lmr/bx/n/12 (-20) Schemathesis doc-u-men-ta-tion \T1/lmr/m/n/12 (-20) ---
 \T1/lmtt/m/n/12 https://schemathesis.readthedocs.io\T1/lmr/m/n/12 (-20) .
 []


Overfull \hbox (90.42555pt too wide) in paragraph at lines 2681--2685
\T1/lmr/m/n/12 (-20) rate (open-model) ex-ecu-tors, thresh-olds, and checks; Lo
-cust (\T1/lmtt/m/n/12 https://docs.locust.io\T1/lmr/m/n/12 (-20) )
 []


Overfull \hbox (5.06316pt too wide) in paragraph at lines 2693--2697
[]\T1/lmr/bx/n/12 (-20) Martin Klepp-mann\T1/lmr/m/n/12 (-20) , \T1/lmr/m/it/12
 (-20) De-sign-ing Data-Intensive Ap-pli-ca-tions \T1/lmr/m/n/12 (-20) (O'Reill
y,
 []

[1372]
Overfull \hbox (75.9981pt too wide) in paragraph at lines 2728--2730
[]\T1/lmr/m/n/12 (-20) Verify both pacts against the healthy app, then against 
\T1/lmtt/m/n/12 create_app(breaking=True)\T1/lmr/m/n/12 (-20) . 
 []

[1373]
Overfull \hbox (13.93552pt too wide) in paragraph at lines 2774--2776
[]\T1/lmr/bx/n/12 (-20) Stretch Goals: \T1/lmr/m/n/12 (-20) Add a rule-based st
ate-ful ma-chine over cre-ate/read/update
 []

[1374] [1375]
Overfull \hbox (13.04915pt too wide) in paragraph at lines 2851--2853
[]\T1/lmr/m/n/12 (-20) Specify the bro-ker topol-ogy: pact stor-age, ver-sion t
ag-ging, \T1/lmtt/m/n/12 can-i-deploy
 []

[1376]
Overfull \hbox (31.81128pt too wide) in paragraph at lines 2926--2934
\T1/lmtt/m/n/12 responses \T1/lmr/m/n/12 (-20) (sync-only, older id-iom). \T1/l
mr/bx/n/12 (-20) In-stal-la-tion: \T1/lmtt/m/n/12 pip install "httpx>=0.27"\T1/
lmr/m/n/12 (-20) . 
 []

[1377] [1378]
Underfull \hbox (badness 6944) in paragraph at lines 3015--3015
[]|\T1/lmr/m/n/10.95 (+20) input-space and se-quence
 []

(chapters/_standard_addendum.tex
Underfull \hbox (badness 10000) in alignment at lines 14--14
[][][][][] 
 []

[1379]
Overfull \hbox (55.38057pt too wide) in alignment at lines 39--39
[][][] 
 []


LaTeX Warning: `h' float specifier changed to `ht'.

[1380]
Underfull \hbox (badness 2285) in paragraph at lines 86--86
[]|\T1/lmr/bx/n/10.95 (+20) Choose this ap-proach
 []


Underfull \hbox (badness 5064) in paragraph at lines 86--86
[]|\T1/lmr/bx/n/10.95 (+20) Prefer an al-ter-na-tive
 []


LaTeX Warning: `h' float specifier changed to `ht'.


Underfull \vbox (badness 2173) has occurred while \output is active []

 [1381]))
(chapters/chapter_20_lifecycle_governance_dx.tex [1382]
Chapter 21.
[1383

] [1384]
Overfull \hbox (8.53323pt too wide) in paragraph at lines 94--98
[]\T1/lmr/m/n/12 (-20) Write an API style guide that stan-dard-izes consumer-ob
servable
 []

[1385]
Overfull \hbox (370.38205pt too wide) in paragraph at lines 202--205
 [][] 
 []


Underfull \hbox (badness 10000) in paragraph at lines 233--233
[]|\T1/lmr/bx/n/10.95 (+20) Entry cri-te-ria (ev-i-
 []


Underfull \hbox (badness 10000) in paragraph at lines 233--233
[]|\T1/lmr/m/n/10.95 (+20) review board sign-off;
 []


Underfull \hbox (badness 3657) in paragraph at lines 233--233
[]|\T1/lmr/m/n/10.95 (+20) catalog en-try, ren-dered
 []


Underfull \hbox (badness 6842) in paragraph at lines 233--233
[]|\T1/lmr/m/n/10.95 (+20) deprecation ADR; con-
 []


Underfull \hbox (badness 10000) in paragraph at lines 233--233
\T1/lmr/m/n/10.95 (+20) sumer cen-sus from
 []


Underfull \hbox (badness 10000) in paragraph at lines 233--233
\T1/lmr/m/n/10.95 (+20) gate-way teleme-try;
 []


Underfull \hbox (badness 10000) in paragraph at lines 233--233
\T1/lmtt/m/n/10.95 Sunset\T1/lmr/m/n/10.95 (+20) /\T1/lmtt/m/n/10.95 Deprecatio
n
 []


Underfull \hbox (badness 5189) in paragraph at lines 233--233
[]|\T1/lmr/m/n/10.95 (+20) brownout sched-ule ex-e-
 []

[1386] [1387]
Underfull \hbox (badness 4995) in paragraph at lines 273--273
[]|\T1/lmr/m/n/10.95 (+20) OAuth2 client cre-den-tials; scopes named
 []


Underfull \hbox (badness 1418) in paragraph at lines 273--273
[]|\T1/lmr/m/n/10.95 (+20) standard \T1/lmtt/m/n/10.95 RateLimit\T1/lmr/m/n/10.
95 (+20) -* head-ers + 429 with
 []

[1388]
Overfull \hbox (5.70619pt too wide) in paragraph at lines 296--301
[]\T1/lmr/bx/n/12 (-20) Rule iden-tity and sever-ity. \T1/lmr/m/n/12 (-20) Sta-
ble IDs (\T1/lmtt/m/n/12 operation-id-camel-case\T1/lmr/m/n/12 (-20) )
 []

[1389]
Overfull \hbox (402.69653pt too wide) in paragraph at lines 373--376
 [][] 
 []

[1390] [1391] [1392]
Overfull \hbox (36.2309pt too wide) in paragraph at lines 547--550
 [][] 
 []

[1393] [1394]
Underfull \hbox (badness 10000) in paragraph at lines 619--619
[]|\T1/lmr/m/n/10.95 (+20) 60--90 days; sprint-
 []


Underfull \hbox (badness 10000) in paragraph at lines 619--619
[]|\T1/lmr/m/n/10.95 (+20) persuasion, pric-ing,
 []


Underfull \hbox (badness 10000) in paragraph at lines 619--619
\T1/lmr/m/n/10.95 (+20) brownouts; con-tract
 []


Underfull \hbox (badness 7308) in paragraph at lines 619--619
[]|\T1/lmr/m/n/10.95 (+20) CTO-approved ex-cep-tion
 []

[1395] [1396] [1397]
Overfull \hbox (7.934pt too wide) in paragraph at lines 760--766
\T1/lmr/m/n/12 (-20) The lin-ter loads the spec and rule-set, eval-u-ates each 
rule \T1/lmr/m/it/12 (-20) kind \T1/lmr/m/n/12 (-20) (\T1/lmtt/m/n/12 require-f
ield\T1/lmr/m/n/12 (-20) ,
 []

[1398]
Underfull \vbox (badness 10000) has occurred while \output is active []

 [1399]
Overfull \hbox (149.79553pt too wide) in paragraph at lines 822--823
[][][][] 
 []


Overfull \hbox (149.79553pt too wide) in paragraph at lines 824--826
[][][][] 
 []


Underfull \vbox (badness 10000) has occurred while \output is active []

 [1400]
Overfull \hbox (149.79553pt too wide) in paragraph at lines 865--866
[][][][] 
 []


Overfull \hbox (149.79553pt too wide) in paragraph at lines 867--869
[][][][] 
 []


Underfull \vbox (badness 10000) has occurred while \output is active []

 [1401]
Underfull \vbox (badness 10000) has occurred while \output is active []

 [1402]
Underfull \vbox (badness 10000) has occurred while \output is active []

 [1403]
Overfull \hbox (149.79553pt too wide) in paragraph at lines 1003--1004
[][][][] 
 []


Overfull \hbox (149.79553pt too wide) in paragraph at lines 1005--1007
[][][][] 
 []


Underfull \vbox (badness 10000) has occurred while \output is active []

 [1404]
Underfull \vbox (badness 10000) has occurred while \output is active []

 [1405]
Overfull \hbox (106.33678pt too wide) in paragraph at lines 1063--1066
[]\T1/lmr/m/n/12 (-20) The de-lib-er-ately non-compliant legacy ware-house spec
 (\T1/lmtt/m/n/12 fixtures\noncompliant_spec.yaml\T1/lmr/m/n/12 (-20) )
 []

[1406] [1407] [1408]
Overfull \hbox (149.79553pt too wide) in paragraph at lines 1177--1178
[][][][] 
 []


Overfull \hbox (149.79553pt too wide) in paragraph at lines 1179--1181
[][][][] 
 []


Underfull \vbox (badness 10000) has occurred while \output is active []

 [1409]
Overfull \hbox (149.79553pt too wide) in paragraph at lines 1224--1225
[][][][] 
 []


Overfull \hbox (149.79553pt too wide) in paragraph at lines 1226--1228
[][][][] 
 []


Underfull \vbox (badness 10000) has occurred while \output is active []

 [1410]
Underfull \vbox (badness 10000) has occurred while \output is active []

 [1411]

Package hyperref Warning: Token not allowed in a PDF string (Unicode):
(hyperref)                removing `math shift' on input line 1276.


Package hyperref Warning: Token not allowed in a PDF string (Unicode):
(hyperref)                removing `\rightarrow' on input line 1276.


Package hyperref Warning: Token not allowed in a PDF string (Unicode):
(hyperref)                removing `math shift' on input line 1276.

[1412]
Underfull \vbox (badness 10000) has occurred while \output is active []

 [1413]
Underfull \vbox (badness 10000) has occurred while \output is active []

 [1414]
Underfull \vbox (badness 10000) has occurred while \output is active []

 [1415]
Underfull \vbox (badness 10000) has occurred while \output is active []

 [1416]
Underfull \vbox (badness 5696) has occurred while \output is active []

 [1417]
[1418]
Underfull \vbox (badness 10000) has occurred while \output is active []

 [1419]
Underfull \vbox (badness 10000) has occurred while \output is active []

 [1420]
Underfull \vbox (badness 10000) has occurred while \output is active []

 [1421]
Overfull \hbox (88.40417pt too wide) in paragraph at lines 1682--1683
[][][][][] 
 []


Overfull \hbox (88.40417pt too wide) in paragraph at lines 1684--1685
[][][][][] 
 []

[1422]
Overfull \hbox (88.40417pt too wide) in paragraph at lines 1689--1690
[][][][][] 
 []

[1423] [1424]
Underfull \vbox (badness 10000) has occurred while \output is active []

 [1425]
Underfull \vbox (badness 10000) has occurred while \output is active []

 [1426]
Underfull \vbox (badness 10000) has occurred while \output is active []

 [1427]
Underfull \vbox (badness 10000) has occurred while \output is active []

 [1428]
Overfull \hbox (115.99841pt too wide) in paragraph at lines 1944--1945
[][][][][] 
 []


Overfull \hbox (115.99841pt too wide) in paragraph at lines 1948--1949
[][][][][] 
 []

[1429]
Overfull \hbox (115.99841pt too wide) in paragraph at lines 1954--1955
[][][][][] 
 []


Overfull \hbox (115.99841pt too wide) in paragraph at lines 1964--1965
[][][][][] 
 []


Overfull \hbox (115.99841pt too wide) in paragraph at lines 1966--1967
[][][][][] 
 []


Underfull \vbox (badness 10000) has occurred while \output is active []

 [1430]
Overfull \hbox (5.61516pt too wide) in paragraph at lines 1977--1977
[]\T1/lmr/bx/n/14.4 (-20) Listing 20.7 --- \T1/lmtt/b/n/14.4 catalog_manifest.p
y\T1/lmr/bx/n/14.4 (-20) : Backstage-
 []

[1431]
Underfull \vbox (badness 10000) has occurred while \output is active []

 [1432]
Underfull \vbox (badness 10000) has occurred while \output is active []

 [1433]
[1434] [1435]
Underfull \vbox (badness 10000) has occurred while \output is active []

 [1436]
Overfull \hbox (39.41858pt too wide) in paragraph at lines 2222--2223
[][] 
 []

[1437] [1438]
Overfull \hbox (9.1266pt too wide) in paragraph at lines 2310--2310
[]\T1/lmr/bx/n/17.28 (-20) Hands-On Pro-duc-tion Lab & Real-World
 []


Overfull \hbox (9.4048pt too wide) in paragraph at lines 2326--2333
\T1/lmtt/m/n/12 ruleset.yaml \T1/lmr/m/n/12 (-20) (hint: new rule kind not need
ed --- ex-tend \T1/lmtt/m/n/12 check_casing\T1/lmr/m/n/12 (-20) -
 []


Overfull \hbox (84.577pt too wide) in paragraph at lines 2326--2333
\T1/lmr/m/n/12 (-20) style it-er-a-tion with a \T1/lmtt/m/n/12 require-operatio
n-field \T1/lmr/m/n/12 (-20) kind, or reuse \T1/lmtt/m/n/12 problem-json-errors

 []

[1439] [1440]
Overfull \hbox (64.02483pt too wide) in paragraph at lines 2398--2401
[]\T1/lmr/bx/n/12 (-20) Severity eco-nomics. \T1/lmr/m/n/12 (-20) Ar-gue both s
ides: should \T1/lmtt/m/n/12 pagination-required-on-lists
 []


Underfull \vbox (badness 10000) has occurred while \output is active []

 [1441]
Underfull \vbox (badness 10000) has occurred while \output is active []

 [1442]
Underfull \vbox (badness 10000) has occurred while \output is active []

 [1443]
Overfull \hbox (196.2043pt too wide) in paragraph at lines 2536--2542
\T1/lmr/bx/n/12 (-20) tionally? \T1/lmr/m/n/12 (-20) Ev-ery consumer-visible ch
ange, clas-si-fied (added/changed/deprecated/removed/fixed/security),
 []


Underfull \vbox (badness 10000) has occurred while \output is active []

 [1444]
Overfull \hbox (10.60564pt too wide) in paragraph at lines 2576--2583
[]\T1/lmr/m/it/12 (-20) [senior] \T1/lmr/bx/n/12 (-20) Where do you draw the co
nsistency-versus-autonomy
 []


Underfull \vbox (badness 10000) has occurred while \output is active []

 [1445]
Underfull \vbox (badness 10000) has occurred while \output is active []

 [1446]
Underfull \vbox (badness 10000) has occurred while \output is active []

 [1447]
Overfull \hbox (22.4356pt too wide) in paragraph at lines 2694--2696
[]\T1/lmr/bx/n/12 (-20) Beyer et al., \T1/lmr/bx/it/12 (-20) Site Re-li-a-bil-i
ty En-gi-neer-ing \T1/lmr/bx/n/12 (-20) (O'Reilly, 2016) \T1/lmr/m/n/12 (-20) [
[][]Bey+16[][]]
 []


Overfull \hbox (27.18828pt too wide) in paragraph at lines 2697--2699
[]\T1/lmr/bx/n/12 (-20) Newman, \T1/lmr/bx/it/12 (-20) Build-ing Mi-croser-vice
s\T1/lmr/bx/n/12 (-20) , 2nd ed. (O'Reilly, 2021) \T1/lmr/m/n/12 (-20) [[][]New
21[][]]
 []


Overfull \hbox (32.22101pt too wide) in paragraph at lines 2702--2706
[]\T1/lmr/bx/n/12 (-20) Spectral doc-u-men-ta-tion\T1/lmr/m/n/12 (-20) , \T1/lm
tt/m/n/12 https://docs.stoplight.io/docs/spectral
 []


Overfull \hbox (39.6058pt too wide) in paragraph at lines 2723--2729
[]\T1/lmr/bx/n/12 (-20) Stripe, Slack, and Twilio en-gi-neer-ing blogs \T1/lmr/
m/n/12 (-20) (\T1/lmtt/m/n/12 https://stripe.com/blog\T1/lmr/m/n/12 (-20) ,
 []

[1448] [1449]
Overfull \hbox (29.01459pt too wide) in paragraph at lines 2809--2812
[]\T1/lmr/bx/n/12 (-20) Inputs/Datasets: \T1/lmtt/m/n/12 ttfc_funnel.py\T1/lmr/
m/n/12 (-20) , \T1/lmtt/m/n/12 fixtures\onboarding_events.jsonl
 []

[1450]
Overfull \hbox (92.33011pt too wide) in paragraph at lines 2841--2845
[]\T1/lmr/bx/n/12 (-20) Inputs/Datasets: \T1/lmtt/m/n/12 deprecation_tracker.py
\T1/lmr/m/n/12 (-20) , \T1/lmtt/m/n/12 fixtures\deprecation_registry.yaml\T1/lm
r/m/n/12 (-20) ;
 []


Overfull \hbox (33.94215pt too wide) in paragraph at lines 2848--2851
[]\T1/lmr/m/n/12 (-20) Extend the reg-istry schema with \T1/lmtt/m/n/12 notice_
days \T1/lmr/m/n/12 (-20) per tier and \T1/lmtt/m/n/12 extension_until
 []

[1451]
Overfull \hbox (5.5022pt too wide) in paragraph at lines 2930--2942
\T1/lmr/m/n/12 (-20) Ope-nAPI doc-u-ments and rule-sets in this chap-ter are YA
ML; \T1/lmtt/m/n/12 yaml.safe_load
 []

[1452] [1453]
Underfull \vbox (badness 4779) has occurred while \output is active []

 [1454]
(chapters/_standard_addendum.tex
Underfull \hbox (badness 10000) in alignment at lines 14--14
[][][][][] 
 []


LaTeX Warning: `h' float specifier changed to `ht'.

[1455]
Overfull \hbox (55.38057pt too wide) in alignment at lines 39--39
[][][] 
 []

[1456]
Underfull \hbox (badness 2285) in paragraph at lines 86--86
[]|\T1/lmr/bx/n/10.95 (+20) Choose this ap-proach
 []


Underfull \hbox (badness 5064) in paragraph at lines 86--86
[]|\T1/lmr/bx/n/10.95 (+20) Prefer an al-ter-na-tive
 []

[1457])) (chapters/chapter_21_synthesis_future.tex [1458]
Chapter 22.
[1459

] [1460]
Underfull \hbox (badness 1867) in paragraph at lines 152--152
[]|\T1/lmr/m/n/10.95 (+20) Browser-based third
 []


Underfull \hbox (badness 2726) in paragraph at lines 152--152
\T1/lmr/m/n/10.95 (+20) do not care about
 []


Underfull \hbox (badness 1540) in paragraph at lines 152--152
[]|\T1/lmr/m/n/10.95 (+20) Deep ob-ject graphs
 []


Underfull \hbox (badness 2073) in paragraph at lines 152--152
\T1/lmr/m/n/10.95 (+20) make REST chatty
 []


Underfull \hbox (badness 3679) in paragraph at lines 152--152
\T1/lmr/m/n/10.95 (+20) (the N+1 end-point
 []


Underfull \hbox (badness 1199) in paragraph at lines 152--152
\T1/lmr/m/n/10.95 (+20) prob-lem) and make
 []


Underfull \hbox (badness 2809) in paragraph at lines 152--152
\T1/lmr/m/n/10.95 (+20) sets pay for them-
 []


Underfull \hbox (badness 10000) in paragraph at lines 152--152
[]|\T1/lmr/m/n/10.95 (+20) Sub-50ms service-
 []


Underfull \hbox (badness 10000) in paragraph at lines 152--152
\T1/lmr/m/n/10.95 (+20) to-service bud-gets
 []


Underfull \hbox (badness 10000) in paragraph at lines 152--152
[][]\T1/lmr/m/n/10.95 (+20) gRP24[][]]; re-laxed
 []


Underfull \hbox (badness 10000) in paragraph at lines 152--152
\T1/lmr/m/n/10.95 (+20) bud-gets tol-er-ate
 []


Underfull \hbox (badness 10000) in paragraph at lines 152--152
\T1/lmr/m/n/10.95 (+20) store-and-forward
 []


Underfull \hbox (badness 10000) in paragraph at lines 152--152
\T1/lmr/m/n/10.95 (+20) unary request--
 []


Underfull \hbox (badness 10000) in paragraph at lines 152--152
\T1/lmr/m/n/10.95 (+20) response pro-to-cols
 []


Underfull \hbox (badness 5771) in paragraph at lines 152--152
\T1/lmr/m/n/10.95 (+20) can-not push. If
 []


Underfull \hbox (badness 10000) in paragraph at lines 152--152
\T1/lmr/m/n/10.95 (+20) the server must
 []


Underfull \hbox (badness 10000) in paragraph at lines 152--152
\T1/lmr/m/n/10.95 (+20) ini-ti-ate, you need
 []


Underfull \hbox (badness 4328) in paragraph at lines 152--152
\T1/lmr/m/n/10.95 (+20) SSE/WebSockets or
 []


Underfull \hbox (badness 5622) in paragraph at lines 152--152
[]|\T1/lmr/m/n/10.95 (+20) Only REST GETs
 []


Underfull \hbox (badness 10000) in paragraph at lines 152--152
\T1/lmr/m/n/10.95 (+20) are ad-dress-able,
 []


Underfull \hbox (badness 10000) in paragraph at lines 152--152
\T1/lmr/m/n/10.95 (+20) cacheable re-sources
 []


Underfull \hbox (badness 10000) in paragraph at lines 152--152
\T1/lmr/m/n/10.95 (+20) based GraphQL
 []


Underfull \hbox (badness 5203) in paragraph at lines 152--152
\T1/lmr/m/n/10.95 (+20) by-passes the CDN
 []


Underfull \hbox (badness 5050) in paragraph at lines 152--152
\T1/lmr/m/n/10.95 (+20) pay off only with
 []


Underfull \hbox (badness 10000) in paragraph at lines 152--152
\T1/lmr/m/n/10.95 (+20) schema gov-er-nance
 []


LaTeX Warning: Float too large for page by 57.14395pt on input line 155.


Overfull \hbox (7.09094pt too wide) in paragraph at lines 205--205
[]|\T1/lmr/bx/n/10.95 (-20) GraphQL| 
 []


Overfull \hbox (50.17532pt too wide) in paragraph at lines 205--205
[]|\T1/lmr/bx/n/10.95 (-20) Events/webhooks| 
 []


Overfull \hbox (3.50623pt too wide) in paragraph at lines 205--205
[]|\T1/lmr/bx/n/10.95 (-20) SSE/WS| 
 []


Underfull \hbox (badness 10000) in paragraph at lines 205--205
[]|\T1/lmr/m/n/10.95 (+20) public,
 []


Underfull \hbox (badness 10000) in paragraph at lines 205--205
[]|\T1/lmr/m/n/10.95 (+20) mobile,
 []


Underfull \hbox (badness 10000) in paragraph at lines 205--205
\T1/lmr/m/n/10.95 (+20) SPA,
 []


Underfull \hbox (badness 10000) in paragraph at lines 205--205
[]|\T1/lmr/m/n/10.95 (+20) internal
 []


Overfull \hbox (9.9722pt too wide) in paragraph at lines 205--205
[]|\T1/lmr/m/n/10.95 (-20) dashboards,
 []


Underfull \hbox (badness 10000) in paragraph at lines 205--205
[]|\T1/lmr/m/n/10.95 (+20) sync +
 []


Underfull \hbox (badness 10000) in paragraph at lines 205--205
[]|\T1/lmr/m/n/10.95 (+20) async,
 []


Underfull \hbox (badness 10000) in paragraph at lines 205--205
\T1/lmr/m/n/10.95 (+20) at-least-
 []


Underfull \hbox (badness 10000) in paragraph at lines 205--205
[]|\T1/lmr/m/n/10.95 (+20) server
 []


Underfull \hbox (badness 10000) in paragraph at lines 205--205
[]|\T1/lmr/m/n/10.95 (+20) JSON
 []


Underfull \hbox (badness 10000) in paragraph at lines 205--205
[]|\T1/lmr/m/n/10.95 (+20) client-
 []


Underfull \hbox (badness 10000) in paragraph at lines 205--205
\T1/lmr/m/n/10.95 (+20) shaped
 []


Underfull \hbox (badness 10000) in paragraph at lines 205--205
[]|\T1/lmr/m/n/10.95 (+20) binary
 []


Underfull \hbox (badness 10000) in paragraph at lines 205--205
\T1/lmr/m/n/10.95 (+20) Pro-to-buf
 []


Underfull \hbox (badness 10000) in paragraph at lines 205--205
[]|\T1/lmr/m/n/10.95 (+20) text
 []


Underfull \hbox (badness 1454) in paragraph at lines 205--205
\T1/lmr/m/n/10.95 (+20) frames /
 []


Underfull \hbox (badness 10000) in paragraph at lines 205--205
[]|\T1/lmr/m/n/10.95 (+20) full
 []


Underfull \hbox (badness 10000) in paragraph at lines 205--205
\T1/lmr/m/n/10.95 (+20) HTTP
 []


Underfull \hbox (badness 10000) in paragraph at lines 205--205
\T1/lmr/m/n/10.95 (+20) caching
 []


Underfull \hbox (badness 10000) in paragraph at lines 205--205
[]|\T1/lmr/m/n/10.95 (+20) persisted
 []


Underfull \hbox (badness 10000) in paragraph at lines 205--205
\T1/lmr/m/n/10.95 (+20) queries
 []


Underfull \hbox (badness 10000) in paragraph at lines 205--205
[]|\T1/lmr/m/n/10.95 (+20) n/a
 []


Underfull \hbox (badness 10000) in paragraph at lines 205--205
[]|\T1/lmr/m/n/10.95 (+20) no-cache
 []


Underfull \hbox (badness 10000) in paragraph at lines 205--205
[]|\T1/lmr/m/n/10.95 (+20) SDL
 []


Underfull \hbox (badness 10000) in paragraph at lines 205--205
\T1/lmr/m/n/10.95 (+20) schema
 []


Underfull \hbox (badness 10000) in paragraph at lines 205--205
[]|\T1/lmr/m/n/10.95 (+20) proto
 []


Underfull \hbox (badness 10000) in paragraph at lines 205--205
\T1/lmr/m/n/10.95 (+20) files
 []


Overfull \hbox (3.80402pt too wide) in paragraph at lines 205--205
[]|\T1/lmr/m/n/10.95 (-20) AsyncAPI
 []


Overfull \hbox (3.80402pt too wide) in paragraph at lines 205--205
[]|\T1/lmr/m/n/10.95 (-20) AsyncAPI| 
 []


Underfull \hbox (badness 10000) in paragraph at lines 205--205
[]|\T1/lmr/m/n/10.95 (+20) medium--
 []


Underfull \hbox (badness 10000) in paragraph at lines 205--205
[]|\T1/lmr/m/n/10.95 (+20) shallow--
 []


Underfull \hbox (badness 10000) in paragraph at lines 205--205
[]|\T1/lmr/m/n/10.95 (+20) N+1
 []


Underfull \hbox (badness 4647) in paragraph at lines 205--205
[]|\T1/lmr/m/n/10.95 (+20) N+1 re-
 []


Underfull \hbox (badness 10000) in paragraph at lines 205--205
[]|\T1/lmr/m/n/10.95 (+20) coupling
 []


Underfull \hbox (badness 10000) in paragraph at lines 205--205
[]|\T1/lmr/m/n/10.95 (+20) silent
 []


Underfull \hbox (badness 10000) in paragraph at lines 205--205
\T1/lmr/m/n/10.95 (+20) event
 []


Overfull \hbox (5.98pt too wide) in paragraph at lines 205--205
[]|\T1/lmr/m/n/10.95 (-20) connection
 []

[1461] [1462]
Overfull \hbox (69.73875pt too wide) in paragraph at lines 251--255
 [][] 
 []

[1463] [1464]
Overfull \hbox (186.4742pt too wide) in paragraph at lines 391--394
 [][] 
 []


Underfull \vbox (badness 2073) has occurred while \output is active []

 [1465]
[1466] [1467]
Overfull \hbox (0.42734pt too wide) in paragraph at lines 462--468
[]\T1/lmr/bx/n/12 (-20) Service: \T1/lmr/m/n/12 (-20) FastAPI val-i-dates the p
ay-load with Py-dan-tic [[][]Col24[][]; [][]Ram24[][]];
 []


Underfull \hbox (badness 10000) in paragraph at lines 521--521
[]|\T1/lmr/m/n/10.95 (+20) keyset pag-i-na-
 []


Underfull \hbox (badness 2027) in paragraph at lines 521--521
\T1/lmr/m/n/10.95 (+20) tion, date ver-sion,
 []


Underfull \hbox (badness 7168) in paragraph at lines 521--521
\T1/lmr/m/n/10.95 (+20) RFC 9457 er-rors,
 []


Underfull \hbox (badness 5711) in paragraph at lines 521--521
\T1/lmr/m/n/10.95 (+20) a-log + teleme-try;
 []


Overfull \hbox (50.66733pt too wide) in paragraph at lines 521--521
[]|\T1/lmtt/m/n/10.95 Reserve\T1/lmr/m/n/10.95 (-20) /\T1/lmtt/m/n/10.95 Releas
e\T1/lmr/m/n/10.95 (-20) /\T1/lmtt/m/n/10.95 WatchStock
 []


Underfull \hbox (badness 6625) in paragraph at lines 521--521
\T1/lmr/m/n/10.95 (+20) liv-ery log, re-play
 []


Underfull \hbox (badness 10000) in paragraph at lines 521--521
[]|\T1/lmr/m/n/10.95 (+20) operator dash-
 []


Underfull \hbox (badness 10000) in paragraph at lines 521--521
\T1/lmr/m/n/10.95 (+20) board feed,
 []


Underfull \hbox (badness 10000) in paragraph at lines 521--521
\T1/lmtt/m/n/10.95 Last-Event-ID
 []

[1468]
Overfull \hbox (37.40793pt too wide) in paragraph at lines 538--541
[]\T1/lmr/bx/n/12 (-20) Rate tiers: \T1/lmtt/m/n/12 public \T1/lmr/m/n/12 (-20)
 60/min, \T1/lmtt/m/n/12 partner-standard \T1/lmr/m/n/12 (-20) 600/min, \T1/lmt
t/m/n/12 partner-premium
 []


Underfull \hbox (badness 10000) in paragraph at lines 571--571
[]|\T1/lmr/m/n/10.95 (+20) GraphQL read model
 []


Underfull \hbox (badness 4582) in paragraph at lines 571--571
\T1/lmr/m/n/10.95 (+20) live with depth lim-it-
 []


Underfull \hbox (badness 10000) in paragraph at lines 571--571
\T1/lmr/m/n/10.95 (+20) ing; in-ven-tory gRPC
 []


Underfull \hbox (badness 3769) in paragraph at lines 571--571
\T1/lmr/m/n/10.95 (+20) ser-vice with stream-ing
 []


Underfull \hbox (badness 10000) in paragraph at lines 571--571
\T1/lmtt/m/n/10.95 WatchStock\T1/lmr/m/n/10.95 (+20) ; gate-way
 []


Underfull \hbox (badness 1009) in paragraph at lines 571--571
\T1/lmr/m/n/10.95 (+20) faces; SLO dash-boards;
 []


Underfull \hbox (badness 3439) in paragraph at lines 571--571
\T1/lmr/m/n/10.95 (+20) ing merges; load and
 []

[1469] [1470]
Underfull \hbox (badness 10000) in paragraph at lines 624--624
[]|\T1/lmr/m/n/10.95 (+20) semantic lint,
 []


Underfull \hbox (badness 2050) in paragraph at lines 624--624
[]|\T1/lmr/m/n/10.95 (+20) teach HTTP, not
 []


Underfull \hbox (badness 10000) in paragraph at lines 624--624
[]|\T1/lmr/m/n/10.95 (+20) duplicate/skipped
 []


Underfull \hbox (badness 10000) in paragraph at lines 624--624
[]|\T1/lmr/m/n/10.95 (+20) date ver-sions,
 []


Underfull \hbox (badness 10000) in paragraph at lines 624--624
[]|\T1/lmr/m/n/10.95 (+20) transactional out-
 []


Underfull \hbox (badness 2310) in paragraph at lines 624--624
[]|\T1/lmr/m/n/10.95 (+20) contract-first, ver-
 []


Underfull \hbox (badness 5091) in paragraph at lines 624--624
[]|\T1/lmr/m/n/10.95 (+20) log scans, se-cret
 []


Underfull \hbox (badness 10000) in paragraph at lines 624--624
[]|\T1/lmr/m/n/10.95 (+20) OTel ev-ery-where
 []


Underfull \hbox (badness 10000) in paragraph at lines 624--624
[]|\T1/lmr/m/n/10.95 (+20) consumer com-
 []


Underfull \hbox (badness 10000) in paragraph at lines 624--624
[]|\T1/lmr/m/n/10.95 (+20) consumer-driven
 []


Underfull \hbox (badness 10000) in paragraph at lines 624--624
[]|\T1/lmr/m/n/10.95 (+20) executable gov-
 []


Underfull \hbox (badness 10000) in paragraph at lines 624--624
\T1/lmr/m/n/10.95 (+20) er-nance [[][]Ope21[][];
 []


Underfull \hbox (badness 1735) in paragraph at lines 648--648
[]|\T1/lmr/m/n/10.95 (+20) platform vi-sion + con-sumer
 []


Underfull \hbox (badness 1371) in paragraph at lines 648--648
[]|\T1/lmr/m/n/10.95 (+20) messages, se-man-tics, con-nec-
 []


Underfull \hbox (badness 10000) in paragraph at lines 648--648
[]|\T1/lmr/m/n/10.95 (+20) annotated re-quest/response
 []


Underfull \hbox (badness 1852) in paragraph at lines 648--648
[]|\T1/lmr/m/n/10.95 (+20) resource model + Ope-nAPI
 []


Underfull \hbox (badness 2035) in paragraph at lines 648--648
[]|\T1/lmr/m/n/10.95 (+20) contracts over bytes [[][]Bra17[][];
 []


Underfull \hbox (badness 4048) in paragraph at lines 709--709
[]|\T1/lmr/m/n/10.95 (+20) defense in depth for APIs
 []


Underfull \hbox (badness 3058) in paragraph at lines 709--709
[]|\T1/lmr/m/n/10.95 (+20) governance as code [[][]Ope21[][];
 []

[1471] [1472] [1473] [1474] [1475]
Underfull \hbox (badness 10000) in paragraph at lines 812--812
[]|\T1/lmr/bx/n/10.95 (+20) Prerequisite be-fore
 []


Underfull \hbox (badness 3884) in paragraph at lines 812--812
[]|\T1/lmr/m/n/10.95 (+20) edge sup-port in-her-ited;
 []


Underfull \hbox (badness 1107) in paragraph at lines 812--812
[]|\T1/lmr/m/n/10.95 (+20) TLS in-ven-tory, au-toma-
 []


Underfull \hbox (badness 10000) in paragraph at lines 812--812
\T1/lmr/m/n/10.95 (+20) tion, cur-rent li-braries
 []


Overfull \hbox (83.1531pt too wide) in paragraph at lines 851--853
 [][] 
 []

[1476] [1477] [1478]
Underfull \vbox (badness 10000) has occurred while \output is active []

 [1479]
Underfull \vbox (badness 10000) has occurred while \output is active []

 [1480]
Underfull \vbox (badness 10000) has occurred while \output is active []

 [1481]
Underfull \vbox (badness 10000) has occurred while \output is active []

 [1482]
Underfull \vbox (badness 10000) has occurred while \output is active []

 [1483]
Underfull \vbox (badness 10000) has occurred while \output is active []

 [1484]
Underfull \vbox (badness 10000) has occurred while \output is active []

 [1485]
[1486]
Underfull \vbox (badness 10000) has occurred while \output is active []

 [1487]
Underfull \vbox (badness 1189) has occurred while \output is active []

 [1488]
Underfull \vbox (badness 10000) has occurred while \output is active []

 [1489]
Underfull \vbox (badness 1210) has occurred while \output is active []

 [1490]
Underfull \vbox (badness 10000) has occurred while \output is active []

 [1491]
Overfull \hbox (80.80994pt too wide) in paragraph at lines 1471--1473
[][][][] 
 []


Underfull \vbox (badness 10000) has occurred while \output is active []

 [1492]
Underfull \vbox (badness 10000) has occurred while \output is active []

 [1493]
Underfull \vbox (badness 10000) has occurred while \output is active []

 [1494]
Overfull \hbox (4.92578pt too wide) in paragraph at lines 1563--1565
[][][][] 
 []


Underfull \vbox (badness 10000) has occurred while \output is active []

 [1495]
Underfull \vbox (badness 10000) has occurred while \output is active []

 [1496]
Underfull \vbox (badness 10000) has occurred while \output is active []

 [1497]
Underfull \vbox (badness 10000) has occurred while \output is active []

 [1498]
Underfull \vbox (badness 10000) has occurred while \output is active []

 [1499]
Overfull \hbox (53.2157pt too wide) in paragraph at lines 1769--1771
[][][][] 
 []


Underfull \vbox (badness 10000) has occurred while \output is active []

 [1500]
Overfull \hbox (4.92578pt too wide) in paragraph at lines 1802--1804
[][][][] 
 []


Underfull \vbox (badness 10000) has occurred while \output is active []

 [1501]
Overfull \hbox (25.62146pt too wide) in paragraph at lines 1835--1837
[][][][] 
 []


Underfull \vbox (badness 10000) has occurred while \output is active []

 [1502]
Overfull \hbox (67.01282pt too wide) in paragraph at lines 1854--1856
[][][][] 
 []

[1503]
Underfull \vbox (badness 10000) has occurred while \output is active []

 [1504]
Underfull \vbox (badness 10000) has occurred while \output is active []

 [1505]
Underfull \vbox (badness 10000) has occurred while \output is active []

 [1506]
Underfull \vbox (badness 10000) has occurred while \output is active []

 [1507]
Underfull \vbox (badness 10000) has occurred while \output is active []

 [1508]
Underfull \vbox (badness 10000) has occurred while \output is active []

 [1509]
[1510]
Underfull \vbox (badness 10000) has occurred while \output is active []

 [1511]
[1512]
Underfull \vbox (badness 10000) has occurred while \output is active []

 [1513]
[1514]
Overfull \hbox (9.1266pt too wide) in paragraph at lines 2349--2349
[]\T1/lmr/bx/n/17.28 (-20) Hands-On Pro-duc-tion Lab & Real-World
 []

[1515] [1516] [1517] [1518] [1519] [1520]
Overfull \hbox (0.205pt too wide) in paragraph at lines 2592--2596
\T1/lmr/m/n/12 (-20) --- Liveness: process is up. Readiness: dependencies (data
base, broker)
 []

[1521]
Overfull \hbox (2.37018pt too wide) in paragraph at lines 2622--2626
\T1/lmr/m/n/12 (-20) --- Govern the invariants, not the protocols: one error mo
del (RFC 9457
 []

[1522]
Underfull \vbox (badness 10000) has occurred while \output is active []

 [1523]
Underfull \vbox (badness 1173) has occurred while \output is active []

 [1524]
[1525] [1526]
Overfull \hbox (21.09552pt too wide) in paragraph at lines 2849--2851
[]\T1/lmr/m/n/12 (-20) All five orig-i-nal rule fam-i-lies plus the three new r
ules fire on \T1/lmtt/m/n/12 fixtures_fail
 []

[1527]
Overfull \hbox (14.1319pt too wide) in paragraph at lines 2899--2899
[]\T1/lmr/bx/n/14.4 (-20) [senior] Project 4: Web-hook No-ti-fi-ca-tion Pipelin
e
 []


Overfull \hbox (4.3081pt too wide) in paragraph at lines 2932--2934
[]\T1/lmr/bx/n/12 (-20) Stretch Goals: \T1/lmr/m/n/12 (-20) dead-letter queue w
ith op-er-a-tor triage end-point; delivery-
 []

[1528]
Overfull \hbox (3.03668pt too wide) in paragraph at lines 2935--2935
[]\T1/lmr/bx/n/14.4 (-20) [staff] Project 5: The Grand Cap-stone --- North-
 []

[1529]
Overfull \hbox (20.19733pt too wide) in paragraph at lines 3037--3039
\T1/lmr/bx/n/12 (-20) Description: \T1/lmr/m/n/12 (-20) the data-validation li-
brary un-der-ly-ing FastAPI's re-quest/response
 []

[1530]
Overfull \hbox (3.30238pt too wide) in paragraph at lines 3061--3064
[]\T1/lmr/bx/n/12 (-20) Alternatives: \T1/lmr/m/n/12 (-20) ru-amel.yaml (round-
trip preser-va-tion, heav-ier), strictyaml
 []

[1531]
Underfull \hbox (badness 2073) in paragraph at lines 3168--3168
[]|\T1/lmr/m/n/10.95 (+20) REST + Ope-nAPI
 []


Underfull \hbox (badness 10000) in paragraph at lines 3168--3168
[]|\T1/lmr/m/n/10.95 (+20) POST-based
 []


Underfull \hbox (badness 10000) in paragraph at lines 3168--3168
\T1/lmr/m/n/10.95 (+20) GraphQL by-passes
 []


Underfull \hbox (badness 4024) in paragraph at lines 3168--3168
[]|\T1/lmr/m/n/10.95 (+20) events / web-hooks
 []


Underfull \hbox (badness 1997) in paragraph at lines 3168--3168
[]|\T1/lmr/m/n/10.95 (+20) unary APIs can-not
 []


Underfull \hbox (badness 3128) in paragraph at lines 3168--3168
\T1/lmr/m/n/10.95 (+20) push --- struc-tural,
 []


Underfull \hbox (badness 2951) in paragraph at lines 3168--3168
[]|\T1/lmr/m/n/10.95 (+20) maturity is a con-
 []


Underfull \hbox (badness 10000) in paragraph at lines 3168--3168
[]|\T1/lmr/m/n/10.95 (+20) RFC 9457 er-rors
 []


Underfull \hbox (badness 1127) in paragraph at lines 3168--3168
\T1/lmr/m/n/10.95 (+20) [[][]Not23[][]], idem-po-tent
 []


Underfull \hbox (badness 7047) in paragraph at lines 3168--3168
\T1/lmr/m/n/10.95 (+20) writes, IETF rate
 []


Underfull \hbox (badness 4981) in paragraph at lines 3168--3168
[]|\T1/lmr/m/n/10.95 (+20) these are protocol-
 []


Underfull \hbox (badness 10000) in paragraph at lines 3168--3168
\T1/lmr/m/n/10.95 (+20) independent in-vari-
 []


Underfull \hbox (badness 1983) in paragraph at lines 3168--3168
\T1/lmr/m/n/10.95 (+20) ants --- the ac-tual
 []

[1532] [1533] (chapters/_standard_addendum.tex
Underfull \hbox (badness 10000) in alignment at lines 14--14
[][][][][] 
 []


Overfull \hbox (55.38057pt too wide) in alignment at lines 39--39
[][][] 
 []

[1534]
Underfull \hbox (badness 2285) in paragraph at lines 86--86
[]|\T1/lmr/bx/n/10.95 (+20) Choose this ap-proach
 []


Underfull \hbox (badness 5064) in paragraph at lines 86--86
[]|\T1/lmr/bx/n/10.95 (+20) Prefer an al-ter-na-tive
 []


LaTeX Warning: `h' float specifier changed to `ht'.


Underfull \vbox (badness 5203) has occurred while \output is active []

 [1535]))
[1536]
Appendix A.

Overfull \hbox (4.16997pt too wide) in paragraph at lines 330--331
[]\T1/lmr/bx/n/12 (-20) BOLA (Bro-ken Ob-ject Level Au-tho-riza-tion): \T1/lmr/
m/n/12 (-20) OWASP API1:2023
 []


Underfull \vbox (badness 2080) has occurred while \output is active []

 [1537

]
Overfull \hbox (5.00607pt too wide) in paragraph at lines 339--340
[]\T1/lmr/bx/n/12 (-20) ETag: \T1/lmr/m/n/12 (-20) A strong or weak val-ida-tor
 used with \T1/lmtt/m/n/12 If-None-Match\T1/lmr/m/n/12 (-20) /\T1/lmtt/m/n/12 I
f-Match
 []


Overfull \hbox (48.21501pt too wide) in paragraph at lines 346--347
[]\T1/lmr/bx/n/12 (-20) HPACK/QPACK: \T1/lmr/m/n/12 (-20) Header com-pres-sion 
schemes for HTTP/2 (static+dynamic
 []


Underfull \vbox (badness 10000) has occurred while \output is active []

 [1538]
Overfull \hbox (87.88364pt too wide) in paragraph at lines 349--350
[]\T1/lmr/bx/n/12 (-20) JWT (JSON Web To-ken): \T1/lmr/m/n/12 (-20) A com-pact 
signed to-ken for-mat (header.payload.signature,
 []


Overfull \hbox (36.95784pt too wide) in paragraph at lines 358--359
[]\T1/lmr/bx/n/12 (-20) Problem De-tails (RFC 9457): \T1/lmr/m/n/12 (-20) The s
tan-dard \T1/lmtt/m/n/12 application/problem+json
 []


Underfull \vbox (badness 10000) has occurred while \output is active []

 [1539]
Overfull \hbox (63.79927pt too wide) in paragraph at lines 368--369
[]\T1/lmr/bx/n/12 (-20) traceparent: \T1/lmr/m/n/12 (-20) The W3C Trace Con-tex
t header (\T1/lmtt/m/n/12 version-traceid-spanid-flags\T1/lmr/m/n/12 (-20) )
 []

(chapters/appendix_solutions.tex [1540]
Appendix B.
[1541

] [1542]
Overfull \hbox (60.64258pt too wide) in paragraph at lines 88--93
[]\T1/lmr/m/n/12 (-20) Interleave the three pay-load sizes from a seeded PRNG (
e.g. \T1/lmtt/m/n/12 random.Random(42)\T1/lmr/m/n/12 (-20) )
 []


Underfull \vbox (badness 10000) has occurred while \output is active []

 [1543]
Underfull \vbox (badness 10000) has occurred while \output is active []

 [1544]
[1545]
Underfull \vbox (badness 1571) has occurred while \output is active []

 [1546]
Overfull \hbox (74.33063pt too wide) in paragraph at lines 280--288
\T1/lmtt/m/n/12 /robots/{id}\T1/lmr/m/n/12 (-20) : 200; 304 with \T1/lmtt/m/n/1
2 If-None-Match\T1/lmr/m/n/12 (-20) ; 404. \T1/lmtt/m/n/12 PUT /robots/{id}/fir
mware\T1/lmr/m/n/12 (-20) :
 []

[1547]
Overfull \hbox (20.26674pt too wide) in paragraph at lines 307--313
\T1/lmr/m/n/12 (-20) shake keys: \T1/lmtt/m/n/12 EncryptedExtensions\T1/lmr/m/n
/12 (-20) , \T1/lmtt/m/n/12 Certificate\T1/lmr/m/n/12 (-20) , \T1/lmtt/m/n/12 C
ertificateVerify\T1/lmr/m/n/12 (-20) ,
 []


Underfull \vbox (badness 10000) has occurred while \output is active []

 [1548]
Underfull \vbox (badness 10000) has occurred while \output is active []

 [1549]
Underfull \vbox (badness 5036) has occurred while \output is active []

 [1550]
[1551]
Overfull \hbox (35.79253pt too wide) in paragraph at lines 462--466
[]\T1/lmr/m/n/12 (-20) Worst case is $\OT1/lmr/m/n/12 (-20) 32 \OMS/lmsy/m/n/12
 ^^B \OT1/lmr/m/n/12 (-20) 2 = 64$ \T1/lmr/m/n/12 (-20) si-mul-ta-ne-ous up-str
eam calls, so \T1/lmtt/m/n/12 max_connections=64
 []

[1552] [1553] [1554]
Overfull \hbox (22.37733pt too wide) in paragraph at lines 617--624
[]\T1/lmr/m/n/12 (-20) A lint-clean route ta-ble uses plural-noun re-sources (\
T1/lmtt/m/n/12 /parts\T1/lmr/m/n/12 (-20) , \T1/lmtt/m/n/12 /parts/{id}\T1/lmr/
m/n/12 (-20) ,
 []

[1555]
Overfull \hbox (3.896pt too wide) in paragraph at lines 630--636
[]\T1/lmr/m/n/12 (-20) URI \T1/lmtt/m/n/12 /promotions/today \T1/lmr/m/n/12 (-2
0) (or date-keyed \T1/lmtt/m/n/12 /promotions/2026-09-03\T1/lmr/m/n/12 (-20) );

 []


Overfull \hbox (14.11427pt too wide) in paragraph at lines 630--636
\T1/lmr/m/n/12 (-20) fresh-ness via \T1/lmtt/m/n/12 Cache-Control: max-age \T1/
lmr/m/n/12 (-20) bounded by time-to-midnight,
 []


Overfull \hbox (47.78372pt too wide) in paragraph at lines 641--647
\T1/lmtt/m/n/12 application/json-patch+json \T1/lmr/m/n/12 (-20) se-lects it; \
T1/lmtt/m/n/12 application/merge-patch+json
 []


Overfull \hbox (34.30363pt too wide) in paragraph at lines 653--659
[]\T1/lmr/m/it/12 (-20) For \T1/lmr/m/n/12 (-20) DELETE on \T1/lmtt/m/n/12 /war
ehouses/{wid}/stock/{sku}\T1/lmr/m/n/12 (-20) : uni-form, automation-
 []


Underfull \vbox (badness 10000) has occurred while \output is active []

 [1556]
Underfull \hbox (badness 1769) in paragraph at lines 680--680
\T1/lmr/m/n/10.95 (+20) archetype with-out a writ-ten reification-
 []


Underfull \hbox (badness 10000) in paragraph at lines 698--698
[]|\T1/lmr/m/n/10.95 (+20) seven curl tran-scripts cap-tured:
 []


Underfull \hbox (badness 1946) in paragraph at lines 698--698
[]|\T1/lmr/m/n/10.95 (+20) transcripts re-pro-ducible; no code
 []


Underfull \hbox (badness 10000) in paragraph at lines 715--715
[]|\T1/lmr/m/n/10.95 (+20) waivers sup-press only the cited
 []

[1557]
Underfull \hbox (badness 3690) in paragraph at lines 752--752
[]|\T1/lmr/m/n/10.95 (+20) the back-log obeys the no-rename-and-
 []


Underfull \hbox (badness 1596) in paragraph at lines 752--752
\T1/lmr/m/n/10.95 (+20) restructure-in-one-step doc-trine with se-
 []


Underfull \vbox (badness 10000) has occurred while \output is active []

 [1558]
Overfull \hbox (29.66602pt too wide) in paragraph at lines 779--783
[]\T1/lmr/m/n/12 (-20) Add \T1/lmtt/m/n/12 if: {properties: {status: {const: "a
ctive"}}, required:
 []


Overfull \hbox (7.96846pt too wide) in paragraph at lines 779--783
\T1/lmr/m/n/12 (-20) three in-stances: active-with-qty (pass), active-without-q
ty (fail), inactive-
 []


Overfull \hbox (7.94237pt too wide) in paragraph at lines 783--789
\T1/lmr/m/n/12 (-20) tional'' and le-git-i-mate ex-ten-sions are re-jected. \T1
/lmtt/m/n/12 unevaluatedProperties:
 []

[1559]
Underfull \vbox (badness 10000) has occurred while \output is active []

 [1560]
Underfull \hbox (badness 10000) in paragraph at lines 860--860
[]|\T1/lmr/m/n/10.95 (+20) every in-valid body re-turns 422
 []


Underfull \hbox (badness 1205) in paragraph at lines 860--860
\T1/lmtt/m/n/10.95 application/problem+json \T1/lmr/m/n/10.95 (+20) with a com-

 []


Underfull \hbox (badness 2134) in paragraph at lines 860--860
[]|\T1/lmr/m/n/10.95 (+20) all 400 valid cor-pus bod-ies pass byte-
 []

[1561]
Underfull \hbox (badness 10000) in paragraph at lines 915--915
[]|\T1/lmr/m/n/10.95 (+20) seeded backward-incompatible edit
 []


Underfull \hbox (badness 1231) in paragraph at lines 915--915
[]|\T1/lmr/m/n/10.95 (+20) dry-run im-pact re-port matches the
 []


Underfull \vbox (badness 10000) has occurred while \output is active []

 [1562]
Overfull \hbox (6.1119pt too wide) in paragraph at lines 934--941
\T1/lmr/m/n/12 (-20) UUIDv4: 122 bits --- ac-cept-able. 32 hex chars from \T1/l
mtt/m/n/12 random.Random(42)\T1/lmr/m/n/12 (-20) :
 []


Overfull \hbox (86.91367pt too wide) in paragraph at lines 934--941
\T1/lmr/m/n/12 (-20) zero real en-tropy (de-ter-min-is-tic PRNG, known seed) --
- re-ject. \T1/lmtt/m/n/12 sha256(hostname+date)\T1/lmr/m/n/12 (-20) :
 []

[1563] [1564]
Underfull \vbox (badness 10000) has occurred while \output is active []

 [1565]
[1566]
Underfull \hbox (badness 10000) in paragraph at lines 1097--1097
[]|\T1/lmr/m/n/10.95 (+20) accepted find-ings quan-ti-fied; roll-
 []


Overfull \hbox (20.94623pt too wide) in paragraph at lines 1115--1120
[]\T1/lmtt/m/n/12 def get_api_version(x_api_version: str = Header("1")) \T1/lmr
/m/n/12 (-20) ex-posed
 []

[1567]
Underfull \vbox (badness 10000) has occurred while \output is active []

 [1568]
Underfull \vbox (badness 10000) has occurred while \output is active []

 [1569]
Underfull \hbox (badness 10000) in paragraph at lines 1232--1232
[]|\T1/lmr/m/n/10.95 (+20) both fixes (def-threadpool and
 []


Underfull \vbox (badness 10000) has occurred while \output is active []

 [1570]
[1571]
Overfull \hbox (0.4679pt too wide) in paragraph at lines 1314--1320
[]\T1/lmtt/m/n/12 additionalProperties: false \T1/lmr/m/n/12 (-20) (or \T1/lmtt
/m/n/12 unevaluatedProperties \T1/lmr/m/n/12 (-20) across
 []


Underfull \vbox (badness 10000) has occurred while \output is active []

 [1572]
Underfull \hbox (badness 1769) in paragraph at lines 1343--1343
\T1/lmr/m/n/10.95 (+20) generated 404s --- is schema-valid
 []


Underfull \hbox (badness 10000) in paragraph at lines 1343--1343
[]|\T1/lmr/m/n/10.95 (+20) 422s carry JSON-Pointer-located
 []


Overfull \hbox (14.69838pt too wide) in paragraph at lines 1345--1349
\T1/lmr/m/n/12 (-20) se-ri-al-izer; prove with a route-by-route er-ror ma-trix.
 Stretch: \T1/lmtt/m/n/12 Accept-Language\T1/lmr/m/n/12 (-20) -
 []


Underfull \hbox (badness 1014) in paragraph at lines 1380--1380
[]|\T1/lmr/m/n/10.95 (+20) 100% of the 50+ ad-ver-sar-ial cor-pus
 []

[1573]
Underfull \hbox (badness 2245) in paragraph at lines 1398--1398
[]|\T1/lmr/m/n/10.95 (+20) the burn-rate panel matches a hand-
 []


Underfull \vbox (badness 10000) has occurred while \output is active []

 [1574]
[1575]
Overfull \hbox (1.53212pt too wide) in paragraph at lines 1470--1476
[]\T1/lmr/m/n/12 (-20) Order by the null-flag first: \T1/lmtt/m/n/12 ORDER BY (
discontinued_at IS NULL),
 []


Underfull \vbox (badness 10000) has occurred while \output is active []

 [1576]
[1577]
Underfull \vbox (badness 2221) has occurred while \output is active []

 [1578]
Overfull \hbox (107.80917pt too wide) in paragraph at lines 1618--1624
[]\T1/lmr/m/n/12 (-20) With \T1/lmtt/m/n/12 Accept: application/vnd.nr.v2+json;
q=0.3, application/vnd.nr.*;q=0.9\T1/lmr/m/n/12 (-20) ,
 []

[1579]
Underfull \hbox (badness 2600) in paragraph at lines 1665--1665
[]|\T1/lmr/m/n/10.95 (+20) v1 and v2 both re-spond cor-rectly
 []


Underfull \hbox (badness 10000) in paragraph at lines 1665--1665
[]|\T1/lmr/m/n/10.95 (+20) v1 re-sponses carry \T1/lmtt/m/n/10.95 Deprecation\T
1/lmr/m/n/10.95 (+20) ,
 []


Underfull \vbox (badness 10000) has occurred while \output is active []

 [1580]
Underfull \hbox (badness 1142) in paragraph at lines 1683--1683
[]|\T1/lmr/m/n/10.95 (+20) 406 bod-ies enu-mer-ate the sup-ported
 []


Underfull \hbox (badness 10000) in paragraph at lines 1702--1702
[]|\T1/lmr/m/n/10.95 (+20) JSON re-port round-trips through
 []


Underfull \hbox (badness 2401) in paragraph at lines 1702--1702
\T1/lmtt/m/n/10.95 json.loads\T1/lmr/m/n/10.95 (+20) ; enum-growth is a warn-in
g
 []


Underfull \hbox (badness 10000) in paragraph at lines 1702--1702
[]|\T1/lmtt/m/n/10.95 --allow-breaking-with=VERSION_BUMP
 []


Underfull \vbox (badness 1616) has occurred while \output is active []

 [1581]
Underfull \hbox (badness 1231) in paragraph at lines 1721--1721
[]|\T1/lmr/m/n/10.95 (+20) go/no-go items are all check-able from
 []


Underfull \hbox (badness 1048) in paragraph at lines 1740--1740
[]|\T1/lmr/m/n/10.95 (+20) carrying-cost re-port ranks ver-sions re-pro-
 []


Underfull \hbox (badness 3954) in paragraph at lines 1740--1740
\T1/lmr/m/n/10.95 (+20) ducibly of-fline and iden-ti-fies when the
 []


Underfull \hbox (badness 3525) in paragraph at lines 1740--1740
\T1/lmr/m/n/10.95 (+20) mix against $\OMS/lmsy/m/n/10.95 ^^U$\T1/lmr/m/n/10.95 
(+20) 2 al-ter-na-tives, with roll-
 []


Underfull \vbox (badness 1571) has occurred while \output is active []

 [1582]
Overfull \hbox (64.3644pt too wide) in paragraph at lines 1758--1763
\T1/lmr/m/n/12 (-20) idem-po-tent, not safe. POST: nei-ther. PATCH with \T1/lmt
t/m/n/12 {"op":"set",...,"value":5}\T1/lmr/m/n/12 (-20) :
 []


Overfull \hbox (3.5423pt too wide) in paragraph at lines 1758--1763
\T1/lmr/m/n/12 (-20) idem-po-tent (ab-so-lute write), not safe. PATCH with \T1/
lmtt/m/n/12 {"op":"inc",...}\T1/lmr/m/n/12 (-20) :
 []

[1583]
Overfull \hbox (55.24762pt too wide) in paragraph at lines 1785--1791
[]\T1/lmr/m/n/12 (-20) Extend the cache key with \T1/lmtt/m/n/12 Accept-Languag
e \T1/lmr/m/n/12 (-20) and emit \T1/lmtt/m/n/12 Vary: Accept-Language\T1/lmr/m/
n/12 (-20) .
 []


Overfull \hbox (25.13885pt too wide) in paragraph at lines 1791--1798
[]\T1/lmr/m/n/12 (-20) One ta-ble: \T1/lmtt/m/n/12 idempotency_keys(key PK, req
uest_fingerprint, status,
 []


Overfull \hbox (52.24097pt too wide) in paragraph at lines 1791--1798
\T1/lmtt/m/n/12 response_snapshot, created_at) \T1/lmr/m/n/12 (-20) with \T1/lm
tt/m/n/12 status $\OMS/lmsy/m/n/12 2$ \T1/lmtt/m/n/12 {in_flight, completed}\T1
/lmr/m/n/12 (-20) .
 []


Underfull \vbox (badness 10000) has occurred while \output is active []

 [1584]
Underfull \hbox (badness 5771) in paragraph at lines 1866--1866
[]|\T1/lmr/m/n/10.95 (+20) read--decide--write--retry loop with
 []


Underfull \vbox (badness 4454) has occurred while \output is active []

 [1585]
Underfull \hbox (badness 10000) in paragraph at lines 1885--1885
[]|\T1/lmr/m/n/10.95 (+20) account page cor-rectly as-signed
 []


Underfull \vbox (badness 10000) has occurred while \output is active []

 [1586]
[1587]
Underfull \vbox (badness 10000) has occurred while \output is active []

 [1588]
Underfull \hbox (badness 10000) in paragraph at lines 1990--1990
[]|\T1/lmr/m/n/10.95 (+20) duplicates re-turn 200
 []


Underfull \hbox (badness 10000) in paragraph at lines 1990--1990
\T1/lmtt/m/n/10.95 {"status":"duplicate"} \T1/lmr/m/n/10.95 (+20) with no
 []


Underfull \hbox (badness 4940) in paragraph at lines 2007--2007
\T1/lmr/m/n/10.95 (+20) endpoint cir-cuit breaker be-hav-ior
 []


Underfull \hbox (badness 10000) in paragraph at lines 2025--2025
[]|\T1/lmr/m/n/10.95 (+20) through a buffer-ing proxy, events
 []


Underfull \hbox (badness 10000) in paragraph at lines 2025--2025
\T1/lmr/m/n/10.95 (+20) ar-rive within 1s of emis-sion (the
 []

[1589]
Underfull \hbox (badness 5667) in paragraph at lines 2044--2044
[]|\T1/lmr/m/n/10.95 (+20) commands sur-vive con-nec-tion kills
 []


Underfull \hbox (badness 10000) in paragraph at lines 2044--2044
[]|\T1/lmr/m/n/10.95 (+20) subprotocol ne-go-ti-a-tion and first-
 []


Underfull \vbox (badness 3189) has occurred while \output is active []

 [1590]
Overfull \hbox (37.45619pt too wide) in paragraph at lines 2081--2087
\T1/lmtt/m/n/12 Product | Category\T1/lmr/m/n/12 (-20) ), Enum (\T1/lmtt/m/n/12
 StockStatus\T1/lmr/m/n/12 (-20) ), In-putO-b-ject (\T1/lmtt/m/n/12 ProductFilt
er\T1/lmr/m/n/12 (-20) ),
 []

[1591]
Overfull \hbox (20.67996pt too wide) in paragraph at lines 2118--2124
[]\T1/lmr/m/n/12 (-20) Backward pag-i-na-tion runs the win-dow query in re-vers
e or-der (\T1/lmtt/m/n/12 last\T1/lmr/m/n/12 (-20) /\T1/lmtt/m/n/12 before\T1/l
mr/m/n/12 (-20) )
 []


Underfull \vbox (badness 10000) has occurred while \output is active []

 [1592]
Overfull \hbox (20.03241pt too wide) in paragraph at lines 2156--2163
[]\T1/lmr/m/n/12 (-20) DataLoader batch-ing trans-fers to cross-service en-tity
 res-o-lu-tion (\T1/lmtt/m/n/12 _entities
 []


Underfull \hbox (badness 2057) in paragraph at lines 2181--2181
\T1/lmr/m/n/10.95 (+20) rat-ing $\OMS/lmsy/m/n/10.95 !$ \T1/lmr/m/n/10.95 (+20)
 typed union pay-load with
 []


Underfull \vbox (badness 10000) has occurred while \output is active []

 [1593]
Underfull \vbox (badness 10000) has occurred while \output is active []

 [1594]
Underfull \hbox (badness 10000) in paragraph at lines 2253--2253
[]|\T1/lmr/m/n/10.95 (+20) cross-service en-tity res-o-lu-tion
 []


Underfull \hbox (badness 1436) in paragraph at lines 2253--2253
[]|\T1/lmr/m/n/10.95 (+20) written scope note lists unim-ple-
 []


Underfull \vbox (badness 10000) has occurred while \output is active []

 [1595]
Overfull \hbox (7.2662pt too wide) in paragraph at lines 2262--2262
[]\T1/lmr/bx/n/17.28 (-20) Chapter 13: gRPC & High-Performance
 []

[1596]
Overfull \hbox (25.92053pt too wide) in paragraph at lines 2294--2300
[]\T1/lmtt/m/n/12 UploadTelemetry \T1/lmr/m/n/12 (-20) mu-tates server state: r
etry-ing DEAD-LINE_EXCEEDED
 []


Overfull \hbox (41.5813pt too wide) in paragraph at lines 2313--2319
[]\T1/lmr/m/n/12 (-20) Hypothesis: the server's connection-recycling op-tion (e
.g. \T1/lmtt/m/n/12 max_connection_age
 []


Overfull \hbox (70.12859pt too wide) in paragraph at lines 2313--2319
\T1/lmr/m/n/12 (-20) face as UN-AVAIL-ABLE spikes. Con-firm by chang-ing \T1/lm
tt/m/n/12 grpc.max_connection_age_ms
 []


Overfull \hbox (6.06145pt too wide) in paragraph at lines 2319--2326
\T1/lmr/m/n/12 (-20) max-i-mal con-tract drift. For a browser dash-board over \
T1/lmtt/m/n/12 StreamTelemetry\T1/lmr/m/n/12 (-20) ,
 []


Underfull \vbox (badness 10000) has occurred while \output is active []

 [1597]
Underfull \hbox (badness 1275) in paragraph at lines 2369--2369
[]|\T1/lmr/m/n/10.95 (+20) bounded ren-der-ing; clean shut-down;
 []


Underfull \hbox (badness 10000) in paragraph at lines 2386--2386
[]|\T1/lmr/m/n/10.95 (+20) mid-stream abort yields IN-
 []


Underfull \hbox (badness 10000) in paragraph at lines 2386--2386
\T1/lmr/m/n/10.95 (+20) VALID_ARGUMENT with de-coded
 []

[1598]
Underfull \hbox (badness 1845) in paragraph at lines 2404--2404
[]|\T1/lmr/m/n/10.95 (+20) auth/logging/metrics in-ter-cep-tors emit
 []


Underfull \hbox (badness 10000) in paragraph at lines 2423--2423
[]|\T1/lmr/m/n/10.95 (+20) each of the three fixes
 []


Underfull \hbox (badness 10000) in paragraph at lines 2423--2423
\T1/lmr/m/n/10.95 (+20) (max_connection_age, round_robin,
 []


Underfull \hbox (badness 10000) in paragraph at lines 2423--2423
[]|\T1/lmr/m/n/10.95 (+20) JSON edge re-turns cor-
 []


Underfull \hbox (badness 10000) in paragraph at lines 2423--2423
\T1/lmr/m/n/10.95 (+20) rect HTTP codes for
 []


Overfull \hbox (136.40042pt too wide) in paragraph at lines 2423--2423
\T1/lmr/m/n/10.95 (-20) NOT_FOUND/DEADLINE_EXCEEDED/INVALID_ARGUMENT
 []


Underfull \hbox (badness 1057) in paragraph at lines 2423--2423
\T1/lmr/m/n/10.95 (+20) cause, names the per-pod SLI, and
 []


Underfull \vbox (badness 5036) has occurred while \output is active []

 [1599]
[1600]
Overfull \hbox (40.26202pt too wide) in paragraph at lines 2457--2463
[]\T1/lmr/m/n/12 (-20) Three con-crete fail-ures from swap-ping the in-jected \
T1/lmtt/m/n/12 Clock \T1/lmr/m/n/12 (-20) for \T1/lmtt/m/n/12 time.monotonic\T1
/lmr/m/n/12 (-20) :
 []


Overfull \hbox (29.8497pt too wide) in paragraph at lines 2469--2478
\T1/lmtt/m/n/12 GET /v1/usage \T1/lmr/m/n/12 (-20) re-turns \T1/lmtt/m/n/12 {qu
ota_limit, quota_used, quota_remaining,
 []


Overfull \hbox (8.76115pt too wide) in paragraph at lines 2485--2493
\T1/lmtt/m/n/12 RateLimit-Limit\T1/lmr/m/n/12 (-20) /\T1/lmtt/m/n/12 -Remaining
\T1/lmr/m/n/12 (-20) /\T1/lmtt/m/n/12 -Reset \T1/lmr/m/n/12 (-20) triple and \T
1/lmtt/m/n/12 RateLimit-Policy\T1/lmr/m/n/12 (-20) ,
 []


Underfull \vbox (badness 10000) has occurred while \output is active []

 [1601]
Underfull \hbox (badness 10000) in paragraph at lines 2526--2526
[]|\T1/lmr/m/n/10.95 (+20) fail-open episodes emit
 []


Underfull \hbox (badness 10000) in paragraph at lines 2526--2526
\T1/lmtt/m/n/10.95 X-NR-Limiter-Degraded \T1/lmr/m/n/10.95 (+20) and no
 []


Underfull \hbox (badness 10000) in paragraph at lines 2526--2526
\T1/lmtt/m/n/10.95 RateLimit-* \T1/lmr/m/n/10.95 (+20) fields; fail-closed re-
 []

[1602]
Underfull \hbox (badness 2591) in paragraph at lines 2561--2561
[]|\T1/lmr/m/n/10.95 (+20) tuning memo quan-ti-fies the multiplicative-
 []


Underfull \vbox (badness 10000) has occurred while \output is active []

 [1603]
Overfull \hbox (1.03383pt too wide) in paragraph at lines 2589--2589
[]\T1/lmr/bx/n/17.28 (-20) Chapter 15: Mi-croser-vices & Re-silience 
 []

[1604]
Overfull \hbox (12.76917pt too wide) in paragraph at lines 2643--2649
[]\T1/lmr/m/n/12 (-20) mTLS au-then-ti-cates ser-vices, not out-comes; it does 
noth-ing for: (1) object-
 []


Underfull \vbox (badness 10000) has occurred while \output is active []

 [1605]
Underfull \hbox (badness 10000) in paragraph at lines 2700--2700
[]|\T1/lmr/m/n/10.95 (+20) per-aggregate or-der-ing holds un-der
 []


Underfull \hbox (badness 10000) in paragraph at lines 2700--2700
\T1/lmr/m/n/10.95 (+20) crash/replay in-jec-tion with-out hurt-ing
 []


Underfull \vbox (badness 6995) has occurred while \output is active []

 [1606]
Underfull \vbox (badness 10000) has occurred while \output is active []

 [1607]
[1608] [1609]
Underfull \vbox (badness 1194) has occurred while \output is active []

 [1610]
Underfull \hbox (badness 10000) in paragraph at lines 2885--2885
[]|\T1/lmtt/m/n/10.95 --check \T1/lmr/m/n/10.95 (+20) ex-its non-zero on un-doc
-u-
 []


Underfull \hbox (badness 3690) in paragraph at lines 2885--2885
\T1/lmr/m/n/10.95 (+20) mented/unmodeled end-points and zero
 []


Underfull \hbox (badness 1430) in paragraph at lines 2903--2903
[]|\T1/lmr/m/n/10.95 (+20) audience-confusion ex-ploit demon-strated
 []


Underfull \vbox (badness 10000) has occurred while \output is active []

 [1611]
[1612] [1613]
Overfull \hbox (40.39745pt too wide) in paragraph at lines 3015--3019
\T1/lmr/m/n/12 (-20) slim vs dis-tro-less vari-ants with the traded op-er-a-tio
nal ca-pa-bil-ity (shell/debuggability)
 []


Underfull \vbox (badness 2393) has occurred while \output is active []

 [1614]
Underfull \hbox (badness 1867) in paragraph at lines 3067--3067
\T1/lmr/m/n/10.95 (+20) (never rolled back) in ev-ery
 []


Underfull \hbox (badness 10000) in paragraph at lines 3067--3067
[]|\T1/lmr/m/n/10.95 (+20) measured de-tec-tion la-tency
 []


Underfull \vbox (badness 10000) has occurred while \output is active []

 [1615]
[1616] [1617]
Underfull \hbox (badness 2460) in paragraph at lines 3177--3177
[]|\T1/lmr/m/n/10.95 (+20) seeded round-trip prop-erty test passes
 []


Underfull \hbox (badness 6658) in paragraph at lines 3194--3194
[]|\T1/lmr/m/n/10.95 (+20) per-route rate/errors/duration ta-ble
 []

[1618] [1619]
Underfull \hbox (badness 10000) in paragraph at lines 3247--3247
[]|\T1/lmr/m/n/10.95 (+20) reproducible de-tec-
 []


Underfull \hbox (badness 10000) in paragraph at lines 3247--3247
\T1/lmr/m/n/10.95 (+20) tion/mitigation/resolution times; a
 []


Overfull \hbox (6.02954pt too wide) in paragraph at lines 3262--3267
[]\T1/lmr/m/n/12 (-20) Classify each of the fif-teen tests into ex-actly one la
yer (unit / component-
 []

[1620]
Underfull \hbox (badness 3612) in paragraph at lines 3323--3323
[]|\T1/lmr/m/n/10.95 (+20) reports name the fail-ing field with a
 []


Underfull \vbox (badness 10000) has occurred while \output is active []

 [1621]
Underfull \hbox (badness 1122) in paragraph at lines 3341--3341
[]|\T1/lmr/m/n/10.95 (+20) both planted bugs (500 trig-ger; schema-
 []


Underfull \hbox (badness 10000) in paragraph at lines 3358--3358
[]|\T1/lmr/m/n/10.95 (+20) request match-ing on
 []


Underfull \vbox (badness 10000) has occurred while \output is active []

 [1622]
Underfull \hbox (badness 10000) in paragraph at lines 3376--3376
[]|\T1/lmr/m/n/10.95 (+20) predicted and mea-sured
 []


Underfull \vbox (badness 10000) has occurred while \output is active []

 [1623]
[1624]
Underfull \vbox (badness 10000) has occurred while \output is active []

 [1625]
Underfull \hbox (badness 1565) in paragraph at lines 3523--3523
[]|\T1/lmr/m/n/10.95 (+20) weekly co-hort ta-ble de-ter-min-is-tic and
 []


Underfull \hbox (badness 1132) in paragraph at lines 3523--3523
\T1/lmr/m/n/10.95 (+20) sorted; mal-formed events counted-and-
 []

[1626]
Underfull \vbox (badness 10000) has occurred while \output is active []

 [1627]
[1628] [1629]
Underfull \vbox (badness 10000) has occurred while \output is active []

 [1630]
[1631]
Underfull \hbox (badness 1694) in paragraph at lines 3735--3735
[]|\T1/lmr/m/n/10.95 (+20) AsyncAPI spec passes the con-for-mance
 []

[1632]) [1633] [1634

]
Overfull \hbox (6.89008pt too wide) in paragraph at lines 387--387
[]\T1/lmr/m/n/12 (-20) Colvin, Samuel and con-trib-u-tors. \T1/lmr/m/it/12 (-20
) Py-dan-tic Doc-u-men-ta-tion\T1/lmr/m/n/12 (-20) . [][]$\T1/lmtt/m/n/12 https
 :
 []

[1635]
Overfull \hbox (16.75302pt too wide) in paragraph at lines 387--387
[]\T1/lmr/m/n/12 (-20) Martin Klepp-mann. \T1/lmr/m/it/12 (-20) De-sign-ing Dat
a-Intensive Ap-pli-ca-tions\T1/lmr/m/n/12 (-20) . O'Reilly
 []

[1636]
Overfull \hbox (0.71544pt too wide) in paragraph at lines 387--387
[]\T1/lmr/m/n/12 (-20) Ramírez, Se-bastián. \T1/lmr/m/it/12 (-20) FastAPI Doc-u
-men-ta-tion\T1/lmr/m/n/12 (-20) . [][]$\T1/lmtt/m/n/12 https : / / fastapi .
 []

[1637] (main.aux)
 ***********
LaTeX2e <2026-06-01>
L3 programming layer <2026-06-18>
 ***********
Package rerunfilecheck Info: File `main.out' has not changed.
(rerunfilecheck)             Checksum: CD23E7252512ED16FFA174D2208F91C2;326998.

Package logreq Info: Writing requests to 'main.run.xml'.
\openout1 = `main.run.xml'.

 ) 
Here is how much of TeX's memory you used:
 93039 strings out of 467510
 1851369 string characters out of 5404906
 2694318 words of memory out of 5000000
 90318 multiletter control sequences out of 15000+600000
 851539 words of font info for 531 fonts, out of 8000000 for 9000
 1141 hyphenation exceptions out of 8191
 84i,19n,104p,1273b,3011s stack positions out of 10000i,1000n,20000p,200000b,200000s
<C:/Users/aned.esquerra/AppData/Local/Programs/MiKTeX/fonts/type1/public/lm/l
mbx10.pfb><C:/Users/aned.esquerra/AppData/Local/Programs/MiKTeX/fonts/type1/pub
lic/lm/lmbx12.pfb><C:/Users/aned.esquerra/AppData/Local/Programs/MiKTeX/fonts/t
ype1/public/lm/lmbxi10.pfb><C:/Users/aned.esquerra/AppData/Local/Programs/MiKTe
X/fonts/type1/public/lm/lmcsc10.pfb><C:/Users/aned.esquerra/AppData/Local/Progr
ams/MiKTeX/fonts/type1/public/lm/lmex10.pfb><C:/Users/aned.esquerra/AppData/Loc
al/Programs/MiKTeX/fonts/type1/public/lm/lmmi10.pfb><C:/Users/aned.esquerra/App
Data/Local/Programs/MiKTeX/fonts/type1/public/lm/lmmi12.pfb><C:/Users/aned.esqu
erra/AppData/Local/Programs/MiKTeX/fonts/type1/public/lm/lmmi6.pfb><C:/Users/an
ed.esquerra/AppData/Local/Programs/MiKTeX/fonts/type1/public/lm/lmmi7.pfb><C:/U
sers/aned.esquerra/AppData/Local/Programs/MiKTeX/fonts/type1/public/lm/lmmi8.pf
b><C:/Users/aned.esquerra/AppData/Local/Programs/MiKTeX/fonts/type1/public/lm/l
mr10.pfb><C:/Users/aned.esquerra/AppData/Local/Programs/MiKTeX/fonts/type1/publ
ic/lm/lmr12.pfb><C:/Users/aned.esquerra/AppData/Local/Programs/MiKTeX/fonts/typ
e1/public/lm/lmr17.pfb><C:/Users/aned.esquerra/AppData/Local/Programs/MiKTeX/fo
nts/type1/public/lm/lmr6.pfb><C:/Users/aned.esquerra/AppData/Local/Programs/MiK
TeX/fonts/type1/public/lm/lmr7.pfb><C:/Users/aned.esquerra/AppData/Local/Progra
ms/MiKTeX/fonts/type1/public/lm/lmr8.pfb><C:/Users/aned.esquerra/AppData/Local/
Programs/MiKTeX/fonts/type1/public/lm/lmri10.pfb><C:/Users/aned.esquerra/AppDat
a/Local/Programs/MiKTeX/fonts/type1/public/lm/lmri12.pfb><C:/Users/aned.esquerr
a/AppData/Local/Programs/MiKTeX/fonts/type1/public/lm/lmri8.pfb><C:/Users/aned.
esquerra/AppData/Local/Programs/MiKTeX/fonts/type1/public/lm/lmss10.pfb><C:/Use
rs/aned.esquerra/AppData/Local/Programs/MiKTeX/fonts/type1/public/lm/lmss12.pfb
><C:/Users/aned.esquerra/AppData/Local/Programs/MiKTeX/fonts/type1/public/lm/lm
ssbx10.pfb><C:/Users/aned.esquerra/AppData/Local/Programs/MiKTeX/fonts/type1/pu
blic/lm/lmsy10.pfb><C:/Users/aned.esquerra/AppData/Local/Programs/MiKTeX/fonts/
type1/public/lm/lmsy7.pfb><C:/Users/aned.esquerra/AppData/Local/Programs/MiKTeX
/fonts/type1/public/lm/lmsy8.pfb><C:/Users/aned.esquerra/AppData/Local/Programs
/MiKTeX/fonts/type1/public/lm/lmtk10.pfb><C:/Users/aned.esquerra/AppData/Local/
Programs/MiKTeX/fonts/type1/public/lm/lmtt10.pfb><C:/Users/aned.esquerra/AppDat
a/Local/Programs/MiKTeX/fonts/type1/public/lm/lmtt12.pfb><C:/Users/aned.esquerr
a/AppData/Local/Programs/MiKTeX/fonts/type1/public/lm/lmtt8.pfb><C:/Users/aned.
esquerra/AppData/Local/Programs/MiKTeX/fonts/type1/public/lm/lmtti10.pfb><C:/Us
ers/aned.esquerra/AppData/Local/Programs/MiKTeX/fonts/type1/public/amsfonts/sym
bols/msam10.pfb><C:/Users/aned.esquerra/AppData/Local/Programs/MiKTeX/fonts/typ
e1/public/amsfonts/symbols/msbm10.pfb>
Output written on main.pdf (1687 pages, 11701153 bytes).
PDF statistics:
 49971 PDF objects out of 55141 (max. 8388607)
 30291 named destinations out of 31911 (max. 500000)
 129813 words of extra memory for PDF output out of 154059 (max. 10000000)

