warehouse_id,part_id,on_hand,reserved,reorder_point,updated_at
W-03,P-00001,1253,218,188,2026-06-13T23:14:20Z
W-08,P-00002,1749,301,276,2026-06-28T10:02:35Z
W-06,P-00002,1785,232,188,2026-06-04T17:33:47Z
W-01,P-00003,1389,203,279,2026-06-17T16:01:21Z
W-04,P-00003,1660,215,105,2026-06-01T08:34:12Z
W-07,P-00004,982,55,198,2026-06-02T01:16:32Z
W-04,P-00004,225,4,129,2026-06-18T16:28:24Z
W-01,P-00004,1517,244,285,2026-06-05T12:23:12Z
W-01,P-00005,166,6,246,2026-06-18T20:05:44Z
W-03,P-00005,1163,188,68,2026-06-16T23:51:06Z
W-06,P-00005,1006,97,275,2026-06-05T19:10:02Z
W-06,P-00006,310,64,120,2026-06-03T01:36:40Z
W-02,P-00006,374,41,104,2026-06-07T19:46:55Z
W-04,P-00006,1237,175,261,2026-06-01T02:58:01Z
W-07,P-00007,1067,40,56,2026-06-17T23:03:48Z
W-03,P-00007,1777,71,297,2026-06-23T20:57:48Z
W-02,P-00008,1723,155,70,2026-06-22T06:53:04Z
W-05,P-00009,1495,206,215,2026-06-29T06:53:08Z
W-06,P-00009,533,110,128,2026-06-04T02:17:04Z
W-06,P-00010,1723,292,52,2026-06-19T19:57:18Z
W-08,P-00010,1296,222,82,2026-06-23T13:25:32Z
W-07,P-00010,268,51,54,2026-06-09T03:53:16Z
W-01,P-00011,486,39,285,2026-06-19T01:51:05Z
W-08,P-00012,1868,285,59,2026-06-21T09:17:37Z
W-01,P-00012,1570,306,200,2026-06-15T13:15:52Z
W-02,P-00013,428,17,71,2026-06-13T14:40:29Z
W-07,P-00013,1344,77,292,2026-06-23T04:52:40Z
W-05,P-00014,1872,172,204,2026-06-17T19:45:57Z
W-03,P-00014,229,25,118,2026-06-08T03:22:09Z
W-07,P-00014,524,75,63,2026-06-28T14:49:27Z
W-05,P-00015,1059,125,162,2026-06-28T18:05:48Z
W-05,P-00016,1534,179,222,2026-06-04T15:59:58Z
W-08,P-00016,180,18,135,2026-06-25T13:50:04Z
W-01,P-00016,685,90,134,2026-06-14T15:07:45Z
W-05,P-00017,1418,185,193,2026-06-14T18:34:40Z
W-01,P-00017,584,145,287,2026-06-28T13:45:59Z
W-08,P-00017,1852,122,84,2026-06-12T14:35:25Z
W-06,P-00018,617,11,128,2026-06-06T03:55:36Z
W-05,P-00019,1772,265,125,2026-06-26T04:31:47Z
W-03,P-00020,1005,197,281,2026-06-23T00:00:42Z
W-02,P-00020,1501,1,58,2026-06-27T11:15:49Z
W-05,P-00020,277,9,206,2026-06-24T08:17:14Z
W-01,P-00021,1518,376,287,2026-06-28T13:19:05Z
W-06,P-00021,1034,252,179,2026-06-10T18:43:56Z
W-08,P-00021,1837,36,231,2026-06-04T15:00:22Z
W-02,P-00022,50,11,101,2026-06-07T08:24:20Z
W-01,P-00022,782,14,279,2026-06-14T00:58:48Z
W-02,P-00023,108,18,190,2026-06-22T22:01:56Z
W-08,P-00023,1316,254,246,2026-06-06T02:02:46Z
W-04,P-00023,1716,92,145,2026-06-29T19:51:45Z
W-04,P-00024,661,101,80,2026-06-29T07:04:09Z
W-04,P-00025,492,116,74,2026-06-01T15:20:12Z
W-06,P-00025,1010,111,145,2026-06-26T07:43:42Z
W-06,P-00026,1856,333,214,2026-06-27T19:40:43Z
W-04,P-00027,344,79,67,2026-06-02T05:01:34Z
W-06,P-00028,231,31,245,2026-06-10T09:27:05Z
W-08,P-00029,1085,208,238,2026-06-04T03:33:20Z
W-04,P-00029,1736,423,266,2026-06-22T18:54:27Z
W-07,P-00030,987,207,53,2026-06-12T02:56:43Z
W-04,P-00030,1581,220,137,2026-06-16T13:36:27Z
W-05,P-00030,1739,42,236,2026-06-25T04:47:48Z
W-02,P-00031,790,53,296,2026-06-10T18:33:34Z
W-08,P-00031,69,5,90,2026-06-12T19:13:36Z
W-05,P-00032,1928,179,201,2026-06-03T12:22:52Z
W-08,P-00033,1150,40,242,2026-06-30T16:59:52Z
W-04,P-00033,1958,377,291,2026-06-08T22:48:52Z
W-07,P-00033,1016,70,87,2026-06-10T17:15:31Z
W-07,P-00034,561,35,63,2026-06-18T04:52:42Z
W-02,P-00034,874,139,185,2026-06-09T14:09:54Z
W-02,P-00035,1375,13,289,2026-06-15T06:01:07Z
W-05,P-00035,1076,63,231,2026-06-18T21:18:19Z
W-08,P-00035,1906,144,131,2026-06-27T13:05:49Z
W-03,P-00036,349,83,181,2026-06-04T13:03:26Z
W-02,P-00037,434,37,121,2026-06-21T15:10:21Z
W-04,P-00037,1290,65,167,2026-06-03T15:22:18Z
W-03,P-00037,1093,190,155,2026-06-26T05:57:58Z
W-08,P-00038,1308,210,159,2026-06-27T22:09:53Z
W-04,P-00038,17,2,205,2026-06-30T11:28:22Z
W-01,P-00039,1695,408,236,2026-06-12T05:41:53Z
W-02,P-00039,1802,418,180,2026-06-08T07:09:21Z
W-08,P-00040,962,118,235,2026-06-12T19:28:19Z
W-05,P-00040,112,7,291,2026-06-24T12:45:58Z
W-01,P-00040,499,86,100,2026-06-20T23:12:34Z
W-02,P-00041,1401,47,161,2026-06-08T10:50:33Z
W-04,P-00042,1034,201,92,2026-06-23T19:13:22Z
W-03,P-00043,445,73,164,2026-06-15T13:43:21Z
W-06,P-00043,1613,335,258,2026-06-23T08:31:18Z
W-04,P-00043,1554,151,275,2026-06-02T02:36:38Z
W-05,P-00044,157,24,261,2026-06-18T05:18:09Z
W-02,P-00044,1259,308,56,2026-06-11T15:20:36Z
W-08,P-00044,999,210,236,2026-06-03T11:10:45Z
W-02,P-00045,370,39,52,2026-06-01T08:08:06Z
W-06,P-00046,349,82,172,2026-06-09T18:52:13Z
W-07,P-00047,945,148,62,2026-06-26T15:28:51Z
W-06,P-00048,231,6,100,2026-06-17T10:21:53Z
W-01,P-00049,1829,129,63,2026-06-03T12:08:39Z
W-08,P-00050,949,53,238,2026-06-12T03:26:13Z
W-04,P-00050,1105,114,273,2026-06-02T10:39:52Z
W-06,P-00050,1604,311,250,2026-06-20T03:38:00Z
W-06,P-00051,1502,319,51,2026-06-17T22:45:34Z
W-01,P-00052,318,10,164,2026-06-02T21:40:36Z
W-05,P-00052,1990,442,112,2026-06-23T19:12:44Z
W-02,P-00053,347,66,144,2026-06-16T20:37:27Z
W-06,P-00053,560,73,157,2026-06-21T22:07:13Z
W-04,P-00053,1020,115,283,2026-06-21T19:54:20Z
W-04,P-00054,171,32,52,2026-06-02T04:34:48Z
W-01,P-00054,164,28,283,2026-06-05T17:11:15Z
W-02,P-00055,1816,135,206,2026-06-01T17:29:10Z
W-05,P-00055,1005,154,162,2026-06-30T03:48:06Z
W-08,P-00056,1198,72,223,2026-06-05T04:16:33Z
W-05,P-00056,1302,146,184,2026-06-27T08:52:45Z
W-02,P-00057,1942,3,57,2026-06-10T20:31:30Z
W-01,P-00057,1708,64,291,2026-06-08T15:16:10Z
W-08,P-00057,163,37,175,2026-06-15T09:20:15Z
W-04,P-00058,333,11,296,2026-06-17T06:11:25Z
W-05,P-00058,979,173,279,2026-06-29T02:23:36Z
W-01,P-00058,1255,309,151,2026-06-16T22:22:52Z
W-05,P-00059,681,13,246,2026-06-14T02:07:51Z
W-05,P-00060,947,186,205,2026-06-17T07:57:53Z
W-02,P-00060,1182,139,94,2026-06-19T06:03:45Z
W-04,P-00061,1178,142,145,2026-06-28T09:55:39Z
W-07,P-00062,544,41,104,2026-06-06T07:23:51Z
W-08,P-00063,224,38,144,2026-06-01T08:49:49Z
W-05,P-00064,22,1,184,2026-06-02T06:34:01Z
W-04,P-00064,15,0,184,2026-06-20T20:51:58Z
W-01,P-00064,1114,256,166,2026-06-04T00:16:31Z
W-08,P-00065,841,37,176,2026-06-23T02:27:13Z
W-06,P-00065,1511,347,263,2026-06-01T07:13:31Z
W-04,P-00066,369,18,170,2026-06-01T05:09:22Z
W-06,P-00066,67,14,247,2026-06-12T16:22:55Z
W-02,P-00067,1591,286,269,2026-06-28T15:14:14Z
W-07,P-00067,285,2,178,2026-06-01T11:53:59Z
W-03,P-00068,126,8,271,2026-06-07T12:16:59Z
W-05,P-00069,1739,16,192,2026-06-26T06:45:51Z
W-04,P-00069,586,21,76,2026-06-18T15:59:53Z
W-08,P-00069,1370,30,300,2026-06-13T16:40:51Z
W-07,P-00070,1330,127,106,2026-06-12T00:04:09Z
W-06,P-00071,1782,76,274,2026-06-15T00:03:00Z
W-03,P-00071,81,12,202,2026-06-06T04:48:10Z
W-08,P-00072,160,31,286,2026-06-28T13:31:55Z
W-05,P-00072,966,162,66,2026-06-06T14:32:15Z
W-06,P-00072,1774,362,293,2026-06-02T19:38:43Z
W-08,P-00073,780,128,293,2026-06-16T19:32:11Z
W-06,P-00073,934,216,197,2026-06-27T11:15:18Z
W-02,P-00074,1875,249,269,2026-06-16T16:51:59Z
W-04,P-00074,469,23,192,2026-06-18T21:33:58Z
W-05,P-00075,515,77,295,2026-06-06T08:26:23Z
W-06,P-00076,1118,59,285,2026-06-23T10:44:16Z
W-05,P-00077,132,33,259,2026-06-07T19:14:58Z
W-03,P-00078,158,5,90,2026-06-21T07:00:47Z
W-04,P-00078,843,143,292,2026-06-26T11:03:37Z
W-01,P-00078,1272,136,267,2026-06-13T23:53:13Z
W-06,P-00079,1233,155,256,2026-06-15T16:13:20Z
W-02,P-00079,1282,318,262,2026-06-06T04:06:27Z
W-01,P-00079,1042,157,163,2026-06-26T05:10:12Z
W-06,P-00080,206,39,65,2026-06-28T15:41:24Z
W-05,P-00080,711,158,63,2026-06-15T17:43:24Z
W-07,P-00080,1295,296,187,2026-06-11T23:40:23Z
W-05,P-00081,1855,423,220,2026-06-19T06:08:28Z
W-02,P-00081,1557,229,273,2026-06-21T02:08:34Z
W-05,P-00082,423,9,92,2026-06-27T16:31:13Z
W-01,P-00083,864,43,86,2026-06-16T20:07:21Z
W-02,P-00084,1755,21,236,2026-06-01T13:45:35Z
W-06,P-00085,1594,327,145,2026-06-06T06:39:55Z
W-05,P-00085,388,1,234,2026-06-29T16:21:16Z
W-07,P-00085,238,56,256,2026-06-14T14:47:55Z
W-02,P-00086,767,124,62,2026-06-15T12:48:55Z
W-08,P-00087,964,93,183,2026-06-04T06:54:37Z
W-05,P-00088,504,96,168,2026-06-24T19:13:50Z
W-08,P-00088,311,40,101,2026-06-20T22:02:20Z
W-02,P-00088,588,87,216,2026-06-13T10:18:39Z
W-06,P-00089,1295,67,63,2026-06-18T14:14:45Z
W-04,P-00089,652,151,283,2026-06-05T10:11:40Z
W-07,P-00090,1950,300,146,2026-06-17T12:35:09Z
W-02,P-00090,1384,75,275,2026-06-03T10:25:25Z
W-01,P-00091,384,72,292,2026-06-23T05:43:15Z
W-06,P-00091,1584,115,56,2026-06-24T04:47:55Z
W-04,P-00091,217,28,190,2026-06-24T09:45:22Z
W-07,P-00092,932,8,147,2026-06-10T10:31:18Z
W-06,P-00093,1614,172,142,2026-06-15T12:29:05Z
W-08,P-00094,1529,379,168,2026-06-14T21:02:26Z
W-04,P-00094,1978,258,216,2026-06-01T17:23:35Z
W-07,P-00094,611,29,214,2026-06-01T18:43:53Z
W-03,P-00095,1601,266,287,2026-06-07T22:33:16Z
W-07,P-00096,457,46,68,2026-06-19T22:09:22Z
W-05,P-00097,1382,338,161,2026-06-18T02:28:32Z
W-03,P-00097,1410,160,114,2026-06-25T12:23:34Z
W-01,P-00097,458,85,144,2026-06-09T03:24:31Z
W-04,P-00098,806,87,172,2026-06-14T17:56:29Z
W-06,P-00099,1249,169,199,2026-06-08T22:08:34Z
W-02,P-00100,1081,50,222,2026-06-25T15:55:04Z
W-07,P-00100,829,178,250,2026-06-15T09:58:24Z
W-03,P-00101,120,20,85,2026-06-21T22:25:21Z
W-07,P-00101,881,163,215,2026-06-11T08:34:34Z
W-04,P-00102,387,84,84,2026-06-05T06:02:15Z
W-03,P-00102,1083,251,183,2026-06-13T04:18:58Z
W-02,P-00103,1265,196,129,2026-06-12T07:24:41Z
W-03,P-00104,1621,195,233,2026-06-08T19:59:23Z
W-08,P-00104,672,18,85,2026-06-28T13:04:33Z
W-01,P-00104,1850,451,239,2026-06-24T19:43:57Z
W-04,P-00105,308,32,179,2026-06-22T01:05:40Z
W-07,P-00106,480,97,239,2026-06-02T21:50:24Z
W-06,P-00106,798,118,217,2026-06-12T04:54:00Z
W-02,P-00106,1688,264,279,2026-06-25T03:09:04Z
W-01,P-00107,1127,128,151,2026-06-29T15:12:49Z
W-07,P-00107,1946,105,204,2026-06-23T18:17:58Z
W-04,P-00107,1938,160,210,2026-06-27T20:37:38Z
W-01,P-00108,1988,33,225,2026-06-20T02:53:07Z
W-08,P-00108,1822,274,236,2026-06-17T13:34:19Z
W-04,P-00108,379,73,168,2026-06-05T04:15:05Z
W-05,P-00109,793,41,109,2026-06-23T08:00:33Z
W-07,P-00109,881,128,117,2026-06-19T20:16:26Z
W-06,P-00109,1623,77,242,2026-06-20T15:26:52Z
W-08,P-00110,1359,247,54,2026-06-06T00:07:20Z
W-06,P-00110,1134,203,236,2026-06-04T15:36:43Z
W-03,P-00111,1031,64,163,2026-06-13T13:02:06Z
W-01,P-00111,354,4,95,2026-06-27T04:47:31Z
W-07,P-00111,1453,308,263,2026-06-10T23:27:50Z
W-06,P-00112,198,7,67,2026-06-05T07:23:48Z
W-07,P-00112,1844,260,219,2026-06-11T16:29:34Z
W-03,P-00112,1772,367,75,2026-06-19T17:38:56Z
W-07,P-00113,172,42,244,2026-06-05T00:10:14Z
W-06,P-00113,426,82,131,2026-06-14T09:13:21Z
W-01,P-00114,456,35,258,2026-06-08T07:32:09Z
W-02,P-00114,1270,41,103,2026-06-05T01:31:57Z
W-03,P-00115,807,63,233,2026-06-06T05:17:28Z
W-05,P-00115,884,80,50,2026-06-12T07:34:15Z
W-08,P-00116,390,20,88,2026-06-14T11:01:37Z
W-03,P-00117,1429,317,280,2026-06-15T03:05:33Z
W-06,P-00117,599,11,205,2026-06-07T08:41:38Z
W-07,P-00118,553,86,224,2026-06-20T11:24:34Z
W-01,P-00118,966,0,256,2026-06-16T02:42:58Z
W-02,P-00118,70,17,200,2026-06-09T03:31:00Z
W-02,P-00119,903,90,217,2026-06-18T19:28:34Z
W-04,P-00120,1219,263,224,2026-06-12T08:24:37Z
W-02,P-00120,48,1,235,2026-06-16T17:53:01Z
W-03,P-00120,1186,100,258,2026-06-21T07:29:55Z
W-05,P-00121,1117,277,117,2026-06-08T12:37:03Z
W-03,P-00121,998,39,86,2026-06-20T03:39:44Z
W-06,P-00122,770,61,216,2026-06-29T07:39:20Z
W-01,P-00122,31,4,53,2026-06-28T02:21:47Z
W-05,P-00122,310,4,296,2026-06-30T13:57:38Z
W-05,P-00123,281,33,288,2026-06-03T00:04:25Z
W-08,P-00123,572,33,261,2026-06-26T02:44:34Z
W-04,P-00123,1157,54,298,2026-06-11T12:30:44Z
W-01,P-00124,60,2,189,2026-06-30T09:46:09Z
W-04,P-00125,1140,162,279,2026-06-30T06:05:55Z
W-05,P-00125,324,19,282,2026-06-25T02:49:30Z
W-06,P-00125,170,25,169,2026-06-24T18:46:03Z
W-03,P-00126,1654,406,215,2026-06-25T17:19:27Z
W-01,P-00127,1084,229,224,2026-06-28T05:58:40Z
W-04,P-00127,1596,202,104,2026-06-19T08:56:23Z
W-05,P-00127,1508,343,58,2026-06-28T10:11:34Z
W-01,P-00128,941,34,78,2026-06-14T11:57:42Z
W-02,P-00128,1333,128,259,2026-06-08T01:56:12Z
W-05,P-00128,1996,281,266,2026-06-21T11:47:52Z
W-05,P-00129,1270,110,123,2026-06-01T04:28:07Z
W-01,P-00129,439,30,271,2026-06-21T04:20:18Z
W-01,P-00130,889,125,130,2026-06-13T23:50:46Z
W-07,P-00130,1232,83,156,2026-06-12T03:08:59Z
W-03,P-00130,257,44,72,2026-06-10T01:03:45Z
W-07,P-00131,764,48,108,2026-06-15T11:30:33Z
W-05,P-00132,1120,147,129,2026-06-27T21:48:38Z
W-03,P-00132,1359,195,206,2026-06-28T03:11:37Z
W-08,P-00133,1798,225,191,2026-06-14T18:30:59Z
W-01,P-00133,1144,116,112,2026-06-17T08:36:49Z
W-03,P-00133,262,23,253,2026-06-26T12:34:14Z
W-06,P-00134,1456,117,229,2026-06-05T22:29:06Z
W-01,P-00134,1915,449,215,2026-06-20T12:30:09Z
W-08,P-00134,666,138,295,2026-06-24T01:39:52Z
W-04,P-00135,1751,316,274,2026-06-11T12:59:41Z
W-06,P-00135,1257,187,258,2026-06-25T09:43:24Z
W-07,P-00136,956,91,161,2026-06-14T03:48:09Z
W-05,P-00136,176,28,140,2026-06-13T12:38:56Z
W-02,P-00137,1713,115,162,2026-06-15T15:56:38Z
W-01,P-00137,955,222,208,2026-06-28T19:26:52Z
W-08,P-00137,270,7,91,2026-06-29T15:54:35Z
W-07,P-00138,1231,235,140,2026-06-24T18:51:45Z
W-03,P-00138,680,67,207,2026-06-02T03:49:30Z
W-01,P-00139,411,51,62,2026-06-16T09:44:30Z
W-05,P-00139,890,67,164,2026-06-03T13:46:52Z
W-08,P-00139,365,62,267,2026-06-14T04:47:43Z
W-01,P-00140,144,32,193,2026-06-12T07:21:49Z
W-07,P-00141,885,217,232,2026-06-16T05:54:59Z
W-03,P-00142,129,32,83,2026-06-30T00:58:44Z
W-02,P-00143,1353,143,89,2026-06-23T01:31:54Z
W-05,P-00143,671,152,97,2026-06-10T00:40:34Z
W-08,P-00144,201,23,244,2026-06-12T04:01:03Z
W-04,P-00144,1772,352,249,2026-06-21T02:35:53Z
W-07,P-00144,783,56,220,2026-06-06T01:09:58Z
W-07,P-00145,49,6,168,2026-06-12T01:34:58Z
W-01,P-00146,62,4,152,2026-06-18T22:55:27Z
W-06,P-00146,1537,30,173,2026-06-28T01:51:55Z
W-02,P-00146,529,72,153,2026-06-18T19:14:01Z
W-05,P-00147,695,98,237,2026-06-15T02:35:58Z
W-08,P-00148,1772,265,58,2026-06-25T11:39:00Z
W-01,P-00149,669,155,205,2026-06-17T18:15:46Z
W-07,P-00149,1479,224,196,2026-06-19T16:02:32Z
W-05,P-00150,1439,126,203,2026-06-28T23:06:03Z
W-07,P-00151,1258,304,267,2026-06-10T11:06:22Z
W-08,P-00152,1151,19,104,2026-06-19T08:23:28Z
W-03,P-00152,1209,151,145,2026-06-07T12:16:19Z
W-02,P-00153,859,199,213,2026-06-22T02:04:33Z
W-06,P-00153,266,56,219,2026-06-04T10:26:07Z
W-04,P-00154,204,31,177,2026-06-16T23:53:04Z
W-07,P-00155,477,67,269,2026-06-21T12:39:22Z
W-05,P-00155,397,5,152,2026-06-12T17:41:27Z
W-04,P-00155,539,129,219,2026-06-05T12:36:56Z
W-07,P-00156,417,46,261,2026-06-06T12:35:13Z
W-02,P-00157,205,14,148,2026-06-29T15:13:20Z
W-04,P-00158,153,26,93,2026-06-01T13:51:22Z
W-03,P-00158,1184,267,204,2026-06-06T02:45:33Z
W-01,P-00158,1251,241,180,2026-06-26T17:48:29Z
W-08,P-00159,783,147,250,2026-06-15T03:15:00Z
W-05,P-00159,1660,127,87,2026-06-03T10:07:24Z
W-06,P-00159,447,33,253,2026-06-03T14:58:35Z
W-04,P-00160,1461,47,239,2026-06-14T19:21:03Z
W-08,P-00160,1468,93,174,2026-06-29T19:49:22Z
W-02,P-00161,1350,36,287,2026-06-17T05:42:03Z
W-06,P-00161,1467,247,236,2026-06-02T07:18:59Z
W-02,P-00162,1082,56,119,2026-06-11T22:59:43Z
W-08,P-00163,1909,125,298,2026-06-11T17:15:15Z
W-04,P-00164,662,140,73,2026-06-25T01:47:08Z
W-08,P-00164,1563,360,97,2026-06-23T03:54:57Z
W-02,P-00165,1063,197,84,2026-06-04T20:59:34Z
W-01,P-00165,1937,311,198,2026-06-20T10:43:08Z
W-03,P-00166,1910,155,102,2026-06-25T04:30:39Z
W-05,P-00166,774,12,230,2026-06-10T04:42:54Z
W-07,P-00166,934,34,126,2026-06-27T07:40:02Z
W-02,P-00167,108,24,143,2026-06-24T06:47:43Z
W-08,P-00167,242,6,220,2026-06-26T09:36:02Z
W-07,P-00167,938,218,58,2026-06-05T00:05:20Z
W-07,P-00168,1497,351,90,2026-06-27T17:48:03Z
W-02,P-00168,1705,231,93,2026-06-18T21:04:55Z
W-06,P-00168,1597,173,288,2026-06-10T20:15:01Z
W-05,P-00169,1094,38,193,2026-06-15T20:03:19Z
W-07,P-00169,886,39,138,2026-06-06T00:52:48Z
W-03,P-00170,1956,154,206,2026-06-17T02:55:17Z
W-06,P-00171,1139,177,200,2026-06-08T18:49:17Z
W-07,P-00171,239,18,291,2026-06-13T10:10:23Z
W-02,P-00172,1225,97,160,2026-06-19T02:15:23Z
W-04,P-00172,125,10,184,2026-06-21T21:29:20Z
W-03,P-00173,401,61,78,2026-06-22T18:53:20Z
W-01,P-00173,204,27,102,2026-06-08T02:43:21Z
W-06,P-00174,1816,14,51,2026-06-17T07:22:26Z
W-02,P-00175,33,6,259,2026-06-12T05:04:10Z
W-05,P-00175,1518,241,291,2026-06-14T14:23:03Z
W-04,P-00175,501,97,265,2026-06-06T18:06:06Z
W-08,P-00176,957,144,274,2026-06-20T03:29:02Z
W-04,P-00176,825,159,81,2026-06-30T13:26:38Z
W-07,P-00176,1868,87,134,2026-06-17T10:34:27Z
W-04,P-00177,484,99,230,2026-06-01T18:06:58Z
W-08,P-00177,178,38,280,2026-06-19T09:57:13Z
W-05,P-00177,1903,2,243,2026-06-03T19:17:05Z
W-06,P-00178,1408,88,243,2026-06-20T21:52:01Z
W-04,P-00179,1813,266,67,2026-06-28T09:40:24Z
W-01,P-00179,137,4,141,2026-06-11T07:30:06Z
W-06,P-00180,1773,249,287,2026-06-08T13:49:38Z
W-04,P-00180,969,71,210,2026-06-29T10:18:17Z
W-04,P-00181,280,51,189,2026-06-18T11:31:45Z
W-06,P-00181,1614,123,76,2026-06-10T04:44:05Z
W-08,P-00182,1492,332,251,2026-06-07T21:47:28Z
W-04,P-00183,1872,137,149,2026-06-26T13:28:27Z
W-06,P-00183,780,12,132,2026-06-05T19:05:01Z
W-08,P-00183,1184,252,120,2026-06-27T06:55:23Z
W-03,P-00184,1591,319,224,2026-06-11T01:53:41Z
W-02,P-00184,66,13,238,2026-06-16T18:34:26Z
W-05,P-00184,974,69,76,2026-06-29T19:53:35Z
W-07,P-00185,979,26,124,2026-06-05T19:44:46Z
W-03,P-00185,1092,51,96,2026-06-29T07:15:57Z
W-07,P-00186,179,29,60,2026-06-30T21:30:48Z
W-08,P-00186,162,37,258,2026-06-24T13:57:09Z
W-03,P-00187,1872,284,106,2026-06-18T17:09:36Z
W-04,P-00187,1601,372,255,2026-06-23T06:00:07Z
W-06,P-00187,435,53,234,2026-06-27T05:39:22Z
W-06,P-00188,931,37,177,2026-06-11T10:07:02Z
W-07,P-00188,669,96,152,2026-06-03T15:08:06Z
W-03,P-00189,1709,270,211,2026-06-16T03:32:16Z
W-01,P-00189,684,92,71,2026-06-16T13:12:54Z
W-07,P-00190,1170,87,147,2026-06-15T17:57:17Z
W-02,P-00190,1895,260,171,2026-06-19T22:51:23Z
W-08,P-00190,589,99,155,2026-06-01T00:53:07Z
W-02,P-00191,994,192,105,2026-06-24T10:20:12Z
W-03,P-00191,958,11,139,2026-06-19T21:43:58Z
W-06,P-00192,1968,103,202,2026-06-06T20:41:30Z
W-02,P-00192,1576,208,220,2026-06-11T10:06:12Z
W-08,P-00193,103,8,205,2026-06-14T21:48:30Z
W-04,P-00193,1231,271,205,2026-06-14T15:57:24Z
W-07,P-00193,1416,151,219,2026-06-07T03:34:50Z
W-04,P-00194,149,30,205,2026-06-19T23:58:11Z
W-07,P-00194,1969,69,126,2026-06-26T18:17:07Z
W-08,P-00194,1946,199,236,2026-06-28T09:29:18Z
W-04,P-00195,799,40,199,2026-06-12T15:43:18Z
W-08,P-00195,1098,215,162,2026-06-20T04:45:51Z
W-03,P-00196,1405,93,87,2026-06-30T11:37:37Z
W-04,P-00197,1213,279,111,2026-06-18T16:11:55Z
W-01,P-00197,499,70,180,2026-06-04T23:06:55Z
W-02,P-00197,1321,145,87,2026-06-21T11:49:00Z
W-03,P-00198,118,10,162,2026-06-27T12:12:22Z
W-01,P-00198,378,78,233,2026-06-30T09:43:33Z
W-08,P-00198,414,74,286,2026-06-27T08:23:00Z
W-03,P-00199,1058,174,167,2026-06-29T23:03:08Z
W-07,P-00199,564,115,60,2026-06-07T08:30:07Z
W-06,P-00200,1474,343,153,2026-06-13T10:43:21Z
W-01,P-00200,1929,409,184,2026-06-08T23:13:53Z
W-08,P-00200,1482,70,219,2026-06-13T01:48:46Z
W-05,P-00201,1068,254,105,2026-06-20T07:23:06Z
W-07,P-00202,304,37,138,2026-06-19T13:35:15Z
W-06,P-00202,1314,147,79,2026-06-09T05:43:20Z
W-08,P-00203,135,22,261,2026-06-04T10:13:20Z
W-03,P-00203,554,27,63,2026-06-16T09:30:17Z
W-02,P-00203,495,37,129,2026-06-16T01:29:27Z
W-04,P-00204,629,91,103,2026-06-30T00:00:17Z
W-01,P-00205,1996,206,243,2026-06-14T15:18:43Z
W-04,P-00205,914,49,87,2026-06-18T15:49:29Z
W-03,P-00206,959,127,154,2026-06-28T12:19:55Z
W-05,P-00206,1419,89,182,2026-06-02T05:34:09Z
W-06,P-00206,1872,261,197,2026-06-22T17:17:07Z
W-01,P-00207,94,14,295,2026-06-05T14:38:27Z
W-01,P-00208,30,1,293,2026-06-09T12:47:02Z
W-06,P-00209,1997,343,199,2026-06-14T04:55:36Z
W-04,P-00209,768,126,279,2026-06-27T22:13:41Z
W-05,P-00209,1157,200,268,2026-06-26T17:36:32Z
W-03,P-00210,315,28,236,2026-06-09T05:26:08Z
W-04,P-00211,159,39,117,2026-06-18T22:03:16Z
W-07,P-00211,938,6,184,2026-06-16T16:25:41Z
W-06,P-00212,1181,266,236,2026-06-06T10:41:19Z
W-02,P-00212,1699,154,188,2026-06-18T10:58:00Z
W-05,P-00212,495,87,128,2026-06-13T05:59:32Z
W-06,P-00213,530,118,286,2026-06-18T13:46:43Z
W-03,P-00213,695,156,109,2026-06-12T09:18:50Z
W-05,P-00214,1553,52,179,2026-06-08T17:07:49Z
W-02,P-00215,1399,171,236,2026-06-08T12:58:06Z
W-06,P-00215,1552,294,268,2026-06-05T02:08:48Z
W-06,P-00216,786,181,113,2026-06-20T23:37:30Z
W-07,P-00217,1137,5,290,2026-06-08T04:22:27Z
W-05,P-00218,1794,54,115,2026-06-15T03:11:29Z
W-01,P-00218,799,31,171,2026-06-03T12:51:02Z
W-04,P-00218,1659,276,266,2026-06-03T11:53:33Z
W-05,P-00219,94,23,244,2026-06-06T00:13:38Z
W-04,P-00219,1078,226,129,2026-06-08T00:32:33Z
W-01,P-00219,1812,329,191,2026-06-11T09:39:15Z
W-07,P-00220,430,74,99,2026-06-10T19:46:05Z
W-06,P-00221,310,62,214,2026-06-04T20:07:09Z
W-03,P-00221,892,9,164,2026-06-02T02:23:48Z
W-04,P-00222,1782,214,284,2026-06-17T08:53:09Z
W-03,P-00222,1842,433,86,2026-06-11T23:40:53Z
W-06,P-00222,1809,412,181,2026-06-08T06:27:46Z
W-04,P-00223,1283,250,154,2026-06-13T08:21:02Z
W-07,P-00224,886,213,94,2026-06-05T15:58:39Z
W-03,P-00224,336,60,272,2026-06-19T04:58:31Z
W-01,P-00224,1054,115,95,2026-06-30T02:14:10Z
W-03,P-00225,1701,102,263,2026-06-06T02:35:41Z
W-02,P-00225,1154,272,125,2026-06-23T07:34:46Z
W-06,P-00225,1409,285,177,2026-06-15T00:09:18Z
W-04,P-00226,8,1,206,2026-06-17T07:56:09Z
W-01,P-00226,1721,18,289,2026-06-19T06:33:55Z
W-03,P-00227,165,35,225,2026-06-12T05:02:15Z
W-04,P-00228,1961,5,187,2026-06-16T16:41:24Z
W-07,P-00229,1510,169,284,2026-06-29T08:20:02Z
W-06,P-00229,1789,258,271,2026-06-22T07:57:28Z
W-07,P-00230,1582,187,184,2026-06-28T01:53:04Z
W-06,P-00231,1419,316,250,2026-06-11T09:19:54Z
W-01,P-00231,1087,159,251,2026-06-06T02:17:09Z
W-08,P-00231,1486,164,199,2026-06-09T10:12:52Z
W-01,P-00232,537,13,72,2026-06-18T14:13:10Z
W-02,P-00232,1530,187,122,2026-06-22T18:36:42Z
W-06,P-00233,748,67,97,2026-06-03T04:05:31Z
W-04,P-00233,762,148,222,2026-06-20T15:38:10Z
W-01,P-00233,1062,53,246,2026-06-16T14:57:28Z
W-06,P-00234,1254,278,243,2026-06-21T03:11:25Z
W-02,P-00235,1557,266,267,2026-06-08T11:50:47Z
W-07,P-00235,1354,305,229,2026-06-02T01:47:36Z
W-06,P-00236,1760,440,158,2026-06-08T08:04:37Z
W-05,P-00236,332,76,286,2026-06-03T13:26:57Z
W-04,P-00236,1544,374,133,2026-06-29T18:47:51Z
W-04,P-00237,171,4,186,2026-06-14T19:13:18Z
W-08,P-00237,10,0,71,2026-06-07T19:21:52Z
W-04,P-00238,644,0,154,2026-06-14T06:35:18Z
W-07,P-00238,409,27,245,2026-06-11T00:03:26Z
W-01,P-00239,593,140,77,2026-06-05T18:04:40Z
W-08,P-00239,1089,134,262,2026-06-22T00:56:11Z
W-02,P-00239,57,0,135,2026-06-16T10:45:21Z
W-07,P-00240,1891,271,236,2026-06-06T01:46:41Z
W-01,P-00240,1721,203,75,2026-06-09T02:55:02Z
W-02,P-00241,841,129,266,2026-06-28T19:57:06Z
W-01,P-00241,633,147,293,2026-06-20T14:06:01Z
W-07,P-00242,1994,178,146,2026-06-07T11:39:33Z
W-06,P-00242,812,163,138,2026-06-02T07:13:53Z
W-07,P-00243,1573,264,279,2026-06-14T13:05:18Z
W-01,P-00243,1873,73,297,2026-06-12T11:55:05Z
W-01,P-00244,241,60,259,2026-06-16T18:08:52Z
W-05,P-00245,789,114,156,2026-06-06T08:46:40Z
W-02,P-00246,1839,136,189,2026-06-20T05:40:51Z
W-04,P-00246,707,138,232,2026-06-03T23:14:46Z
W-04,P-00247,1048,238,185,2026-06-10T14:42:40Z
W-06,P-00247,499,109,235,2026-06-27T06:30:13Z
W-06,P-00248,1101,179,253,2026-06-26T08:59:52Z
W-03,P-00249,1865,181,113,2026-06-25T10:09:37Z
W-05,P-00249,61,14,93,2026-06-14T15:19:35Z
W-04,P-00250,63,1,279,2026-06-23T21:49:05Z
W-01,P-00251,578,107,233,2026-06-28T07:44:33Z
W-04,P-00251,747,152,216,2026-06-01T16:23:54Z
W-06,P-00252,1202,180,123,2026-06-05T07:08:08Z
W-02,P-00253,1699,331,203,2026-06-02T16:01:44Z
W-05,P-00253,768,42,140,2026-06-01T22:02:38Z
W-06,P-00253,800,77,52,2026-06-05T23:58:32Z
W-06,P-00254,1044,161,84,2026-06-25T19:42:49Z
W-03,P-00254,1226,205,296,2026-06-01T13:17:53Z
W-07,P-00255,1271,170,158,2026-06-15T19:13:30Z
W-04,P-00256,1235,259,214,2026-06-17T01:33:40Z
W-01,P-00256,1317,164,111,2026-06-18T14:23:40Z
W-06,P-00256,333,70,295,2026-06-07T03:15:35Z
W-06,P-00257,197,23,103,2026-06-30T00:42:44Z
W-01,P-00257,1567,345,222,2026-06-27T09:25:34Z
W-04,P-00258,1016,109,214,2026-06-28T19:15:40Z
W-05,P-00258,911,131,257,2026-06-10T03:46:21Z
W-08,P-00259,1514,310,265,2026-06-27T14:52:08Z
W-07,P-00260,178,13,294,2026-06-29T00:39:42Z
W-08,P-00261,857,133,109,2026-06-04T01:20:02Z
W-04,P-00262,185,46,168,2026-06-25T23:04:07Z
W-08,P-00263,267,47,222,2026-06-01T10:24:38Z
W-04,P-00264,1402,61,95,2026-06-13T06:22:48Z
W-03,P-00264,309,38,91,2026-06-07T13:46:30Z
W-03,P-00265,682,11,242,2026-06-23T19:44:27Z
W-05,P-00265,512,115,297,2026-06-04T03:26:47Z
W-06,P-00265,1985,93,291,2026-06-09T07:35:19Z
W-06,P-00266,557,68,282,2026-06-09T08:38:20Z
W-07,P-00266,461,14,280,2026-06-22T23:05:51Z
W-05,P-00267,1543,283,179,2026-06-09T14:33:03Z
W-04,P-00267,1081,86,254,2026-06-14T02:25:08Z
W-03,P-00268,1161,99,97,2026-06-21T05:57:23Z
W-04,P-00269,579,9,69,2026-06-13T15:25:45Z
W-01,P-00269,271,14,225,2026-06-02T09:07:23Z
W-03,P-00270,136,8,62,2026-06-26T17:24:16Z
W-02,P-00270,448,59,74,2026-06-10T17:32:53Z
W-06,P-00271,1997,373,160,2026-06-18T13:28:21Z
W-08,P-00271,486,94,124,2026-06-29T22:31:53Z
W-03,P-00271,1868,152,221,2026-06-07T17:38:48Z
W-02,P-00272,954,72,178,2026-06-29T16:27:57Z
W-03,P-00272,1105,186,93,2026-06-12T01:27:39Z
W-07,P-00272,774,138,164,2026-06-21T23:00:33Z
W-05,P-00273,833,194,219,2026-06-18T08:20:26Z
W-02,P-00274,441,13,291,2026-06-16T13:58:19Z
W-03,P-00275,584,66,243,2026-06-03T07:13:39Z
W-08,P-00275,1607,155,175,2026-06-04T14:01:40Z
W-05,P-00275,983,142,169,2026-06-05T02:39:48Z
W-02,P-00276,1268,221,99,2026-06-08T23:11:21Z
W-04,P-00276,1321,246,95,2026-06-18T20:14:50Z
W-04,P-00277,1135,217,297,2026-06-12T12:59:28Z
W-06,P-00278,971,50,228,2026-06-13T06:51:16Z
W-03,P-00278,614,101,121,2026-06-25T22:40:58Z
W-05,P-00278,1726,112,258,2026-06-24T11:22:48Z
W-08,P-00279,1196,261,190,2026-06-29T01:12:59Z
W-04,P-00279,580,120,211,2026-06-29T05:42:43Z
W-01,P-00279,410,26,90,2026-06-01T03:09:03Z
W-03,P-00280,1600,300,167,2026-06-02T08:51:51Z
W-02,P-00281,733,160,285,2026-06-10T16:11:31Z
W-01,P-00281,896,85,299,2026-06-08T18:55:42Z
W-04,P-00281,556,100,145,2026-06-23T09:08:04Z
W-01,P-00282,658,54,168,2026-06-14T06:12:58Z
W-08,P-00283,1811,142,245,2026-06-17T07:42:19Z
W-04,P-00283,1349,20,79,2026-06-10T14:58:29Z
W-02,P-00284,505,61,167,2026-06-08T12:48:03Z
W-06,P-00284,21,0,254,2026-06-26T20:03:31Z
W-07,P-00285,194,40,289,2026-06-14T23:11:55Z
W-08,P-00285,1360,114,223,2026-06-14T12:46:07Z
W-04,P-00285,2,0,248,2026-06-15T08:36:27Z
W-08,P-00286,1478,187,99,2026-06-18T17:09:45Z
W-07,P-00286,1317,71,237,2026-06-16T00:07:46Z
W-04,P-00286,516,21,272,2026-06-25T05:20:41Z
W-07,P-00287,1007,203,199,2026-06-29T10:28:40Z
W-04,P-00287,1799,67,149,2026-06-10T03:56:39Z
W-08,P-00287,1859,311,53,2026-06-16T09:56:10Z
W-01,P-00288,488,42,53,2026-06-03T04:01:03Z
W-06,P-00288,1030,5,215,2026-06-30T21:34:49Z
W-04,P-00289,1498,36,185,2026-06-13T07:16:02Z
W-03,P-00289,1361,279,249,2026-06-22T08:01:38Z
W-08,P-00290,1066,206,245,2026-06-23T06:45:00Z
W-06,P-00291,315,56,217,2026-06-23T08:46:08Z
W-07,P-00291,1104,226,80,2026-06-18T13:38:12Z
W-05,P-00291,1802,205,160,2026-06-24T13:50:48Z
W-07,P-00292,1885,140,253,2026-06-28T00:52:23Z
W-03,P-00293,6,1,84,2026-06-30T06:29:26Z
W-07,P-00294,12,2,203,2026-06-12T12:53:16Z
W-03,P-00294,519,17,222,2026-06-20T03:13:43Z
W-05,P-00295,1759,67,52,2026-06-14T11:20:26Z
W-06,P-00295,663,104,185,2026-06-16T17:36:58Z
W-04,P-00296,875,37,65,2026-06-18T20:31:19Z
W-06,P-00296,1489,57,156,2026-06-06T06:27:12Z
W-02,P-00296,403,33,117,2026-06-23T20:51:12Z
W-07,P-00297,538,79,142,2026-06-24T10:00:28Z
W-08,P-00298,1676,32,187,2026-06-07T16:44:25Z
W-01,P-00299,1804,244,191,2026-06-23T14:43:16Z
W-06,P-00299,341,10,152,2026-06-07T20:05:11Z
W-07,P-00300,73,7,60,2026-06-03T04:00:41Z
W-04,P-00301,1373,261,184,2026-06-01T00:20:58Z
W-07,P-00302,1956,53,138,2026-06-22T13:58:16Z
W-06,P-00302,1300,13,86,2026-06-06T22:16:24Z
W-05,P-00302,1072,88,255,2026-06-20T05:37:09Z
W-05,P-00303,1237,233,257,2026-06-13T05:36:41Z
W-01,P-00303,1060,117,51,2026-06-18T15:25:53Z
W-02,P-00303,1567,147,240,2026-06-11T03:50:27Z
W-02,P-00304,119,7,235,2026-06-06T02:54:52Z
W-06,P-00305,1150,208,248,2026-06-23T14:27:41Z
W-04,P-00305,246,35,174,2026-06-22T03:45:19Z
W-05,P-00305,1342,197,181,2026-06-22T20:52:10Z
W-04,P-00306,968,47,216,2026-06-20T23:56:53Z
W-08,P-00306,1451,298,214,2026-06-24T07:41:09Z
W-05,P-00307,637,33,136,2026-06-22T11:25:34Z
W-08,P-00307,784,75,219,2026-06-07T07:21:32Z
W-07,P-00308,610,48,119,2026-06-01T16:30:21Z
W-03,P-00308,948,92,255,2026-06-23T14:20:25Z
W-02,P-00308,1372,264,202,2026-06-07T01:54:54Z
W-07,P-00309,951,89,152,2026-06-05T07:30:52Z
W-08,P-00309,1515,125,52,2026-06-08T05:22:13Z
W-05,P-00309,770,117,193,2026-06-12T02:34:06Z
W-07,P-00310,1950,176,284,2026-06-10T06:22:45Z
W-03,P-00311,1291,160,86,2026-06-02T04:00:33Z
W-06,P-00311,762,36,87,2026-06-24T20:47:18Z
W-05,P-00311,744,99,179,2026-06-17T04:27:10Z
W-07,P-00312,966,3,173,2026-06-02T10:10:56Z
W-06,P-00313,1800,309,270,2026-06-11T07:57:56Z
W-05,P-00313,1813,65,163,2026-06-15T23:13:43Z
W-03,P-00313,1906,439,149,2026-06-06T19:08:13Z
W-02,P-00314,500,52,65,2026-06-16T19:03:15Z
W-05,P-00314,277,53,183,2026-06-04T13:51:36Z
W-08,P-00315,1004,192,174,2026-06-16T13:29:29Z
W-05,P-00315,1501,297,198,2026-06-02T10:50:37Z
W-07,P-00315,1965,152,143,2026-06-15T16:09:55Z
W-04,P-00316,1292,251,189,2026-06-12T23:49:34Z
W-05,P-00316,1372,45,187,2026-06-26T01:05:42Z
W-01,P-00316,850,172,201,2026-06-22T09:03:31Z
W-07,P-00317,696,73,118,2026-06-26T07:51:13Z
W-01,P-00318,449,85,167,2026-06-21T06:11:31Z
W-02,P-00318,1284,144,102,2026-06-29T17:57:33Z
W-04,P-00319,1954,11,69,2026-06-17T06:20:21Z
W-06,P-00319,1135,25,102,2026-06-27T09:18:06Z
W-05,P-00320,1049,60,276,2026-06-14T16:57:28Z
W-04,P-00320,1281,125,73,2026-06-03T19:59:58Z
W-07,P-00320,740,64,125,2026-06-29T11:04:17Z
W-02,P-00321,1017,236,160,2026-06-06T16:46:00Z
W-03,P-00321,150,28,296,2026-06-14T00:02:52Z
W-08,P-00322,1902,151,107,2026-06-19T23:30:35Z
W-06,P-00322,319,65,93,2026-06-26T12:32:49Z
W-05,P-00322,496,31,159,2026-06-04T20:17:54Z
W-02,P-00323,786,117,74,2026-06-02T15:53:13Z
W-01,P-00323,846,184,232,2026-06-18T08:37:53Z
W-03,P-00323,375,39,226,2026-06-30T21:26:53Z
W-02,P-00324,1021,248,186,2026-06-19T05:56:19Z
W-05,P-00324,1033,186,296,2026-06-18T22:05:34Z
W-01,P-00324,156,26,128,2026-06-12T17:37:41Z
W-05,P-00325,90,10,183,2026-06-19T10:48:42Z
W-04,P-00325,191,9,152,2026-06-17T23:35:09Z
W-07,P-00326,1590,29,124,2026-06-27T17:51:36Z
W-04,P-00326,38,8,157,2026-06-28T19:52:19Z
W-06,P-00326,1975,389,101,2026-06-16T19:23:25Z
W-04,P-00327,1112,181,61,2026-06-15T17:40:58Z
W-01,P-00327,1023,83,130,2026-06-30T04:37:56Z
W-03,P-00327,36,6,102,2026-06-04T23:55:34Z
W-06,P-00328,1653,261,239,2026-06-08T02:21:07Z
W-01,P-00329,339,31,56,2026-06-03T17:28:46Z
W-03,P-00329,574,132,153,2026-06-16T01:06:59Z
W-08,P-00330,202,11,177,2026-06-25T01:56:34Z
W-06,P-00330,1258,69,150,2026-06-14T04:58:01Z
W-03,P-00331,1292,279,240,2026-06-14T00:32:19Z
W-04,P-00331,1866,48,299,2026-06-27T17:11:44Z
W-05,P-00331,1747,141,252,2026-06-28T09:42:53Z
W-03,P-00332,1262,266,217,2026-06-26T21:58:39Z
W-07,P-00332,1678,94,81,2026-06-29T03:32:42Z
W-02,P-00332,1454,142,154,2026-06-28T18:07:12Z
W-02,P-00333,976,58,175,2026-06-25T01:18:24Z
W-05,P-00333,1403,314,108,2026-06-24T14:32:22Z
W-01,P-00334,597,126,124,2026-06-19T02:59:14Z
W-02,P-00334,2000,70,193,2026-06-08T00:57:46Z
W-06,P-00334,1482,302,180,2026-06-10T00:17:58Z
W-06,P-00335,1434,20,293,2026-06-04T04:23:10Z
W-06,P-00336,1282,250,208,2026-06-21T17:38:19Z
W-04,P-00336,905,212,167,2026-06-07T17:59:10Z
W-02,P-00336,840,107,240,2026-06-23T12:51:55Z
W-01,P-00337,1929,284,247,2026-06-13T09:17:19Z
W-03,P-00338,1447,177,236,2026-06-10T01:34:23Z
W-02,P-00338,1155,100,189,2026-06-05T22:50:10Z
W-03,P-00339,1981,397,253,2026-06-06T16:52:00Z
W-07,P-00340,1376,266,111,2026-06-30T15:00:20Z
W-05,P-00341,1611,259,121,2026-06-15T17:15:22Z
W-07,P-00341,1765,208,253,2026-06-15T00:39:19Z
W-08,P-00341,790,175,283,2026-06-03T07:58:39Z
W-03,P-00342,621,122,149,2026-06-13T15:58:14Z
W-04,P-00343,1589,383,252,2026-06-16T16:32:08Z
W-03,P-00344,512,17,201,2026-06-30T09:56:04Z
W-06,P-00344,1754,254,180,2026-06-14T21:29:34Z
W-03,P-00345,145,28,259,2026-06-26T20:12:16Z
W-02,P-00345,558,93,227,2026-06-04T14:04:08Z
W-01,P-00345,137,33,296,2026-06-04T06:25:04Z
W-08,P-00346,607,83,67,2026-06-23T08:40:11Z
W-01,P-00347,651,153,86,2026-06-19T16:28:59Z
W-05,P-00347,1631,33,111,2026-06-20T03:29:59Z
W-04,P-00347,1058,155,56,2026-06-19T01:08:18Z
W-02,P-00348,1207,226,69,2026-06-18T08:42:22Z
W-06,P-00348,309,12,160,2026-06-23T15:41:39Z
W-04,P-00349,1620,323,180,2026-06-11T00:17:00Z
W-07,P-00349,1314,104,57,2026-06-01T04:35:51Z
W-02,P-00350,455,75,94,2026-06-14T02:18:53Z
W-08,P-00351,1071,67,226,2026-06-18T02:16:25Z
W-05,P-00351,581,0,167,2026-06-15T20:58:15Z
W-01,P-00351,744,105,85,2026-06-09T02:12:24Z
W-01,P-00352,79,16,214,2026-06-06T06:32:32Z
W-03,P-00352,1353,184,269,2026-06-19T17:59:36Z
W-01,P-00353,945,24,205,2026-06-23T08:13:22Z
W-04,P-00353,1175,168,160,2026-06-18T11:01:11Z
W-07,P-00353,905,162,53,2026-06-12T02:41:12Z
W-01,P-00354,214,51,214,2026-06-11T05:57:34Z
W-04,P-00354,1488,241,79,2026-06-13T17:44:05Z
W-04,P-00355,1647,276,188,2026-06-20T10:39:32Z
W-01,P-00356,564,48,211,2026-06-02T19:42:25Z
W-04,P-00356,547,102,91,2026-06-30T23:45:46Z
W-08,P-00356,304,16,128,2026-06-07T15:09:51Z
W-08,P-00357,725,166,136,2026-06-10T00:54:36Z
W-05,P-00358,753,25,251,2026-06-03T20:18:43Z
W-02,P-00358,1296,138,159,2026-06-15T12:56:51Z
W-01,P-00358,456,9,170,2026-06-24T15:39:04Z
W-07,P-00359,238,3,280,2026-06-05T08:35:14Z
W-08,P-00360,795,197,97,2026-06-15T21:18:43Z
W-04,P-00360,472,8,51,2026-06-26T23:29:34Z
W-08,P-00361,852,155,149,2026-06-27T08:33:30Z
W-02,P-00361,1447,253,248,2026-06-29T20:40:31Z
W-01,P-00361,421,47,68,2026-06-21T07:09:54Z
W-08,P-00362,1779,190,53,2026-06-13T18:00:09Z
W-02,P-00362,1069,199,63,2026-06-05T16:23:22Z
W-04,P-00363,1745,9,280,2026-06-08T20:21:55Z
W-06,P-00364,1437,248,67,2026-06-11T19:40:13Z
W-05,P-00364,847,71,136,2026-06-02T03:42:23Z
W-02,P-00364,170,13,285,2026-06-27T17:52:35Z
W-07,P-00365,1296,235,190,2026-06-01T13:42:35Z
W-08,P-00365,217,37,66,2026-06-08T12:36:09Z
W-02,P-00365,1189,124,255,2026-06-18T13:31:52Z
W-01,P-00366,238,2,242,2026-06-07T08:45:14Z
W-06,P-00367,1271,106,277,2026-06-24T04:42:53Z
W-04,P-00368,215,34,211,2026-06-09T14:59:02Z
W-01,P-00369,1855,263,171,2026-06-22T09:07:46Z
W-06,P-00369,795,66,134,2026-06-21T06:29:45Z
W-07,P-00369,1431,177,210,2026-06-21T09:42:21Z
W-03,P-00370,1029,74,199,2026-06-17T07:31:52Z
W-05,P-00370,492,59,291,2026-06-23T01:11:07Z
W-07,P-00371,1018,237,226,2026-06-27T18:35:05Z
W-05,P-00371,1309,193,63,2026-06-05T23:12:45Z
W-08,P-00371,950,214,184,2026-06-06T07:53:25Z
W-04,P-00372,1621,44,120,2026-06-22T20:51:37Z
W-07,P-00372,1157,210,256,2026-06-23T18:21:23Z
W-04,P-00373,1298,163,218,2026-06-18T16:17:17Z
W-05,P-00373,1258,191,227,2026-06-22T15:59:57Z
W-06,P-00373,229,44,56,2026-06-28T21:11:15Z
W-05,P-00374,1517,283,191,2026-06-14T23:21:42Z
W-08,P-00375,467,76,99,2026-06-28T03:13:19Z
W-03,P-00375,1379,53,215,2026-06-14T14:50:53Z
W-07,P-00375,1287,70,121,2026-06-09T08:12:50Z
W-02,P-00376,854,98,226,2026-06-18T13:13:27Z
W-07,P-00376,357,48,186,2026-06-06T16:10:36Z
W-07,P-00377,1448,315,130,2026-06-24T12:33:46Z
W-06,P-00377,1663,344,286,2026-06-15T10:18:06Z
W-04,P-00378,1568,259,275,2026-06-15T05:43:36Z
W-07,P-00378,1449,299,156,2026-06-09T12:14:37Z
W-01,P-00378,1204,2,88,2026-06-13T02:10:37Z
W-02,P-00379,195,46,188,2026-06-28T20:02:25Z
W-04,P-00379,490,63,273,2026-06-28T13:14:19Z
W-07,P-00380,1634,6,293,2026-06-05T06:21:55Z
W-03,P-00381,375,59,171,2026-06-10T08:24:14Z
W-07,P-00381,343,14,238,2026-06-28T02:31:23Z
W-01,P-00382,124,6,92,2026-06-20T12:16:20Z
W-08,P-00382,1024,161,183,2026-06-11T16:38:10Z
W-02,P-00383,1548,23,86,2026-06-24T23:12:50Z
W-04,P-00383,726,170,176,2026-06-12T14:31:57Z
W-03,P-00384,892,125,264,2026-06-16T15:04:41Z
W-08,P-00385,316,10,172,2026-06-07T10:41:19Z
W-01,P-00385,1968,274,51,2026-06-28T10:28:10Z
W-01,P-00386,98,18,109,2026-06-28T06:16:58Z
W-08,P-00386,313,72,150,2026-06-25T04:47:44Z
W-06,P-00386,1057,46,127,2026-06-12T04:20:37Z
W-08,P-00387,1673,212,261,2026-06-08T19:35:38Z
W-01,P-00388,885,6,144,2026-06-01T14:34:56Z
W-03,P-00388,1467,317,106,2026-06-28T01:25:28Z
W-02,P-00389,983,51,50,2026-06-19T11:17:13Z
W-04,P-00390,538,86,262,2026-06-07T01:43:41Z
W-01,P-00390,144,20,254,2026-06-09T23:01:12Z
W-01,P-00391,484,10,274,2026-06-19T15:52:36Z
W-04,P-00391,1185,113,292,2026-06-01T01:02:41Z
W-05,P-00391,797,6,85,2026-06-06T23:41:54Z
W-03,P-00392,1723,286,152,2026-06-03T08:30:18Z
W-06,P-00392,1657,289,89,2026-06-25T15:46:13Z
W-04,P-00393,1555,349,157,2026-06-16T21:14:13Z
W-01,P-00394,1317,93,51,2026-06-22T22:56:23Z
W-03,P-00395,747,176,97,2026-06-18T13:31:04Z
W-02,P-00395,1006,6,266,2026-06-29T19:51:08Z
W-08,P-00395,1847,28,150,2026-06-16T10:14:22Z
W-04,P-00396,1175,53,241,2026-06-17T07:45:32Z
W-06,P-00396,1763,319,62,2026-06-28T00:49:18Z
W-07,P-00396,674,132,134,2026-06-26T14:15:11Z
W-04,P-00397,859,17,75,2026-06-30T11:39:49Z
W-01,P-00397,608,130,132,2026-06-12T04:46:50Z
W-06,P-00397,1941,91,143,2026-06-27T03:55:45Z
W-08,P-00398,22,1,67,2026-06-07T03:53:17Z
W-03,P-00398,1639,96,184,2026-06-30T18:56:49Z
W-01,P-00398,226,9,91,2026-06-20T22:20:04Z
W-07,P-00399,1047,245,271,2026-06-08T11:36:22Z
W-07,P-00400,1436,130,94,2026-06-16T19:41:04Z
W-04,P-00400,1078,80,298,2026-06-13T23:53:30Z
W-01,P-00400,855,169,267,2026-06-01T03:14:56Z
W-02,P-00401,1611,78,294,2026-06-27T19:37:19Z
W-08,P-00402,438,108,208,2026-06-17T02:29:16Z
W-05,P-00402,573,74,223,2026-06-13T23:48:34Z
W-01,P-00402,1250,20,265,2026-06-30T23:20:02Z
W-08,P-00403,126,18,231,2026-06-08T01:42:58Z
W-04,P-00404,1131,24,222,2026-06-17T05:03:33Z
W-05,P-00404,999,90,280,2026-06-16T15:01:58Z
W-06,P-00405,354,36,264,2026-06-04T05:13:13Z
W-08,P-00406,1061,232,171,2026-06-21T15:47:08Z
W-03,P-00406,282,5,124,2026-06-12T08:01:23Z
W-02,P-00407,1559,148,86,2026-06-30T06:46:39Z
W-07,P-00407,1670,186,106,2026-06-02T23:00:41Z
W-06,P-00407,1920,83,238,2026-06-09T13:10:22Z
W-05,P-00408,554,25,186,2026-06-22T00:46:36Z
W-06,P-00408,600,57,288,2026-06-03T19:24:03Z
W-08,P-00409,1740,413,172,2026-06-19T10:29:02Z
W-03,P-00409,1968,82,135,2026-06-15T20:13:00Z
W-06,P-00409,581,15,108,2026-06-01T08:43:23Z
W-04,P-00410,1314,35,282,2026-06-18T11:58:51Z
W-05,P-00410,1545,228,176,2026-06-08T09:09:33Z
W-06,P-00410,1711,315,79,2026-06-27T21:57:30Z
W-01,P-00411,1223,73,101,2026-06-29T22:39:05Z
W-08,P-00412,28,1,251,2026-06-26T07:35:00Z
W-07,P-00412,607,74,277,2026-06-09T01:01:28Z
W-05,P-00412,458,63,237,2026-06-23T11:24:46Z
W-06,P-00413,528,14,154,2026-06-27T12:15:14Z
W-03,P-00413,1009,188,202,2026-06-09T21:03:58Z
W-05,P-00413,974,111,187,2026-06-30T01:00:25Z
W-02,P-00414,496,49,177,2026-06-21T17:56:26Z
W-08,P-00415,69,9,62,2026-06-25T19:01:49Z
W-01,P-00415,1065,17,99,2026-06-14T04:29:04Z
W-05,P-00416,200,22,199,2026-06-05T02:39:03Z
W-02,P-00416,717,31,265,2026-06-29T08:57:37Z
W-07,P-00417,998,37,76,2026-06-04T20:07:23Z
W-05,P-00417,846,114,185,2026-06-20T02:26:07Z
W-04,P-00418,1211,157,240,2026-06-14T22:26:30Z
W-06,P-00419,1626,145,156,2026-06-06T07:50:55Z
W-05,P-00420,1708,172,128,2026-06-30T23:37:48Z
W-02,P-00420,1158,212,186,2026-06-15T03:04:46Z
W-07,P-00420,156,1,77,2026-06-12T00:53:37Z
W-03,P-00421,893,187,118,2026-06-06T03:14:26Z
W-06,P-00421,1709,157,233,2026-06-06T23:50:13Z
W-03,P-00422,725,7,237,2026-06-06T02:23:43Z
W-04,P-00422,403,29,143,2026-06-01T12:27:05Z
W-06,P-00422,421,43,148,2026-06-29T01:50:47Z
W-01,P-00423,1666,140,108,2026-06-22T21:51:53Z
W-03,P-00423,695,52,89,2026-06-28T00:42:45Z
W-08,P-00423,1900,19,230,2026-06-13T03:02:48Z
W-07,P-00424,1045,6,299,2026-06-27T17:00:03Z
W-08,P-00424,1968,258,67,2026-06-03T13:12:32Z
W-01,P-00425,1961,341,217,2026-06-22T16:34:38Z
W-01,P-00426,1252,10,256,2026-06-02T14:02:53Z
W-03,P-00427,592,33,273,2026-06-10T04:26:05Z
W-08,P-00427,49,11,278,2026-06-23T12:52:51Z
W-06,P-00428,543,99,91,2026-06-08T01:45:21Z
W-03,P-00429,799,89,212,2026-06-25T05:04:02Z
W-01,P-00430,555,28,69,2026-06-10T13:08:48Z
W-04,P-00430,1626,68,287,2026-06-19T19:23:41Z
W-06,P-00431,710,64,64,2026-06-03T10:41:48Z
W-03,P-00431,215,27,145,2026-06-20T09:07:40Z
W-07,P-00431,898,10,256,2026-06-21T23:03:03Z
W-05,P-00432,1011,179,113,2026-06-09T04:47:19Z
W-07,P-00432,1188,254,246,2026-06-25T19:41:23Z
W-06,P-00433,857,36,103,2026-06-24T15:05:08Z
W-08,P-00433,1152,142,294,2026-06-28T21:15:51Z
W-02,P-00433,208,51,85,2026-06-04T12:22:56Z
W-03,P-00434,1412,224,238,2026-06-08T12:10:27Z
W-01,P-00434,1694,136,209,2026-06-19T00:22:39Z
W-08,P-00434,1299,281,116,2026-06-25T11:40:48Z
W-07,P-00435,729,115,256,2026-06-29T17:04:15Z
W-06,P-00436,1068,112,135,2026-06-04T10:02:55Z
W-05,P-00436,318,35,284,2026-06-18T16:21:34Z
W-03,P-00437,1873,335,293,2026-06-18T18:44:27Z
W-08,P-00437,1138,29,283,2026-06-29T08:16:13Z
W-05,P-00437,1252,168,191,2026-06-10T11:42:08Z
W-02,P-00438,269,0,61,2026-06-05T12:10:45Z
W-03,P-00438,1647,320,108,2026-06-02T18:39:53Z
W-04,P-00439,235,50,148,2026-06-02T21:15:12Z
W-05,P-00439,1014,156,156,2026-06-03T04:58:48Z
W-02,P-00440,1693,263,71,2026-06-18T02:12:28Z
W-07,P-00440,551,79,147,2026-06-23T04:51:00Z
W-06,P-00441,839,107,200,2026-06-11T09:33:23Z
W-08,P-00442,151,26,97,2026-06-26T14:51:50Z
W-01,P-00442,1928,151,117,2026-06-13T01:00:32Z
W-07,P-00442,1018,110,108,2026-06-05T08:05:53Z
W-02,P-00443,1824,244,78,2026-06-12T13:22:07Z
W-05,P-00444,1093,225,62,2026-06-14T08:08:54Z
W-07,P-00444,1803,213,157,2026-06-19T11:26:47Z
W-04,P-00444,658,142,98,2026-06-21T08:12:38Z
W-05,P-00445,941,140,146,2026-06-21T17:33:28Z
W-04,P-00445,272,25,218,2026-06-20T22:14:36Z
W-01,P-00445,1497,168,73,2026-06-10T21:18:27Z
W-06,P-00446,38,1,188,2026-06-18T20:14:16Z
W-05,P-00447,417,55,252,2026-06-10T05:22:24Z
W-08,P-00448,1637,2,162,2026-06-13T15:23:58Z
W-08,P-00449,1580,347,269,2026-06-24T14:49:26Z
W-06,P-00449,1112,276,212,2026-06-10T22:52:34Z
W-05,P-00449,889,47,142,2026-06-21T15:24:18Z
W-08,P-00450,1308,101,167,2026-06-07T15:50:28Z
W-01,P-00451,746,68,170,2026-06-24T21:31:35Z
W-06,P-00451,1320,54,229,2026-06-04T02:49:16Z
W-03,P-00451,1955,370,63,2026-06-03T18:56:57Z
W-06,P-00452,721,19,285,2026-06-14T08:22:49Z
W-03,P-00453,113,26,51,2026-06-19T10:06:01Z
W-07,P-00453,1739,118,115,2026-06-06T18:23:31Z
W-08,P-00453,799,80,205,2026-06-12T10:28:48Z
W-02,P-00454,106,10,288,2026-06-02T14:46:36Z
W-05,P-00454,1496,124,192,2026-06-14T00:19:45Z
W-03,P-00455,1957,208,123,2026-06-20T01:17:51Z
W-08,P-00455,1919,293,258,2026-06-22T12:41:14Z
W-02,P-00455,1775,68,74,2026-06-23T06:22:19Z
W-05,P-00456,1407,253,69,2026-06-03T02:00:07Z
W-04,P-00456,1002,24,204,2026-06-09T21:02:02Z
W-02,P-00457,1441,339,259,2026-06-28T11:11:05Z
W-05,P-00457,1670,276,51,2026-06-23T21:37:52Z
W-06,P-00458,1013,239,53,2026-06-19T14:20:41Z
W-05,P-00458,922,23,247,2026-06-21T00:51:04Z
W-02,P-00459,197,46,65,2026-06-14T12:04:06Z
W-01,P-00459,139,21,229,2026-06-07T10:44:53Z
W-07,P-00460,1509,18,84,2026-06-12T08:09:48Z
W-04,P-00461,1498,339,214,2026-06-26T02:53:38Z
W-08,P-00461,367,40,125,2026-06-18T00:56:54Z
W-01,P-00462,580,54,223,2026-06-09T09:46:54Z
W-06,P-00463,58,7,204,2026-06-23T21:25:15Z
W-03,P-00463,11,1,142,2026-06-17T04:25:21Z
W-01,P-00463,777,36,100,2026-06-07T21:50:54Z
W-06,P-00464,1759,419,140,2026-06-20T18:57:25Z
W-01,P-00464,811,142,267,2026-06-05T22:41:18Z
W-04,P-00465,243,55,291,2026-06-07T17:35:31Z
W-05,P-00465,698,105,184,2026-06-22T05:04:36Z
W-03,P-00466,695,38,51,2026-06-30T01:05:06Z
W-06,P-00466,1690,122,193,2026-06-19T17:29:36Z
W-05,P-00467,1751,112,262,2026-06-08T10:14:34Z
W-04,P-00467,1553,162,196,2026-06-23T01:16:01Z
W-08,P-00468,1476,70,75,2026-06-10T01:56:22Z
W-07,P-00468,365,33,157,2026-06-16T12:29:37Z
W-04,P-00469,1388,122,144,2026-06-16T04:47:40Z
W-03,P-00469,1188,187,210,2026-06-27T14:43:08Z
W-05,P-00469,1192,103,214,2026-06-26T15:06:37Z
W-01,P-00470,1330,57,203,2026-06-02T13:39:11Z
W-06,P-00471,9,0,240,2026-06-05T10:18:54Z
W-04,P-00472,681,14,245,2026-06-16T10:18:43Z
W-06,P-00472,350,76,250,2026-06-02T23:59:54Z
W-05,P-00473,1984,285,288,2026-06-01T03:48:47Z
W-07,P-00473,1799,183,209,2026-06-17T17:41:10Z
W-01,P-00473,348,58,224,2026-06-09T18:14:17Z
W-05,P-00474,1379,69,217,2026-06-23T14:19:16Z
W-02,P-00474,812,100,288,2026-06-11T21:49:55Z
W-03,P-00475,415,5,296,2026-06-19T16:55:23Z
W-01,P-00475,1271,3,172,2026-06-06T15:04:53Z
W-04,P-00476,1901,70,226,2026-06-02T01:15:10Z
W-03,P-00477,1601,334,125,2026-06-15T09:58:13Z
W-04,P-00478,151,30,128,2026-06-28T07:52:13Z
W-05,P-00478,1038,178,96,2026-06-01T05:39:13Z
W-08,P-00478,651,101,207,2026-06-10T21:16:51Z
W-06,P-00479,1282,186,297,2026-06-18T15:49:50Z
W-01,P-00480,37,7,61,2026-06-10T01:03:05Z
W-03,P-00480,1970,308,187,2026-06-23T16:25:21Z
W-06,P-00481,53,4,237,2026-06-13T02:00:34Z
W-03,P-00481,431,25,169,2026-06-05T23:49:05Z
W-03,P-00482,1189,134,217,2026-06-30T22:45:54Z
W-08,P-00482,52,4,80,2026-06-02T00:56:39Z
W-04,P-00482,1958,66,233,2026-06-08T13:17:41Z
W-01,P-00483,152,2,217,2026-06-29T01:07:18Z
W-04,P-00483,806,201,117,2026-06-17T19:42:39Z
W-05,P-00483,1744,338,181,2026-06-01T20:31:52Z
W-01,P-00484,454,54,140,2026-06-28T10:12:29Z
W-04,P-00484,430,72,140,2026-06-25T15:02:00Z
W-06,P-00485,1062,76,251,2026-06-15T22:12:52Z
W-01,P-00485,239,36,118,2026-06-16T23:15:46Z
W-03,P-00486,1951,197,82,2026-06-27T14:50:37Z
W-06,P-00487,688,132,72,2026-06-21T08:47:04Z
W-01,P-00488,1981,87,262,2026-06-08T06:15:36Z
W-06,P-00488,798,8,223,2026-06-23T08:56:39Z
W-02,P-00488,284,34,130,2026-06-17T13:11:05Z
W-02,P-00489,737,96,198,2026-06-22T03:59:42Z
W-06,P-00489,244,9,234,2026-06-09T12:16:58Z
W-06,P-00490,483,73,101,2026-06-06T10:53:10Z
W-04,P-00490,71,7,104,2026-06-24T05:41:04Z
W-01,P-00491,25,3,251,2026-06-09T07:59:33Z
W-08,P-00491,474,82,194,2026-06-09T16:57:08Z
W-03,P-00491,761,140,163,2026-06-15T05:47:31Z
W-07,P-00492,1294,184,103,2026-06-22T18:27:51Z
W-05,P-00492,1613,156,232,2026-06-08T13:12:02Z
W-08,P-00493,1416,213,186,2026-06-08T03:00:36Z
W-01,P-00493,1153,45,297,2026-06-30T22:27:15Z
W-06,P-00494,978,242,266,2026-06-26T11:08:47Z
W-04,P-00495,1724,183,75,2026-06-14T17:43:00Z
W-06,P-00496,210,34,228,2026-06-08T03:04:41Z
W-07,P-00497,908,187,253,2026-06-21T23:06:51Z
W-05,P-00497,1401,60,176,2026-06-25T18:47:55Z
W-04,P-00498,1175,93,85,2026-06-10T17:17:19Z
W-08,P-00499,623,72,209,2026-06-28T11:00:44Z
W-03,P-00500,1012,40,75,2026-06-25T21:02:59Z
W-06,P-00501,807,189,255,2026-06-25T19:42:47Z
W-06,P-00502,1319,170,114,2026-06-13T20:54:02Z
W-02,P-00502,11,2,178,2026-06-29T09:37:16Z
W-04,P-00502,1670,19,150,2026-06-28T17:00:02Z
W-08,P-00503,553,96,180,2026-06-10T16:07:50Z
W-02,P-00503,1853,270,87,2026-06-20T04:45:38Z
W-07,P-00503,311,28,240,2026-06-13T04:38:14Z
W-04,P-00504,933,140,276,2026-06-01T20:52:43Z
W-04,P-00505,853,171,60,2026-06-18T19:17:39Z
W-05,P-00505,1355,152,130,2026-06-18T20:21:36Z
W-07,P-00506,461,43,176,2026-06-16T19:55:59Z
W-05,P-00506,179,34,90,2026-06-30T04:26:49Z
W-03,P-00506,139,14,91,2026-06-06T10:30:04Z
W-04,P-00507,1825,183,98,2026-06-15T08:48:30Z
W-08,P-00507,398,74,294,2026-06-07T21:02:54Z
W-03,P-00507,748,116,234,2026-06-06T17:02:16Z
W-04,P-00508,399,34,120,2026-06-24T20:41:59Z
W-06,P-00508,819,183,156,2026-06-19T05:45:28Z
W-05,P-00508,1887,376,157,2026-06-02T09:13:16Z
W-02,P-00509,1899,356,225,2026-06-23T14:59:57Z
W-01,P-00510,1307,190,121,2026-06-08T02:09:37Z
W-05,P-00510,1507,163,121,2026-06-28T21:07:24Z
W-01,P-00511,1223,240,59,2026-06-29T14:26:49Z
W-04,P-00511,1199,40,92,2026-06-11T22:22:02Z
W-01,P-00512,1871,429,68,2026-06-06T01:49:01Z
W-02,P-00512,1863,62,98,2026-06-04T11:35:18Z
W-03,P-00512,1200,25,81,2026-06-28T20:09:31Z
W-04,P-00513,330,24,246,2026-06-26T23:02:08Z
W-06,P-00513,197,4,74,2026-06-16T14:07:12Z
W-03,P-00513,850,149,93,2026-06-30T23:12:35Z
W-01,P-00514,153,10,65,2026-06-16T19:18:49Z
W-05,P-00514,1421,46,300,2026-06-21T07:04:29Z
W-02,P-00514,1512,260,86,2026-06-06T17:54:16Z
W-07,P-00515,908,95,72,2026-06-21T12:42:51Z
W-06,P-00515,1625,36,94,2026-06-09T09:10:40Z
W-04,P-00515,540,76,129,2026-06-27T18:06:03Z
W-01,P-00516,567,34,206,2026-06-20T08:17:40Z
W-03,P-00517,746,183,54,2026-06-25T19:55:15Z
W-02,P-00517,1142,175,268,2026-06-25T09:01:41Z
W-04,P-00518,616,146,172,2026-06-15T01:41:43Z
W-07,P-00518,1348,246,95,2026-06-07T16:41:17Z
W-04,P-00519,49,2,58,2026-06-12T04:49:39Z
W-07,P-00519,860,98,197,2026-06-22T03:41:35Z
W-05,P-00519,313,70,93,2026-06-16T22:01:53Z
W-01,P-00520,294,47,210,2026-06-06T15:46:01Z
W-06,P-00520,228,22,65,2026-06-08T16:28:34Z
W-08,P-00521,471,59,243,2026-06-21T10:02:17Z
W-03,P-00521,804,150,244,2026-06-22T21:07:19Z
W-06,P-00522,122,17,206,2026-06-08T13:46:54Z
W-02,P-00523,866,68,224,2026-06-15T03:22:01Z
W-03,P-00524,1808,95,260,2026-06-30T15:22:49Z
W-02,P-00524,1568,99,93,2026-06-07T02:38:51Z
W-06,P-00525,653,40,269,2026-06-07T17:04:55Z
W-03,P-00525,1986,392,278,2026-06-03T16:04:00Z
W-02,P-00525,52,11,168,2026-06-18T05:31:52Z
W-06,P-00526,432,49,107,2026-06-25T14:03:50Z
W-01,P-00526,1199,262,137,2026-06-16T13:55:53Z
W-04,P-00526,1634,230,124,2026-06-26T21:13:59Z
W-07,P-00527,945,132,179,2026-06-03T14:05:37Z
W-01,P-00528,1158,129,70,2026-06-07T16:38:53Z
W-05,P-00529,1427,277,85,2026-06-28T15:38:40Z
W-07,P-00530,379,13,108,2026-06-04T01:56:10Z
W-05,P-00530,900,79,207,2026-06-21T14:40:21Z
W-02,P-00530,881,23,242,2026-06-19T21:08:14Z
W-04,P-00531,673,120,260,2026-06-23T04:14:26Z
W-03,P-00531,557,110,166,2026-06-29T16:47:57Z
W-06,P-00532,1771,292,235,2026-06-16T19:58:09Z
W-01,P-00533,996,207,256,2026-06-16T14:00:06Z
W-06,P-00533,1176,38,116,2026-06-19T08:44:05Z
W-02,P-00533,1478,211,292,2026-06-07T05:58:11Z
W-06,P-00534,92,17,170,2026-06-28T03:59:37Z
W-08,P-00534,1378,303,66,2026-06-14T09:56:57Z
W-03,P-00534,1613,290,77,2026-06-28T13:22:43Z
W-01,P-00535,496,111,63,2026-06-07T05:45:12Z
W-05,P-00536,1042,131,166,2026-06-07T13:20:46Z
W-05,P-00537,1362,269,242,2026-06-02T06:25:57Z
W-02,P-00538,1341,249,207,2026-06-19T04:17:28Z
W-05,P-00539,519,110,269,2026-06-21T09:02:10Z
W-01,P-00540,1247,92,140,2026-06-25T15:40:32Z
W-07,P-00540,1315,43,231,2026-06-23T12:31:21Z
W-08,P-00540,1052,166,222,2026-06-15T03:20:08Z
W-04,P-00541,471,53,151,2026-06-22T00:35:02Z
W-01,P-00541,1805,402,299,2026-06-24T11:53:21Z
W-02,P-00541,840,30,76,2026-06-27T14:21:38Z
W-03,P-00542,3,0,232,2026-06-05T07:42:10Z
W-08,P-00542,608,13,79,2026-06-03T06:23:41Z
W-02,P-00542,88,16,181,2026-06-29T05:37:14Z
W-05,P-00543,1483,69,63,2026-06-19T12:38:46Z
W-07,P-00543,496,88,95,2026-06-29T02:13:39Z
W-01,P-00543,771,112,221,2026-06-29T07:03:53Z
W-06,P-00544,508,77,231,2026-06-11T07:03:36Z
W-07,P-00544,1022,123,229,2026-06-23T06:40:38Z
W-01,P-00545,331,48,171,2026-06-29T03:16:03Z
W-06,P-00546,704,84,279,2026-06-07T06:25:04Z
W-07,P-00547,178,26,279,2026-06-01T10:49:55Z
W-06,P-00547,1250,187,91,2026-06-27T11:17:30Z
W-01,P-00547,1043,172,146,2026-06-06T08:25:21Z
W-03,P-00548,1597,371,225,2026-06-18T01:05:51Z
W-07,P-00548,947,213,267,2026-06-02T10:03:55Z
W-01,P-00548,51,10,266,2026-06-01T11:11:00Z
W-06,P-00549,456,105,180,2026-06-07T02:04:18Z
W-01,P-00549,1337,155,85,2026-06-18T09:17:43Z
W-08,P-00549,1792,372,185,2026-06-26T22:42:03Z
W-05,P-00550,230,0,263,2026-06-01T16:15:14Z
W-06,P-00550,1762,333,80,2026-06-13T16:48:07Z
W-08,P-00551,1808,304,70,2026-06-21T08:13:23Z
W-01,P-00551,1772,270,66,2026-06-06T22:52:16Z
W-03,P-00551,464,91,229,2026-06-06T02:43:11Z
W-03,P-00552,1643,109,220,2026-06-28T05:46:09Z
W-04,P-00552,690,38,240,2026-06-01T08:32:26Z
W-08,P-00552,1479,257,157,2026-06-29T06:02:34Z
W-08,P-00553,19,4,222,2026-06-22T09:41:23Z
W-06,P-00553,635,137,72,2026-06-02T23:24:10Z
W-02,P-00553,1863,16,164,2026-06-19T02:50:29Z
W-01,P-00554,1260,112,224,2026-06-16T19:00:19Z
W-07,P-00554,379,10,256,2026-06-21T12:06:58Z
W-07,P-00555,485,102,199,2026-06-19T14:42:53Z
W-01,P-00555,1959,215,137,2026-06-28T20:35:21Z
W-04,P-00556,1275,37,147,2026-06-04T23:44:32Z
W-08,P-00556,1955,224,289,2026-06-16T16:30:20Z
W-05,P-00556,1639,379,148,2026-06-03T06:32:49Z
W-02,P-00557,712,107,234,2026-06-05T00:01:44Z
W-07,P-00558,1498,291,77,2026-06-01T04:43:59Z
W-07,P-00559,951,70,174,2026-06-27T13:42:19Z
W-03,P-00559,1004,89,127,2026-06-16T09:54:27Z
W-01,P-00559,1881,328,223,2026-06-07T03:17:43Z
W-04,P-00560,517,41,292,2026-06-23T19:32:15Z
W-03,P-00561,997,104,297,2026-06-07T20:25:30Z
W-06,P-00561,1171,260,143,2026-06-12T16:00:53Z
W-02,P-00562,411,7,295,2026-06-11T13:46:46Z
W-08,P-00562,1275,212,88,2026-06-23T07:46:37Z
W-05,P-00563,1682,62,133,2026-06-18T06:15:06Z
W-04,P-00563,1861,114,67,2026-06-08T14:06:06Z
W-03,P-00564,16,0,205,2026-06-24T03:07:04Z
W-02,P-00564,1205,267,146,2026-06-29T04:23:38Z
W-04,P-00565,1955,481,52,2026-06-26T02:35:32Z
W-05,P-00565,1068,238,150,2026-06-24T23:09:19Z
W-02,P-00565,85,16,157,2026-06-16T02:56:35Z
W-05,P-00566,534,72,157,2026-06-20T10:04:14Z
W-06,P-00567,1398,5,233,2026-06-27T17:32:30Z
W-01,P-00567,685,41,86,2026-06-05T10:46:44Z
W-03,P-00567,541,20,147,2026-06-24T00:47:22Z
W-06,P-00568,1321,249,271,2026-06-19T11:42:41Z
W-08,P-00568,1200,234,212,2026-06-05T19:51:47Z
W-04,P-00568,1040,131,142,2026-06-13T20:38:22Z
W-05,P-00569,1088,223,256,2026-06-05T09:21:59Z
W-08,P-00569,1068,171,185,2026-06-09T15:36:54Z
W-02,P-00570,1638,286,63,2026-06-11T23:21:28Z
W-07,P-00570,1303,210,278,2026-06-12T20:07:50Z
W-04,P-00570,1700,424,249,2026-06-18T05:24:23Z
W-06,P-00571,1150,99,243,2026-06-05T20:31:27Z
W-07,P-00571,492,115,158,2026-06-27T12:41:22Z
W-04,P-00571,1647,25,174,2026-06-29T15:27:50Z
W-07,P-00572,1989,176,299,2026-06-28T16:50:01Z
W-01,P-00573,1611,273,83,2026-06-16T13:31:21Z
W-02,P-00573,1535,313,158,2026-06-27T13:20:49Z
W-07,P-00574,1180,6,300,2026-06-14T05:19:15Z
W-03,P-00575,1865,28,164,2026-06-12T17:05:44Z
W-07,P-00575,1677,258,211,2026-06-09T11:46:40Z
W-06,P-00575,1835,375,282,2026-06-18T11:32:12Z
W-01,P-00576,228,23,190,2026-06-02T09:42:56Z
W-08,P-00576,39,1,233,2026-06-26T16:09:14Z
W-04,P-00577,1888,19,267,2026-06-21T22:54:37Z
W-02,P-00577,224,4,230,2026-06-09T21:53:13Z
W-01,P-00577,1109,233,58,2026-06-20T22:19:31Z
W-01,P-00578,1683,238,150,2026-06-11T13:12:56Z
W-04,P-00579,927,138,96,2026-06-16T13:11:19Z
W-03,P-00579,36,1,220,2026-06-16T19:16:35Z
W-02,P-00580,401,35,128,2026-06-14T19:16:41Z
W-08,P-00580,1726,114,233,2026-06-26T07:33:54Z
W-07,P-00580,987,129,68,2026-06-25T14:43:13Z
W-06,P-00581,331,29,246,2026-06-10T23:29:43Z
W-04,P-00581,348,55,69,2026-06-15T10:30:21Z
W-06,P-00582,170,13,258,2026-06-19T10:39:55Z
W-01,P-00582,454,3,176,2026-06-01T09:42:24Z
W-02,P-00582,1399,284,278,2026-06-28T12:29:11Z
W-06,P-00583,976,67,100,2026-06-17T01:17:16Z
W-05,P-00583,411,73,218,2026-06-21T10:33:54Z
W-04,P-00584,871,49,242,2026-06-28T16:04:49Z
W-06,P-00584,809,186,175,2026-06-15T19:54:09Z
W-05,P-00584,1691,280,213,2026-06-06T20:48:15Z
W-02,P-00585,774,151,81,2026-06-10T15:10:37Z
W-07,P-00585,218,32,178,2026-06-07T02:00:29Z
W-05,P-00586,1014,252,270,2026-06-21T11:48:13Z
W-01,P-00587,1228,205,204,2026-06-13T03:16:37Z
W-04,P-00587,27,6,155,2026-06-01T20:54:33Z
W-05,P-00587,650,36,183,2026-06-08T00:31:22Z
W-07,P-00588,696,159,173,2026-06-27T14:10:48Z
W-03,P-00588,1723,385,96,2026-06-21T19:48:11Z
W-01,P-00588,331,10,62,2026-06-15T11:48:02Z
W-04,P-00589,54,7,124,2026-06-19T17:12:05Z
W-05,P-00589,850,180,300,2026-06-28T08:14:07Z
W-08,P-00589,967,53,185,2026-06-28T17:53:51Z
W-07,P-00590,206,47,266,2026-06-24T07:46:20Z
W-04,P-00590,856,48,176,2026-06-07T12:47:07Z
W-03,P-00590,649,159,74,2026-06-07T06:47:51Z
W-05,P-00591,482,108,104,2026-06-18T05:02:28Z
W-08,P-00591,1542,220,119,2026-06-03T15:03:55Z
W-02,P-00592,1583,274,69,2026-06-04T01:47:25Z
W-07,P-00593,1817,0,100,2026-06-05T05:34:44Z
W-03,P-00594,491,121,65,2026-06-24T22:59:32Z
W-07,P-00594,1470,302,93,2026-06-25T15:56:53Z
W-08,P-00594,1503,290,150,2026-06-03T10:04:57Z
W-06,P-00595,1736,109,159,2026-06-14T18:59:44Z
W-02,P-00595,754,123,196,2026-06-03T19:37:42Z
W-02,P-00596,504,93,161,2026-06-09T04:24:42Z
W-06,P-00597,86,0,164,2026-06-08T07:43:48Z
W-02,P-00597,746,3,213,2026-06-16T13:24:37Z
W-06,P-00598,109,9,84,2026-06-20T20:32:29Z
W-01,P-00598,241,45,120,2026-06-29T07:28:36Z
W-06,P-00599,266,28,222,2026-06-03T03:19:19Z
W-07,P-00599,1463,322,249,2026-06-30T10:54:37Z
W-03,P-00600,799,56,131,2026-06-13T12:50:53Z
W-01,P-00601,1156,125,102,2026-06-08T09:34:27Z
W-07,P-00601,432,31,92,2026-06-07T17:14:52Z
W-06,P-00601,1276,313,262,2026-06-10T10:47:46Z
W-08,P-00602,1939,463,66,2026-06-18T22:42:55Z
W-07,P-00602,450,98,112,2026-06-16T01:44:17Z
W-05,P-00603,277,31,207,2026-06-04T17:49:01Z
W-01,P-00603,818,57,135,2026-06-02T21:42:30Z
W-02,P-00603,427,28,167,2026-06-11T01:31:21Z
W-07,P-00604,675,139,112,2026-06-08T13:58:32Z
W-03,P-00604,1604,257,151,2026-06-30T17:32:58Z
W-08,P-00604,203,38,81,2026-06-12T23:53:31Z
W-04,P-00605,1111,152,182,2026-06-19T12:23:51Z
W-03,P-00605,1528,100,211,2026-06-30T02:43:01Z
W-06,P-00606,53,13,97,2026-06-10T11:22:07Z
W-05,P-00606,1315,104,205,2026-06-04T05:27:36Z
W-02,P-00606,227,32,161,2026-06-14T00:09:57Z
W-05,P-00607,1166,135,111,2026-06-30T00:29:45Z
W-01,P-00607,1176,254,73,2026-06-19T03:52:37Z
W-03,P-00607,1940,151,255,2026-06-18T17:37:45Z
W-05,P-00608,389,47,230,2026-06-23T21:42:56Z
W-01,P-00608,105,2,119,2026-06-01T01:34:06Z
W-06,P-00608,382,86,139,2026-06-25T05:07:17Z
W-08,P-00609,1698,118,260,2026-06-03T00:17:02Z
W-07,P-00610,1623,329,245,2026-06-30T23:55:39Z
W-05,P-00611,97,10,197,2026-06-15T15:30:01Z
W-02,P-00612,1891,227,247,2026-06-13T06:58:50Z
W-01,P-00612,283,66,114,2026-06-21T03:32:13Z
W-02,P-00613,1513,166,73,2026-06-18T21:42:42Z
W-04,P-00613,1880,141,106,2026-06-10T18:18:49Z
W-08,P-00613,1092,36,277,2026-06-11T18:54:45Z
W-08,P-00614,1711,49,149,2026-06-24T09:27:03Z
W-02,P-00614,411,14,56,2026-06-17T00:57:30Z
W-06,P-00614,1921,14,103,2026-06-20T04:36:41Z
W-05,P-00615,1291,166,174,2026-06-24T20:16:45Z
W-02,P-00615,1406,199,70,2026-06-05T11:12:00Z
W-05,P-00616,974,58,113,2026-06-11T21:32:04Z
W-03,P-00616,1752,244,234,2026-06-08T05:04:42Z
W-01,P-00616,1653,160,57,2026-06-12T20:27:54Z
W-06,P-00617,1550,337,202,2026-06-24T21:11:07Z
W-01,P-00618,1660,235,70,2026-06-07T14:57:26Z
W-02,P-00618,465,63,264,2026-06-20T03:01:13Z
W-06,P-00618,1356,227,217,2026-06-21T14:04:56Z
W-05,P-00619,419,6,249,2026-06-21T03:53:33Z
W-02,P-00619,774,10,275,2026-06-23T19:41:49Z
W-03,P-00619,538,18,186,2026-06-14T02:04:47Z
W-05,P-00620,959,38,80,2026-06-02T13:10:55Z
W-07,P-00620,179,30,252,2026-06-17T16:56:36Z
W-02,P-00621,1519,296,140,2026-06-18T23:45:49Z
W-08,P-00622,824,200,276,2026-06-26T20:39:18Z
W-02,P-00622,1254,227,286,2026-06-19T13:19:00Z
W-04,P-00623,559,25,155,2026-06-22T03:33:14Z
W-04,P-00624,779,86,264,2026-06-13T07:21:45Z
W-06,P-00624,1140,189,208,2026-06-28T06:29:17Z
W-05,P-00624,921,28,245,2026-06-09T05:48:00Z
W-05,P-00625,733,150,144,2026-06-10T23:33:56Z
W-07,P-00625,1241,138,299,2026-06-09T04:36:30Z
W-01,P-00625,1420,80,56,2026-06-02T16:59:45Z
W-02,P-00626,1198,80,195,2026-06-26T11:08:01Z
W-07,P-00626,1598,44,242,2026-06-11T14:59:01Z
W-08,P-00626,259,30,243,2026-06-08T05:39:54Z
W-03,P-00627,1610,25,153,2026-06-19T22:45:23Z
W-06,P-00628,526,24,274,2026-06-11T08:05:51Z
W-07,P-00628,179,36,131,2026-06-23T01:03:54Z
W-05,P-00629,817,112,248,2026-06-09T21:28:56Z
W-06,P-00629,402,1,187,2026-06-04T05:03:58Z
W-02,P-00630,1799,407,142,2026-06-05T13:22:40Z
W-01,P-00630,1642,270,98,2026-06-03T03:31:28Z
W-05,P-00630,1309,160,275,2026-06-25T07:16:25Z
W-05,P-00631,1463,256,247,2026-06-28T09:35:46Z
W-01,P-00631,1685,265,116,2026-06-05T06:11:32Z
W-07,P-00632,508,108,202,2026-06-12T19:45:35Z
W-05,P-00632,1959,43,191,2026-06-30T00:42:28Z
W-01,P-00633,475,114,141,2026-06-26T02:32:18Z
W-07,P-00633,500,116,153,2026-06-24T13:09:46Z
W-03,P-00633,1050,80,229,2026-06-11T17:32:17Z
W-06,P-00634,76,18,112,2026-06-22T14:48:58Z
W-04,P-00634,1847,381,291,2026-06-01T19:38:01Z
W-03,P-00634,917,75,260,2026-06-12T00:43:57Z
W-05,P-00635,1232,37,225,2026-06-17T14:13:49Z
W-08,P-00636,249,0,253,2026-06-01T08:27:43Z
W-02,P-00636,554,123,196,2026-06-16T08:58:37Z
W-07,P-00637,282,69,158,2026-06-21T05:25:14Z
W-03,P-00638,239,49,60,2026-06-06T19:34:34Z
W-06,P-00638,1877,393,127,2026-06-19T22:39:27Z
W-04,P-00639,177,3,200,2026-06-28T15:09:39Z
W-08,P-00640,617,109,230,2026-06-12T10:02:16Z
W-01,P-00641,653,15,132,2026-06-27T01:46:19Z
W-03,P-00641,925,138,272,2026-06-12T23:18:54Z
W-06,P-00641,1235,239,271,2026-06-10T06:53:52Z
W-06,P-00642,790,196,82,2026-06-25T05:37:24Z
W-04,P-00643,0,0,298,2026-06-02T02:20:12Z
W-02,P-00643,739,1,70,2026-06-04T22:16:20Z
W-04,P-00644,1678,332,259,2026-06-04T01:22:44Z
W-08,P-00644,1212,274,287,2026-06-21T04:00:46Z
W-08,P-00645,359,27,179,2026-06-29T21:14:13Z
W-02,P-00645,302,47,102,2026-06-28T20:02:19Z
W-06,P-00645,157,7,185,2026-06-03T11:51:04Z
W-08,P-00646,1879,337,194,2026-06-13T00:41:46Z
W-07,P-00646,325,10,287,2026-06-22T11:55:07Z
W-03,P-00646,47,4,74,2026-06-29T17:22:04Z
W-04,P-00647,587,72,83,2026-06-25T14:10:52Z
W-08,P-00648,1111,116,299,2026-06-21T20:39:22Z
W-06,P-00648,321,6,133,2026-06-24T12:53:53Z
W-05,P-00649,974,35,206,2026-06-01T01:49:31Z
W-02,P-00649,1951,6,182,2026-06-25T08:26:35Z
W-01,P-00649,1631,145,170,2026-06-17T07:39:21Z
W-04,P-00650,365,65,137,2026-06-02T15:03:44Z
W-02,P-00650,196,25,184,2026-06-09T01:47:17Z
W-08,P-00651,1577,48,158,2026-06-16T11:14:28Z
W-03,P-00652,1392,172,147,2026-06-29T11:57:03Z
W-04,P-00652,1511,225,96,2026-06-06T18:56:21Z
W-04,P-00653,1661,297,80,2026-06-22T10:49:39Z
W-05,P-00653,1590,366,236,2026-06-18T17:49:19Z
W-06,P-00654,931,74,193,2026-06-25T01:14:15Z
W-05,P-00655,1924,368,184,2026-06-27T18:29:42Z
W-04,P-00655,1407,196,51,2026-06-11T08:33:47Z
W-02,P-00656,130,2,182,2026-06-24T18:29:34Z
W-07,P-00656,725,47,254,2026-06-25T21:43:13Z
W-03,P-00657,1607,111,110,2026-06-05T00:17:08Z
W-04,P-00658,37,0,91,2026-06-14T14:00:29Z
W-03,P-00658,385,9,107,2026-06-14T20:00:36Z
W-02,P-00659,550,116,60,2026-06-04T02:58:18Z
W-07,P-00659,305,59,88,2026-06-24T13:41:45Z
W-02,P-00660,1044,250,283,2026-06-19T12:38:12Z
W-05,P-00660,916,54,268,2026-06-24T11:04:54Z
W-06,P-00661,1746,121,268,2026-06-25T02:46:13Z
W-02,P-00662,946,210,166,2026-06-08T18:23:20Z
W-05,P-00662,129,5,108,2026-06-20T00:47:24Z
W-08,P-00663,2,0,220,2026-06-21T21:45:07Z
W-04,P-00663,222,26,192,2026-06-01T08:58:49Z
W-06,P-00664,927,223,270,2026-06-12T05:47:40Z
W-05,P-00664,1858,103,166,2026-06-09T17:05:24Z
W-03,P-00664,518,122,213,2026-06-20T06:17:17Z
W-03,P-00665,740,38,164,2026-06-01T13:42:08Z
W-06,P-00666,877,32,80,2026-06-08T00:52:21Z
W-03,P-00666,1142,280,122,2026-06-02T11:01:54Z
W-06,P-00667,656,137,114,2026-06-22T06:04:32Z
W-05,P-00667,249,37,184,2026-06-29T01:59:46Z
W-02,P-00668,293,40,63,2026-06-25T16:08:45Z
W-01,P-00668,1433,240,106,2026-06-03T09:54:17Z
W-05,P-00669,1589,371,279,2026-06-26T16:32:51Z
W-06,P-00669,179,11,218,2026-06-27T16:37:55Z
W-03,P-00669,1126,50,211,2026-06-16T11:51:06Z
W-06,P-00670,771,23,203,2026-06-13T20:30:31Z
W-07,P-00670,745,87,277,2026-06-12T07:38:19Z
W-01,P-00671,832,58,138,2026-06-16T09:22:05Z
W-03,P-00671,988,208,141,2026-06-14T03:26:51Z
W-08,P-00671,606,103,99,2026-06-04T15:12:03Z
W-03,P-00672,671,87,293,2026-06-06T04:30:10Z
W-01,P-00673,564,40,210,2026-06-03T21:48:20Z
W-08,P-00673,1361,72,278,2026-06-27T08:31:50Z
W-05,P-00673,292,8,137,2026-06-16T07:09:55Z
W-03,P-00674,154,4,104,2026-06-05T07:57:38Z
W-02,P-00674,298,48,197,2026-06-16T03:13:27Z
W-06,P-00675,1188,249,164,2026-06-28T16:33:41Z
W-01,P-00676,1956,414,194,2026-06-08T18:37:52Z
W-04,P-00677,1994,92,93,2026-06-26T14:56:38Z
W-01,P-00678,813,134,182,2026-06-03T14:56:37Z
W-08,P-00678,88,20,141,2026-06-30T12:07:26Z
W-04,P-00678,634,44,258,2026-06-11T10:19:06Z
W-06,P-00679,803,54,175,2026-06-04T18:16:10Z
W-03,P-00680,366,35,93,2026-06-08T07:55:03Z
W-08,P-00680,541,115,175,2026-06-06T15:59:38Z
W-04,P-00680,1301,268,234,2026-06-17T15:49:28Z
W-04,P-00681,1187,182,276,2026-06-07T08:42:51Z
W-07,P-00681,864,20,263,2026-06-19T17:36:52Z
W-06,P-00681,1180,248,279,2026-06-01T11:28:21Z
W-02,P-00682,1285,224,112,2026-06-06T01:33:40Z
W-05,P-00682,1386,254,208,2026-06-30T19:42:51Z
W-05,P-00683,226,29,153,2026-06-29T02:34:25Z
W-06,P-00683,1745,399,110,2026-06-04T21:29:38Z
W-03,P-00684,315,76,137,2026-06-17T02:33:13Z
W-04,P-00684,186,36,118,2026-06-25T09:55:52Z
W-04,P-00685,1566,146,195,2026-06-02T13:30:02Z
W-06,P-00686,1155,24,167,2026-06-20T18:59:42Z
W-01,P-00686,734,34,259,2026-06-20T20:53:31Z
W-06,P-00687,1870,24,57,2026-06-22T13:11:36Z
W-07,P-00688,127,26,285,2026-06-04T21:21:59Z
W-05,P-00688,110,27,220,2026-06-10T04:20:13Z
W-03,P-00689,95,19,262,2026-06-11T03:48:39Z
W-02,P-00689,1273,274,256,2026-06-17T23:32:55Z
W-07,P-00689,1614,326,235,2026-06-09T17:56:54Z
W-07,P-00690,301,33,173,2026-06-24T16:34:06Z
W-08,P-00690,1320,307,107,2026-06-14T23:46:04Z
W-07,P-00691,1568,227,190,2026-06-12T04:25:59Z
W-06,P-00691,1053,172,295,2026-06-17T20:21:57Z
W-03,P-00691,832,91,105,2026-06-10T05:00:24Z
W-08,P-00692,1991,495,191,2026-06-17T21:35:05Z
W-01,P-00692,1575,143,254,2026-06-13T13:33:52Z
W-06,P-00693,1974,386,139,2026-06-17T00:41:09Z
W-05,P-00693,401,39,164,2026-06-10T14:50:37Z
W-04,P-00693,1984,253,263,2026-06-21T22:40:28Z
W-07,P-00694,1954,24,85,2026-06-22T07:16:42Z
W-06,P-00695,274,17,130,2026-06-03T02:38:32Z
W-01,P-00696,260,2,88,2026-06-30T14:30:49Z
W-03,P-00697,1768,61,50,2026-06-06T18:20:11Z
W-08,P-00697,1027,123,247,2026-06-11T12:49:13Z
W-04,P-00698,921,222,119,2026-06-28T14:56:06Z
W-05,P-00699,200,47,65,2026-06-11T17:12:27Z
W-01,P-00699,1299,141,146,2026-06-27T01:49:58Z
W-07,P-00700,1479,169,116,2026-06-16T22:18:32Z
W-02,P-00700,731,29,164,2026-06-05T17:36:19Z
W-01,P-00700,286,61,189,2026-06-06T13:34:39Z
W-04,P-00701,37,0,128,2026-06-07T02:31:37Z
W-01,P-00701,1628,334,54,2026-06-22T14:11:30Z
W-08,P-00701,963,221,169,2026-06-30T10:19:47Z
W-05,P-00702,1008,211,83,2026-06-04T14:10:26Z
W-04,P-00702,312,59,249,2026-06-09T11:06:43Z
W-07,P-00703,320,25,119,2026-06-22T20:18:47Z
W-05,P-00703,1422,347,254,2026-06-23T11:51:57Z
W-02,P-00703,568,84,224,2026-06-12T06:23:22Z
W-07,P-00704,1921,352,133,2026-06-07T17:09:39Z
W-01,P-00704,47,4,266,2026-06-01T23:35:51Z
W-05,P-00705,631,13,50,2026-06-17T13:22:01Z
W-08,P-00706,148,17,284,2026-06-28T20:38:55Z
W-04,P-00706,1175,255,179,2026-06-14T22:20:58Z
W-07,P-00706,115,25,252,2026-06-06T12:07:11Z
W-04,P-00707,1222,120,131,2026-06-20T20:23:16Z
W-07,P-00707,1202,270,238,2026-06-24T02:38:59Z
W-05,P-00708,1056,70,291,2026-06-14T04:58:39Z
W-07,P-00708,543,127,162,2026-06-21T18:19:26Z
W-06,P-00708,1821,115,60,2026-06-25T00:13:10Z
W-07,P-00709,65,12,295,2026-06-22T12:41:26Z
W-07,P-00710,927,85,290,2026-06-27T05:17:40Z
W-03,P-00710,1490,371,139,2026-06-24T16:30:47Z
W-08,P-00711,1403,71,75,2026-06-24T19:02:03Z
W-01,P-00712,736,16,228,2026-06-28T22:36:54Z
W-04,P-00712,1740,100,143,2026-06-25T09:23:05Z
W-08,P-00712,941,74,286,2026-06-24T15:20:56Z
W-02,P-00713,915,44,104,2026-06-06T09:21:56Z
W-04,P-00713,832,63,234,2026-06-27T04:18:36Z
W-05,P-00714,1180,119,137,2026-06-06T18:04:39Z
W-02,P-00714,916,49,152,2026-06-19T15:09:15Z
W-08,P-00714,329,56,253,2026-06-16T23:53:07Z
W-04,P-00715,127,0,208,2026-06-02T04:57:38Z
W-06,P-00715,1369,32,192,2026-06-16T13:50:14Z
W-08,P-00715,312,12,274,2026-06-21T20:42:49Z
W-01,P-00716,813,0,222,2026-06-10T03:42:41Z
W-08,P-00717,837,156,85,2026-06-30T01:15:24Z
W-01,P-00717,1355,221,68,2026-06-07T00:23:23Z
W-05,P-00718,481,118,258,2026-06-18T04:38:02Z
W-04,P-00718,1844,348,203,2026-06-01T07:07:48Z
W-02,P-00718,1921,418,198,2026-06-06T09:01:21Z
W-01,P-00719,1548,39,218,2026-06-14T18:40:38Z
W-04,P-00719,840,200,136,2026-06-08T10:32:51Z
W-07,P-00720,592,45,134,2026-06-16T02:17:07Z
W-02,P-00721,776,170,286,2026-06-16T01:07:58Z
W-03,P-00722,1594,154,178,2026-06-18T10:09:08Z
W-01,P-00722,1428,24,294,2026-06-08T04:33:20Z
W-05,P-00722,187,3,115,2026-06-01T15:15:56Z
W-08,P-00723,345,13,257,2026-06-23T19:04:25Z
W-01,P-00723,185,44,154,2026-06-30T14:03:49Z
W-05,P-00724,475,46,158,2026-06-28T08:56:56Z
W-04,P-00724,1589,369,123,2026-06-01T09:25:09Z
W-04,P-00725,1067,130,87,2026-06-15T08:14:31Z
W-02,P-00725,1705,221,241,2026-06-08T07:25:20Z
W-07,P-00726,1278,257,79,2026-06-09T12:56:06Z
W-01,P-00726,390,22,271,2026-06-04T00:14:52Z
W-05,P-00726,920,101,295,2026-06-16T14:11:31Z
W-05,P-00727,600,134,291,2026-06-20T22:04:10Z
W-04,P-00727,1258,269,173,2026-06-20T23:19:01Z
W-06,P-00728,554,95,217,2026-06-16T06:03:56Z
W-05,P-00728,19,4,123,2026-06-19T10:11:21Z
W-03,P-00728,24,4,117,2026-06-28T02:02:08Z
W-02,P-00729,442,88,77,2026-06-21T22:17:37Z
W-06,P-00729,338,79,66,2026-06-26T10:06:14Z
W-05,P-00730,1104,195,205,2026-06-11T11:51:39Z
W-01,P-00730,557,4,71,2026-06-23T17:01:08Z
W-07,P-00730,1379,288,86,2026-06-03T09:28:36Z
W-04,P-00731,1713,249,295,2026-06-07T12:00:37Z
W-03,P-00731,1040,160,78,2026-06-08T18:30:18Z
W-03,P-00732,1061,70,285,2026-06-16T10:00:44Z
W-06,P-00733,577,101,111,2026-06-09T11:59:06Z
W-06,P-00734,266,4,52,2026-06-24T06:18:54Z
W-05,P-00735,325,53,210,2026-06-07T04:14:42Z
W-08,P-00736,1383,332,205,2026-06-07T16:38:14Z
W-05,P-00736,1085,211,267,2026-06-09T19:41:00Z
W-01,P-00737,417,32,78,2026-06-03T22:14:26Z
W-01,P-00738,297,59,123,2026-06-09T12:53:49Z
W-06,P-00738,533,67,123,2026-06-05T22:08:36Z
W-03,P-00738,1579,284,281,2026-06-22T04:46:09Z
W-05,P-00739,1219,229,164,2026-06-16T14:26:45Z
W-08,P-00739,288,0,104,2026-06-06T14:38:41Z
W-07,P-00739,452,71,51,2026-06-20T16:27:41Z
W-01,P-00740,144,17,102,2026-06-03T15:30:12Z
W-04,P-00741,497,86,269,2026-06-09T00:02:26Z
W-08,P-00741,363,46,207,2026-06-08T01:09:24Z
W-06,P-00742,1723,121,107,2026-06-11T20:51:07Z
W-08,P-00742,1148,208,84,2026-06-13T20:15:29Z
W-04,P-00743,1295,50,229,2026-06-10T11:13:06Z
W-01,P-00743,1519,200,94,2026-06-06T07:46:59Z
W-02,P-00743,752,50,105,2026-06-01T12:16:07Z
W-08,P-00744,497,34,188,2026-06-20T00:04:06Z
W-02,P-00744,1248,295,116,2026-06-16T08:32:44Z
W-06,P-00744,1011,139,176,2026-06-22T07:44:19Z
W-04,P-00745,248,6,95,2026-06-01T03:31:55Z
W-03,P-00745,514,72,243,2026-06-03T18:49:10Z
W-07,P-00746,1005,49,213,2026-06-14T16:19:09Z
W-03,P-00746,1792,262,254,2026-06-10T15:02:03Z
W-01,P-00746,182,37,236,2026-06-10T11:30:04Z
W-01,P-00747,1329,26,136,2026-06-21T19:44:36Z
W-01,P-00748,1171,93,247,2026-06-15T19:39:55Z
W-04,P-00748,491,118,120,2026-06-23T14:46:50Z
W-06,P-00748,1491,27,152,2026-06-22T19:41:00Z
W-06,P-00749,933,12,121,2026-06-03T16:33:50Z
W-03,P-00749,608,37,266,2026-06-28T03:52:41Z
W-01,P-00749,746,61,141,2026-06-06T02:43:07Z
W-05,P-00750,738,126,282,2026-06-18T10:20:18Z
W-08,P-00751,961,60,168,2026-06-17T15:20:47Z
W-03,P-00751,1219,205,97,2026-06-11T10:39:37Z
W-07,P-00751,282,24,104,2026-06-17T13:40:03Z
W-06,P-00752,1421,336,195,2026-06-07T13:21:46Z
W-03,P-00752,1629,174,270,2026-06-22T08:43:59Z
W-06,P-00753,1134,46,232,2026-06-04T11:54:37Z
W-07,P-00754,130,1,60,2026-06-19T11:11:40Z
W-04,P-00754,46,0,292,2026-06-20T02:32:11Z
W-08,P-00754,259,23,61,2026-06-20T10:22:59Z
W-01,P-00755,287,23,201,2026-06-17T22:45:55Z
W-05,P-00755,1845,448,72,2026-06-04T23:53:09Z
W-01,P-00756,194,23,279,2026-06-12T08:25:33Z
W-01,P-00757,82,20,237,2026-06-01T21:13:22Z
W-07,P-00757,1544,74,71,2026-06-09T08:13:28Z
W-05,P-00758,539,27,282,2026-06-19T06:34:27Z
W-07,P-00758,435,54,183,2026-06-25T10:35:45Z
W-02,P-00759,1067,73,66,2026-06-08T20:56:07Z
W-01,P-00759,1676,21,171,2026-06-01T19:47:19Z
W-05,P-00760,1530,247,298,2026-06-25T13:18:17Z
W-04,P-00761,409,78,207,2026-06-18T18:11:24Z
W-02,P-00761,1712,290,137,2026-06-03T20:37:25Z
W-07,P-00761,1717,37,288,2026-06-06T19:58:27Z
W-01,P-00762,1409,67,200,2026-06-09T14:13:03Z
W-07,P-00762,1806,147,210,2026-06-12T07:04:39Z
W-05,P-00763,109,15,233,2026-06-17T04:34:40Z
W-03,P-00763,379,91,126,2026-06-29T17:23:56Z
W-01,P-00763,1328,28,243,2026-06-03T23:32:31Z
W-01,P-00764,1157,221,182,2026-06-02T08:06:13Z
W-07,P-00764,253,11,167,2026-06-22T02:19:04Z
W-02,P-00764,1976,200,149,2026-06-06T10:34:12Z
W-06,P-00765,755,161,129,2026-06-04T09:19:01Z
W-04,P-00765,826,58,108,2026-06-06T20:21:06Z
W-02,P-00765,829,70,141,2026-06-04T16:00:49Z
W-07,P-00766,1185,288,178,2026-06-08T11:43:02Z
W-02,P-00766,239,36,174,2026-06-04T15:49:23Z
W-03,P-00767,206,29,61,2026-06-03T01:23:03Z
W-06,P-00768,1525,177,75,2026-06-12T22:16:19Z
W-08,P-00768,1191,217,176,2026-06-07T22:49:17Z
W-08,P-00769,1869,242,215,2026-06-10T16:12:38Z
W-06,P-00769,1111,276,54,2026-06-11T14:40:58Z
W-07,P-00769,1263,152,142,2026-06-29T09:56:20Z
W-02,P-00770,597,15,75,2026-06-14T20:08:04Z
W-08,P-00770,178,22,50,2026-06-01T15:48:16Z
W-08,P-00771,1252,7,202,2026-06-08T19:53:42Z
W-02,P-00772,1605,155,226,2026-06-24T06:56:16Z
W-04,P-00772,584,49,58,2026-06-12T12:07:53Z
W-05,P-00772,1646,231,59,2026-06-28T15:16:53Z
W-03,P-00773,1700,58,91,2026-06-13T15:12:26Z
W-01,P-00773,468,111,189,2026-06-20T06:22:52Z
W-06,P-00774,1436,15,222,2026-06-05T13:04:18Z
W-02,P-00775,1225,177,148,2026-06-26T01:14:27Z
W-01,P-00775,800,127,183,2026-06-25T22:22:25Z
W-06,P-00775,1881,99,148,2026-06-18T05:53:52Z
W-07,P-00776,1217,7,202,2026-06-11T20:01:31Z
W-02,P-00776,1977,378,212,2026-06-25T17:05:30Z
W-08,P-00776,1454,350,59,2026-06-23T13:42:13Z
W-03,P-00777,1905,276,207,2026-06-30T09:32:07Z
W-02,P-00778,665,155,169,2026-06-07T15:53:37Z
W-07,P-00778,1180,34,279,2026-06-08T09:08:50Z
W-05,P-00778,1844,162,128,2026-06-24T13:57:27Z
W-06,P-00779,382,31,123,2026-06-22T15:13:52Z
W-04,P-00780,1279,304,181,2026-06-18T00:32:59Z
W-04,P-00781,316,26,188,2026-06-10T16:09:50Z
W-07,P-00782,209,23,78,2026-06-19T07:41:15Z
W-01,P-00782,114,12,50,2026-06-06T03:25:36Z
W-02,P-00783,782,164,219,2026-06-19T01:01:36Z
W-08,P-00783,548,42,170,2026-06-14T02:48:57Z
W-06,P-00783,1765,129,101,2026-06-05T09:07:31Z
W-06,P-00784,1429,80,277,2026-06-24T12:28:19Z
W-01,P-00785,1761,226,131,2026-06-06T23:42:38Z
W-06,P-00785,640,29,103,2026-06-28T17:10:23Z
W-03,P-00786,1563,198,276,2026-06-16T14:38:39Z
W-06,P-00786,1605,377,60,2026-06-22T18:01:22Z
W-05,P-00787,875,59,144,2026-06-26T01:58:50Z
W-06,P-00788,141,33,163,2026-06-08T12:37:06Z
W-05,P-00788,15,1,177,2026-06-28T16:40:11Z
W-01,P-00788,174,31,101,2026-06-14T10:05:05Z
W-03,P-00789,938,103,165,2026-06-24T02:46:50Z
W-08,P-00789,1287,184,153,2026-06-05T21:47:11Z
W-07,P-00789,371,82,181,2026-06-03T04:35:43Z
W-02,P-00790,991,115,96,2026-06-19T09:05:15Z
W-05,P-00790,389,12,90,2026-06-10T04:59:42Z
W-02,P-00791,1425,88,145,2026-06-17T20:42:38Z
W-06,P-00791,1264,291,279,2026-06-01T04:52:45Z
W-07,P-00791,1108,113,237,2026-06-15T23:40:56Z
W-04,P-00792,1756,320,170,2026-06-21T12:09:14Z
W-02,P-00792,631,39,182,2026-06-07T01:55:02Z
W-05,P-00793,1223,216,184,2026-06-18T05:29:09Z
W-06,P-00793,396,63,83,2026-06-24T15:18:44Z
W-02,P-00794,911,104,217,2026-06-22T23:39:20Z
W-06,P-00794,1815,270,96,2026-06-15T21:05:25Z
W-08,P-00795,1182,273,152,2026-06-30T11:03:47Z
W-01,P-00795,694,13,267,2026-06-14T11:09:40Z
W-04,P-00796,557,89,155,2026-06-12T23:34:05Z
W-02,P-00796,275,18,291,2026-06-04T05:49:04Z
W-07,P-00797,240,56,138,2026-06-21T15:14:06Z
W-03,P-00798,411,26,235,2026-06-15T09:34:51Z
W-02,P-00798,1400,274,204,2026-06-06T22:53:57Z
W-03,P-00799,149,13,101,2026-06-04T22:47:38Z
W-05,P-00799,1473,81,161,2026-06-26T02:14:45Z
W-02,P-00800,1409,246,120,2026-06-21T04:35:57Z
W-01,P-00801,602,114,103,2026-06-03T13:17:48Z
W-02,P-00802,747,66,200,2026-06-20T01:20:31Z
W-08,P-00802,1486,362,158,2026-06-24T14:00:34Z
W-07,P-00802,93,9,202,2026-06-12T17:39:02Z
W-02,P-00803,1840,386,75,2026-06-24T08:05:46Z
W-07,P-00804,1322,243,79,2026-06-25T22:15:27Z
W-06,P-00804,624,67,76,2026-06-02T17:59:44Z
W-05,P-00805,1138,137,114,2026-06-19T13:19:10Z
W-07,P-00805,1748,140,235,2026-06-27T17:47:57Z
W-07,P-00806,985,154,159,2026-06-25T18:44:17Z
W-01,P-00806,1834,69,149,2026-06-07T01:50:28Z
W-06,P-00806,771,112,261,2026-06-12T09:02:14Z
W-07,P-00807,1019,22,74,2026-06-14T05:58:08Z
W-04,P-00807,738,0,221,2026-06-27T19:28:21Z
W-03,P-00807,1587,185,247,2026-06-29T14:28:45Z
W-02,P-00808,1074,208,116,2026-06-11T18:40:39Z
W-05,P-00809,829,94,295,2026-06-22T19:49:07Z
W-06,P-00809,1775,198,120,2026-06-27T02:10:12Z
W-02,P-00809,1943,101,214,2026-06-29T21:14:15Z
W-08,P-00810,1066,9,62,2026-06-19T15:19:59Z
W-03,P-00810,1543,243,106,2026-06-09T10:32:33Z
W-01,P-00810,876,92,87,2026-06-15T02:39:29Z
W-03,P-00811,1680,332,268,2026-06-25T01:23:37Z
W-02,P-00811,380,59,222,2026-06-20T21:30:12Z
W-05,P-00812,1830,403,191,2026-06-12T11:31:59Z
W-06,P-00812,246,31,264,2026-06-21T21:17:47Z
W-01,P-00813,367,84,50,2026-06-21T01:50:37Z
W-04,P-00814,711,83,206,2026-06-17T11:52:53Z
W-08,P-00815,1654,173,82,2026-06-10T02:32:43Z
W-01,P-00815,408,73,213,2026-06-08T07:46:00Z
W-05,P-00816,603,116,271,2026-06-30T01:25:49Z
W-07,P-00816,807,99,189,2026-06-13T18:49:19Z
W-01,P-00816,897,147,94,2026-06-21T14:58:34Z
W-02,P-00817,149,5,185,2026-06-22T09:19:02Z
W-04,P-00817,1180,78,211,2026-06-17T17:39:13Z
W-04,P-00818,1375,287,209,2026-06-10T21:33:53Z
W-05,P-00819,602,50,207,2026-06-05T15:59:39Z
W-04,P-00819,412,28,208,2026-06-06T23:04:09Z
W-04,P-00820,122,27,171,2026-06-20T02:14:23Z
W-03,P-00820,1026,164,128,2026-06-19T14:58:23Z
W-07,P-00820,453,2,226,2026-06-14T01:57:19Z
W-02,P-00821,1809,125,197,2026-06-13T11:53:12Z
W-07,P-00821,1677,240,129,2026-06-13T11:57:29Z
W-03,P-00822,1279,180,165,2026-06-02T06:56:12Z
W-06,P-00822,162,18,288,2026-06-06T15:25:43Z
W-08,P-00823,1514,136,255,2026-06-13T07:27:39Z
W-07,P-00823,205,8,83,2026-06-28T02:09:53Z
W-02,P-00824,33,2,207,2026-06-15T11:22:08Z
W-01,P-00824,279,48,99,2026-06-04T12:47:41Z
W-06,P-00825,945,71,107,2026-06-04T06:27:46Z
W-05,P-00825,1693,18,99,2026-06-21T18:34:47Z
W-08,P-00825,114,16,56,2026-06-30T21:56:37Z
W-05,P-00826,578,24,176,2026-06-07T02:23:16Z
W-07,P-00826,1998,140,140,2026-06-25T23:35:23Z
W-02,P-00826,336,46,267,2026-06-19T04:02:05Z
W-04,P-00827,1395,266,50,2026-06-08T07:40:15Z
W-08,P-00828,15,2,146,2026-06-18T20:04:48Z
W-05,P-00828,832,60,82,2026-06-11T14:21:42Z
W-07,P-00829,354,69,97,2026-06-17T15:22:39Z
W-06,P-00830,838,3,162,2026-06-21T09:15:45Z
W-08,P-00830,412,42,122,2026-06-27T17:36:36Z
W-07,P-00830,71,15,261,2026-06-27T10:19:32Z
W-04,P-00831,1841,88,155,2026-06-16T20:10:59Z
W-01,P-00831,714,17,230,2026-06-16T21:47:59Z
W-04,P-00832,1619,154,102,2026-06-21T16:12:30Z
W-01,P-00832,1553,212,194,2026-06-20T22:39:16Z
W-08,P-00833,1505,117,147,2026-06-07T06:34:48Z
W-06,P-00833,1102,75,100,2026-06-24T19:23:57Z
W-02,P-00834,1075,131,240,2026-06-26T02:56:00Z
W-03,P-00834,532,111,197,2026-06-22T16:43:32Z
W-04,P-00834,233,51,85,2026-06-24T09:29:31Z
W-04,P-00835,499,39,63,2026-06-09T10:16:06Z
W-02,P-00835,117,11,183,2026-06-09T01:51:41Z
W-01,P-00836,980,7,161,2026-06-10T04:31:22Z
W-03,P-00836,1827,25,165,2026-06-21T12:57:59Z
W-01,P-00837,1521,327,154,2026-06-11T04:28:20Z
W-07,P-00837,1638,139,108,2026-06-18T13:07:42Z
W-05,P-00838,617,24,66,2026-06-11T12:04:42Z
W-04,P-00838,1015,66,233,2026-06-18T10:20:52Z
W-04,P-00839,1963,298,209,2026-06-03T13:20:40Z
W-01,P-00839,1467,225,287,2026-06-26T02:06:58Z
W-05,P-00840,640,137,112,2026-06-14T09:51:37Z
W-04,P-00840,96,3,266,2026-06-06T02:47:48Z
W-02,P-00840,1902,395,208,2026-06-16T10:35:07Z
W-07,P-00841,1492,305,203,2026-06-28T03:58:55Z
W-02,P-00842,1928,171,116,2026-06-10T19:47:41Z
W-08,P-00842,1132,218,236,2026-06-12T03:38:46Z
W-01,P-00842,1966,183,300,2026-06-21T19:47:07Z
W-05,P-00843,573,69,62,2026-06-29T08:55:31Z
W-06,P-00844,1523,33,137,2026-06-26T00:59:30Z
W-03,P-00844,359,21,71,2026-06-24T20:39:01Z
W-03,P-00845,786,20,199,2026-06-03T05:30:03Z
W-04,P-00845,1746,125,276,2026-06-27T04:09:08Z
W-08,P-00845,1426,146,226,2026-06-27T10:59:46Z
W-02,P-00846,1973,239,106,2026-06-22T22:19:30Z
W-02,P-00847,1210,60,287,2026-06-08T00:13:15Z
W-08,P-00848,1091,20,71,2026-06-07T09:20:17Z
W-04,P-00848,167,4,182,2026-06-02T07:29:59Z
W-05,P-00849,838,12,273,2026-06-18T10:43:04Z
W-06,P-00849,1167,62,251,2026-06-11T21:06:52Z
W-01,P-00850,990,75,68,2026-06-12T16:37:39Z
W-06,P-00850,1143,130,250,2026-06-20T06:43:13Z
W-03,P-00850,145,24,263,2026-06-21T16:56:06Z
W-05,P-00851,792,72,132,2026-06-21T08:14:53Z
W-08,P-00851,1163,42,190,2026-06-22T06:12:04Z
W-04,P-00851,319,37,117,2026-06-05T15:08:34Z
W-08,P-00852,847,137,190,2026-06-21T19:40:49Z
W-05,P-00853,1017,136,135,2026-06-15T18:03:22Z
W-03,P-00854,1704,371,134,2026-06-05T04:35:51Z
W-07,P-00854,1051,90,234,2026-06-22T18:27:37Z
W-06,P-00855,1812,74,256,2026-06-28T15:08:46Z
W-01,P-00856,680,15,108,2026-06-07T01:19:00Z
W-06,P-00856,777,167,292,2026-06-23T06:12:46Z
W-08,P-00856,606,106,80,2026-06-29T19:33:50Z
W-07,P-00857,371,62,140,2026-06-12T08:09:46Z
W-01,P-00857,671,107,152,2026-06-24T06:30:03Z
W-04,P-00857,296,68,268,2026-06-22T08:12:54Z
W-08,P-00858,887,46,221,2026-06-20T07:58:46Z
W-01,P-00858,1098,65,127,2026-06-08T19:15:25Z
W-02,P-00859,456,76,175,2026-06-25T19:01:57Z
W-08,P-00860,1643,127,161,2026-06-21T08:53:45Z
W-05,P-00860,851,3,208,2026-06-02T21:21:31Z
W-06,P-00860,1948,404,82,2026-06-03T18:15:04Z
W-02,P-00861,614,68,89,2026-06-23T18:22:32Z
W-05,P-00861,1476,52,260,2026-06-03T19:11:08Z
W-06,P-00862,965,142,73,2026-06-28T07:16:04Z
W-02,P-00863,1344,290,132,2026-06-27T03:14:42Z
W-08,P-00863,1293,182,105,2026-06-02T17:06:08Z
W-07,P-00863,1248,288,253,2026-06-30T04:39:09Z
W-01,P-00864,1696,279,245,2026-06-11T07:32:02Z
W-05,P-00865,1359,233,126,2026-06-09T12:02:00Z
W-04,P-00865,572,16,275,2026-06-16T09:26:40Z
W-07,P-00865,577,29,157,2026-06-17T12:42:01Z
W-08,P-00866,1639,253,60,2026-06-26T09:46:19Z
W-07,P-00866,1258,122,287,2026-06-28T07:53:51Z
W-01,P-00866,1618,214,287,2026-06-16T03:31:14Z
W-05,P-00867,1000,88,152,2026-06-20T13:57:29Z
W-06,P-00867,612,75,197,2026-06-16T20:01:22Z
W-06,P-00868,967,224,75,2026-06-24T13:16:35Z
W-04,P-00869,1842,388,165,2026-06-10T03:30:43Z
W-06,P-00869,107,10,86,2026-06-28T11:09:24Z
W-02,P-00870,246,48,259,2026-06-28T19:52:37Z
W-03,P-00870,1665,226,299,2026-06-17T15:20:11Z
W-07,P-00870,1422,245,155,2026-06-23T11:08:32Z
W-07,P-00871,627,67,82,2026-06-26T10:40:28Z
W-02,P-00871,1774,34,260,2026-06-23T08:16:05Z
W-02,P-00872,17,0,83,2026-06-04T09:27:26Z
W-05,P-00872,707,17,60,2026-06-03T14:55:04Z
W-03,P-00872,390,44,185,2026-06-09T07:24:06Z
W-01,P-00873,650,46,290,2026-06-02T03:02:28Z
W-07,P-00874,1387,262,51,2026-06-13T21:03:46Z
W-08,P-00874,844,43,273,2026-06-17T02:27:40Z
W-01,P-00874,1352,132,268,2026-06-05T04:34:26Z
W-03,P-00875,245,31,270,2026-06-11T18:55:37Z
W-02,P-00876,536,49,147,2026-06-08T13:15:16Z
W-03,P-00876,878,149,157,2026-06-17T02:57:56Z
W-05,P-00877,881,189,148,2026-06-09T14:14:25Z
W-07,P-00878,1076,113,186,2026-06-26T21:06:04Z
W-05,P-00879,1833,333,97,2026-06-15T13:02:00Z
W-02,P-00879,146,17,126,2026-06-04T12:00:07Z
W-05,P-00880,641,29,58,2026-06-14T01:19:44Z
W-02,P-00881,1377,304,240,2026-06-07T17:41:46Z
W-03,P-00881,1211,5,234,2026-06-07T06:03:33Z
W-07,P-00881,1773,344,259,2026-06-03T00:52:54Z
W-02,P-00882,1868,121,73,2026-06-09T03:01:26Z
W-06,P-00883,60,1,296,2026-06-15T05:52:26Z
W-07,P-00883,671,94,69,2026-06-15T02:55:06Z
W-07,P-00884,770,44,246,2026-06-10T09:03:42Z
W-06,P-00884,1907,409,267,2026-06-29T09:49:28Z
W-08,P-00885,1575,225,88,2026-06-11T21:38:03Z
W-04,P-00885,675,141,289,2026-06-06T07:16:32Z
W-03,P-00886,803,150,222,2026-06-01T07:47:03Z
W-04,P-00887,1717,149,184,2026-06-12T23:43:02Z
W-01,P-00888,465,48,121,2026-06-23T16:35:48Z
W-04,P-00889,1709,395,222,2026-06-01T07:48:38Z
W-07,P-00890,1279,209,104,2026-06-25T00:11:43Z
W-01,P-00891,1847,273,233,2026-06-04T16:35:31Z
W-08,P-00892,1396,251,249,2026-06-18T07:53:47Z
W-04,P-00892,126,23,89,2026-06-17T18:04:38Z
W-01,P-00893,414,95,240,2026-06-24T21:01:25Z
W-08,P-00893,1330,130,154,2026-06-23T18:57:29Z
W-03,P-00893,29,7,166,2026-06-09T10:12:45Z
W-07,P-00894,413,96,206,2026-06-26T20:14:25Z
W-02,P-00894,1578,190,155,2026-06-05T23:39:50Z
W-04,P-00894,1782,202,86,2026-06-13T13:29:40Z
W-08,P-00895,727,89,210,2026-06-23T11:20:47Z
W-03,P-00895,1645,120,167,2026-06-14T14:20:42Z
W-04,P-00895,1904,414,68,2026-06-04T13:05:11Z
W-05,P-00896,1097,163,68,2026-06-13T13:51:27Z
W-02,P-00896,190,40,73,2026-06-05T22:14:34Z
W-03,P-00896,578,137,73,2026-06-05T19:51:09Z
W-02,P-00897,1080,132,257,2026-06-04T22:05:48Z
W-06,P-00897,1913,209,276,2026-06-05T18:22:59Z
W-07,P-00898,1560,82,289,2026-06-09T07:08:58Z
W-08,P-00898,1606,101,113,2026-06-16T01:22:40Z
W-04,P-00898,1121,204,57,2026-06-12T10:09:56Z
W-04,P-00899,634,23,126,2026-06-30T21:42:38Z
W-03,P-00899,483,26,285,2026-06-26T03:20:54Z
W-06,P-00899,771,134,60,2026-06-01T11:46:13Z
W-01,P-00900,396,91,133,2026-06-09T17:03:54Z
W-08,P-00900,110,0,143,2026-06-10T12:59:08Z
W-08,P-00901,1934,40,115,2026-06-04T02:54:05Z
W-05,P-00902,1111,156,59,2026-06-12T14:03:57Z
W-03,P-00902,1500,1,130,2026-06-23T22:29:57Z
W-06,P-00903,239,29,183,2026-06-01T14:41:35Z
W-05,P-00904,1433,10,295,2026-06-14T21:20:08Z
W-03,P-00904,36,2,140,2026-06-06T23:07:08Z
W-01,P-00905,806,126,239,2026-06-04T18:07:52Z
W-08,P-00906,1389,323,174,2026-06-20T18:45:37Z
W-01,P-00907,426,79,223,2026-06-27T11:45:15Z
W-04,P-00907,332,18,54,2026-06-27T00:38:45Z
W-08,P-00908,69,0,213,2026-06-29T08:09:23Z
W-02,P-00908,913,165,234,2026-06-27T08:22:00Z
W-05,P-00909,176,6,187,2026-06-15T14:20:23Z
W-04,P-00910,1192,199,228,2026-06-17T07:58:03Z
W-06,P-00910,1228,63,72,2026-06-30T08:27:33Z
W-01,P-00910,1962,469,191,2026-06-29T04:50:01Z
W-04,P-00911,1162,58,214,2026-06-10T21:28:31Z
W-06,P-00911,491,38,130,2026-06-06T09:19:27Z
W-01,P-00912,1399,116,237,2026-06-17T03:54:45Z
W-03,P-00912,1664,233,261,2026-06-02T03:15:33Z
W-05,P-00912,356,74,278,2026-06-23T20:35:14Z
W-04,P-00913,1965,244,112,2026-06-12T20:25:12Z
W-05,P-00913,1251,117,196,2026-06-10T16:51:13Z
W-07,P-00914,1147,110,176,2026-06-30T06:11:53Z
W-02,P-00914,1321,13,150,2026-06-09T06:28:03Z
W-06,P-00915,1358,277,274,2026-06-21T15:54:01Z
W-05,P-00915,861,92,216,2026-06-09T01:32:42Z
W-01,P-00915,1917,38,85,2026-06-15T07:19:08Z
W-05,P-00916,805,44,55,2026-06-05T18:22:29Z
W-07,P-00916,1207,96,68,2026-06-16T02:23:13Z
W-05,P-00917,81,6,189,2026-06-04T08:48:21Z
W-04,P-00918,1808,448,136,2026-06-20T01:58:08Z
W-01,P-00919,251,45,54,2026-06-11T22:51:32Z
W-07,P-00919,402,29,240,2026-06-16T23:48:48Z
W-07,P-00920,1737,244,111,2026-06-16T11:35:48Z
W-01,P-00920,582,28,151,2026-06-19T21:26:45Z
W-05,P-00920,1286,119,268,2026-06-15T05:01:31Z
W-06,P-00921,300,64,200,2026-06-12T06:08:46Z
W-08,P-00921,88,22,105,2026-06-17T23:46:05Z
W-07,P-00921,1918,38,138,2026-06-04T14:50:44Z
W-08,P-00922,1965,284,235,2026-06-02T16:53:07Z
W-02,P-00922,856,127,164,2026-06-21T09:20:40Z
W-02,P-00923,1495,260,144,2026-06-08T15:21:02Z
W-04,P-00923,1844,360,93,2026-06-13T19:13:38Z
W-01,P-00923,723,50,165,2026-06-29T01:21:25Z
W-04,P-00924,1289,322,195,2026-06-10T23:15:23Z
W-06,P-00924,1429,294,292,2026-06-13T02:42:06Z
W-01,P-00924,522,79,208,2026-06-09T16:03:14Z
W-01,P-00925,929,43,154,2026-06-28T20:09:46Z
W-03,P-00926,919,150,84,2026-06-15T03:51:19Z
W-04,P-00926,1519,107,254,2026-06-30T21:18:42Z
W-04,P-00927,35,0,59,2026-06-08T19:16:12Z
W-07,P-00928,1545,86,109,2026-06-28T05:19:54Z
W-05,P-00929,1941,150,273,2026-06-10T15:20:31Z
W-07,P-00929,612,102,197,2026-06-19T08:55:01Z
W-07,P-00930,1051,72,123,2026-06-02T15:50:22Z
W-01,P-00930,177,32,191,2026-06-03T05:47:48Z
W-08,P-00930,572,78,115,2026-06-18T10:19:23Z
W-01,P-00931,1618,160,284,2026-06-08T12:03:54Z
W-06,P-00931,627,127,169,2026-06-07T12:15:05Z
W-04,P-00931,239,4,53,2026-06-09T01:24:10Z
W-01,P-00932,173,39,292,2026-06-24T14:24:48Z
W-06,P-00932,864,90,224,2026-06-24T06:05:57Z
W-08,P-00933,1094,94,118,2026-06-12T16:22:53Z
W-07,P-00933,12,3,86,2026-06-18T11:16:12Z
W-05,P-00934,39,5,101,2026-06-15T08:46:47Z
W-04,P-00934,599,135,161,2026-06-28T17:37:36Z
W-08,P-00934,725,155,216,2026-06-11T14:53:13Z
W-07,P-00935,1191,129,153,2026-06-23T15:48:35Z
W-03,P-00935,174,36,223,2026-06-10T19:38:54Z
W-01,P-00936,865,190,289,2026-06-04T12:12:42Z
W-05,P-00936,1628,0,261,2026-06-30T07:24:52Z
W-06,P-00937,1929,117,298,2026-06-21T21:10:27Z
W-08,P-00937,353,54,92,2026-06-09T10:09:55Z
W-01,P-00938,1642,324,162,2026-06-22T17:02:41Z
W-06,P-00938,367,48,89,2026-06-06T09:14:15Z
W-05,P-00938,194,39,214,2026-06-26T11:29:43Z
W-08,P-00939,1572,173,237,2026-06-27T16:04:00Z
W-05,P-00939,1414,261,194,2026-06-19T06:48:40Z
W-04,P-00940,1416,307,139,2026-06-27T06:13:07Z
W-07,P-00940,1772,9,232,2026-06-03T05:46:15Z
W-06,P-00940,328,0,133,2026-06-15T10:45:16Z
W-06,P-00941,1127,174,164,2026-06-13T01:42:15Z
W-07,P-00942,1245,261,88,2026-06-02T03:36:44Z
W-03,P-00942,1730,176,76,2026-06-30T09:37:32Z
W-05,P-00942,1860,308,98,2026-06-16T07:12:45Z
W-01,P-00943,707,103,179,2026-06-17T15:47:28Z
W-04,P-00943,44,7,61,2026-06-19T21:51:00Z
W-08,P-00943,511,49,181,2026-06-19T16:44:39Z
W-04,P-00944,1066,202,159,2026-06-08T03:45:25Z
W-05,P-00944,579,0,278,2026-06-23T13:49:53Z
W-04,P-00945,1528,193,282,2026-06-01T17:43:45Z
W-06,P-00945,379,3,276,2026-06-17T08:07:32Z
W-07,P-00945,1120,57,107,2026-06-20T16:26:17Z
W-05,P-00946,1838,411,187,2026-06-14T04:36:31Z
W-02,P-00946,793,154,214,2026-06-06T12:03:49Z
W-01,P-00947,342,63,154,2026-06-19T01:43:02Z
W-08,P-00948,281,25,287,2026-06-06T19:51:01Z
W-03,P-00948,737,157,106,2026-06-09T13:01:07Z
W-05,P-00949,1102,69,271,2026-06-20T22:22:50Z
W-03,P-00950,194,38,109,2026-06-04T16:45:08Z
W-08,P-00950,629,95,241,2026-06-30T18:08:50Z
W-07,P-00951,1519,249,61,2026-06-09T12:15:26Z
W-03,P-00951,1930,371,266,2026-06-13T07:50:29Z
W-02,P-00951,236,38,270,2026-06-30T10:43:08Z
W-03,P-00952,849,171,292,2026-06-19T21:13:14Z
W-08,P-00953,476,62,252,2026-06-17T06:29:42Z
W-08,P-00954,1787,33,237,2026-06-16T01:18:59Z
W-03,P-00954,1134,230,171,2026-06-18T08:06:08Z
W-06,P-00954,1260,55,120,2026-06-22T07:26:19Z
W-03,P-00955,266,45,69,2026-06-02T17:38:40Z
W-02,P-00956,1346,137,167,2026-06-04T06:52:49Z
W-06,P-00956,1345,248,157,2026-06-21T19:13:27Z
W-04,P-00956,1620,154,223,2026-06-20T19:47:07Z
W-04,P-00957,424,105,292,2026-06-17T10:44:58Z
W-06,P-00957,1134,271,277,2026-06-09T03:32:29Z
W-07,P-00958,418,52,261,2026-06-11T00:09:12Z
W-02,P-00958,1651,182,269,2026-06-16T04:52:21Z
W-01,P-00959,1029,54,95,2026-06-01T14:23:21Z
W-07,P-00960,592,126,70,2026-06-18T05:07:24Z
W-01,P-00960,1458,231,262,2026-06-01T12:56:43Z
W-07,P-00961,1265,296,264,2026-06-08T14:59:07Z
W-05,P-00961,1294,140,129,2026-06-28T11:59:00Z
W-01,P-00961,1911,186,114,2026-06-10T06:25:17Z
W-07,P-00962,656,160,83,2026-06-22T12:53:10Z
W-06,P-00963,1517,128,245,2026-06-15T14:55:32Z
W-04,P-00964,368,58,248,2026-06-16T16:41:15Z
W-06,P-00965,1221,287,148,2026-06-15T21:21:15Z
W-03,P-00966,725,38,111,2026-06-26T10:46:48Z
W-06,P-00967,81,11,107,2026-06-16T19:51:38Z
W-01,P-00967,1297,269,272,2026-06-22T20:13:32Z
W-04,P-00967,497,68,251,2026-06-10T09:09:23Z
W-07,P-00968,1723,356,59,2026-06-22T00:21:59Z
W-05,P-00969,1084,150,218,2026-06-18T14:08:17Z
W-07,P-00969,1877,253,114,2026-06-14T00:01:00Z
W-01,P-00970,201,2,115,2026-06-23T02:09:55Z
W-06,P-00970,537,93,129,2026-06-27T17:27:46Z
W-04,P-00970,1920,170,152,2026-06-08T01:42:00Z
W-08,P-00971,1296,317,295,2026-06-07T18:30:55Z
W-08,P-00972,1960,415,125,2026-06-20T08:00:36Z
W-02,P-00973,30,6,65,2026-06-15T10:29:24Z
W-03,P-00973,18,2,152,2026-06-29T17:09:48Z
W-04,P-00974,1785,434,147,2026-06-20T00:37:49Z
W-03,P-00974,1125,274,234,2026-06-15T08:14:34Z
W-08,P-00975,1392,129,125,2026-06-04T09:50:14Z
W-06,P-00975,1866,108,169,2026-06-27T12:23:29Z
W-07,P-00975,1170,32,130,2026-06-19T00:30:12Z
W-06,P-00976,512,78,143,2026-06-20T11:35:34Z
W-07,P-00976,648,18,231,2026-06-18T12:23:55Z
W-02,P-00976,424,53,122,2026-06-09T15:48:16Z
W-03,P-00977,1695,317,159,2026-06-18T09:03:29Z
W-08,P-00977,1172,237,273,2026-06-03T01:19:58Z
W-01,P-00978,1992,27,192,2026-06-28T17:36:02Z
W-02,P-00979,1122,152,148,2026-06-21T13:35:54Z
W-08,P-00980,1616,28,230,2026-06-04T18:28:32Z
W-01,P-00981,1128,129,112,2026-06-18T01:18:47Z
W-05,P-00982,402,100,274,2026-06-14T06:35:09Z
W-01,P-00982,1458,234,129,2026-06-22T03:14:03Z
W-03,P-00982,1740,142,128,2026-06-05T17:26:43Z
W-05,P-00983,1356,287,235,2026-06-23T18:21:46Z
W-07,P-00984,1142,184,274,2026-06-10T01:34:32Z
W-03,P-00985,534,34,103,2026-06-09T19:17:33Z
W-07,P-00985,709,30,157,2026-06-27T14:40:32Z
W-02,P-00985,728,46,124,2026-06-21T12:53:45Z
W-08,P-00986,603,25,102,2026-06-04T01:51:54Z
W-06,P-00986,1261,16,257,2026-06-16T01:22:32Z
W-03,P-00986,1772,158,280,2026-06-30T17:27:44Z
W-01,P-00987,1263,174,231,2026-06-20T22:38:30Z
W-04,P-00987,1390,46,91,2026-06-04T04:51:02Z
W-03,P-00988,20,3,84,2026-06-20T16:22:23Z
W-06,P-00989,375,75,299,2026-06-26T16:26:47Z
W-01,P-00989,342,44,112,2026-06-02T11:45:37Z
W-04,P-00989,38,6,172,2026-06-30T00:06:09Z
W-05,P-00990,223,9,81,2026-06-02T17:36:12Z
W-08,P-00991,1063,202,185,2026-06-24T12:43:01Z
W-03,P-00991,140,30,156,2026-06-24T13:10:19Z
W-06,P-00992,116,12,238,2026-06-16T23:37:27Z
W-05,P-00992,366,29,95,2026-06-03T16:53:15Z
W-02,P-00992,1816,283,79,2026-06-26T11:41:31Z
W-04,P-00993,1594,52,65,2026-06-13T05:41:42Z
W-08,P-00993,424,17,226,2026-06-20T07:16:55Z
W-05,P-00994,1430,287,269,2026-06-26T06:41:31Z
W-07,P-00994,141,8,58,2026-06-18T17:26:01Z
W-04,P-00995,594,110,271,2026-06-29T04:26:50Z
W-04,P-00996,779,150,128,2026-06-24T12:50:49Z
W-04,P-00997,250,6,150,2026-06-14T22:47:41Z
W-03,P-00997,892,5,209,2026-06-05T04:24:24Z
W-03,P-00998,1341,199,206,2026-06-01T22:41:05Z
W-07,P-00998,198,27,105,2026-06-12T05:57:59Z
W-01,P-00999,1995,282,70,2026-06-12T06:08:59Z
W-04,P-00999,623,29,230,2026-06-24T15:20:05Z
W-05,P-01000,1920,220,271,2026-06-21T02:35:52Z
W-02,P-01000,686,14,188,2026-06-29T14:18:23Z
W-07,P-01000,1095,160,249,2026-06-11T16:12:34Z
W-05,P-01001,1977,345,118,2026-06-13T17:45:41Z
W-08,P-01001,605,128,172,2026-06-21T18:19:46Z
W-03,P-01001,395,64,145,2026-06-13T14:26:18Z
W-06,P-01002,1687,2,132,2026-06-18T02:53:10Z
W-07,P-01003,1412,125,278,2026-06-30T12:32:54Z
W-07,P-01004,1707,161,260,2026-06-05T18:24:21Z
W-01,P-01005,410,96,115,2026-06-28T17:39:57Z
W-01,P-01006,1916,406,131,2026-06-07T07:29:50Z
W-04,P-01006,449,86,54,2026-06-24T14:01:12Z
W-08,P-01007,391,78,88,2026-06-23T20:16:46Z
W-04,P-01007,1666,306,107,2026-06-07T01:16:24Z
W-01,P-01008,1734,69,96,2026-06-28T14:29:08Z
W-06,P-01008,341,59,262,2026-06-18T14:09:18Z
W-06,P-01009,691,100,132,2026-06-19T08:11:05Z
W-02,P-01009,210,38,212,2026-06-04T03:18:57Z
W-04,P-01009,242,29,299,2026-06-26T14:21:21Z
W-07,P-01010,1868,281,262,2026-06-23T16:30:14Z
W-06,P-01010,201,13,72,2026-06-26T03:31:00Z
W-01,P-01010,742,60,53,2026-06-16T10:35:03Z
W-07,P-01011,1367,183,173,2026-06-19T00:28:40Z
W-05,P-01011,285,34,96,2026-06-30T02:32:07Z
W-04,P-01011,83,0,252,2026-06-29T13:19:37Z
W-01,P-01012,1528,330,209,2026-06-19T07:19:43Z
W-02,P-01013,186,23,247,2026-06-19T17:46:32Z
W-04,P-01013,1348,304,150,2026-06-04T02:26:25Z
W-08,P-01014,1363,234,223,2026-06-01T18:06:57Z
W-05,P-01014,1325,289,250,2026-06-20T17:36:56Z
W-08,P-01015,836,120,239,2026-06-07T19:34:25Z
W-03,P-01015,819,39,256,2026-06-24T22:57:49Z
W-02,P-01015,881,108,274,2026-06-23T12:31:43Z
W-04,P-01016,1643,326,273,2026-06-19T14:06:05Z
W-08,P-01016,1012,210,209,2026-06-05T20:01:56Z
W-05,P-01017,1673,135,62,2026-06-03T11:02:54Z
W-04,P-01017,732,74,142,2026-06-24T19:15:46Z
W-06,P-01018,1387,30,104,2026-06-15T19:38:21Z
W-07,P-01018,1656,288,174,2026-06-05T02:03:16Z
W-08,P-01018,143,1,59,2026-06-12T20:28:45Z
W-08,P-01019,882,214,108,2026-06-29T18:32:22Z
W-06,P-01019,878,141,134,2026-06-30T11:34:48Z
W-02,P-01020,1377,71,291,2026-06-28T04:22:23Z
W-05,P-01021,1295,285,167,2026-06-18T06:11:07Z
W-07,P-01021,897,23,128,2026-06-19T17:32:03Z
W-01,P-01021,300,23,123,2026-06-22T20:41:03Z
W-08,P-01022,575,130,290,2026-06-04T18:49:23Z
W-01,P-01022,1579,345,162,2026-06-09T23:32:40Z
W-02,P-01022,814,100,272,2026-06-27T06:53:45Z
W-02,P-01023,2000,413,143,2026-06-18T04:00:11Z
W-03,P-01023,1759,402,288,2026-06-12T05:38:59Z
W-02,P-01024,1227,284,290,2026-06-18T03:48:30Z
W-07,P-01025,1021,193,152,2026-06-18T06:47:26Z
W-07,P-01026,180,26,212,2026-06-08T21:44:59Z
W-04,P-01026,199,42,161,2026-06-01T08:43:30Z
W-01,P-01026,1268,265,253,2026-06-07T11:11:03Z
W-06,P-01027,1156,248,221,2026-06-28T12:44:12Z
W-07,P-01028,520,32,65,2026-06-25T17:15:24Z
W-04,P-01028,177,24,226,2026-06-15T05:40:13Z
W-02,P-01028,947,96,277,2026-06-09T23:14:57Z
W-01,P-01029,1090,211,159,2026-06-22T15:54:23Z
W-02,P-01029,314,65,60,2026-06-06T08:39:10Z
W-06,P-01029,855,124,162,2026-06-24T11:39:29Z
W-07,P-01030,158,23,234,2026-06-21T14:25:58Z
W-07,P-01031,868,88,137,2026-06-11T02:18:20Z
W-04,P-01031,401,37,224,2026-06-28T10:34:12Z
W-02,P-01032,172,19,118,2026-06-30T05:01:04Z
W-05,P-01032,1043,232,61,2026-06-10T01:59:02Z
W-06,P-01032,1960,247,257,2026-06-15T05:14:46Z
W-06,P-01033,805,121,158,2026-06-14T04:56:59Z
W-04,P-01034,1258,267,71,2026-06-10T01:06:05Z
W-08,P-01035,1800,225,184,2026-06-26T12:54:33Z
W-05,P-01035,1194,106,194,2026-06-10T09:19:48Z
W-07,P-01035,795,186,55,2026-06-09T18:46:45Z
W-04,P-01036,1499,227,126,2026-06-10T00:49:00Z
W-03,P-01036,437,4,186,2026-06-17T23:06:11Z
W-02,P-01036,1252,268,50,2026-06-22T06:10:19Z
W-05,P-01037,1135,175,261,2026-06-06T09:06:09Z
W-01,P-01038,312,62,91,2026-06-18T06:08:29Z
W-02,P-01039,1277,193,108,2026-06-22T22:30:54Z
W-02,P-01040,1900,99,275,2026-06-16T14:47:43Z
W-04,P-01041,1462,318,178,2026-06-26T00:20:12Z
W-03,P-01041,1903,51,86,2026-06-20T03:43:21Z
W-01,P-01041,399,91,58,2026-06-20T04:45:45Z
W-02,P-01042,1490,127,221,2026-06-23T23:51:01Z
W-08,P-01042,329,75,113,2026-06-11T19:28:55Z
W-03,P-01043,247,50,196,2026-06-29T10:26:35Z
W-02,P-01043,1847,109,84,2026-06-03T18:33:06Z
W-01,P-01043,1709,231,237,2026-06-30T23:04:14Z
W-02,P-01044,1542,174,108,2026-06-23T07:35:51Z
W-05,P-01044,164,36,132,2026-06-06T13:20:42Z
W-06,P-01044,1267,213,122,2026-06-09T18:50:49Z
W-02,P-01045,1618,380,114,2026-06-21T18:26:19Z
W-01,P-01045,1782,161,153,2026-06-14T14:20:27Z
W-01,P-01046,1890,58,114,2026-06-09T14:24:07Z
W-02,P-01046,1028,55,228,2026-06-30T21:58:26Z
W-04,P-01046,1047,196,178,2026-06-08T20:03:45Z
W-01,P-01047,1755,360,173,2026-06-08T18:49:07Z
W-04,P-01047,1240,7,104,2026-06-04T22:45:23Z
W-03,P-01047,589,32,195,2026-06-10T11:31:52Z
W-07,P-01048,1290,8,228,2026-06-19T06:33:50Z
W-08,P-01048,1897,45,295,2026-06-10T23:58:22Z
W-01,P-01048,1355,318,189,2026-06-19T11:38:05Z
W-06,P-01049,554,127,214,2026-06-21T11:49:40Z
W-05,P-01049,998,236,105,2026-06-24T19:23:09Z
W-01,P-01049,1348,225,96,2026-06-20T07:33:04Z
W-02,P-01050,1233,186,278,2026-06-25T16:13:12Z
W-03,P-01050,1788,80,108,2026-06-25T09:33:43Z
W-03,P-01051,1689,246,152,2026-06-30T04:15:27Z
W-01,P-01051,936,34,171,2026-06-09T10:00:24Z
W-01,P-01052,1396,172,295,2026-06-25T08:41:23Z
W-06,P-01052,17,1,123,2026-06-25T17:06:54Z
W-03,P-01053,388,60,217,2026-06-20T08:20:22Z
W-08,P-01054,1864,23,290,2026-06-18T14:11:08Z
W-05,P-01055,1060,237,214,2026-06-14T20:15:20Z
W-01,P-01055,1819,43,264,2026-06-05T16:14:58Z
W-06,P-01056,366,70,275,2026-06-08T20:23:49Z
W-04,P-01057,172,39,85,2026-06-10T08:05:32Z
W-06,P-01058,675,42,290,2026-06-24T06:48:04Z
W-04,P-01058,1182,240,199,2026-06-25T13:19:14Z
W-03,P-01058,169,19,56,2026-06-03T15:52:17Z
W-04,P-01059,716,104,215,2026-06-22T05:54:03Z
W-08,P-01060,726,158,170,2026-06-23T07:59:57Z
W-02,P-01061,272,26,182,2026-06-22T20:19:28Z
W-08,P-01061,1405,42,135,2026-06-12T15:09:40Z
W-06,P-01062,132,9,89,2026-06-09T03:15:58Z
W-08,P-01062,686,10,282,2026-06-18T10:11:12Z
W-03,P-01063,1276,215,287,2026-06-21T17:59:01Z
W-02,P-01063,1107,266,233,2026-06-02T09:02:18Z
W-06,P-01063,356,82,154,2026-06-20T05:04:30Z
W-03,P-01064,1379,29,244,2026-06-26T14:17:14Z
W-02,P-01064,168,27,257,2026-06-12T21:38:25Z
W-01,P-01064,1007,72,97,2026-06-03T19:58:29Z
W-07,P-01065,1879,84,66,2026-06-22T22:37:33Z
W-01,P-01065,1570,113,216,2026-06-22T09:18:30Z
W-03,P-01065,516,55,177,2026-06-20T22:19:44Z
W-03,P-01066,1989,79,118,2026-06-24T13:24:26Z
W-05,P-01067,640,86,119,2026-06-26T00:54:23Z
W-02,P-01068,1760,278,256,2026-06-06T03:55:21Z
W-04,P-01068,1092,54,273,2026-06-03T21:41:55Z
W-02,P-01069,743,76,150,2026-06-01T00:43:09Z
W-02,P-01070,1807,192,143,2026-06-11T11:10:51Z
W-05,P-01071,703,10,166,2026-06-27T21:37:55Z
W-03,P-01071,785,114,124,2026-06-14T18:45:38Z
W-06,P-01072,303,33,90,2026-06-30T21:25:55Z
W-07,P-01072,1978,139,178,2026-06-18T21:01:19Z
W-05,P-01072,1613,104,266,2026-06-14T16:04:46Z
W-05,P-01073,931,140,188,2026-06-26T12:07:14Z
W-07,P-01074,1134,71,137,2026-06-22T21:09:42Z
W-03,P-01074,1160,35,136,2026-06-04T13:02:00Z
W-01,P-01075,1533,195,154,2026-06-04T08:44:17Z
W-04,P-01076,1801,176,190,2026-06-12T16:09:29Z
W-03,P-01077,1302,276,297,2026-06-10T23:27:43Z
W-06,P-01077,1520,244,269,2026-06-06T14:12:54Z
W-05,P-01077,1342,92,159,2026-06-24T22:33:58Z
W-03,P-01078,840,77,206,2026-06-08T23:56:58Z
W-07,P-01079,1823,254,176,2026-06-28T14:34:15Z
W-03,P-01079,1626,137,64,2026-06-13T09:58:12Z
W-03,P-01080,464,23,269,2026-06-02T20:46:37Z
W-08,P-01080,1102,85,123,2026-06-21T01:43:08Z
W-06,P-01081,388,16,183,2026-06-13T15:35:26Z
W-02,P-01082,1772,438,71,2026-06-26T00:06:30Z
W-01,P-01082,62,1,186,2026-06-21T02:11:26Z
W-06,P-01082,1474,58,213,2026-06-07T04:17:39Z
W-05,P-01083,524,86,50,2026-06-12T18:42:54Z
W-03,P-01083,955,131,111,2026-06-16T15:52:42Z
W-04,P-01084,277,68,150,2026-06-30T03:23:34Z
W-02,P-01084,103,2,215,2026-06-13T17:07:35Z
W-02,P-01085,525,77,92,2026-06-18T21:58:01Z
W-06,P-01085,1673,289,50,2026-06-10T11:37:53Z
W-02,P-01086,1336,12,265,2026-06-30T02:38:06Z
W-06,P-01086,496,101,281,2026-06-10T05:58:08Z
W-07,P-01087,1402,261,115,2026-06-20T10:16:28Z
W-04,P-01087,1601,47,298,2026-06-23T07:32:49Z
W-03,P-01087,236,14,63,2026-06-22T02:56:25Z
W-01,P-01088,739,117,225,2026-06-07T14:11:36Z
W-05,P-01088,338,4,207,2026-06-25T14:31:19Z
W-03,P-01089,1946,144,98,2026-06-13T12:53:08Z
W-04,P-01089,597,83,60,2026-06-02T17:08:19Z
W-05,P-01090,372,56,251,2026-06-21T16:26:58Z
W-06,P-01091,320,63,143,2026-06-24T16:24:10Z
W-04,P-01091,1900,209,56,2026-06-10T17:18:01Z
W-01,P-01091,298,28,116,2026-06-27T22:26:50Z
W-06,P-01092,292,37,115,2026-06-14T09:49:17Z
W-05,P-01093,8,0,79,2026-06-01T02:01:17Z
W-08,P-01093,1488,92,87,2026-06-14T11:35:14Z
W-07,P-01094,157,2,165,2026-06-13T01:43:13Z
W-03,P-01094,391,62,245,2026-06-17T21:49:11Z
W-03,P-01095,1988,174,121,2026-06-03T12:48:17Z
W-06,P-01095,1208,223,89,2026-06-28T00:31:12Z
W-01,P-01095,419,80,75,2026-06-13T20:40:43Z
W-01,P-01096,477,86,273,2026-06-13T05:15:24Z
W-03,P-01097,1742,100,178,2026-06-28T04:18:43Z
W-01,P-01098,1534,43,285,2026-06-07T15:52:21Z
W-04,P-01098,1906,410,59,2026-06-27T13:34:12Z
W-08,P-01099,401,2,227,2026-06-03T08:14:53Z
W-07,P-01099,1319,294,72,2026-06-12T03:05:16Z
W-06,P-01100,538,11,209,2026-06-15T01:09:06Z
W-03,P-01100,173,40,104,2026-06-18T11:18:48Z
W-08,P-01101,1533,379,189,2026-06-18T19:23:40Z
W-07,P-01102,903,34,73,2026-06-01T02:27:22Z
W-05,P-01102,368,54,126,2026-06-11T07:33:01Z
W-07,P-01103,640,126,296,2026-06-29T11:34:06Z
W-02,P-01103,1630,250,214,2026-06-15T02:41:37Z
W-05,P-01103,230,10,255,2026-06-07T19:44:37Z
W-05,P-01104,1427,161,101,2026-06-08T08:43:57Z
W-01,P-01104,1813,77,257,2026-06-12T11:04:55Z
W-03,P-01104,555,4,212,2026-06-23T15:09:57Z
W-06,P-01105,426,87,212,2026-06-13T21:42:11Z
W-02,P-01105,505,52,50,2026-06-13T18:22:17Z
W-03,P-01106,546,117,221,2026-06-03T21:32:34Z
W-02,P-01106,733,129,129,2026-06-05T02:37:28Z
W-08,P-01107,1679,358,167,2026-06-22T13:14:46Z
W-03,P-01107,1030,8,62,2026-06-28T09:11:36Z
W-01,P-01108,13,2,247,2026-06-19T14:11:21Z
W-05,P-01109,2000,154,283,2026-06-24T15:28:35Z
W-06,P-01109,1373,278,287,2026-06-09T04:54:03Z
W-08,P-01109,753,2,192,2026-06-16T11:49:32Z
W-04,P-01110,649,76,120,2026-06-19T05:27:16Z
W-03,P-01110,1995,209,221,2026-06-04T15:04:09Z
W-06,P-01111,1947,33,82,2026-06-28T00:23:13Z
W-04,P-01111,125,6,62,2026-06-24T14:24:30Z
W-01,P-01111,1813,150,122,2026-06-22T12:37:26Z
W-01,P-01112,1308,145,71,2026-06-19T11:01:33Z
W-05,P-01112,80,2,139,2026-06-04T17:52:10Z
W-02,P-01112,416,31,202,2026-06-01T10:19:44Z
W-02,P-01113,1109,154,269,2026-06-10T06:56:15Z
W-01,P-01113,23,5,154,2026-06-04T19:26:28Z
W-05,P-01113,404,25,144,2026-06-05T03:35:09Z
W-07,P-01114,1198,33,166,2026-06-20T11:29:55Z
W-02,P-01115,1521,301,107,2026-06-28T17:20:23Z
W-07,P-01115,212,9,217,2026-06-20T10:18:52Z
W-08,P-01116,0,0,126,2026-06-21T09:49:36Z
W-03,P-01117,64,7,190,2026-06-17T02:06:14Z
W-06,P-01117,1236,287,136,2026-06-26T09:36:33Z
W-07,P-01118,93,5,162,2026-06-24T01:07:38Z
W-06,P-01118,1934,180,171,2026-06-19T20:24:09Z
W-06,P-01119,1180,280,249,2026-06-09T11:53:38Z
W-06,P-01120,265,50,59,2026-06-17T16:16:57Z
W-05,P-01120,748,75,267,2026-06-02T10:47:52Z
W-01,P-01120,776,163,244,2026-06-04T21:10:43Z
W-07,P-01121,1387,114,130,2026-06-23T18:55:37Z
W-08,P-01121,1750,298,65,2026-06-15T15:51:30Z
W-05,P-01121,61,15,171,2026-06-21T02:21:36Z
W-02,P-01122,1756,412,106,2026-06-10T17:00:53Z
W-08,P-01123,795,132,72,2026-06-06T17:58:09Z
W-08,P-01124,1930,210,99,2026-06-19T05:01:52Z
W-04,P-01124,294,24,230,2026-06-02T09:33:41Z
W-07,P-01124,561,99,276,2026-06-09T02:13:51Z
W-04,P-01125,912,123,193,2026-06-24T03:50:37Z
W-03,P-01125,1532,92,56,2026-06-21T18:29:07Z
W-03,P-01126,391,48,69,2026-06-20T21:48:01Z
W-04,P-01126,201,22,263,2026-06-27T03:03:11Z
W-05,P-01127,1299,293,179,2026-06-13T00:40:48Z
W-04,P-01128,704,13,67,2026-06-16T20:17:44Z
W-08,P-01129,1724,53,262,2026-06-03T23:34:28Z
W-04,P-01129,708,117,238,2026-06-01T15:54:46Z
W-03,P-01129,1006,166,278,2026-06-08T01:04:30Z
W-04,P-01130,1075,133,102,2026-06-06T10:07:08Z
W-02,P-01130,1080,231,224,2026-06-30T15:08:36Z
W-03,P-01130,1908,276,163,2026-06-16T10:58:51Z
W-06,P-01131,1102,153,178,2026-06-09T08:24:25Z
W-04,P-01132,712,27,142,2026-06-11T04:53:42Z
W-06,P-01132,32,3,169,2026-06-30T20:55:59Z
W-01,P-01133,1444,342,109,2026-06-13T20:36:50Z
W-04,P-01133,700,118,129,2026-06-01T18:19:34Z
W-04,P-01134,653,143,178,2026-06-28T21:49:26Z
W-05,P-01134,779,175,91,2026-06-06T23:39:20Z
W-02,P-01135,1320,69,217,2026-06-23T09:22:20Z
W-06,P-01135,1967,460,160,2026-06-04T17:48:53Z
W-04,P-01136,1723,303,127,2026-06-22T15:18:16Z
W-06,P-01136,1757,299,221,2026-06-15T05:44:45Z
W-03,P-01137,809,87,230,2026-06-03T10:32:31Z
W-07,P-01137,1806,170,292,2026-06-09T15:03:25Z
W-01,P-01138,747,16,125,2026-06-26T17:24:27Z
W-04,P-01138,221,47,147,2026-06-08T02:49:30Z
W-04,P-01139,1997,148,200,2026-06-09T05:13:05Z
W-05,P-01139,977,13,259,2026-06-11T06:00:46Z
W-07,P-01139,1430,276,142,2026-06-02T16:14:01Z
W-05,P-01140,1616,3,98,2026-06-16T00:36:06Z
W-01,P-01141,432,81,202,2026-06-07T08:42:02Z
W-02,P-01142,284,1,153,2026-06-06T21:34:59Z
W-06,P-01142,1150,169,78,2026-06-03T01:14:02Z
W-06,P-01143,691,116,168,2026-06-18T07:46:07Z
W-03,P-01143,956,88,251,2026-06-18T20:18:14Z
W-01,P-01143,1573,391,104,2026-06-27T18:28:31Z
W-01,P-01144,1409,157,232,2026-06-02T11:56:27Z
W-05,P-01144,1071,205,194,2026-06-21T19:49:15Z
W-08,P-01145,1740,229,145,2026-06-07T03:05:23Z
W-01,P-01145,572,34,251,2026-06-05T07:20:49Z
W-04,P-01146,486,91,89,2026-06-03T18:27:38Z
W-07,P-01147,1269,85,267,2026-06-15T14:33:37Z
W-05,P-01148,1025,186,206,2026-06-13T00:04:21Z
W-07,P-01148,1755,308,132,2026-06-16T07:11:17Z
W-02,P-01149,1542,192,159,2026-06-26T08:58:17Z
W-08,P-01149,1164,136,172,2026-06-17T18:03:43Z
W-01,P-01149,1306,90,206,2026-06-14T12:27:20Z
W-04,P-01150,332,32,71,2026-06-17T04:17:35Z
W-07,P-01150,1490,126,97,2026-06-13T02:35:17Z
W-02,P-01150,230,33,103,2026-06-25T17:03:31Z
W-08,P-01151,1458,345,212,2026-06-10T01:16:26Z
W-07,P-01152,1089,67,168,2026-06-15T12:48:36Z
W-04,P-01152,1503,274,276,2026-06-04T02:34:43Z
W-04,P-01153,361,26,213,2026-06-30T12:26:33Z
W-05,P-01154,739,78,206,2026-06-30T00:15:48Z
W-05,P-01155,1327,289,124,2026-06-26T20:42:08Z
W-06,P-01156,143,13,200,2026-06-28T06:40:53Z
W-06,P-01157,1911,69,284,2026-06-28T02:58:25Z
W-01,P-01157,19,2,231,2026-06-02T19:19:39Z
W-04,P-01157,1285,130,55,2026-06-03T19:51:01Z
W-07,P-01158,220,52,196,2026-06-22T03:18:07Z
W-06,P-01158,972,4,107,2026-06-24T00:57:47Z
W-01,P-01158,185,0,118,2026-06-23T19:10:31Z
W-08,P-01159,1066,171,145,2026-06-26T20:12:19Z
W-03,P-01160,1103,160,273,2026-06-07T18:33:47Z
W-07,P-01160,1369,191,273,2026-06-27T13:01:22Z
W-04,P-01160,1336,55,247,2026-06-11T20:21:33Z
W-02,P-01161,230,39,285,2026-06-15T03:49:16Z
W-04,P-01161,901,116,244,2026-06-18T08:31:44Z
W-06,P-01161,1909,399,300,2026-06-26T04:42:54Z
W-02,P-01162,276,23,165,2026-06-25T04:49:47Z
W-08,P-01163,1490,143,170,2026-06-23T04:33:20Z
W-07,P-01163,1306,29,173,2026-06-23T22:08:54Z
W-04,P-01164,1244,199,243,2026-06-22T10:52:50Z
W-05,P-01164,1032,56,227,2026-06-20T22:57:18Z
W-01,P-01165,246,55,103,2026-06-22T01:27:05Z
W-07,P-01165,906,197,207,2026-06-22T05:04:41Z
W-04,P-01165,130,9,197,2026-06-28T06:56:43Z
W-06,P-01166,1232,284,145,2026-06-19T02:14:08Z
W-04,P-01166,1761,222,140,2026-06-25T07:48:41Z
W-01,P-01166,1117,177,199,2026-06-22T04:20:16Z
W-04,P-01167,171,0,296,2026-06-25T23:53:55Z
W-06,P-01168,656,101,170,2026-06-03T18:52:54Z
W-05,P-01169,1079,176,150,2026-06-04T08:19:04Z
W-03,P-01170,1991,446,290,2026-06-04T14:29:01Z
W-01,P-01170,1891,0,218,2026-06-26T15:38:58Z
W-08,P-01171,280,31,117,2026-06-30T06:48:16Z
W-07,P-01171,300,27,52,2026-06-21T18:31:56Z
W-04,P-01171,1257,176,257,2026-06-18T08:30:14Z
W-03,P-01172,1313,170,201,2026-06-06T16:39:50Z
W-08,P-01172,107,23,155,2026-06-04T20:19:31Z
W-01,P-01173,411,57,159,2026-06-10T12:04:04Z
W-06,P-01173,283,39,114,2026-06-16T15:11:13Z
W-03,P-01173,41,4,75,2026-06-07T23:46:38Z
W-03,P-01174,1694,355,54,2026-06-22T18:18:33Z
W-04,P-01174,1058,20,228,2026-06-04T08:49:55Z
W-08,P-01175,631,19,107,2026-06-14T04:58:43Z
W-02,P-01176,188,25,94,2026-06-05T21:10:02Z
W-06,P-01176,1714,419,87,2026-06-30T03:54:40Z
W-02,P-01177,376,82,252,2026-06-26T04:00:46Z
W-03,P-01177,236,6,277,2026-06-25T14:22:35Z
W-08,P-01177,1486,158,111,2026-06-18T08:39:44Z
W-02,P-01178,1721,15,275,2026-06-18T09:31:24Z
W-03,P-01178,773,190,68,2026-06-17T22:46:47Z
W-06,P-01179,191,19,269,2026-06-27T05:22:57Z
W-05,P-01179,1411,291,64,2026-06-09T11:38:21Z
W-03,P-01179,899,48,285,2026-06-19T10:02:50Z
W-02,P-01180,599,81,271,2026-06-11T12:41:36Z
W-01,P-01180,882,36,110,2026-06-16T11:02:33Z
W-03,P-01180,1357,231,251,2026-06-06T07:11:29Z
W-01,P-01181,1864,4,54,2026-06-01T04:06:52Z
W-06,P-01181,678,122,204,2026-06-11T07:16:38Z
W-02,P-01182,1405,213,113,2026-06-28T10:56:50Z
W-04,P-01182,836,148,283,2026-06-02T21:26:31Z
W-07,P-01183,853,89,232,2026-06-06T20:38:29Z
W-07,P-01184,1433,44,79,2026-06-02T01:41:54Z
W-03,P-01184,44,2,242,2026-06-26T19:28:43Z
W-06,P-01185,1536,256,64,2026-06-16T02:17:28Z
W-05,P-01186,938,153,151,2026-06-04T05:20:46Z
W-06,P-01187,236,57,269,2026-06-29T17:40:13Z
W-07,P-01187,1446,323,137,2026-06-04T12:18:36Z
W-05,P-01187,422,50,128,2026-06-14T23:49:56Z
W-03,P-01188,1525,66,239,2026-06-03T19:49:56Z
W-06,P-01189,135,6,255,2026-06-11T11:30:30Z
W-05,P-01190,183,41,73,2026-06-17T03:53:37Z
W-05,P-01191,1982,321,68,2026-06-30T20:08:17Z
W-01,P-01191,1546,146,213,2026-06-05T09:21:23Z
W-05,P-01192,329,24,142,2026-06-09T14:23:26Z
W-06,P-01192,1019,100,257,2026-06-13T01:04:56Z
W-03,P-01192,1012,168,126,2026-06-21T20:19:31Z
W-04,P-01193,1405,148,53,2026-06-10T12:00:20Z
W-08,P-01193,1652,17,185,2026-06-26T18:58:58Z
W-05,P-01193,1340,254,81,2026-06-18T20:14:59Z
W-05,P-01194,689,50,268,2026-06-17T01:35:49Z
W-03,P-01194,684,17,166,2026-06-17T14:43:59Z
W-06,P-01194,1123,147,149,2026-06-22T05:10:14Z
W-06,P-01195,1777,438,160,2026-06-20T01:54:51Z
W-05,P-01195,369,74,152,2026-06-12T22:52:07Z
W-08,P-01195,1741,48,189,2026-06-06T08:48:40Z
W-05,P-01196,758,124,298,2026-06-10T21:36:36Z
W-03,P-01196,390,27,92,2026-06-12T12:08:49Z
W-08,P-01196,1950,68,159,2026-06-16T09:14:06Z
W-02,P-01197,1940,179,246,2026-06-23T05:22:20Z
W-02,P-01198,1785,64,98,2026-06-04T17:07:52Z
W-05,P-01198,93,14,62,2026-06-10T07:51:50Z
W-07,P-01199,1765,318,252,2026-06-01T22:18:35Z
W-04,P-01199,460,34,107,2026-06-19T18:48:34Z
W-05,P-01200,1227,158,258,2026-06-07T02:32:31Z
W-04,P-01201,221,48,110,2026-06-23T21:13:54Z
W-01,P-01201,110,7,203,2026-06-21T05:19:20Z
W-01,P-01202,305,64,179,2026-06-14T10:59:41Z
W-05,P-01202,854,59,288,2026-06-10T04:59:28Z
W-07,P-01203,164,20,180,2026-06-10T00:45:18Z
W-05,P-01203,1926,333,196,2026-06-28T16:52:15Z
W-07,P-01204,953,141,157,2026-06-15T17:00:46Z
W-06,P-01205,1625,137,273,2026-06-13T03:38:33Z
W-07,P-01206,1426,32,295,2026-06-08T23:18:48Z
W-06,P-01206,1029,204,125,2026-06-24T17:29:59Z
W-04,P-01207,1947,227,133,2026-06-02T08:22:31Z
W-03,P-01208,679,77,65,2026-06-22T13:23:12Z
W-02,P-01208,1462,151,278,2026-06-11T07:45:56Z
W-07,P-01209,397,2,257,2026-06-06T06:42:24Z
W-01,P-01209,1176,283,257,2026-06-28T20:44:18Z
W-03,P-01209,1799,425,110,2026-06-04T16:40:59Z
W-03,P-01210,687,164,254,2026-06-26T11:13:24Z
W-06,P-01211,1263,15,162,2026-06-18T11:34:24Z
W-08,P-01211,139,11,64,2026-06-17T17:03:45Z
W-05,P-01211,1968,35,164,2026-06-16T14:09:36Z
W-06,P-01212,1291,162,105,2026-06-10T11:40:21Z
W-04,P-01213,1535,272,240,2026-06-20T07:55:57Z
W-04,P-01214,365,64,204,2026-06-25T00:19:58Z
W-03,P-01214,846,132,133,2026-06-04T11:15:23Z
W-06,P-01214,304,7,100,2026-06-03T13:05:45Z
W-02,P-01215,101,2,168,2026-06-23T22:43:55Z
W-01,P-01215,1777,209,239,2026-06-19T10:52:50Z
W-07,P-01216,1538,208,100,2026-06-23T08:12:17Z
W-04,P-01216,212,33,299,2026-06-12T15:07:29Z
W-04,P-01217,990,169,153,2026-06-10T07:57:27Z
W-02,P-01218,703,119,139,2026-06-04T16:16:40Z
W-08,P-01219,288,38,161,2026-06-26T12:56:35Z
W-07,P-01220,1280,1,273,2026-06-30T11:28:46Z
W-01,P-01220,1048,111,123,2026-06-12T20:31:12Z
W-04,P-01221,124,26,105,2026-06-18T19:47:43Z
W-08,P-01221,1674,385,249,2026-06-24T12:01:09Z
W-05,P-01221,46,3,192,2026-06-01T12:11:55Z
W-01,P-01222,505,112,238,2026-06-21T09:16:15Z
W-04,P-01223,1514,170,166,2026-06-10T01:47:22Z
W-06,P-01224,633,13,281,2026-06-14T20:18:23Z
W-02,P-01224,428,76,149,2026-06-24T11:42:52Z
W-07,P-01224,1310,49,173,2026-06-28T11:29:34Z
W-01,P-01225,1312,175,271,2026-06-12T10:08:34Z
W-03,P-01225,543,117,152,2026-06-28T02:28:37Z
W-08,P-01225,207,17,189,2026-06-18T21:26:15Z
W-08,P-01226,758,43,169,2026-06-16T00:00:50Z
W-01,P-01226,235,55,264,2026-06-16T02:15:11Z
W-04,P-01227,58,2,133,2026-06-12T15:16:40Z
W-07,P-01227,556,48,260,2026-06-12T11:47:37Z
W-03,P-01228,1415,327,289,2026-06-04T22:56:10Z
W-02,P-01229,585,114,91,2026-06-15T07:42:19Z
W-02,P-01230,1067,207,50,2026-06-20T01:26:56Z
W-04,P-01230,1060,250,192,2026-06-02T09:15:31Z
W-06,P-01230,1422,90,194,2026-06-11T05:05:40Z
W-08,P-01231,1571,175,134,2026-06-23T11:49:29Z
W-07,P-01231,1665,114,136,2026-06-06T03:50:48Z
W-05,P-01231,674,6,220,2026-06-09T23:59:45Z
W-07,P-01232,326,16,290,2026-06-11T22:25:29Z
W-02,P-01232,1687,164,83,2026-06-03T12:00:53Z
W-07,P-01233,1274,136,142,2026-06-16T21:10:19Z
W-01,P-01234,1937,196,270,2026-06-07T13:38:05Z
W-03,P-01234,1039,215,60,2026-06-14T19:01:55Z
W-04,P-01235,230,55,94,2026-06-28T11:33:03Z
W-05,P-01236,667,60,250,2026-06-27T08:54:17Z
W-01,P-01236,1500,97,114,2026-06-23T05:01:01Z
W-07,P-01236,1916,135,167,2026-06-09T09:40:10Z
W-01,P-01237,1347,85,296,2026-06-02T05:15:47Z
W-04,P-01237,100,0,232,2026-06-21T06:02:29Z
W-06,P-01237,1674,135,75,2026-06-02T14:26:13Z
W-01,P-01238,995,146,189,2026-06-03T04:34:38Z
W-03,P-01238,1606,401,179,2026-06-01T03:00:30Z
W-07,P-01238,463,83,275,2026-06-17T11:23:42Z
W-05,P-01239,1966,94,126,2026-06-04T13:14:53Z
W-04,P-01240,124,16,51,2026-06-23T01:47:38Z
W-07,P-01241,955,120,264,2026-06-10T18:20:27Z
W-08,P-01242,1340,260,124,2026-06-19T10:30:56Z
W-03,P-01242,768,89,176,2026-06-19T04:50:42Z
W-04,P-01243,857,177,108,2026-06-07T19:37:39Z
W-06,P-01244,1098,256,68,2026-06-16T20:14:23Z
W-02,P-01245,1546,109,219,2026-06-19T22:21:50Z
W-08,P-01245,937,143,106,2026-06-23T17:31:03Z
W-01,P-01246,980,153,212,2026-06-19T09:59:40Z
W-04,P-01247,1244,228,222,2026-06-02T05:42:42Z
W-08,P-01247,499,12,52,2026-06-11T22:13:03Z
W-05,P-01247,1424,326,238,2026-06-21T05:13:32Z
W-01,P-01248,1687,411,125,2026-06-22T08:47:21Z
W-05,P-01249,1021,74,82,2026-06-23T00:03:31Z
W-06,P-01249,1593,280,78,2026-06-25T16:13:45Z
W-01,P-01249,266,58,284,2026-06-18T02:36:40Z
W-06,P-01250,1863,271,60,2026-06-03T19:24:55Z
W-05,P-01250,1151,62,74,2026-06-25T17:16:04Z
W-06,P-01251,1638,83,223,2026-06-15T00:37:30Z
W-05,P-01251,1137,178,285,2026-06-27T10:17:25Z
W-01,P-01251,352,76,239,2026-06-24T16:02:10Z
W-08,P-01252,908,190,85,2026-06-20T22:57:42Z
W-06,P-01253,435,34,55,2026-06-06T13:38:55Z
W-04,P-01253,1126,106,156,2026-06-02T22:19:25Z
W-01,P-01254,1451,107,138,2026-06-08T11:39:34Z
W-03,P-01254,161,18,198,2026-06-18T22:53:36Z
W-05,P-01254,1782,59,190,2026-06-10T20:27:28Z
W-05,P-01255,530,52,243,2026-06-16T17:02:43Z
W-04,P-01255,1857,115,153,2026-06-09T06:30:04Z
W-03,P-01255,58,7,121,2026-06-24T23:50:13Z
W-07,P-01256,1082,268,203,2026-06-09T14:00:03Z
W-03,P-01256,1492,153,119,2026-06-20T23:40:15Z
W-02,P-01256,107,12,127,2026-06-14T21:54:55Z
W-04,P-01257,847,148,283,2026-06-24T23:51:45Z
W-05,P-01258,1520,12,182,2026-06-17T01:45:25Z
W-04,P-01259,1309,101,180,2026-06-10T11:41:18Z
W-08,P-01259,927,50,205,2026-06-27T02:39:31Z
W-02,P-01260,1110,32,185,2026-06-13T03:54:52Z
W-03,P-01260,1390,141,62,2026-06-26T11:37:39Z
W-01,P-01261,1457,348,236,2026-06-22T05:18:18Z
W-05,P-01261,1387,290,220,2026-06-30T00:46:50Z
W-05,P-01262,903,127,97,2026-06-01T18:28:13Z
W-08,P-01263,1257,119,189,2026-06-01T03:18:50Z
W-05,P-01263,1700,64,278,2026-06-26T01:00:13Z
W-02,P-01263,978,202,143,2026-06-11T11:05:55Z
W-03,P-01264,94,12,272,2026-06-14T15:21:38Z
W-06,P-01264,1562,71,89,2026-06-23T12:12:36Z
W-03,P-01265,1726,67,258,2026-06-26T04:02:02Z
W-08,P-01265,1424,339,231,2026-06-21T03:05:04Z
W-01,P-01266,676,10,219,2026-06-25T12:22:12Z
W-05,P-01266,1020,218,229,2026-06-15T09:44:17Z
W-06,P-01266,1196,166,60,2026-06-25T03:45:31Z
W-02,P-01267,152,37,214,2026-06-23T16:59:05Z
W-07,P-01268,288,43,195,2026-06-07T16:47:26Z
W-08,P-01268,155,17,239,2026-06-14T10:14:09Z
W-08,P-01269,1455,285,133,2026-06-25T02:21:15Z
W-01,P-01269,711,126,128,2026-06-01T08:51:32Z
W-08,P-01270,470,112,173,2026-06-07T02:49:34Z
W-02,P-01271,542,134,112,2026-06-10T05:36:59Z
W-06,P-01272,1265,243,248,2026-06-13T10:43:16Z
W-05,P-01272,1016,170,234,2026-06-17T03:52:08Z
W-06,P-01273,1759,412,203,2026-06-02T12:50:36Z
W-03,P-01273,294,9,248,2026-06-29T05:42:48Z
W-08,P-01273,1589,0,100,2026-06-10T01:08:31Z
W-05,P-01274,207,44,89,2026-06-17T15:03:43Z
W-07,P-01275,152,8,88,2026-06-13T05:06:21Z
W-05,P-01275,171,38,242,2026-06-09T16:16:45Z
W-05,P-01276,1943,73,212,2026-06-15T18:08:39Z
W-03,P-01276,388,96,223,2026-06-29T11:47:13Z
W-08,P-01276,1132,136,66,2026-06-12T22:08:45Z
W-01,P-01277,1793,129,54,2026-06-26T10:36:53Z
W-02,P-01277,100,16,297,2026-06-06T03:34:27Z
W-08,P-01278,60,12,223,2026-06-02T08:47:45Z
W-05,P-01278,1551,143,293,2026-06-27T22:07:42Z
W-07,P-01278,516,55,199,2026-06-11T22:23:44Z
W-01,P-01279,1320,146,226,2026-06-21T13:39:31Z
W-01,P-01280,1941,353,85,2026-06-10T06:09:58Z
W-05,P-01280,1636,258,232,2026-06-11T21:16:32Z
W-08,P-01280,1725,311,95,2026-06-22T16:42:50Z
W-05,P-01281,1382,160,197,2026-06-13T23:01:17Z
W-07,P-01281,320,11,91,2026-06-20T05:26:17Z
W-03,P-01282,1722,229,292,2026-06-18T13:03:12Z
W-08,P-01283,576,42,110,2026-06-25T05:45:20Z
W-02,P-01283,852,153,86,2026-06-17T17:05:19Z
W-07,P-01283,876,203,102,2026-06-27T15:03:07Z
W-07,P-01284,326,46,226,2026-06-17T21:19:51Z
W-02,P-01284,1514,51,167,2026-06-27T09:52:38Z
W-05,P-01284,1701,364,270,2026-06-10T14:29:23Z
W-01,P-01285,1329,95,158,2026-06-20T05:29:37Z
W-03,P-01285,871,130,228,2026-06-16T16:19:58Z
W-06,P-01285,1261,128,214,2026-06-23T18:55:59Z
W-06,P-01286,1633,163,276,2026-06-12T18:01:25Z
W-01,P-01286,684,20,81,2026-06-28T05:22:39Z
W-07,P-01287,1842,349,98,2026-06-05T19:10:18Z
W-08,P-01287,1255,288,96,2026-06-26T23:19:24Z
W-07,P-01288,72,8,142,2026-06-13T15:03:24Z
W-02,P-01288,898,163,258,2026-06-25T03:57:41Z
W-01,P-01288,694,23,215,2026-06-15T04:17:15Z
W-01,P-01289,671,148,141,2026-06-26T17:22:17Z
W-04,P-01289,339,69,216,2026-06-02T21:14:45Z
W-05,P-01290,436,52,101,2026-06-09T19:31:13Z
W-01,P-01290,572,56,65,2026-06-13T15:47:54Z
W-02,P-01290,1606,363,70,2026-06-23T11:42:41Z
W-08,P-01291,696,13,234,2026-06-07T07:02:51Z
W-05,P-01291,123,18,296,2026-06-07T02:00:13Z
W-03,P-01291,278,10,146,2026-06-17T04:01:11Z
W-01,P-01292,713,118,161,2026-06-23T17:35:14Z
W-05,P-01293,1835,412,53,2026-06-06T19:43:08Z
W-03,P-01293,792,28,127,2026-06-18T06:07:14Z
W-02,P-01293,1886,184,189,2026-06-20T09:30:04Z
W-03,P-01294,1457,101,195,2026-06-19T23:37:44Z
W-05,P-01294,477,61,276,2026-06-26T03:45:32Z
W-04,P-01294,856,206,222,2026-06-16T20:26:02Z
W-06,P-01295,976,57,251,2026-06-30T06:07:27Z
W-01,P-01295,1850,435,172,2026-06-24T01:48:12Z
W-03,P-01295,1378,186,126,2026-06-06T20:02:20Z
W-07,P-01296,934,44,170,2026-06-11T04:20:30Z
W-08,P-01296,1962,275,259,2026-06-02T09:51:05Z
W-04,P-01297,1458,16,57,2026-06-27T19:46:24Z
W-01,P-01297,144,17,196,2026-06-20T10:03:20Z
W-03,P-01298,806,115,190,2026-06-27T19:22:16Z
W-03,P-01299,901,14,172,2026-06-08T20:44:38Z
W-02,P-01299,890,108,184,2026-06-01T12:29:33Z
W-05,P-01300,17,4,256,2026-06-17T20:08:22Z
W-01,P-01300,161,28,157,2026-06-05T23:09:32Z
W-04,P-01300,157,36,138,2026-06-03T05:36:34Z
W-06,P-01301,1798,219,300,2026-06-19T13:19:37Z
W-03,P-01301,1587,108,224,2026-06-28T06:34:45Z
W-08,P-01302,1288,52,298,2026-06-20T20:28:46Z
W-08,P-01303,44,11,223,2026-06-05T21:51:54Z
W-06,P-01303,1555,268,188,2026-06-17T21:41:02Z
W-06,P-01304,629,100,156,2026-06-04T17:58:12Z
W-02,P-01304,1954,180,232,2026-06-30T15:08:01Z
W-06,P-01305,295,4,75,2026-06-24T17:33:56Z
W-05,P-01305,1774,54,58,2026-06-11T18:10:41Z
W-01,P-01305,1430,68,125,2026-06-15T00:13:06Z
W-02,P-01306,350,69,274,2026-06-30T12:11:46Z
W-06,P-01306,517,103,125,2026-06-15T12:19:40Z
W-08,P-01306,1029,230,283,2026-06-26T07:23:55Z
W-06,P-01307,419,52,76,2026-06-17T02:51:54Z
W-04,P-01308,367,33,62,2026-06-08T23:36:01Z
W-07,P-01308,1698,360,252,2026-06-18T07:49:22Z
W-08,P-01309,48,10,104,2026-06-14T23:59:25Z
W-07,P-01309,1408,109,184,2026-06-17T06:29:06Z
W-01,P-01309,1550,51,220,2026-06-22T08:41:25Z
W-04,P-01310,834,178,271,2026-06-16T16:09:59Z
W-03,P-01310,836,183,182,2026-06-13T11:17:41Z
W-06,P-01310,154,23,155,2026-06-11T13:06:55Z
W-02,P-01311,299,51,262,2026-06-21T22:45:36Z
W-04,P-01311,20,0,123,2026-06-28T23:06:21Z
W-06,P-01311,1227,142,228,2026-06-25T13:32:29Z
W-01,P-01312,1861,153,100,2026-06-09T14:15:13Z
W-08,P-01313,1299,177,206,2026-06-01T05:16:37Z
W-02,P-01314,1624,393,240,2026-06-23T11:59:40Z
W-05,P-01315,1474,214,169,2026-06-21T03:42:59Z
W-06,P-01316,1185,32,112,2026-06-04T04:28:08Z
W-08,P-01316,1155,20,143,2026-06-06T13:21:26Z
W-04,P-01316,1907,147,242,2026-06-17T18:30:10Z
W-08,P-01317,1052,61,67,2026-06-11T10:12:41Z
W-05,P-01317,313,76,243,2026-06-14T17:56:08Z
W-07,P-01317,1975,44,58,2026-06-16T20:43:56Z
W-02,P-01318,1002,75,93,2026-06-03T03:47:10Z
W-08,P-01319,1991,30,150,2026-06-12T15:22:18Z
W-01,P-01319,619,68,247,2026-06-19T11:18:15Z
W-06,P-01320,1179,157,201,2026-06-28T09:46:38Z
W-06,P-01321,276,46,217,2026-06-20T09:19:06Z
W-05,P-01321,1919,189,274,2026-06-13T05:07:30Z
W-07,P-01321,936,111,258,2026-06-17T00:38:08Z
W-07,P-01322,1811,63,277,2026-06-19T07:53:01Z
W-03,P-01322,1071,91,171,2026-06-08T18:32:21Z
W-01,P-01322,1882,246,244,2026-06-24T07:56:00Z
W-08,P-01323,891,197,169,2026-06-29T10:27:56Z
W-02,P-01323,1271,265,76,2026-06-15T00:20:28Z
W-05,P-01324,1153,219,143,2026-06-02T11:11:04Z
W-08,P-01324,1460,265,59,2026-06-18T16:07:05Z
W-03,P-01324,366,61,232,2026-06-04T21:56:07Z
W-05,P-01325,1645,76,272,2026-06-23T16:06:52Z
W-07,P-01325,231,14,197,2026-06-04T18:09:55Z
W-03,P-01326,933,186,237,2026-06-07T22:28:33Z
W-01,P-01327,1627,244,131,2026-06-15T01:46:57Z
W-02,P-01327,166,7,132,2026-06-15T18:37:04Z
W-03,P-01328,1009,149,152,2026-06-18T06:34:35Z
W-02,P-01328,1476,186,144,2026-06-28T23:48:08Z
W-04,P-01328,1527,357,163,2026-06-04T00:00:49Z
W-06,P-01329,1322,52,262,2026-06-13T04:45:58Z
W-07,P-01329,1163,84,139,2026-06-22T10:15:39Z
W-02,P-01329,1907,53,154,2026-06-09T20:02:59Z
W-06,P-01330,448,74,88,2026-06-11T01:13:07Z
W-04,P-01331,1345,124,97,2026-06-07T02:04:33Z
W-08,P-01332,86,0,287,2026-06-23T17:26:10Z
W-04,P-01332,1267,256,76,2026-06-07T16:32:57Z
W-03,P-01332,73,3,71,2026-06-17T09:53:40Z
W-08,P-01333,588,61,287,2026-06-08T17:22:20Z
W-04,P-01334,1642,391,192,2026-06-06T16:33:19Z
W-01,P-01334,664,38,162,2026-06-09T13:45:50Z
W-02,P-01334,1846,450,232,2026-06-30T07:13:17Z
W-05,P-01335,1550,170,91,2026-06-12T00:23:14Z
W-01,P-01336,1275,145,232,2026-06-27T16:24:22Z
W-05,P-01336,255,42,66,2026-06-12T12:36:12Z
W-07,P-01336,1462,135,170,2026-06-22T22:28:27Z
W-06,P-01337,327,17,58,2026-06-13T15:58:54Z
W-07,P-01338,164,11,140,2026-06-09T18:57:47Z
W-08,P-01339,755,164,213,2026-06-19T00:52:14Z
W-05,P-01339,125,24,211,2026-06-02T18:14:01Z
W-06,P-01339,333,23,148,2026-06-19T05:21:37Z
W-02,P-01340,1493,23,125,2026-06-19T06:17:43Z
W-06,P-01341,571,45,155,2026-06-09T22:49:33Z
W-06,P-01342,1678,272,145,2026-06-28T10:52:10Z
W-01,P-01342,1172,111,212,2026-06-23T02:33:51Z
W-08,P-01343,904,130,76,2026-06-02T00:14:39Z
W-05,P-01344,1285,53,94,2026-06-10T20:13:49Z
W-06,P-01345,35,7,190,2026-06-19T03:39:10Z
W-02,P-01346,346,11,187,2026-06-28T02:03:45Z
W-05,P-01346,840,146,205,2026-06-03T14:26:08Z
W-05,P-01347,385,6,208,2026-06-04T04:50:55Z
W-08,P-01347,1078,51,53,2026-06-26T00:07:06Z
W-04,P-01348,1012,216,112,2026-06-10T18:30:56Z
W-01,P-01349,1606,3,272,2026-06-23T09:05:25Z
W-08,P-01349,970,154,228,2026-06-10T00:07:13Z
W-03,P-01350,1855,421,70,2026-06-24T07:49:45Z
W-07,P-01350,714,77,106,2026-06-15T11:36:58Z
W-08,P-01351,1687,380,78,2026-06-06T20:34:05Z
W-07,P-01351,1129,228,259,2026-06-30T07:01:45Z
W-05,P-01351,1454,252,235,2026-06-30T02:40:43Z
W-03,P-01352,1310,244,263,2026-06-11T02:59:26Z
W-08,P-01352,1269,302,211,2026-06-09T16:05:04Z
W-06,P-01353,580,20,277,2026-06-26T04:13:30Z
W-08,P-01353,1105,121,98,2026-06-02T18:22:51Z
W-04,P-01353,1418,4,98,2026-06-09T19:09:17Z
W-05,P-01354,517,113,169,2026-06-03T10:36:17Z
W-06,P-01354,609,145,214,2026-06-12T08:32:35Z
W-01,P-01354,465,41,264,2026-06-21T05:02:19Z
W-05,P-01355,1997,48,134,2026-06-21T10:36:58Z
W-06,P-01356,244,49,165,2026-06-01T19:28:03Z
W-04,P-01356,227,36,82,2026-06-10T01:12:11Z
W-02,P-01357,1870,99,145,2026-06-18T11:12:43Z
W-04,P-01358,1217,299,205,2026-06-15T09:16:55Z
W-01,P-01359,738,1,113,2026-06-11T00:57:55Z
W-02,P-01359,968,140,162,2026-06-05T11:24:17Z
W-05,P-01360,1875,153,150,2026-06-17T00:42:00Z
W-07,P-01361,257,64,120,2026-06-15T20:15:42Z
W-08,P-01361,1442,49,119,2026-06-20T11:26:24Z
W-06,P-01361,1681,339,237,2026-06-19T22:34:46Z
W-05,P-01362,1342,326,297,2026-06-14T13:10:57Z
W-04,P-01362,733,45,267,2026-06-15T19:00:46Z
W-01,P-01363,1829,132,265,2026-06-18T03:15:25Z
W-07,P-01364,619,9,144,2026-06-11T01:19:53Z
W-06,P-01364,388,92,293,2026-06-17T17:49:36Z
W-01,P-01364,297,73,148,2026-06-09T15:21:45Z
W-04,P-01365,1400,270,243,2026-06-25T21:33:49Z
W-08,P-01365,93,21,297,2026-06-06T10:37:23Z
W-01,P-01366,914,14,229,2026-06-25T23:59:10Z
W-04,P-01366,645,20,187,2026-06-01T10:56:13Z
W-01,P-01367,1931,272,110,2026-06-07T03:18:15Z
W-07,P-01367,287,54,278,2026-06-29T17:52:47Z
W-03,P-01368,681,110,180,2026-06-11T11:12:48Z
W-05,P-01369,465,22,274,2026-06-27T01:56:46Z
W-01,P-01369,218,54,246,2026-06-06T00:04:52Z
W-03,P-01369,1002,156,188,2026-06-07T07:14:42Z
W-01,P-01370,634,130,85,2026-06-21T10:28:43Z
W-03,P-01370,581,91,186,2026-06-03T07:07:53Z
W-07,P-01371,1258,271,211,2026-06-21T02:52:30Z
W-01,P-01371,1979,431,200,2026-06-17T03:09:09Z
W-03,P-01371,1809,278,241,2026-06-30T18:37:43Z
W-05,P-01372,905,132,235,2026-06-04T00:06:53Z
W-01,P-01372,238,24,55,2026-06-17T02:30:50Z
W-02,P-01373,1974,153,218,2026-06-03T09:12:23Z
W-04,P-01373,1480,6,245,2026-06-07T13:21:39Z
W-01,P-01374,941,70,297,2026-06-11T00:13:43Z
W-06,P-01374,581,131,272,2026-06-21T18:35:51Z
W-02,P-01375,1150,143,188,2026-06-10T12:51:10Z
W-04,P-01376,916,148,64,2026-06-19T16:31:59Z
W-02,P-01376,1838,320,131,2026-06-17T18:46:45Z
W-06,P-01376,81,13,128,2026-06-26T15:27:41Z
W-07,P-01377,1607,172,249,2026-06-21T17:36:24Z
W-03,P-01377,956,160,132,2026-06-27T08:20:44Z
W-06,P-01377,396,31,86,2026-06-26T00:28:02Z
W-05,P-01378,78,5,129,2026-06-14T08:39:20Z
W-07,P-01378,1914,244,198,2026-06-01T12:22:25Z
W-04,P-01378,1266,160,205,2026-06-19T18:49:29Z
W-08,P-01379,1041,119,68,2026-06-02T06:48:20Z
W-05,P-01379,412,98,289,2026-06-15T09:51:36Z
W-03,P-01380,180,14,159,2026-06-23T15:26:01Z
W-05,P-01381,933,81,260,2026-06-08T17:30:51Z
W-04,P-01381,289,71,97,2026-06-22T01:09:08Z
W-02,P-01381,1231,279,140,2026-06-28T18:58:42Z
W-07,P-01382,850,16,157,2026-06-07T19:13:09Z
W-08,P-01382,176,20,61,2026-06-08T14:05:33Z
W-04,P-01383,881,14,223,2026-06-02T20:16:13Z
W-08,P-01383,1628,227,274,2026-06-05T19:24:30Z
W-06,P-01384,165,24,136,2026-06-16T09:55:38Z
W-01,P-01384,1101,6,119,2026-06-23T07:31:29Z
W-08,P-01385,1783,33,292,2026-06-08T23:24:30Z
W-07,P-01385,1616,221,123,2026-06-05T10:22:55Z
W-01,P-01386,435,61,266,2026-06-10T11:28:50Z
W-05,P-01386,361,30,91,2026-06-28T18:44:42Z
W-04,P-01387,966,71,150,2026-06-14T18:19:48Z
W-02,P-01387,1447,56,270,2026-06-28T02:50:17Z
W-01,P-01387,395,54,159,2026-06-16T07:46:22Z
W-01,P-01388,110,27,85,2026-06-04T11:03:40Z
W-07,P-01388,1002,169,169,2026-06-03T19:41:17Z
W-02,P-01388,1819,216,196,2026-06-23T12:12:07Z
W-04,P-01389,1989,5,57,2026-06-22T06:23:56Z
W-06,P-01389,1048,255,56,2026-06-06T16:31:40Z
W-05,P-01389,195,40,242,2026-06-25T22:18:15Z
W-06,P-01390,1135,102,253,2026-06-27T17:23:48Z
W-02,P-01390,596,15,264,2026-06-07T05:58:50Z
W-03,P-01390,1713,2,235,2026-06-28T23:33:43Z
W-03,P-01391,244,15,254,2026-06-15T06:38:58Z
W-08,P-01392,1014,235,175,2026-06-28T10:10:50Z
W-04,P-01392,126,14,141,2026-06-08T21:50:56Z
W-05,P-01393,405,71,259,2026-06-23T19:54:31Z
W-08,P-01394,1792,61,223,2026-06-09T03:42:06Z
W-05,P-01394,310,1,228,2026-06-15T08:01:02Z
W-06,P-01395,1772,22,248,2026-06-22T09:19:15Z
W-01,P-01395,257,0,300,2026-06-28T22:55:31Z
W-07,P-01396,1300,44,216,2026-06-15T17:54:17Z
W-07,P-01397,325,59,274,2026-06-22T03:45:54Z
W-02,P-01397,1105,258,198,2026-06-04T16:40:58Z
W-06,P-01397,285,58,221,2026-06-04T21:16:21Z
W-03,P-01398,1714,242,179,2026-06-18T11:16:19Z
W-02,P-01398,604,142,151,2026-06-13T23:57:51Z
W-06,P-01398,586,66,214,2026-06-19T01:24:50Z
W-01,P-01399,1823,340,108,2026-06-03T21:48:04Z
W-08,P-01399,989,107,105,2026-06-26T06:45:41Z
W-06,P-01400,1422,300,98,2026-06-26T20:29:48Z
W-05,P-01400,858,81,71,2026-06-03T22:44:47Z
W-04,P-01401,730,139,58,2026-06-13T18:52:35Z
W-08,P-01402,149,3,57,2026-06-18T19:56:11Z
W-07,P-01402,273,1,194,2026-06-04T21:39:20Z
W-02,P-01403,1387,250,153,2026-06-08T03:35:40Z
W-01,P-01403,27,2,235,2026-06-13T03:41:47Z
W-07,P-01404,410,21,266,2026-06-14T06:31:11Z
W-03,P-01405,1239,109,237,2026-06-14T08:14:43Z
W-04,P-01406,1641,289,202,2026-06-04T01:39:25Z
W-05,P-01406,1434,68,61,2026-06-18T14:24:01Z
W-03,P-01406,1504,138,248,2026-06-21T23:56:38Z
W-07,P-01407,289,63,220,2026-06-09T01:19:14Z
W-06,P-01408,814,51,154,2026-06-12T22:15:00Z
W-03,P-01408,790,23,291,2026-06-26T05:07:00Z
W-05,P-01408,356,62,76,2026-06-28T13:02:08Z
W-06,P-01409,1640,346,82,2026-06-24T23:56:02Z
W-08,P-01409,1898,240,181,2026-06-22T18:18:30Z
W-04,P-01409,241,25,286,2026-06-19T19:16:19Z
W-04,P-01410,1025,242,230,2026-06-12T06:56:37Z
W-04,P-01411,1084,252,295,2026-06-22T03:52:34Z
W-01,P-01411,1698,130,113,2026-06-30T14:54:31Z
W-07,P-01412,593,37,133,2026-06-24T23:59:50Z
W-01,P-01412,804,102,77,2026-06-24T05:11:11Z
W-03,P-01413,1784,45,96,2026-06-27T02:17:51Z
W-08,P-01414,1978,168,288,2026-06-06T19:39:53Z
W-06,P-01414,324,70,248,2026-06-03T13:22:38Z
W-07,P-01414,1382,283,64,2026-06-13T02:16:38Z
W-05,P-01415,284,15,170,2026-06-04T06:18:23Z
W-08,P-01415,873,38,124,2026-06-29T23:31:55Z
W-02,P-01416,1883,162,125,2026-06-28T03:37:27Z
W-01,P-01416,1794,182,58,2026-06-16T15:15:25Z
W-04,P-01417,432,5,216,2026-06-30T10:08:28Z
W-06,P-01417,1634,22,109,2026-06-24T05:34:31Z
W-05,P-01417,1695,124,162,2026-06-24T14:49:10Z
W-02,P-01418,1586,223,254,2026-06-02T00:46:41Z
W-03,P-01418,1842,439,265,2026-06-17T23:03:46Z
W-04,P-01418,753,30,87,2026-06-07T08:50:27Z
W-01,P-01419,281,16,288,2026-06-15T09:46:57Z
W-01,P-01420,1158,219,55,2026-06-20T01:14:49Z
W-05,P-01420,1714,84,171,2026-06-23T12:15:00Z
W-02,P-01421,1463,274,196,2026-06-25T05:41:17Z
W-03,P-01422,1770,429,185,2026-06-03T21:21:15Z
W-04,P-01422,1082,62,172,2026-06-04T21:58:28Z
W-08,P-01423,1255,118,89,2026-06-19T21:57:14Z
W-01,P-01423,1748,356,279,2026-06-14T01:32:23Z
W-02,P-01423,1824,421,153,2026-06-04T03:44:59Z
W-07,P-01424,698,159,243,2026-06-07T18:15:03Z
W-01,P-01424,216,49,244,2026-06-05T01:18:47Z
W-02,P-01425,471,64,212,2026-06-26T20:37:37Z
W-01,P-01425,1572,268,167,2026-06-29T07:13:32Z
W-03,P-01425,591,34,215,2026-06-07T04:17:45Z
W-08,P-01426,1093,169,293,2026-06-05T04:37:15Z
W-03,P-01427,1498,41,89,2026-06-06T21:22:33Z
W-01,P-01428,1422,165,160,2026-06-30T03:37:30Z
W-03,P-01428,1874,130,194,2026-06-09T12:18:50Z
W-01,P-01429,1212,103,223,2026-06-06T15:47:23Z
W-04,P-01429,1818,67,69,2026-06-02T12:39:45Z
W-03,P-01429,1887,376,94,2026-06-08T23:23:46Z
W-07,P-01430,1096,74,161,2026-06-01T07:44:54Z
W-03,P-01431,1810,356,220,2026-06-26T06:11:11Z
W-08,P-01431,1537,372,277,2026-06-03T21:08:31Z
W-01,P-01431,1947,170,172,2026-06-02T11:41:35Z
W-02,P-01432,18,1,288,2026-06-29T15:16:25Z
W-03,P-01432,1588,3,192,2026-06-15T21:41:17Z
W-08,P-01433,275,15,290,2026-06-08T04:23:55Z
W-01,P-01433,159,30,193,2026-06-13T02:55:52Z
W-08,P-01434,1613,65,68,2026-06-28T13:31:49Z
W-01,P-01435,91,12,200,2026-06-05T14:42:20Z
W-07,P-01436,383,25,261,2026-06-06T04:26:25Z
W-01,P-01437,1608,278,295,2026-06-05T17:19:49Z
W-06,P-01437,1768,28,209,2026-06-29T12:13:55Z
W-04,P-01438,793,171,208,2026-06-08T14:48:34Z
W-04,P-01439,199,27,286,2026-06-27T02:22:01Z
W-06,P-01439,1539,192,202,2026-06-23T15:17:07Z
W-02,P-01439,1344,209,242,2026-06-11T12:57:59Z
W-08,P-01440,1596,341,229,2026-06-06T10:44:43Z
W-03,P-01440,851,86,196,2026-06-12T00:41:52Z
W-03,P-01441,1703,210,109,2026-06-18T13:10:45Z
W-04,P-01441,1958,190,223,2026-06-19T03:02:28Z
W-06,P-01441,1420,247,154,2026-06-14T16:28:09Z
W-01,P-01442,705,143,98,2026-06-20T17:19:09Z
W-07,P-01443,612,115,87,2026-06-29T14:55:44Z
W-06,P-01443,1413,130,179,2026-06-12T05:41:15Z
W-08,P-01444,550,116,283,2026-06-30T18:08:39Z
W-07,P-01444,1688,326,145,2026-06-03T18:30:24Z
W-06,P-01444,1146,182,207,2026-06-21T16:50:49Z
W-04,P-01445,1302,241,195,2026-06-17T08:39:40Z
W-07,P-01446,841,152,225,2026-06-13T08:26:03Z
W-01,P-01446,1398,214,299,2026-06-01T02:38:14Z
W-05,P-01446,1087,166,180,2026-06-26T09:49:36Z
W-06,P-01447,1617,96,290,2026-06-04T13:26:30Z
W-07,P-01447,1887,18,237,2026-06-25T20:47:03Z
W-08,P-01447,559,67,245,2026-06-13T14:42:44Z
W-06,P-01448,134,13,128,2026-06-10T14:52:02Z
W-03,P-01449,402,14,103,2026-06-16T16:28:20Z
W-05,P-01449,553,30,191,2026-06-17T18:52:31Z
W-01,P-01449,1792,231,111,2026-06-01T17:10:26Z
W-01,P-01450,154,19,202,2026-06-01T21:44:49Z
W-07,P-01450,497,22,97,2026-06-15T20:17:08Z
W-02,P-01450,1185,217,235,2026-06-28T16:30:17Z
W-08,P-01451,1214,137,198,2026-06-03T06:30:15Z
W-05,P-01451,668,117,193,2026-06-05T02:28:37Z
W-06,P-01452,979,97,234,2026-06-09T17:35:08Z
W-08,P-01453,1501,370,182,2026-06-26T08:09:56Z
W-01,P-01453,1641,391,80,2026-06-01T12:02:35Z
W-08,P-01454,840,56,166,2026-06-18T14:00:41Z
W-04,P-01454,323,3,246,2026-06-23T06:25:41Z
W-02,P-01454,904,188,83,2026-06-27T06:26:21Z
W-02,P-01455,253,1,202,2026-06-18T06:28:11Z
W-01,P-01455,1723,285,236,2026-06-01T15:58:15Z
W-08,P-01455,784,128,259,2026-06-05T23:08:55Z
W-02,P-01456,1167,10,50,2026-06-16T02:14:02Z
W-07,P-01456,857,210,55,2026-06-28T20:42:10Z
W-07,P-01457,845,141,203,2026-06-13T06:54:37Z
W-01,P-01457,1979,126,247,2026-06-12T01:02:44Z
W-01,P-01458,92,0,252,2026-06-10T18:14:23Z
W-06,P-01458,1094,221,80,2026-06-17T19:43:57Z
W-05,P-01459,1392,156,216,2026-06-03T17:51:17Z
W-04,P-01459,1521,10,221,2026-06-18T13:55:36Z
W-02,P-01460,1726,69,143,2026-06-20T08:44:35Z
W-04,P-01461,929,220,169,2026-06-24T17:24:27Z
W-07,P-01462,734,38,159,2026-06-14T11:40:25Z
W-02,P-01463,1333,256,165,2026-06-24T16:29:48Z
W-05,P-01464,1276,133,184,2026-06-01T14:02:48Z
W-02,P-01465,951,4,287,2026-06-01T18:06:26Z
W-08,P-01465,779,191,178,2026-06-14T20:30:09Z
W-04,P-01466,1988,211,287,2026-06-28T21:34:26Z
W-06,P-01467,1298,228,204,2026-06-26T13:38:49Z
W-04,P-01468,651,71,298,2026-06-01T11:23:11Z
W-02,P-01468,942,74,189,2026-06-17T22:46:41Z
W-03,P-01468,1084,70,263,2026-06-03T02:39:54Z
W-08,P-01469,382,73,152,2026-06-22T18:07:06Z
W-03,P-01469,752,150,108,2026-06-01T03:52:38Z
W-04,P-01469,229,46,91,2026-06-17T22:34:19Z
W-01,P-01470,1484,281,196,2026-06-16T20:40:40Z
W-01,P-01471,1472,112,239,2026-06-24T20:41:28Z
W-04,P-01471,998,110,297,2026-06-23T11:38:40Z
W-07,P-01471,1060,13,55,2026-06-14T03:17:11Z
W-07,P-01472,1005,126,176,2026-06-23T23:24:58Z
W-06,P-01473,1822,35,91,2026-06-15T03:17:24Z
W-02,P-01474,576,109,296,2026-06-08T21:19:56Z
W-07,P-01474,178,31,252,2026-06-11T19:53:56Z
W-08,P-01475,939,138,51,2026-06-15T02:21:58Z
W-05,P-01476,866,185,175,2026-06-18T14:33:51Z
W-06,P-01476,1956,18,212,2026-06-12T20:09:39Z
W-01,P-01477,429,57,153,2026-06-11T01:23:08Z
W-06,P-01477,1322,51,146,2026-06-12T11:07:28Z
W-02,P-01477,1405,61,204,2026-06-01T09:44:32Z
W-01,P-01478,1235,34,104,2026-06-19T16:24:17Z
W-08,P-01478,412,54,169,2026-06-24T08:11:46Z
W-03,P-01479,760,19,120,2026-06-09T21:44:28Z
W-07,P-01479,1304,310,97,2026-06-20T01:30:51Z
W-05,P-01479,51,5,266,2026-06-15T18:18:20Z
W-07,P-01480,1310,156,266,2026-06-23T20:47:11Z
W-02,P-01480,831,122,291,2026-06-13T08:12:46Z
W-01,P-01480,244,6,78,2026-06-01T21:29:07Z
W-08,P-01481,1261,51,52,2026-06-02T14:10:12Z
W-01,P-01481,1396,222,191,2026-06-24T22:09:23Z
W-07,P-01482,89,3,165,2026-06-22T05:34:45Z
W-08,P-01483,1430,169,136,2026-06-29T11:53:44Z
W-05,P-01483,748,173,194,2026-06-15T05:42:19Z
W-06,P-01483,1841,182,242,2026-06-07T03:02:41Z
W-02,P-01484,1150,103,228,2026-06-29T15:38:42Z
W-01,P-01484,796,41,153,2026-06-17T11:18:45Z
W-08,P-01485,867,96,85,2026-06-13T08:41:02Z
W-01,P-01485,523,1,82,2026-06-19T08:01:07Z
W-02,P-01485,53,11,226,2026-06-21T09:56:07Z
W-02,P-01486,581,17,188,2026-06-14T23:07:02Z
W-05,P-01486,1737,243,236,2026-06-10T16:32:59Z
W-04,P-01486,742,20,282,2026-06-11T22:42:30Z
W-02,P-01487,469,35,256,2026-06-29T06:09:36Z
W-06,P-01488,1392,343,266,2026-06-20T09:56:48Z
W-01,P-01488,918,2,238,2026-06-11T03:04:59Z
W-08,P-01489,1420,158,130,2026-06-21T21:10:00Z
W-02,P-01489,1950,470,226,2026-06-06T02:46:50Z
W-01,P-01490,1219,101,120,2026-06-19T05:37:02Z
W-06,P-01490,938,8,260,2026-06-10T02:45:51Z
W-04,P-01490,1891,168,62,2026-06-07T14:36:56Z
W-04,P-01491,1260,83,191,2026-06-16T10:55:35Z
W-03,P-01491,371,39,51,2026-06-30T13:43:44Z
W-01,P-01491,1407,71,125,2026-06-21T23:22:40Z
W-08,P-01492,471,87,258,2026-06-06T04:05:32Z
W-01,P-01492,1508,350,176,2026-06-09T17:21:59Z
W-06,P-01492,338,28,296,2026-06-15T01:27:22Z
W-07,P-01493,1067,241,244,2026-06-22T02:25:10Z
W-01,P-01493,1,0,173,2026-06-11T11:19:51Z
W-02,P-01494,875,5,198,2026-06-21T10:34:32Z
W-03,P-01494,1993,380,247,2026-06-30T17:32:59Z
W-05,P-01495,1447,141,190,2026-06-29T03:34:44Z
W-07,P-01495,1330,41,120,2026-06-28T09:56:13Z
W-04,P-01495,904,93,141,2026-06-07T02:52:11Z
W-03,P-01496,1151,13,281,2026-06-26T17:15:54Z
W-08,P-01496,68,11,255,2026-06-19T03:10:07Z
W-06,P-01497,1825,424,108,2026-06-03T03:45:09Z
W-05,P-01497,361,73,181,2026-06-19T14:22:10Z
W-02,P-01497,670,137,160,2026-06-16T15:56:21Z
W-07,P-01498,615,52,93,2026-06-21T11:44:11Z
W-02,P-01498,1220,161,151,2026-06-27T17:37:51Z
W-01,P-01498,448,34,276,2026-06-25T16:21:57Z
W-01,P-01499,778,152,58,2026-06-29T11:29:33Z
W-07,P-01500,20,3,111,2026-06-06T16:04:07Z
W-02,P-01500,1359,122,66,2026-06-13T20:00:41Z
W-01,P-01500,382,36,50,2026-06-06T18:30:52Z
W-07,P-01501,614,131,91,2026-06-03T07:11:05Z
W-02,P-01502,1788,285,206,2026-06-04T03:19:17Z
W-04,P-01502,495,16,136,2026-06-05T06:27:39Z
W-01,P-01502,530,26,213,2026-06-17T11:28:26Z
W-03,P-01503,1273,235,104,2026-06-16T18:15:26Z
W-03,P-01504,1567,199,138,2026-06-06T15:20:48Z
W-05,P-01504,1532,275,91,2026-06-06T04:22:13Z
W-03,P-01505,550,27,160,2026-06-16T14:38:27Z
W-08,P-01506,437,62,53,2026-06-25T12:28:57Z
W-07,P-01507,357,47,135,2026-06-15T06:27:35Z
W-05,P-01507,1532,319,222,2026-06-26T00:48:11Z
W-04,P-01507,1441,69,91,2026-06-29T05:09:53Z
W-07,P-01508,139,0,239,2026-06-30T13:28:58Z
W-01,P-01508,1087,68,66,2026-06-01T13:35:58Z
W-06,P-01508,389,18,144,2026-06-05T11:43:13Z
W-01,P-01509,1958,168,181,2026-06-27T21:14:51Z
W-04,P-01510,893,217,117,2026-06-14T10:35:39Z
W-06,P-01510,191,39,153,2026-06-19T05:56:17Z
W-05,P-01510,1128,150,56,2026-06-30T18:22:48Z
W-04,P-01511,548,9,74,2026-06-28T05:19:06Z
W-03,P-01511,1946,191,86,2026-06-22T17:01:22Z
W-05,P-01511,1628,276,122,2026-06-23T23:24:38Z
W-02,P-01512,1163,247,295,2026-06-25T02:04:22Z
W-07,P-01512,1613,92,180,2026-06-08T02:46:57Z
W-07,P-01513,1454,199,179,2026-06-30T20:20:14Z
W-03,P-01513,95,18,240,2026-06-30T11:01:13Z
W-04,P-01513,302,17,157,2026-06-27T04:44:48Z
W-03,P-01514,1215,95,243,2026-06-04T17:11:29Z
W-07,P-01514,62,15,281,2026-06-17T05:56:29Z
W-03,P-01515,531,46,77,2026-06-20T01:52:01Z
W-03,P-01516,813,106,162,2026-06-22T10:03:44Z
W-08,P-01517,215,43,155,2026-06-20T08:36:53Z
W-01,P-01517,613,145,70,2026-06-11T03:55:33Z
W-01,P-01518,176,17,166,2026-06-11T02:23:11Z
W-06,P-01518,1871,342,82,2026-06-30T21:53:54Z
W-01,P-01519,201,43,156,2026-06-07T16:32:31Z
W-04,P-01520,1061,178,257,2026-06-30T12:21:39Z
W-04,P-01521,507,35,213,2026-06-16T00:14:08Z
W-04,P-01522,897,97,222,2026-06-28T02:08:02Z
W-06,P-01522,122,14,59,2026-06-07T01:50:09Z
W-08,P-01522,1494,314,240,2026-06-16T11:22:04Z
W-07,P-01523,1336,50,147,2026-06-16T00:36:12Z
W-02,P-01524,67,12,299,2026-06-21T15:12:26Z
W-04,P-01524,131,28,156,2026-06-28T19:08:02Z
W-05,P-01524,457,109,252,2026-06-13T15:06:05Z
W-02,P-01525,1626,145,134,2026-06-19T02:51:25Z
W-03,P-01525,1709,190,171,2026-06-06T07:20:34Z
W-04,P-01525,95,15,205,2026-06-09T19:34:41Z
W-08,P-01526,135,29,298,2026-06-16T17:41:10Z
W-01,P-01526,1956,246,227,2026-06-20T04:30:15Z
W-03,P-01527,1856,34,91,2026-06-26T18:55:03Z
W-02,P-01528,665,1,227,2026-06-25T09:41:53Z
W-04,P-01529,1606,79,273,2026-06-10T19:42:49Z
W-08,P-01530,1331,239,68,2026-06-16T01:40:17Z
W-02,P-01530,1318,101,226,2026-06-04T00:47:38Z
W-07,P-01531,569,90,82,2026-06-01T19:42:22Z
W-05,P-01531,1787,75,190,2026-06-22T03:12:48Z
W-01,P-01531,1530,281,224,2026-06-07T12:42:19Z
W-07,P-01532,995,46,60,2026-06-10T19:42:50Z
W-01,P-01532,1128,159,137,2026-06-22T17:55:51Z
W-03,P-01532,1458,87,203,2026-06-26T02:56:52Z
W-08,P-01533,1145,225,51,2026-06-09T04:22:12Z
W-06,P-01533,924,133,293,2026-06-15T18:09:40Z
W-04,P-01533,607,118,131,2026-06-11T22:55:25Z
W-03,P-01534,1190,272,137,2026-06-03T19:45:54Z
W-06,P-01534,997,73,206,2026-06-08T14:02:51Z
W-07,P-01535,268,60,185,2026-06-20T07:29:34Z
W-08,P-01535,1385,223,193,2026-06-25T23:05:56Z
W-04,P-01535,1886,372,149,2026-06-12T07:34:32Z
W-04,P-01536,445,37,97,2026-06-04T04:47:05Z
W-06,P-01537,1184,272,145,2026-06-05T01:13:49Z
W-04,P-01537,1981,90,263,2026-06-09T21:26:12Z
W-02,P-01537,1424,168,123,2026-06-27T13:59:55Z
W-03,P-01538,1319,220,297,2026-06-28T19:45:15Z
W-08,P-01539,560,52,150,2026-06-17T06:44:52Z
W-06,P-01539,819,89,164,2026-06-29T10:59:12Z
W-05,P-01540,1595,226,297,2026-06-06T14:38:35Z
W-03,P-01540,1391,336,284,2026-06-12T12:46:02Z
W-08,P-01540,411,43,116,2026-06-23T15:21:10Z
W-08,P-01541,136,9,227,2026-06-28T13:23:58Z
W-03,P-01542,1894,419,157,2026-06-10T17:30:12Z
W-05,P-01543,204,11,279,2026-06-23T09:53:25Z
W-01,P-01543,1028,12,266,2026-06-01T18:15:18Z
W-07,P-01543,804,64,91,2026-06-28T18:13:49Z
W-07,P-01544,1659,394,76,2026-06-08T00:11:30Z
W-02,P-01544,1902,43,53,2026-06-29T09:30:09Z
W-04,P-01544,1205,7,235,2026-06-01T17:23:12Z
W-05,P-01545,1472,367,196,2026-06-20T14:05:41Z
W-08,P-01546,393,49,73,2026-06-18T03:07:41Z
W-05,P-01547,1904,314,92,2026-06-19T17:20:42Z
W-06,P-01547,1298,25,129,2026-06-28T12:52:28Z
W-02,P-01547,280,67,273,2026-06-11T15:14:35Z
W-01,P-01548,1175,293,195,2026-06-28T08:05:58Z
W-03,P-01548,461,20,226,2026-06-28T18:28:01Z
W-08,P-01548,1318,316,79,2026-06-02T10:33:48Z
W-01,P-01549,1715,302,221,2026-06-08T15:27:23Z
W-06,P-01549,429,55,68,2026-06-28T07:23:52Z
W-07,P-01550,1664,3,137,2026-06-20T20:23:37Z
W-03,P-01550,1681,351,261,2026-06-06T02:21:51Z
W-02,P-01550,1876,261,135,2026-06-24T22:37:24Z
W-01,P-01551,499,46,240,2026-06-23T11:12:19Z
W-04,P-01551,751,17,184,2026-06-25T20:47:56Z
W-02,P-01551,1133,116,202,2026-06-21T12:35:07Z
W-07,P-01552,1137,135,201,2026-06-01T05:39:05Z
W-01,P-01552,384,79,269,2026-06-18T02:33:31Z
W-01,P-01553,1317,42,127,2026-06-29T12:44:10Z
W-05,P-01553,246,57,71,2026-06-25T15:16:12Z
W-04,P-01553,1694,360,182,2026-06-22T03:18:59Z
W-05,P-01554,236,40,300,2026-06-26T23:35:44Z
W-08,P-01554,268,49,61,2026-06-07T20:14:46Z
W-04,P-01555,1914,402,286,2026-06-15T18:01:01Z
W-03,P-01555,156,11,242,2026-06-06T08:19:21Z
W-08,P-01555,747,81,79,2026-06-18T09:51:29Z
W-02,P-01556,1815,310,50,2026-06-02T17:03:51Z
W-07,P-01556,1346,194,239,2026-06-13T06:26:39Z
W-04,P-01556,849,39,58,2026-06-15T02:47:15Z
W-08,P-01557,924,1,83,2026-06-05T13:18:27Z
W-02,P-01557,1941,123,285,2026-06-24T15:02:07Z
W-04,P-01557,418,19,251,2026-06-23T03:21:12Z
W-01,P-01558,1256,313,248,2026-06-20T19:04:20Z
W-08,P-01558,766,35,296,2026-06-26T17:40:32Z
W-01,P-01559,1261,14,50,2026-06-16T00:34:16Z
W-04,P-01560,181,19,289,2026-06-16T08:52:01Z
W-07,P-01560,1520,78,119,2026-06-24T17:07:02Z
W-06,P-01560,1642,315,119,2026-06-01T07:19:09Z
W-01,P-01561,723,2,133,2026-06-05T16:16:24Z
W-04,P-01561,415,6,200,2026-06-09T18:38:35Z
W-06,P-01561,630,37,296,2026-06-04T14:26:32Z
W-02,P-01562,1302,308,170,2026-06-05T05:38:16Z
W-04,P-01563,1224,104,118,2026-06-01T01:38:43Z
W-07,P-01563,1319,15,164,2026-06-05T06:45:37Z
W-03,P-01563,1767,6,243,2026-06-06T22:40:01Z
W-07,P-01564,1378,58,131,2026-06-29T07:28:42Z
W-02,P-01565,1852,421,124,2026-06-04T11:44:43Z
W-07,P-01565,1524,373,178,2026-06-11T03:34:05Z
W-03,P-01566,654,96,160,2026-06-22T02:14:32Z
W-05,P-01566,923,165,299,2026-06-05T14:21:28Z
W-06,P-01567,1672,88,274,2026-06-07T19:14:59Z
W-02,P-01568,1837,242,128,2026-06-23T04:16:56Z
W-07,P-01568,1295,181,199,2026-06-27T01:55:07Z
W-06,P-01569,1623,370,219,2026-06-03T15:13:40Z
W-05,P-01569,369,58,223,2026-06-22T18:24:33Z
W-08,P-01570,1393,11,112,2026-06-27T12:12:06Z
W-05,P-01571,1065,86,175,2026-06-25T17:57:19Z
W-08,P-01571,733,100,113,2026-06-22T00:39:59Z
W-05,P-01572,1301,324,105,2026-06-18T11:19:31Z
W-08,P-01572,258,42,293,2026-06-16T02:26:50Z
W-06,P-01573,447,43,168,2026-06-30T10:55:18Z
W-05,P-01573,1258,246,218,2026-06-20T02:09:44Z
W-07,P-01573,486,9,170,2026-06-18T23:01:26Z
W-04,P-01574,158,16,145,2026-06-30T01:52:03Z
W-03,P-01574,17,1,134,2026-06-23T03:50:49Z
W-08,P-01575,658,134,141,2026-06-14T07:06:07Z
W-05,P-01575,628,116,166,2026-06-28T07:03:48Z
W-03,P-01575,1330,101,295,2026-06-25T09:48:23Z
W-01,P-01576,407,33,117,2026-06-23T11:51:45Z
W-04,P-01576,1466,13,147,2026-06-06T22:23:34Z
W-04,P-01577,1401,53,145,2026-06-25T19:34:12Z
W-05,P-01577,768,86,90,2026-06-13T22:10:13Z
W-05,P-01578,936,226,83,2026-06-16T00:24:15Z
W-02,P-01578,653,60,61,2026-06-14T08:02:34Z
W-08,P-01579,1314,139,167,2026-06-29T03:37:58Z
W-06,P-01579,649,67,246,2026-06-03T17:21:51Z
W-01,P-01580,238,17,167,2026-06-12T22:54:49Z
W-04,P-01580,1801,117,116,2026-06-21T08:38:08Z
W-04,P-01581,327,56,58,2026-06-29T02:24:40Z
W-08,P-01581,961,179,58,2026-06-29T10:36:25Z
W-07,P-01582,558,49,197,2026-06-19T00:18:10Z
W-03,P-01582,136,21,222,2026-06-02T20:19:05Z
W-05,P-01582,1151,22,221,2026-06-01T08:54:14Z
W-03,P-01583,659,117,67,2026-06-04T23:33:36Z
W-01,P-01584,1090,64,236,2026-06-15T02:39:24Z
W-02,P-01585,964,54,116,2026-06-30T21:36:30Z
W-07,P-01586,674,25,218,2026-06-23T18:48:53Z
W-02,P-01587,1689,169,241,2026-06-29T05:23:33Z
W-02,P-01588,635,96,289,2026-06-14T06:30:46Z
W-07,P-01588,370,30,262,2026-06-30T16:33:45Z
W-08,P-01588,1963,278,269,2026-06-24T07:32:44Z
W-03,P-01589,444,22,117,2026-06-16T19:55:57Z
W-06,P-01590,1699,267,94,2026-06-28T10:27:01Z
W-01,P-01590,955,228,280,2026-06-21T05:22:34Z
W-07,P-01591,1133,224,271,2026-06-13T20:30:45Z
W-05,P-01591,488,122,72,2026-06-08T19:01:25Z
W-06,P-01591,181,38,89,2026-06-23T01:17:45Z
W-08,P-01592,1779,248,73,2026-06-09T09:51:54Z
W-07,P-01592,1048,12,299,2026-06-24T19:11:47Z
W-01,P-01593,1894,393,204,2026-06-09T23:07:24Z
W-07,P-01593,1745,237,93,2026-06-03T09:02:19Z
W-04,P-01594,716,14,189,2026-06-14T09:21:55Z
W-08,P-01594,1163,134,126,2026-06-04T09:38:11Z
W-01,P-01594,527,9,117,2026-06-12T12:49:29Z
W-06,P-01595,1660,40,297,2026-06-12T08:22:08Z
W-01,P-01596,1645,330,146,2026-06-24T06:29:30Z
W-07,P-01596,1438,288,258,2026-06-22T20:58:15Z
W-08,P-01597,219,23,208,2026-06-18T17:38:36Z
W-03,P-01598,1418,35,218,2026-06-09T10:43:29Z
W-07,P-01599,1829,407,251,2026-06-09T00:17:08Z
W-02,P-01599,904,189,108,2026-06-18T13:09:16Z
W-03,P-01600,1535,242,198,2026-06-21T15:21:24Z
W-06,P-01600,917,109,270,2026-06-09T03:57:42Z
W-01,P-01600,188,24,74,2026-06-10T03:05:34Z
W-01,P-01601,1126,20,93,2026-06-11T17:16:52Z
W-03,P-01601,864,19,281,2026-06-22T00:29:00Z
W-04,P-01601,113,23,144,2026-06-02T21:59:04Z
W-03,P-01602,1913,407,233,2026-06-28T05:28:00Z
W-07,P-01603,1153,125,136,2026-06-06T07:17:31Z
W-02,P-01603,1499,291,129,2026-06-06T22:17:48Z
W-06,P-01603,1476,115,84,2026-06-30T07:53:12Z
W-03,P-01604,892,41,69,2026-06-13T05:19:28Z
W-02,P-01604,1295,278,232,2026-06-17T14:49:23Z
W-08,P-01604,1322,21,245,2026-06-24T13:40:24Z
W-03,P-01605,1014,24,98,2026-06-18T23:36:36Z
W-02,P-01606,1349,177,208,2026-06-30T11:35:30Z
W-01,P-01606,1926,339,296,2026-06-03T19:11:18Z
W-05,P-01606,786,121,141,2026-06-25T07:24:44Z
W-03,P-01607,1525,169,123,2026-06-05T13:00:02Z
W-07,P-01607,1607,284,280,2026-06-05T00:41:42Z
W-05,P-01607,569,101,157,2026-06-18T11:23:52Z
W-04,P-01608,835,203,80,2026-06-23T08:30:05Z
W-06,P-01609,837,164,202,2026-06-25T13:18:13Z
W-07,P-01610,1211,188,156,2026-06-19T07:37:49Z
W-03,P-01611,1614,293,216,2026-06-06T17:37:59Z
W-08,P-01611,649,158,233,2026-06-16T19:42:17Z
W-07,P-01612,1606,112,266,2026-06-01T19:09:49Z
W-03,P-01612,419,12,234,2026-06-21T01:22:41Z
W-03,P-01613,387,34,164,2026-06-02T15:19:14Z
W-05,P-01613,1790,72,72,2026-06-06T11:39:59Z
W-02,P-01613,256,61,213,2026-06-02T06:03:32Z
W-08,P-01614,683,8,253,2026-06-10T23:10:29Z
W-05,P-01614,1817,407,232,2026-06-30T02:12:33Z
W-03,P-01614,1363,280,99,2026-06-15T20:29:24Z
W-08,P-01615,1733,95,250,2026-06-13T01:29:27Z
W-06,P-01616,858,52,146,2026-06-18T12:09:29Z
W-04,P-01616,1799,96,269,2026-06-16T03:35:42Z
W-04,P-01617,894,53,99,2026-06-24T16:52:10Z
W-03,P-01617,514,72,273,2026-06-25T20:33:06Z
W-07,P-01617,833,139,64,2026-06-29T08:00:13Z
W-03,P-01618,664,67,192,2026-06-01T20:00:25Z
W-07,P-01618,1472,229,65,2026-06-15T04:50:37Z
W-05,P-01618,1579,25,273,2026-06-11T00:12:35Z
W-05,P-01619,1955,386,240,2026-06-22T06:47:08Z
W-07,P-01619,1521,206,177,2026-06-12T02:28:36Z
W-08,P-01619,933,54,173,2026-06-05T00:52:51Z
W-01,P-01620,1482,97,226,2026-06-12T16:53:07Z
W-04,P-01620,311,42,255,2026-06-23T22:05:10Z
W-02,P-01620,616,58,52,2026-06-09T07:55:48Z
W-07,P-01621,1726,2,156,2026-06-25T20:48:56Z
W-03,P-01622,212,46,56,2026-06-15T21:58:09Z
W-07,P-01623,1949,447,249,2026-06-09T20:53:53Z
W-02,P-01623,189,10,275,2026-06-15T22:06:11Z
W-03,P-01623,1596,120,251,2026-06-19T06:16:12Z
W-08,P-01624,1763,426,157,2026-06-06T08:51:07Z
W-01,P-01625,1217,4,260,2026-06-09T03:32:09Z
W-06,P-01625,1838,167,281,2026-06-19T08:00:30Z
W-03,P-01625,1147,182,126,2026-06-18T10:24:39Z
W-05,P-01626,945,142,207,2026-06-08T14:02:42Z
W-06,P-01626,1107,101,265,2026-06-10T08:18:01Z
W-07,P-01626,1893,295,54,2026-06-12T12:11:32Z
W-06,P-01627,1008,233,156,2026-06-07T11:11:57Z
W-08,P-01627,1537,111,183,2026-06-10T20:21:04Z
W-02,P-01627,925,17,290,2026-06-20T21:54:35Z
W-04,P-01628,1474,10,268,2026-06-12T10:54:49Z
W-01,P-01629,959,78,294,2026-06-07T18:21:09Z
W-07,P-01629,774,192,77,2026-06-21T08:52:44Z
W-01,P-01630,1308,308,281,2026-06-18T19:59:03Z
W-06,P-01630,1453,276,116,2026-06-14T10:04:34Z
W-08,P-01630,1188,80,158,2026-06-07T08:04:53Z
W-08,P-01631,1476,313,178,2026-06-11T04:08:52Z
W-07,P-01631,1416,97,120,2026-06-10T10:32:48Z
W-05,P-01631,122,18,195,2026-06-21T02:46:30Z
W-07,P-01632,266,0,131,2026-06-08T11:02:11Z
W-08,P-01632,1366,187,162,2026-06-21T20:03:14Z
W-02,P-01632,815,112,79,2026-06-05T22:55:30Z
W-02,P-01633,493,33,201,2026-06-16T17:09:28Z
W-04,P-01633,44,10,109,2026-06-12T15:58:07Z
W-07,P-01634,503,12,294,2026-06-27T13:49:34Z
W-03,P-01634,377,66,93,2026-06-20T04:36:39Z
W-01,P-01635,1805,17,225,2026-06-16T13:39:43Z
W-02,P-01636,1342,15,229,2026-06-11T17:28:25Z
W-04,P-01637,541,88,71,2026-06-06T21:39:20Z
W-07,P-01637,282,23,99,2026-06-24T14:28:20Z
W-07,P-01638,746,174,65,2026-06-07T13:25:13Z
W-08,P-01638,874,80,57,2026-06-22T21:47:54Z
W-03,P-01638,1381,293,86,2026-06-06T00:45:42Z
W-03,P-01639,600,90,238,2026-06-08T23:50:29Z
W-06,P-01639,575,37,116,2026-06-26T16:27:37Z
W-04,P-01639,204,20,215,2026-06-06T06:03:46Z
W-06,P-01640,410,100,213,2026-06-08T23:51:03Z
W-02,P-01640,938,165,141,2026-06-14T13:34:43Z
W-01,P-01640,1773,124,154,2026-06-04T22:01:42Z
W-06,P-01641,60,1,106,2026-06-24T18:05:14Z
W-07,P-01641,1689,12,100,2026-06-20T16:50:50Z
W-02,P-01641,817,47,146,2026-06-09T21:30:35Z
W-08,P-01642,822,119,210,2026-06-08T22:12:18Z
W-01,P-01643,113,10,206,2026-06-02T06:05:38Z
W-01,P-01644,137,2,161,2026-06-26T07:40:26Z
W-03,P-01645,1526,147,193,2026-06-08T20:52:49Z
W-07,P-01645,687,74,132,2026-06-01T19:40:06Z
W-04,P-01646,1654,119,108,2026-06-19T03:51:55Z
W-03,P-01647,824,40,54,2026-06-15T14:30:30Z
W-07,P-01647,1468,338,167,2026-06-03T23:56:23Z
W-02,P-01647,1963,43,155,2026-06-07T02:45:22Z
W-08,P-01648,494,25,73,2026-06-28T14:49:18Z
W-06,P-01648,524,116,284,2026-06-17T01:26:26Z
W-07,P-01648,1868,288,140,2026-06-14T08:20:33Z
W-04,P-01649,713,120,256,2026-06-05T17:47:02Z
W-06,P-01649,1099,130,290,2026-06-05T21:01:08Z
W-07,P-01650,1209,238,188,2026-06-27T20:38:34Z
W-01,P-01650,805,200,105,2026-06-21T09:17:21Z
W-05,P-01651,1144,258,95,2026-06-26T22:08:31Z
W-06,P-01651,1113,240,94,2026-06-14T08:38:52Z
W-05,P-01652,1404,342,275,2026-06-25T15:19:35Z
W-02,P-01652,1740,306,63,2026-06-04T21:24:06Z
W-03,P-01652,397,74,291,2026-06-20T18:08:33Z
W-03,P-01653,1784,185,103,2026-06-02T06:21:58Z
W-06,P-01653,33,5,231,2026-06-06T09:49:44Z
W-06,P-01654,1053,127,139,2026-06-23T11:38:34Z
W-07,P-01654,1802,300,191,2026-06-23T22:18:56Z
W-08,P-01655,1062,194,72,2026-06-11T18:06:23Z
W-03,P-01655,1986,240,271,2026-06-01T13:16:10Z
W-01,P-01655,155,7,184,2026-06-15T12:50:29Z
W-06,P-01656,1607,13,146,2026-06-10T23:57:17Z
W-01,P-01657,463,34,219,2026-06-24T14:01:35Z
W-03,P-01657,664,46,110,2026-06-16T06:17:41Z
W-07,P-01658,1548,315,62,2026-06-03T17:10:49Z
W-05,P-01659,1621,248,166,2026-06-18T06:17:07Z
W-04,P-01660,1850,55,202,2026-06-13T17:55:10Z
W-08,P-01660,1122,21,116,2026-06-08T06:14:35Z
W-01,P-01660,756,30,184,2026-06-16T11:30:38Z
W-03,P-01661,1483,46,265,2026-06-16T06:54:43Z
W-04,P-01661,118,25,144,2026-06-15T04:28:04Z
W-06,P-01662,1699,148,122,2026-06-15T11:01:35Z
W-04,P-01662,1095,130,80,2026-06-17T20:07:33Z
W-04,P-01663,1882,405,251,2026-06-18T21:12:25Z
W-06,P-01664,1419,129,178,2026-06-06T11:22:32Z
W-01,P-01664,736,155,212,2026-06-10T02:51:36Z
W-06,P-01665,395,94,75,2026-06-15T08:33:41Z
W-05,P-01666,1498,281,244,2026-06-13T03:47:50Z
W-03,P-01666,1984,155,77,2026-06-30T16:30:46Z
W-02,P-01666,1712,250,196,2026-06-09T01:47:47Z
W-05,P-01667,1487,202,117,2026-06-24T06:26:01Z
W-04,P-01667,1370,324,271,2026-06-26T05:54:29Z
W-02,P-01667,121,5,208,2026-06-17T18:00:47Z
W-03,P-01668,1722,255,153,2026-06-25T17:40:13Z
W-02,P-01668,1732,400,140,2026-06-21T00:48:04Z
W-03,P-01669,175,33,198,2026-06-27T17:19:13Z
W-01,P-01669,1506,90,145,2026-06-03T16:34:13Z
W-02,P-01669,1826,260,165,2026-06-18T20:44:37Z
W-04,P-01670,1189,109,260,2026-06-05T05:18:20Z
W-05,P-01670,646,110,74,2026-06-07T22:25:46Z
W-05,P-01671,1385,296,104,2026-06-08T08:38:39Z
W-06,P-01671,1255,66,199,2026-06-22T06:57:57Z
W-08,P-01671,818,33,62,2026-06-24T16:00:08Z
W-05,P-01672,242,9,124,2026-06-25T14:51:42Z
W-04,P-01673,1145,234,297,2026-06-03T04:05:57Z
W-03,P-01673,110,9,167,2026-06-16T12:45:08Z
W-07,P-01674,1860,399,171,2026-06-29T21:52:18Z
W-03,P-01675,1725,127,265,2026-06-19T04:53:43Z
W-07,P-01675,1536,43,225,2026-06-08T04:14:48Z
W-06,P-01675,704,144,58,2026-06-01T21:16:54Z
W-08,P-01676,606,10,245,2026-06-19T05:00:33Z
W-05,P-01676,1598,153,286,2026-06-20T10:17:13Z
W-03,P-01676,806,61,277,2026-06-30T06:57:36Z
W-08,P-01677,995,211,156,2026-06-28T21:12:42Z
W-01,P-01677,953,44,60,2026-06-06T19:53:14Z
W-03,P-01678,194,28,123,2026-06-21T07:07:09Z
W-04,P-01678,1158,8,297,2026-06-07T12:41:05Z
W-05,P-01679,1672,36,141,2026-06-02T10:53:54Z
W-04,P-01679,1315,68,220,2026-06-07T22:46:16Z
W-02,P-01679,498,83,257,2026-06-13T05:29:34Z
W-04,P-01680,286,47,233,2026-06-03T00:11:29Z
W-06,P-01681,1170,269,235,2026-06-26T18:03:10Z
W-05,P-01682,965,94,240,2026-06-06T15:59:24Z
W-08,P-01682,721,28,218,2026-06-01T23:17:03Z
W-07,P-01682,1022,165,70,2026-06-23T02:05:11Z
W-06,P-01683,116,22,86,2026-06-19T17:37:28Z
W-06,P-01684,712,111,217,2026-06-24T10:13:46Z
W-04,P-01684,1532,62,249,2026-06-30T22:59:03Z
W-03,P-01685,422,3,241,2026-06-11T23:43:50Z
W-03,P-01686,227,43,133,2026-06-30T12:46:25Z
W-07,P-01687,1885,361,196,2026-06-05T06:28:47Z
W-01,P-01687,1236,181,71,2026-06-30T03:23:58Z
W-07,P-01688,1849,280,196,2026-06-05T07:06:45Z
W-08,P-01688,279,22,156,2026-06-16T10:11:05Z
W-06,P-01689,1499,70,242,2026-06-25T12:54:15Z
W-02,P-01690,1690,253,206,2026-06-11T19:33:01Z
W-05,P-01690,1229,286,85,2026-06-25T03:12:16Z
W-01,P-01691,443,15,70,2026-06-16T12:27:33Z
W-04,P-01692,327,47,192,2026-06-14T01:25:50Z
W-06,P-01692,191,35,145,2026-06-26T17:24:50Z
W-04,P-01693,310,2,300,2026-06-07T16:31:10Z
W-02,P-01693,216,28,134,2026-06-08T15:00:07Z
W-03,P-01694,1960,446,294,2026-06-23T12:00:54Z
W-07,P-01694,1865,227,158,2026-06-14T17:57:29Z
W-08,P-01695,625,152,173,2026-06-16T11:04:23Z
W-06,P-01695,1133,21,153,2026-06-01T17:12:21Z
W-08,P-01696,1102,13,65,2026-06-26T09:07:45Z
W-02,P-01696,1514,133,127,2026-06-05T09:27:40Z
W-04,P-01696,605,84,133,2026-06-10T09:11:47Z
W-07,P-01697,736,138,285,2026-06-06T06:49:32Z
W-01,P-01698,1786,19,234,2026-06-05T19:52:35Z
W-07,P-01698,824,16,56,2026-06-28T22:09:57Z
W-04,P-01698,1870,307,100,2026-06-11T06:33:16Z
W-05,P-01699,1887,136,259,2026-06-24T07:34:00Z
W-05,P-01700,1264,316,179,2026-06-24T15:04:53Z
W-04,P-01700,467,82,268,2026-06-06T20:04:09Z
W-08,P-01701,236,35,147,2026-06-20T07:04:16Z
W-06,P-01701,1361,109,115,2026-06-27T18:36:47Z
W-03,P-01702,1676,32,165,2026-06-15T21:11:19Z
W-06,P-01702,442,107,52,2026-06-29T10:31:39Z
W-01,P-01703,1432,91,296,2026-06-25T19:42:19Z
W-03,P-01703,1852,334,132,2026-06-30T04:20:39Z
W-06,P-01704,1377,24,216,2026-06-13T12:11:19Z
W-01,P-01704,644,138,150,2026-06-03T10:36:52Z
W-01,P-01705,1333,154,210,2026-06-17T14:09:09Z
W-02,P-01705,1748,9,86,2026-06-07T07:43:18Z
W-07,P-01706,762,184,71,2026-06-11T20:37:34Z
W-02,P-01706,436,108,67,2026-06-19T06:21:35Z
W-02,P-01707,1893,222,169,2026-06-15T12:49:57Z
W-04,P-01707,1509,49,118,2026-06-01T07:57:11Z
W-03,P-01708,816,27,148,2026-06-16T12:33:39Z
W-06,P-01709,69,15,83,2026-06-02T22:26:25Z
W-08,P-01710,1182,201,174,2026-06-29T07:27:14Z
W-05,P-01711,37,8,172,2026-06-06T22:21:56Z
W-07,P-01711,1308,83,79,2026-06-16T16:55:06Z
W-08,P-01711,462,10,214,2026-06-05T22:32:02Z
W-05,P-01712,532,86,106,2026-06-25T16:19:20Z
W-07,P-01712,1854,319,282,2026-06-08T18:16:10Z
W-07,P-01713,773,32,165,2026-06-04T22:30:40Z
W-06,P-01713,1257,239,221,2026-06-12T11:27:22Z
W-08,P-01713,590,83,110,2026-06-10T04:55:30Z
W-05,P-01714,369,56,66,2026-06-05T14:43:17Z
W-06,P-01714,660,18,114,2026-06-05T00:48:38Z
W-03,P-01714,428,4,107,2026-06-18T05:50:59Z
W-03,P-01715,1087,154,94,2026-06-14T20:21:56Z
W-05,P-01715,1127,134,197,2026-06-05T08:20:19Z
W-04,P-01716,1285,101,283,2026-06-19T00:46:04Z
W-08,P-01716,1464,104,70,2026-06-21T03:27:29Z
W-02,P-01717,1720,31,275,2026-06-06T17:26:36Z
W-03,P-01717,62,12,158,2026-06-10T11:32:39Z
W-05,P-01717,1925,429,259,2026-06-06T13:18:02Z
W-05,P-01718,991,114,298,2026-06-18T08:00:00Z
W-01,P-01718,307,7,257,2026-06-29T08:45:39Z
W-08,P-01718,586,128,191,2026-06-17T18:11:14Z
W-06,P-01719,1761,359,290,2026-06-28T01:47:08Z
W-04,P-01719,1056,244,184,2026-06-05T12:51:47Z
W-07,P-01719,1091,159,263,2026-06-04T15:14:46Z
W-06,P-01720,1481,358,275,2026-06-14T18:42:12Z
W-02,P-01720,1704,44,286,2026-06-16T14:47:28Z
W-05,P-01721,1534,92,277,2026-06-21T03:41:59Z
W-04,P-01721,536,45,132,2026-06-30T02:26:15Z
W-06,P-01721,1748,195,51,2026-06-03T22:34:03Z
W-08,P-01722,1695,181,80,2026-06-13T21:27:25Z
W-05,P-01722,1246,228,141,2026-06-23T04:01:12Z
W-06,P-01722,1679,296,89,2026-06-10T05:05:01Z
W-08,P-01723,1933,252,272,2026-06-10T06:09:08Z
W-01,P-01723,1509,176,78,2026-06-06T02:05:08Z
W-06,P-01723,1235,267,280,2026-06-21T12:39:37Z
W-03,P-01724,1392,280,260,2026-06-19T12:20:26Z
W-04,P-01725,194,7,125,2026-06-19T20:49:35Z
W-05,P-01725,745,69,60,2026-06-26T05:25:40Z
W-07,P-01725,275,10,209,2026-06-14T08:03:49Z
W-04,P-01726,266,24,92,2026-06-18T10:39:08Z
W-08,P-01727,838,104,122,2026-06-26T12:52:00Z
W-01,P-01727,301,36,51,2026-06-04T20:06:23Z
W-04,P-01728,1659,255,100,2026-06-12T04:44:56Z
W-07,P-01729,1260,52,155,2026-06-20T18:53:35Z
W-08,P-01729,559,32,223,2026-06-13T17:38:29Z
W-05,P-01729,1253,131,228,2026-06-25T00:43:44Z
W-07,P-01730,341,78,267,2026-06-10T03:58:11Z
W-01,P-01730,1435,218,193,2026-06-28T17:55:36Z
W-08,P-01730,1789,315,232,2026-06-27T01:56:36Z
W-07,P-01731,1798,46,224,2026-06-02T12:48:12Z
W-06,P-01731,1648,209,211,2026-06-27T00:06:12Z
W-01,P-01731,1956,474,122,2026-06-27T14:48:52Z
W-06,P-01732,502,43,141,2026-06-02T05:36:54Z
W-03,P-01732,1028,214,114,2026-06-26T09:10:55Z
W-08,P-01732,124,11,75,2026-06-21T02:44:37Z
W-08,P-01733,1141,171,208,2026-06-11T19:36:06Z
W-07,P-01733,1526,254,174,2026-06-20T00:24:04Z
W-03,P-01734,901,124,132,2026-06-16T05:09:06Z
W-04,P-01735,1903,374,104,2026-06-23T22:34:31Z
W-02,P-01736,1567,27,150,2026-06-11T17:59:26Z
W-04,P-01736,1621,189,204,2026-06-12T22:58:43Z
W-05,P-01737,857,82,230,2026-06-13T06:04:19Z
W-02,P-01737,1360,185,197,2026-06-01T21:52:24Z
W-06,P-01738,474,118,222,2026-06-11T21:03:22Z
W-04,P-01738,1073,7,225,2026-06-13T11:10:45Z
W-07,P-01738,115,9,257,2026-06-21T06:02:12Z
W-08,P-01739,189,23,101,2026-06-14T18:57:45Z
W-06,P-01740,714,167,152,2026-06-16T06:25:02Z
W-03,P-01741,1369,236,299,2026-06-24T05:54:19Z
W-04,P-01741,15,0,267,2026-06-10T04:10:04Z
W-04,P-01742,771,192,297,2026-06-23T13:30:05Z
W-02,P-01742,1531,346,181,2026-06-03T13:43:19Z
W-03,P-01742,1360,236,213,2026-06-12T10:23:08Z
W-07,P-01743,242,57,164,2026-06-13T17:28:36Z
W-06,P-01743,899,176,114,2026-06-23T17:11:36Z
W-04,P-01743,1366,239,119,2026-06-01T22:15:53Z
W-06,P-01744,525,78,250,2026-06-22T08:56:51Z
W-04,P-01744,303,51,94,2026-06-20T21:26:43Z
W-02,P-01744,1492,67,283,2026-06-02T22:09:10Z
W-08,P-01745,316,74,193,2026-06-29T13:54:17Z
W-03,P-01745,1345,116,280,2026-06-18T10:56:21Z
W-02,P-01745,1587,357,77,2026-06-21T22:18:44Z
W-07,P-01746,534,118,93,2026-06-14T09:04:13Z
W-04,P-01746,523,109,232,2026-06-01T20:44:41Z
W-08,P-01747,1729,308,197,2026-06-06T20:18:36Z
W-06,P-01747,386,22,281,2026-06-02T10:35:51Z
W-01,P-01747,943,183,251,2026-06-25T22:21:32Z
W-01,P-01748,199,44,283,2026-06-10T13:39:49Z
W-04,P-01748,1946,70,251,2026-06-08T11:17:37Z
W-05,P-01748,969,169,243,2026-06-06T19:01:18Z
W-02,P-01749,537,23,203,2026-06-23T03:08:16Z
W-08,P-01749,1329,145,208,2026-06-22T18:31:29Z
W-07,P-01749,1043,99,136,2026-06-14T20:33:36Z
W-03,P-01750,1500,256,195,2026-06-29T14:19:05Z
W-06,P-01750,276,41,181,2026-06-02T23:31:44Z
W-08,P-01751,1470,366,184,2026-06-09T07:21:06Z
W-03,P-01751,1295,293,64,2026-06-01T06:45:20Z
W-07,P-01751,564,137,173,2026-06-05T06:05:49Z
W-01,P-01752,763,68,63,2026-06-30T19:43:14Z
W-05,P-01753,1587,198,130,2026-06-21T20:59:51Z
W-02,P-01753,255,12,190,2026-06-30T02:59:31Z
W-06,P-01753,917,131,211,2026-06-16T20:34:03Z
W-04,P-01754,1635,405,283,2026-06-21T21:02:08Z
W-08,P-01754,1294,309,244,2026-06-19T17:59:04Z
W-05,P-01754,680,19,185,2026-06-27T03:22:33Z
W-05,P-01755,930,163,70,2026-06-16T15:22:38Z
W-01,P-01755,1039,243,227,2026-06-25T22:39:18Z
W-06,P-01756,1093,149,252,2026-06-10T00:49:40Z
W-05,P-01756,341,62,79,2026-06-05T09:23:21Z
W-02,P-01756,1504,119,220,2026-06-10T03:49:32Z
W-01,P-01757,474,57,117,2026-06-02T13:55:12Z
W-05,P-01757,50,2,155,2026-06-03T12:28:58Z
W-08,P-01758,1213,245,188,2026-06-30T23:50:29Z
W-01,P-01758,1699,380,143,2026-06-21T19:54:00Z
W-02,P-01758,518,35,122,2026-06-28T09:44:34Z
W-07,P-01759,1006,4,241,2026-06-10T10:04:27Z
W-05,P-01760,18,1,213,2026-06-22T09:02:31Z
W-06,P-01760,532,126,181,2026-06-14T00:30:17Z
W-06,P-01761,473,59,122,2026-06-16T05:39:21Z
W-03,P-01761,1310,54,195,2026-06-14T16:44:33Z
W-01,P-01762,816,50,272,2026-06-16T23:06:17Z
W-04,P-01762,1828,151,84,2026-06-01T22:11:20Z
W-06,P-01762,455,99,70,2026-06-11T21:50:26Z
W-08,P-01763,788,36,279,2026-06-07T00:34:45Z
W-02,P-01764,1411,296,59,2026-06-15T06:18:01Z
W-08,P-01764,1524,79,162,2026-06-07T11:27:19Z
W-04,P-01765,512,88,193,2026-06-10T13:43:16Z
W-02,P-01765,558,6,238,2026-06-12T01:07:00Z
W-01,P-01765,355,49,153,2026-06-27T23:30:40Z
W-05,P-01766,947,148,148,2026-06-19T08:19:30Z
W-02,P-01767,900,200,228,2026-06-11T06:27:45Z
W-01,P-01768,6,0,161,2026-06-02T05:24:35Z
W-06,P-01769,1654,221,82,2026-06-23T16:37:20Z
W-04,P-01769,1921,311,98,2026-06-07T04:52:13Z
W-07,P-01769,1448,326,79,2026-06-17T10:52:33Z
W-01,P-01770,57,8,105,2026-06-10T06:25:54Z
W-02,P-01770,1797,50,202,2026-06-08T09:07:47Z
W-01,P-01771,293,23,292,2026-06-13T01:00:41Z
W-04,P-01771,1359,67,108,2026-06-24T15:17:03Z
W-03,P-01771,1136,58,224,2026-06-05T02:46:20Z
W-03,P-01772,1530,17,185,2026-06-06T18:44:19Z
W-07,P-01772,1407,141,281,2026-06-15T07:30:31Z
W-01,P-01772,42,3,130,2026-06-01T19:20:19Z
W-06,P-01773,26,6,189,2026-06-18T20:36:37Z
W-01,P-01773,1594,372,262,2026-06-27T19:22:57Z
W-07,P-01773,1176,205,80,2026-06-30T05:59:47Z
W-02,P-01774,459,69,151,2026-06-27T15:52:14Z
W-02,P-01775,796,176,186,2026-06-04T01:26:21Z
W-07,P-01775,547,21,109,2026-06-15T03:27:16Z
W-04,P-01776,123,23,208,2026-06-12T16:39:48Z
W-08,P-01777,1456,57,193,2026-06-24T23:42:15Z
W-05,P-01777,1114,2,298,2026-06-12T15:29:06Z
W-04,P-01778,1384,55,194,2026-06-05T12:25:01Z
W-03,P-01778,43,9,59,2026-06-17T17:26:53Z
W-01,P-01778,696,155,255,2026-06-14T23:22:41Z
W-08,P-01779,1812,332,166,2026-06-29T21:32:52Z
W-05,P-01779,140,0,188,2026-06-11T11:03:05Z
W-07,P-01780,1115,217,173,2026-06-08T14:12:28Z
W-08,P-01780,1764,337,96,2026-06-30T09:45:19Z
W-05,P-01781,1299,37,58,2026-06-28T23:43:47Z
W-01,P-01781,62,11,51,2026-06-05T10:29:20Z
W-07,P-01782,1942,58,129,2026-06-28T13:54:28Z
W-02,P-01782,378,87,277,2026-06-16T20:30:36Z
W-05,P-01783,1915,319,179,2026-06-14T10:37:18Z
W-03,P-01783,992,52,225,2026-06-20T15:53:49Z
W-08,P-01783,201,45,157,2026-06-01T20:30:35Z
W-01,P-01784,42,6,295,2026-06-25T07:44:13Z
W-06,P-01784,1900,262,233,2026-06-05T13:59:55Z
W-03,P-01784,1543,30,229,2026-06-02T11:40:14Z
W-08,P-01785,430,91,71,2026-06-13T00:29:01Z
W-03,P-01786,1346,206,140,2026-06-16T12:52:35Z
W-07,P-01786,1984,466,81,2026-06-13T10:10:24Z
W-02,P-01787,1050,216,205,2026-06-25T04:54:17Z
W-07,P-01788,873,206,263,2026-06-04T07:50:02Z
W-03,P-01788,1549,100,284,2026-06-13T19:04:39Z
W-01,P-01788,343,22,223,2026-06-28T10:40:52Z
W-01,P-01789,532,24,198,2026-06-18T02:43:49Z
W-01,P-01790,1160,44,151,2026-06-21T00:00:38Z
W-05,P-01791,1823,199,55,2026-06-10T15:09:37Z
W-01,P-01791,1735,37,253,2026-06-26T10:59:12Z
W-06,P-01791,884,110,110,2026-06-04T05:18:47Z
W-04,P-01792,1795,406,294,2026-06-29T21:22:28Z
W-04,P-01793,1476,348,275,2026-06-20T15:04:43Z
W-03,P-01794,1481,30,135,2026-06-26T18:45:04Z
W-01,P-01795,1537,334,184,2026-06-24T18:12:41Z
W-05,P-01796,448,71,246,2026-06-27T18:39:28Z
W-05,P-01797,1960,228,120,2026-06-09T17:45:01Z
W-07,P-01798,1092,133,270,2026-06-01T07:07:21Z
W-08,P-01798,1374,269,261,2026-06-03T02:18:32Z
W-03,P-01799,1197,28,106,2026-06-05T00:52:51Z
W-06,P-01800,527,22,52,2026-06-24T02:34:45Z
W-06,P-01801,341,62,108,2026-06-17T18:20:21Z
W-01,P-01802,489,119,264,2026-06-23T11:05:37Z
W-03,P-01802,1324,174,88,2026-06-19T23:48:26Z
W-08,P-01802,1409,242,108,2026-06-17T08:27:55Z
W-08,P-01803,766,5,86,2026-06-30T07:24:51Z
W-07,P-01804,1768,87,295,2026-06-03T21:49:48Z
W-01,P-01804,1334,42,264,2026-06-25T04:35:09Z
W-08,P-01804,408,48,166,2026-06-05T08:23:36Z
W-01,P-01805,1856,341,271,2026-06-05T17:05:53Z
W-01,P-01806,52,7,213,2026-06-27T02:00:14Z
W-03,P-01806,1234,182,85,2026-06-20T14:03:11Z
W-06,P-01807,1014,7,82,2026-06-03T13:06:41Z
W-04,P-01807,1528,235,104,2026-06-29T14:12:39Z
W-08,P-01807,1583,121,151,2026-06-01T19:03:15Z
W-01,P-01808,1639,86,77,2026-06-10T05:57:59Z
W-06,P-01809,1107,242,152,2026-06-25T16:37:20Z
W-05,P-01810,1783,399,83,2026-06-21T08:27:55Z
W-08,P-01810,1667,160,109,2026-06-09T03:55:15Z
W-07,P-01811,284,6,270,2026-06-07T04:10:54Z
W-02,P-01811,1130,29,61,2026-06-28T09:42:24Z
W-04,P-01812,1764,106,240,2026-06-25T17:15:52Z
W-01,P-01812,1658,276,264,2026-06-18T23:25:13Z
W-05,P-01812,701,113,181,2026-06-25T10:41:40Z
W-03,P-01813,1987,337,178,2026-06-13T01:05:14Z
W-01,P-01813,1203,127,70,2026-06-17T07:05:43Z
W-05,P-01814,1199,135,208,2026-06-26T22:02:54Z
W-02,P-01814,231,41,137,2026-06-04T15:31:21Z
W-07,P-01814,657,156,166,2026-06-12T14:26:20Z
W-08,P-01815,0,0,218,2026-06-29T06:07:23Z
W-06,P-01815,620,7,198,2026-06-07T08:26:47Z
W-06,P-01816,43,5,232,2026-06-10T20:35:02Z
W-05,P-01816,241,20,297,2026-06-26T08:06:12Z
W-07,P-01817,1896,177,184,2026-06-09T10:37:05Z
W-01,P-01818,898,52,132,2026-06-16T22:45:59Z
W-07,P-01818,1366,297,288,2026-06-30T02:56:59Z
W-02,P-01819,190,11,170,2026-06-11T18:05:37Z
W-06,P-01819,838,208,178,2026-06-19T17:25:57Z
W-05,P-01820,1404,220,233,2026-06-11T19:51:11Z
W-01,P-01821,557,48,178,2026-06-02T21:24:58Z
W-07,P-01821,1093,66,56,2026-06-04T19:01:22Z
W-02,P-01821,72,3,78,2026-06-23T14:41:00Z
W-01,P-01822,1866,267,111,2026-06-18T21:17:42Z
W-03,P-01823,332,37,73,2026-06-25T17:45:55Z
W-01,P-01823,634,5,265,2026-06-12T21:17:33Z
W-02,P-01823,703,14,127,2026-06-16T21:20:43Z
W-02,P-01824,1733,416,175,2026-06-11T01:12:21Z
W-06,P-01825,1896,103,125,2026-06-26T01:21:07Z
W-03,P-01825,784,138,146,2026-06-05T02:03:57Z
W-06,P-01826,913,28,107,2026-06-16T22:21:31Z
W-03,P-01827,868,5,88,2026-06-06T18:12:54Z
W-05,P-01827,1795,433,218,2026-06-22T00:27:24Z
W-02,P-01828,253,34,213,2026-06-27T05:13:29Z
W-07,P-01829,1968,207,50,2026-06-19T18:46:08Z
W-02,P-01829,713,153,52,2026-06-12T01:24:45Z
W-03,P-01830,940,201,233,2026-06-19T00:21:10Z
W-06,P-01831,1363,36,124,2026-06-23T22:33:35Z
W-01,P-01831,72,10,194,2026-06-01T03:05:15Z
W-08,P-01831,71,9,222,2026-06-08T04:07:58Z
W-06,P-01832,723,180,94,2026-06-02T09:50:14Z
W-05,P-01832,1662,8,254,2026-06-13T09:56:05Z
W-01,P-01832,115,2,220,2026-06-28T02:25:42Z
W-05,P-01833,1803,281,250,2026-06-10T17:03:45Z
W-06,P-01833,1516,222,236,2026-06-09T12:47:47Z
W-01,P-01833,1838,370,280,2026-06-21T10:11:38Z
W-06,P-01834,435,95,72,2026-06-25T18:47:29Z
W-04,P-01834,178,15,233,2026-06-22T18:37:00Z
W-05,P-01835,217,54,247,2026-06-02T13:28:06Z
W-08,P-01835,1675,134,177,2026-06-27T19:23:09Z
W-01,P-01836,1872,140,212,2026-06-16T22:26:30Z
W-05,P-01836,1415,286,242,2026-06-20T12:52:30Z
W-04,P-01837,217,6,82,2026-06-26T00:22:49Z
W-02,P-01838,859,83,152,2026-06-27T17:11:05Z
W-05,P-01838,1054,94,210,2026-06-24T01:25:29Z
W-02,P-01839,287,38,247,2026-06-13T19:09:39Z
W-03,P-01839,1863,182,90,2026-06-05T20:10:03Z
W-01,P-01839,1414,63,265,2026-06-01T23:23:10Z
W-03,P-01840,220,1,153,2026-06-01T09:28:08Z
W-02,P-01841,1749,412,161,2026-06-10T00:04:09Z
W-02,P-01842,1421,325,256,2026-06-07T14:11:52Z
W-03,P-01842,1074,1,269,2026-06-22T20:13:01Z
W-01,P-01842,1730,69,117,2026-06-21T11:08:13Z
W-08,P-01843,1853,297,299,2026-06-21T21:07:39Z
W-04,P-01843,1710,110,226,2026-06-17T12:38:07Z
W-01,P-01843,245,16,216,2026-06-17T03:37:25Z
W-03,P-01844,1151,157,288,2026-06-11T08:37:00Z
W-08,P-01845,692,144,63,2026-06-18T10:18:21Z
W-01,P-01845,652,145,68,2026-06-09T09:16:23Z
W-03,P-01846,646,45,108,2026-06-04T23:46:09Z
W-04,P-01846,931,221,266,2026-06-27T16:52:20Z
W-03,P-01847,1923,446,293,2026-06-18T08:03:19Z
W-07,P-01847,561,52,79,2026-06-10T18:09:26Z
W-02,P-01847,1259,137,214,2026-06-21T18:05:44Z
W-02,P-01848,1732,64,202,2026-06-17T02:56:04Z
W-04,P-01849,521,62,208,2026-06-02T16:56:36Z
W-05,P-01849,1528,203,287,2026-06-21T08:15:23Z
W-06,P-01850,382,94,156,2026-06-22T22:15:26Z
W-05,P-01850,908,110,84,2026-06-22T21:29:07Z
W-06,P-01851,1904,345,87,2026-06-08T16:53:05Z
W-02,P-01851,1451,138,62,2026-06-24T15:03:23Z
W-08,P-01852,1347,107,294,2026-06-15T05:35:14Z
W-03,P-01853,249,40,91,2026-06-07T13:36:51Z
W-03,P-01854,1765,283,254,2026-06-24T07:36:44Z
W-08,P-01854,118,0,141,2026-06-02T13:16:37Z
W-01,P-01854,1087,212,111,2026-06-13T09:30:17Z
W-07,P-01855,716,117,238,2026-06-18T23:42:35Z
W-03,P-01855,96,17,271,2026-06-28T13:43:06Z
W-01,P-01855,116,3,164,2026-06-05T06:42:41Z
W-02,P-01856,944,59,51,2026-06-19T06:43:17Z
W-06,P-01856,646,63,59,2026-06-16T17:54:24Z
W-06,P-01857,1840,250,293,2026-06-04T04:39:42Z
W-05,P-01858,1677,289,217,2026-06-05T01:11:02Z
W-08,P-01859,1476,290,122,2026-06-06T03:50:58Z
W-02,P-01859,1403,29,97,2026-06-05T06:13:41Z
W-07,P-01860,68,5,143,2026-06-21T12:20:30Z
W-08,P-01861,1045,88,241,2026-06-13T23:26:08Z
W-02,P-01862,811,197,118,2026-06-27T04:19:54Z
W-01,P-01862,1663,236,247,2026-06-11T17:04:27Z
W-05,P-01863,333,80,251,2026-06-20T13:12:14Z
W-02,P-01863,71,1,110,2026-06-28T17:40:34Z
W-03,P-01863,235,23,136,2026-06-12T12:27:16Z
W-02,P-01864,979,235,57,2026-06-22T02:54:53Z
W-01,P-01865,379,23,154,2026-06-03T23:46:22Z
W-05,P-01866,654,116,236,2026-06-25T07:10:07Z
W-05,P-01867,352,67,151,2026-06-07T12:54:44Z
W-04,P-01868,1618,159,98,2026-06-28T09:56:06Z
W-08,P-01869,1393,151,110,2026-06-10T18:45:10Z
W-08,P-01870,1367,259,218,2026-06-26T14:50:50Z
W-01,P-01871,138,32,74,2026-06-15T21:23:07Z
W-03,P-01871,1764,294,260,2026-06-29T15:33:48Z
W-02,P-01872,1788,341,263,2026-06-06T07:27:33Z
W-04,P-01872,1095,25,212,2026-06-23T00:22:15Z
W-05,P-01872,1368,92,52,2026-06-20T15:16:08Z
W-04,P-01873,553,61,298,2026-06-17T06:12:59Z
W-05,P-01874,479,113,295,2026-06-19T08:10:39Z
W-04,P-01875,519,83,61,2026-06-12T17:00:05Z
W-01,P-01876,86,2,133,2026-06-13T07:27:59Z
W-02,P-01876,293,44,91,2026-06-02T04:41:30Z
W-06,P-01877,1472,219,115,2026-06-07T01:32:43Z
W-07,P-01877,322,35,255,2026-06-15T11:21:07Z
W-03,P-01877,1907,307,84,2026-06-01T18:40:33Z
W-01,P-01878,801,136,199,2026-06-18T01:01:41Z
W-07,P-01879,1984,302,75,2026-06-11T01:31:52Z
W-04,P-01879,1962,413,299,2026-06-12T11:26:53Z
W-02,P-01880,355,36,98,2026-06-28T12:51:30Z
W-04,P-01880,551,79,55,2026-06-30T18:44:50Z
W-04,P-01881,983,24,181,2026-06-23T15:37:12Z
W-02,P-01881,1014,67,159,2026-06-18T09:23:55Z
W-05,P-01881,1048,93,202,2026-06-16T01:41:47Z
W-01,P-01882,1717,298,187,2026-06-04T12:02:25Z
W-04,P-01882,1624,397,170,2026-06-06T19:50:55Z
W-04,P-01883,1721,343,139,2026-06-20T20:31:21Z
W-08,P-01883,904,53,200,2026-06-14T18:44:37Z
W-02,P-01884,1464,253,206,2026-06-19T05:20:10Z
W-04,P-01884,1480,292,104,2026-06-13T19:29:38Z
W-07,P-01884,86,4,91,2026-06-18T02:30:49Z
W-05,P-01885,328,0,187,2026-06-02T17:40:40Z
W-06,P-01885,718,122,149,2026-06-22T04:59:08Z
W-04,P-01885,983,6,68,2026-06-07T06:41:22Z
W-07,P-01886,1539,35,290,2026-06-05T04:25:01Z
W-08,P-01887,707,80,230,2026-06-10T00:28:21Z
W-06,P-01887,1884,366,149,2026-06-05T12:37:07Z
W-03,P-01888,433,87,134,2026-06-23T09:47:30Z
W-08,P-01888,1178,38,130,2026-06-04T09:36:34Z
W-07,P-01889,497,83,256,2026-06-21T21:30:50Z
W-07,P-01890,1909,341,193,2026-06-12T20:11:47Z
W-06,P-01890,743,12,180,2026-06-15T20:22:12Z
W-05,P-01890,467,42,185,2026-06-19T11:21:34Z
W-04,P-01891,871,27,55,2026-06-09T07:49:33Z
W-08,P-01892,932,101,141,2026-06-15T22:51:38Z
W-02,P-01892,1100,214,137,2026-06-30T22:37:18Z
W-04,P-01892,178,43,141,2026-06-10T04:24:40Z
W-01,P-01893,93,19,276,2026-06-02T15:19:52Z
W-04,P-01894,542,125,279,2026-06-17T07:13:04Z
W-05,P-01894,486,12,231,2026-06-11T02:29:44Z
W-08,P-01894,23,1,294,2026-06-22T13:10:10Z
W-07,P-01895,1062,52,211,2026-06-01T11:14:34Z
W-02,P-01896,710,176,103,2026-06-13T12:37:03Z
W-08,P-01897,679,33,150,2026-06-19T06:23:12Z
W-05,P-01898,1648,91,190,2026-06-01T15:42:51Z
W-07,P-01898,1255,67,56,2026-06-24T07:20:00Z
W-08,P-01898,1790,174,122,2026-06-04T22:33:44Z
W-08,P-01899,285,0,243,2026-06-10T06:54:23Z
W-02,P-01899,900,51,266,2026-06-21T12:38:55Z
W-07,P-01900,73,14,124,2026-06-16T06:05:03Z
W-01,P-01900,1671,352,220,2026-06-26T03:28:19Z
W-05,P-01900,198,32,91,2026-06-17T08:54:33Z
W-08,P-01901,770,14,110,2026-06-13T03:07:20Z
W-08,P-01902,116,21,189,2026-06-18T21:27:57Z
W-07,P-01902,454,31,164,2026-06-08T04:56:54Z
W-08,P-01903,1244,0,199,2026-06-18T18:27:28Z
W-01,P-01903,1001,151,271,2026-06-27T19:20:24Z
W-01,P-01904,883,93,116,2026-06-17T00:04:44Z
W-08,P-01904,708,137,115,2026-06-23T13:17:05Z
W-03,P-01904,1735,181,66,2026-06-24T07:45:00Z
W-06,P-01905,1061,208,231,2026-06-15T00:28:17Z
W-04,P-01905,1429,90,135,2026-06-08T21:08:31Z
W-01,P-01906,411,65,106,2026-06-25T13:54:29Z
W-04,P-01906,701,142,246,2026-06-09T23:43:10Z
W-06,P-01907,38,0,176,2026-06-12T11:56:06Z
W-05,P-01907,1215,265,128,2026-06-12T03:56:30Z
W-06,P-01908,564,66,54,2026-06-07T19:26:34Z
W-05,P-01908,227,43,243,2026-06-19T12:59:06Z
W-08,P-01908,357,41,134,2026-06-28T00:19:29Z
W-07,P-01909,1490,313,51,2026-06-10T08:32:57Z
W-08,P-01909,396,2,269,2026-06-19T10:27:15Z
W-03,P-01909,1279,39,210,2026-06-18T15:53:42Z
W-06,P-01910,1096,242,222,2026-06-02T00:31:48Z
W-04,P-01911,718,159,63,2026-06-25T16:44:25Z
W-05,P-01911,1562,134,262,2026-06-09T12:53:47Z
W-05,P-01912,1988,108,242,2026-06-20T17:37:28Z
W-06,P-01912,497,90,115,2026-06-25T17:00:42Z
W-03,P-01912,1430,346,123,2026-06-02T14:02:19Z
W-01,P-01913,319,25,272,2026-06-25T05:11:01Z
W-04,P-01913,1404,263,251,2026-06-26T19:06:45Z
W-08,P-01913,1804,313,292,2026-06-21T15:03:03Z
W-04,P-01914,1169,271,178,2026-06-27T17:55:51Z
W-08,P-01914,1962,71,59,2026-06-02T06:12:22Z
W-02,P-01914,830,42,261,2026-06-27T00:47:14Z
W-02,P-01915,437,107,118,2026-06-12T01:14:48Z
W-07,P-01916,1472,194,227,2026-06-05T09:33:30Z
W-05,P-01916,1361,233,176,2026-06-14T08:47:22Z
W-01,P-01916,1522,145,139,2026-06-28T01:26:01Z
W-05,P-01917,1648,342,274,2026-06-02T03:31:33Z
W-03,P-01917,1013,198,61,2026-06-10T05:17:36Z
W-05,P-01918,1093,168,227,2026-06-21T10:42:29Z
W-04,P-01918,1088,100,141,2026-06-26T21:55:07Z
W-04,P-01919,1466,304,225,2026-06-02T19:45:09Z
W-06,P-01919,1165,218,124,2026-06-09T13:06:29Z
W-04,P-01920,1176,46,125,2026-06-07T17:18:12Z
W-06,P-01920,38,3,86,2026-06-04T19:42:27Z
W-06,P-01921,386,84,282,2026-06-11T01:13:56Z
W-02,P-01921,1711,285,274,2026-06-15T11:37:08Z
W-08,P-01921,619,83,287,2026-06-01T08:06:40Z
W-01,P-01922,386,27,169,2026-06-30T11:47:15Z
W-05,P-01922,971,145,297,2026-06-20T22:35:42Z
W-08,P-01923,1066,135,223,2026-06-18T10:18:30Z
W-04,P-01923,1763,369,143,2026-06-24T06:51:06Z
W-02,P-01923,1265,142,158,2026-06-20T11:36:21Z
W-05,P-01924,559,126,216,2026-06-12T02:40:06Z
W-01,P-01924,608,9,109,2026-06-22T13:26:54Z
W-05,P-01925,679,85,255,2026-06-10T05:14:41Z
W-06,P-01925,1858,261,202,2026-06-29T10:23:31Z
W-03,P-01926,1131,223,126,2026-06-01T08:00:08Z
W-04,P-01926,1878,465,53,2026-06-01T03:57:02Z
W-01,P-01927,1182,200,251,2026-06-03T08:03:57Z
W-04,P-01927,1936,143,179,2026-06-25T05:06:04Z
W-05,P-01927,415,67,220,2026-06-17T15:13:13Z
W-03,P-01928,827,92,103,2026-06-27T11:39:40Z
W-05,P-01928,1123,137,234,2026-06-22T14:29:01Z
W-02,P-01929,923,28,242,2026-06-16T10:51:36Z
W-04,P-01929,1800,368,166,2026-06-29T15:39:45Z
W-01,P-01930,183,37,87,2026-06-08T07:41:56Z
W-04,P-01930,153,18,103,2026-06-12T02:21:50Z
W-03,P-01930,968,24,253,2026-06-29T19:19:26Z
W-03,P-01931,1937,481,229,2026-06-21T20:49:03Z
W-03,P-01932,885,145,250,2026-06-17T19:33:09Z
W-05,P-01933,959,169,82,2026-06-14T07:22:58Z
W-02,P-01933,1441,44,211,2026-06-10T03:21:42Z
W-07,P-01934,548,128,184,2026-06-30T20:31:05Z
W-02,P-01934,1976,237,250,2026-06-23T07:15:37Z
W-05,P-01934,1628,184,238,2026-06-08T14:46:42Z
W-07,P-01935,1097,2,251,2026-06-02T15:54:31Z
W-04,P-01935,1383,251,77,2026-06-19T13:11:51Z
W-05,P-01936,96,12,52,2026-06-21T14:21:14Z
W-05,P-01937,683,145,52,2026-06-27T02:48:31Z
W-02,P-01937,1747,172,203,2026-06-16T08:37:34Z
W-06,P-01938,1063,84,123,2026-06-24T12:03:52Z
W-08,P-01939,1437,271,267,2026-06-03T09:35:34Z
W-01,P-01940,946,7,126,2026-06-11T00:58:41Z
W-06,P-01940,923,19,247,2026-06-16T22:52:27Z
W-01,P-01941,801,125,202,2026-06-06T21:00:01Z
W-03,P-01941,1659,374,113,2026-06-23T14:42:49Z
W-03,P-01942,19,3,151,2026-06-17T14:32:54Z
W-08,P-01943,688,98,152,2026-06-16T15:03:14Z
W-05,P-01943,1698,220,235,2026-06-16T21:22:11Z
W-04,P-01944,1797,212,261,2026-06-09T00:21:35Z
W-07,P-01945,947,166,96,2026-06-13T06:16:31Z
W-05,P-01946,1892,255,112,2026-06-09T05:01:23Z
W-08,P-01946,700,104,188,2026-06-11T11:56:55Z
W-02,P-01946,1003,104,192,2026-06-11T06:17:40Z
W-07,P-01947,120,12,211,2026-06-21T00:36:22Z
W-02,P-01947,1057,42,135,2026-06-26T16:42:23Z
W-06,P-01947,462,40,210,2026-06-29T01:28:17Z
W-01,P-01948,272,18,179,2026-06-28T23:40:32Z
W-02,P-01948,289,0,289,2026-06-10T03:36:54Z
W-07,P-01948,1559,15,193,2026-06-26T16:05:01Z
W-04,P-01949,634,91,210,2026-06-21T02:13:40Z
W-08,P-01950,1884,320,131,2026-06-02T21:14:25Z
W-04,P-01950,438,62,175,2026-06-15T02:47:06Z
W-06,P-01950,368,91,113,2026-06-27T11:12:47Z
W-07,P-01951,1755,156,299,2026-06-15T17:59:39Z
W-06,P-01951,1463,339,293,2026-06-19T17:33:24Z
W-08,P-01951,1467,317,234,2026-06-17T04:03:40Z
W-01,P-01952,1284,57,111,2026-06-12T08:19:32Z
W-02,P-01953,777,50,254,2026-06-14T01:43:42Z
W-01,P-01953,1430,261,114,2026-06-17T15:08:20Z
W-06,P-01954,1852,332,101,2026-06-28T01:32:31Z
W-01,P-01954,1356,208,195,2026-06-09T06:57:37Z
W-03,P-01954,1971,408,192,2026-06-14T13:15:59Z
W-08,P-01955,658,155,117,2026-06-13T11:31:32Z
W-03,P-01955,1994,394,151,2026-06-28T16:26:26Z
W-02,P-01956,798,145,230,2026-06-26T17:36:06Z
W-07,P-01956,126,27,155,2026-06-21T18:07:17Z
W-03,P-01956,1705,411,57,2026-06-17T09:43:32Z
W-06,P-01957,504,26,126,2026-06-13T20:18:52Z
W-04,P-01958,817,7,267,2026-06-24T21:33:28Z
W-01,P-01958,226,24,176,2026-06-08T05:36:27Z
W-05,P-01959,1666,389,289,2026-06-27T06:09:22Z
W-01,P-01959,1181,55,247,2026-06-12T03:41:44Z
W-04,P-01959,155,37,297,2026-06-04T00:37:08Z
W-06,P-01960,490,103,82,2026-06-17T06:49:18Z
W-01,P-01961,1127,149,297,2026-06-02T20:14:08Z
W-02,P-01962,860,54,91,2026-06-24T18:39:49Z
W-01,P-01962,352,68,124,2026-06-29T04:39:41Z
W-07,P-01962,1264,41,167,2026-06-01T11:20:09Z
W-05,P-01963,1154,190,249,2026-06-10T11:57:03Z
W-07,P-01963,1611,316,270,2026-06-16T23:46:53Z
W-05,P-01964,1046,133,232,2026-06-30T18:02:56Z
W-04,P-01964,453,92,258,2026-06-14T22:04:03Z
W-06,P-01964,880,202,125,2026-06-19T18:01:54Z
W-02,P-01965,1693,164,159,2026-06-09T19:03:34Z
W-04,P-01966,1677,331,100,2026-06-19T08:59:34Z
W-05,P-01966,1040,93,167,2026-06-17T09:52:53Z
W-02,P-01966,1176,76,132,2026-06-09T10:28:29Z
W-04,P-01967,1757,33,267,2026-06-24T04:17:16Z
W-06,P-01967,1381,234,248,2026-06-25T02:15:27Z
W-01,P-01968,1239,207,284,2026-06-01T02:36:40Z
W-02,P-01968,1707,245,300,2026-06-07T21:26:47Z
W-06,P-01969,1534,361,137,2026-06-01T04:02:59Z
W-07,P-01969,989,74,70,2026-06-12T00:27:17Z
W-07,P-01970,275,20,58,2026-06-11T02:09:21Z
W-02,P-01970,1340,88,258,2026-06-27T18:41:00Z
W-06,P-01971,346,48,176,2026-06-12T22:14:54Z
W-03,P-01972,1735,271,60,2026-06-18T00:59:00Z
W-07,P-01972,1299,111,183,2026-06-24T04:02:49Z
W-07,P-01973,804,137,255,2026-06-24T01:23:20Z
W-05,P-01973,855,71,180,2026-06-05T19:55:39Z
W-04,P-01974,1169,148,65,2026-06-12T21:39:27Z
W-05,P-01974,101,0,120,2026-06-12T16:37:07Z
W-02,P-01974,1695,79,255,2026-06-12T17:01:12Z
W-08,P-01975,330,45,214,2026-06-09T08:07:12Z
W-03,P-01975,394,22,262,2026-06-04T12:15:49Z
W-04,P-01975,578,6,160,2026-06-25T21:01:16Z
W-03,P-01976,1143,69,156,2026-06-26T00:28:12Z
W-07,P-01977,1430,158,121,2026-06-09T08:54:06Z
W-08,P-01977,214,50,112,2026-06-20T00:59:42Z
W-07,P-01978,1899,212,281,2026-06-18T12:04:02Z
W-02,P-01978,1608,330,266,2026-06-07T20:10:32Z
W-05,P-01978,1453,309,183,2026-06-30T03:14:55Z
W-06,P-01979,1741,321,130,2026-06-11T09:51:57Z
W-05,P-01979,965,68,105,2026-06-03T04:03:02Z
W-08,P-01980,1078,190,253,2026-06-04T03:50:50Z
W-04,P-01980,680,167,213,2026-06-27T11:27:11Z
W-07,P-01980,1458,229,96,2026-06-19T21:26:20Z
W-06,P-01981,1666,328,217,2026-06-02T20:15:36Z
W-04,P-01981,1103,215,204,2026-06-08T13:56:34Z
W-01,P-01981,768,126,185,2026-06-10T20:50:04Z
W-02,P-01982,569,48,64,2026-06-18T02:11:15Z
W-04,P-01982,287,67,147,2026-06-04T14:46:01Z
W-02,P-01983,709,37,142,2026-06-10T07:59:04Z
W-04,P-01984,853,116,63,2026-06-25T20:48:13Z
W-05,P-01984,904,128,284,2026-06-29T12:25:43Z
W-06,P-01984,1530,197,136,2026-06-18T03:41:59Z
W-05,P-01985,308,61,219,2026-06-25T09:20:34Z
W-07,P-01986,1321,108,70,2026-06-06T11:09:57Z
W-07,P-01987,1882,167,261,2026-06-29T08:14:04Z
W-05,P-01987,1035,3,242,2026-06-26T17:18:51Z
W-08,P-01987,1543,295,275,2026-06-16T09:05:44Z
W-01,P-01988,1410,96,143,2026-06-25T08:54:20Z
W-01,P-01989,1111,127,107,2026-06-19T12:51:11Z
W-03,P-01990,987,87,213,2026-06-02T14:38:59Z
W-06,P-01990,879,107,71,2026-06-13T22:52:44Z
W-06,P-01991,628,12,288,2026-06-13T09:51:36Z
W-07,P-01991,862,0,141,2026-06-09T01:35:05Z
W-02,P-01992,882,59,158,2026-06-27T01:37:15Z
W-02,P-01993,1751,273,204,2026-06-07T06:28:52Z
W-04,P-01994,1050,210,241,2026-06-12T01:59:02Z
W-02,P-01994,941,96,194,2026-06-20T22:07:53Z
W-07,P-01995,1730,73,282,2026-06-10T04:00:46Z
W-06,P-01995,1635,69,144,2026-06-02T11:05:23Z
W-01,P-01995,397,15,173,2026-06-12T14:07:22Z
W-03,P-01996,1332,150,120,2026-06-14T15:15:05Z
W-06,P-01996,133,19,53,2026-06-22T11:28:36Z
W-08,P-01996,1109,53,179,2026-06-10T15:45:35Z
W-06,P-01997,861,61,267,2026-06-07T23:54:40Z
W-05,P-01997,1487,81,261,2026-06-29T18:49:01Z
W-03,P-01998,71,2,162,2026-06-03T05:37:40Z
W-06,P-01999,1783,173,222,2026-06-14T02:17:19Z
W-05,P-02000,633,44,159,2026-06-13T10:11:29Z
W-08,P-02000,229,31,190,2026-06-17T12:22:01Z
W-06,P-02001,1631,1,252,2026-06-26T21:57:53Z
W-07,P-02002,378,65,51,2026-06-04T20:48:39Z
W-07,P-02003,748,158,183,2026-06-22T14:44:18Z
W-06,P-02003,940,209,149,2026-06-22T22:30:49Z
W-01,P-02003,823,46,228,2026-06-26T09:31:43Z
W-07,P-02004,1627,56,263,2026-06-18T00:53:08Z
W-01,P-02004,1695,99,263,2026-06-07T19:53:53Z
W-03,P-02004,883,127,213,2026-06-09T13:01:26Z
W-04,P-02005,1230,302,211,2026-06-30T13:41:28Z
W-02,P-02006,776,21,164,2026-06-01T08:24:53Z
W-02,P-02007,1555,153,249,2026-06-29T10:32:38Z
W-08,P-02007,449,94,97,2026-06-23T13:37:35Z
W-02,P-02008,1445,298,87,2026-06-07T20:23:15Z
W-05,P-02008,360,31,186,2026-06-24T06:49:13Z
W-08,P-02009,937,98,100,2026-06-30T13:34:56Z
W-07,P-02009,1101,131,231,2026-06-02T22:23:21Z
W-01,P-02009,1445,184,291,2026-06-01T07:47:43Z
W-01,P-02010,1093,2,80,2026-06-25T21:32:32Z
W-07,P-02011,1916,73,253,2026-06-10T21:45:23Z
W-07,P-02012,827,167,208,2026-06-19T10:30:59Z
W-04,P-02012,2000,478,115,2026-06-07T12:40:26Z
W-06,P-02013,572,127,295,2026-06-06T11:16:07Z
W-02,P-02014,671,15,210,2026-06-13T06:35:03Z
W-07,P-02014,275,49,188,2026-06-04T04:06:32Z
W-03,P-02014,287,34,108,2026-06-18T11:14:24Z
W-02,P-02015,1370,143,120,2026-06-13T02:14:08Z
W-03,P-02016,1908,194,183,2026-06-18T12:40:19Z
W-04,P-02016,1429,40,288,2026-06-11T08:23:22Z
W-02,P-02017,858,105,279,2026-06-01T15:43:21Z
W-01,P-02018,1813,193,98,2026-06-18T15:57:13Z
W-06,P-02018,1273,52,290,2026-06-17T12:16:22Z
W-02,P-02018,1175,286,119,2026-06-12T00:48:34Z
W-01,P-02019,1239,213,146,2026-06-01T03:32:04Z
W-08,P-02019,77,3,177,2026-06-03T12:23:05Z
W-06,P-02019,1648,284,92,2026-06-19T21:50:12Z
W-07,P-02020,1308,118,196,2026-06-06T10:42:46Z
W-03,P-02020,1688,76,220,2026-06-12T10:09:08Z
W-04,P-02021,1778,89,215,2026-06-27T11:06:29Z
W-04,P-02022,1353,51,146,2026-06-18T18:31:13Z
W-02,P-02022,1043,229,56,2026-06-24T15:29:40Z
W-01,P-02022,788,141,272,2026-06-25T08:36:03Z
W-08,P-02023,1354,318,269,2026-06-05T00:59:44Z
W-03,P-02023,666,56,59,2026-06-29T13:38:09Z
W-05,P-02024,1339,145,204,2026-06-30T02:01:43Z
W-05,P-02025,472,102,134,2026-06-28T02:03:07Z
W-07,P-02025,193,3,205,2026-06-22T04:02:03Z
W-08,P-02026,484,112,156,2026-06-12T20:02:06Z
W-01,P-02027,1247,196,168,2026-06-15T10:51:58Z
W-05,P-02027,1280,182,100,2026-06-05T18:08:13Z
W-08,P-02027,475,19,61,2026-06-11T21:16:07Z
W-03,P-02028,1434,85,107,2026-06-19T00:28:33Z
W-08,P-02028,454,63,95,2026-06-08T12:43:14Z
W-02,P-02028,1475,243,208,2026-06-21T06:10:49Z
W-02,P-02029,221,44,300,2026-06-02T19:12:45Z
W-01,P-02029,1906,205,60,2026-06-11T15:33:50Z
W-03,P-02029,1917,140,189,2026-06-23T09:35:11Z
W-05,P-02030,409,37,54,2026-06-08T04:08:49Z
W-05,P-02031,704,62,291,2026-06-25T21:11:38Z
W-07,P-02032,1055,152,191,2026-06-14T12:00:16Z
W-02,P-02032,1692,93,73,2026-06-01T06:37:45Z
W-03,P-02032,811,201,232,2026-06-12T06:01:32Z
W-02,P-02033,233,10,64,2026-06-08T03:31:44Z
W-08,P-02033,1664,330,251,2026-06-18T15:09:57Z
W-02,P-02034,1605,224,208,2026-06-29T22:56:42Z
W-08,P-02035,514,80,59,2026-06-20T13:56:09Z
W-03,P-02035,1102,226,74,2026-06-26T15:02:58Z
W-01,P-02036,231,28,63,2026-06-06T03:40:37Z
W-06,P-02036,1436,237,276,2026-06-26T23:10:20Z
W-07,P-02037,653,144,154,2026-06-27T00:21:16Z
W-06,P-02038,1610,218,258,2026-06-12T19:12:15Z
W-02,P-02038,210,41,173,2026-06-11T15:21:38Z
W-06,P-02039,336,0,151,2026-06-13T20:29:26Z
W-07,P-02039,1275,14,206,2026-06-01T01:43:48Z
W-06,P-02040,428,17,227,2026-06-15T01:44:53Z
W-07,P-02040,537,43,204,2026-06-10T17:21:41Z
W-05,P-02040,770,11,105,2026-06-16T18:58:12Z
W-06,P-02041,1954,478,250,2026-06-15T10:23:08Z
W-08,P-02042,1576,228,269,2026-06-09T18:25:22Z
W-05,P-02043,1700,327,56,2026-06-06T20:44:17Z
W-01,P-02043,1392,18,152,2026-06-09T21:01:58Z
W-08,P-02043,1379,47,271,2026-06-21T14:47:23Z
W-04,P-02044,1032,221,57,2026-06-08T17:20:33Z
W-02,P-02044,1698,260,98,2026-06-22T09:20:39Z
W-08,P-02045,474,9,212,2026-06-28T23:29:58Z
W-04,P-02045,1650,24,110,2026-06-23T13:08:54Z
W-08,P-02046,1881,467,207,2026-06-02T18:00:36Z
W-03,P-02047,333,77,214,2026-06-14T12:25:38Z
W-04,P-02047,958,131,161,2026-06-24T10:37:07Z
W-06,P-02048,264,57,69,2026-06-03T23:40:12Z
W-08,P-02048,933,89,138,2026-06-11T20:42:48Z
W-05,P-02048,1031,4,213,2026-06-04T02:46:14Z
W-01,P-02049,1301,259,232,2026-06-21T06:17:40Z
W-08,P-02050,1885,455,133,2026-06-02T12:11:48Z
W-03,P-02051,559,4,200,2026-06-16T03:34:55Z
W-01,P-02052,421,52,253,2026-06-05T23:42:39Z
W-02,P-02052,1697,297,245,2026-06-02T11:42:52Z
W-01,P-02053,1247,153,236,2026-06-23T08:11:30Z
W-02,P-02053,1350,296,234,2026-06-07T07:10:28Z
W-05,P-02053,208,33,52,2026-06-30T14:01:04Z
W-07,P-02054,1633,242,50,2026-06-12T22:22:06Z
W-08,P-02054,1298,293,104,2026-06-07T11:25:48Z
W-04,P-02054,1096,66,213,2026-06-04T15:11:11Z
W-02,P-02055,760,112,246,2026-06-20T12:37:01Z
W-04,P-02055,1026,90,54,2026-06-02T21:22:36Z
W-03,P-02056,170,36,200,2026-06-25T07:59:16Z
W-02,P-02057,664,120,77,2026-06-03T10:58:27Z
W-08,P-02057,944,210,65,2026-06-01T03:01:35Z
W-05,P-02058,241,59,237,2026-06-29T20:23:00Z
W-08,P-02058,399,93,292,2026-06-25T16:05:54Z
W-02,P-02059,1491,171,153,2026-06-08T18:19:51Z
W-05,P-02059,1448,200,104,2026-06-21T07:45:49Z
W-06,P-02059,1808,137,238,2026-06-26T10:25:35Z
W-03,P-02060,428,105,248,2026-06-30T05:46:13Z
W-04,P-02060,1191,29,84,2026-06-01T03:24:49Z
W-05,P-02060,843,105,142,2026-06-19T22:41:00Z
W-05,P-02061,1765,283,60,2026-06-21T08:22:38Z
W-02,P-02062,1725,236,276,2026-06-03T21:54:01Z
W-01,P-02062,817,113,135,2026-06-15T07:37:22Z
W-06,P-02063,1818,279,135,2026-06-09T17:01:40Z
W-08,P-02064,254,61,151,2026-06-11T00:35:07Z
W-05,P-02065,609,12,267,2026-06-05T01:44:00Z
W-01,P-02065,79,16,295,2026-06-18T15:30:04Z
W-03,P-02066,1605,45,277,2026-06-13T01:30:37Z
W-04,P-02066,740,7,270,2026-06-27T22:22:41Z
W-04,P-02067,1505,28,258,2026-06-22T12:35:50Z
W-02,P-02068,933,188,109,2026-06-09T00:59:45Z
W-01,P-02069,419,29,300,2026-06-14T20:50:01Z
W-05,P-02070,753,62,51,2026-06-10T02:12:39Z
W-08,P-02070,366,80,66,2026-06-14T23:38:46Z
W-01,P-02070,636,71,143,2026-06-26T09:32:53Z
W-06,P-02071,623,42,51,2026-06-07T00:43:09Z
W-01,P-02072,1216,215,61,2026-06-05T06:21:42Z
W-03,P-02072,641,81,172,2026-06-02T14:51:31Z
W-02,P-02072,1402,52,167,2026-06-13T23:10:17Z
W-05,P-02073,1446,325,203,2026-06-29T10:56:01Z
W-06,P-02073,316,28,140,2026-06-02T03:06:18Z
W-01,P-02073,608,147,235,2026-06-19T16:35:38Z
W-04,P-02074,1056,58,213,2026-06-25T19:30:43Z
W-08,P-02074,1238,89,107,2026-06-26T10:24:53Z
W-08,P-02075,1204,246,78,2026-06-20T17:23:32Z
W-03,P-02076,867,186,154,2026-06-10T18:57:52Z
W-01,P-02076,10,2,258,2026-06-12T00:17:13Z
W-02,P-02076,1762,355,270,2026-06-30T17:43:24Z
W-06,P-02077,1423,352,172,2026-06-29T10:44:11Z
W-07,P-02077,1613,373,83,2026-06-26T13:47:11Z
W-01,P-02077,819,60,117,2026-06-01T22:41:25Z
W-02,P-02078,1941,344,143,2026-06-25T09:20:43Z
W-06,P-02078,747,49,174,2026-06-08T03:43:29Z
W-06,P-02079,1340,323,86,2026-06-05T23:04:06Z
W-01,P-02080,226,40,101,2026-06-15T10:39:39Z
W-07,P-02080,887,170,167,2026-06-21T00:20:41Z
W-08,P-02080,946,227,139,2026-06-26T11:41:46Z
W-04,P-02081,1634,386,98,2026-06-09T08:36:04Z
W-01,P-02081,938,0,229,2026-06-16T19:59:28Z
W-07,P-02081,120,15,178,2026-06-30T02:12:20Z
W-07,P-02082,843,130,140,2026-06-27T17:06:09Z
W-08,P-02082,38,7,93,2026-06-22T18:30:00Z
W-06,P-02082,1733,38,156,2026-06-26T03:07:09Z
W-02,P-02083,1495,319,69,2026-06-03T22:04:19Z
W-04,P-02083,1841,88,111,2026-06-09T12:19:18Z
W-06,P-02083,1716,289,264,2026-06-06T12:07:01Z
W-08,P-02084,1005,243,157,2026-06-16T10:54:58Z
W-06,P-02084,648,131,292,2026-06-21T20:11:18Z
W-05,P-02085,1331,89,101,2026-06-08T18:14:38Z
W-02,P-02085,78,14,126,2026-06-20T08:40:09Z
W-01,P-02086,86,10,72,2026-06-24T16:39:47Z
W-03,P-02086,621,20,242,2026-06-02T05:56:46Z
W-05,P-02087,1309,265,222,2026-06-09T12:59:16Z
W-08,P-02087,273,64,119,2026-06-12T21:05:12Z
W-03,P-02088,282,8,108,2026-06-06T11:02:44Z
W-07,P-02089,632,40,63,2026-06-29T05:20:51Z
W-02,P-02089,1538,381,222,2026-06-01T03:12:01Z
W-04,P-02089,588,69,236,2026-06-06T04:03:24Z
W-05,P-02090,1406,221,274,2026-06-30T22:37:08Z
W-06,P-02090,480,33,69,2026-06-20T12:31:55Z
W-06,P-02091,1413,29,76,2026-06-29T13:42:32Z
W-01,P-02091,1872,148,130,2026-06-25T21:56:20Z
W-02,P-02092,1683,105,96,2026-06-25T05:18:46Z
W-08,P-02092,1810,344,111,2026-06-03T09:05:46Z
W-06,P-02093,607,17,142,2026-06-12T14:33:14Z
W-08,P-02093,136,6,259,2026-06-23T03:07:42Z
W-04,P-02093,957,135,158,2026-06-29T14:57:34Z
W-05,P-02094,663,125,130,2026-06-14T14:28:52Z
W-08,P-02095,359,0,231,2026-06-25T02:36:02Z
W-03,P-02095,559,30,209,2026-06-10T15:39:23Z
W-06,P-02095,1491,36,120,2026-06-04T19:10:05Z
W-02,P-02096,535,93,96,2026-06-20T02:05:34Z
W-03,P-02096,1243,108,156,2026-06-19T00:22:35Z
W-04,P-02096,1718,245,65,2026-06-07T18:02:48Z
W-04,P-02097,1275,106,157,2026-06-29T11:15:02Z
W-05,P-02097,815,169,194,2026-06-06T10:56:44Z
W-04,P-02098,1825,109,81,2026-06-14T05:57:36Z
W-06,P-02098,916,57,164,2026-06-01T10:33:07Z
W-04,P-02099,1620,196,76,2026-06-09T06:44:06Z
W-01,P-02099,322,33,274,2026-06-21T17:40:00Z
W-03,P-02099,760,179,197,2026-06-12T14:30:59Z
W-04,P-02100,184,43,296,2026-06-02T12:07:37Z
W-01,P-02100,1229,251,212,2026-06-10T05:16:41Z
W-05,P-02101,1318,259,293,2026-06-16T09:13:23Z
W-07,P-02101,1326,187,206,2026-06-11T16:58:09Z
W-08,P-02101,611,37,83,2026-06-11T10:08:30Z
W-02,P-02102,1221,238,139,2026-06-12T18:35:27Z
W-01,P-02102,339,32,215,2026-06-05T11:05:02Z
W-03,P-02102,340,58,114,2026-06-20T02:25:08Z
W-07,P-02103,1339,95,261,2026-06-12T04:53:57Z
W-03,P-02103,431,37,187,2026-06-13T00:38:08Z
W-05,P-02104,1916,360,298,2026-06-13T19:55:45Z
W-01,P-02104,937,158,155,2026-06-11T15:29:07Z
W-05,P-02105,1801,130,226,2026-06-06T13:24:41Z
W-06,P-02106,1490,361,112,2026-06-20T19:55:05Z
W-03,P-02106,1352,86,160,2026-06-20T19:33:58Z
W-02,P-02106,1286,245,227,2026-06-26T01:36:13Z
W-04,P-02107,1857,138,236,2026-06-07T13:30:41Z
W-06,P-02108,1181,143,221,2026-06-16T03:43:33Z
W-05,P-02108,1212,56,167,2026-06-21T02:43:40Z
W-02,P-02109,79,3,222,2026-06-19T03:43:30Z
W-06,P-02110,547,97,249,2026-06-06T01:50:56Z
W-07,P-02110,886,94,230,2026-06-30T02:04:13Z
W-01,P-02111,1895,456,98,2026-06-25T09:55:18Z
W-03,P-02112,622,130,206,2026-06-26T06:35:18Z
W-07,P-02112,1283,85,184,2026-06-26T08:30:16Z
W-08,P-02112,1298,79,206,2026-06-13T13:27:40Z
W-03,P-02113,220,8,242,2026-06-05T09:01:04Z
W-02,P-02114,1580,267,289,2026-06-26T10:42:41Z
W-01,P-02114,786,141,84,2026-06-28T19:13:37Z
W-05,P-02114,527,37,277,2026-06-24T22:42:43Z
W-07,P-02115,1404,69,256,2026-06-25T11:20:50Z
W-04,P-02115,1154,21,299,2026-06-03T05:42:37Z
W-06,P-02116,464,75,253,2026-06-11T10:38:32Z
W-02,P-02116,1414,338,169,2026-06-20T09:42:26Z
W-02,P-02117,1210,146,292,2026-06-07T03:29:55Z
W-01,P-02117,1476,340,85,2026-06-06T06:21:49Z
W-07,P-02117,376,31,243,2026-06-03T21:37:19Z
W-04,P-02118,1339,128,142,2026-06-05T21:13:16Z
W-08,P-02118,43,0,284,2026-06-26T02:53:32Z
W-05,P-02119,154,5,154,2026-06-19T04:52:32Z
W-07,P-02119,855,164,245,2026-06-04T04:09:18Z
W-06,P-02120,1735,143,129,2026-06-22T08:12:58Z
W-07,P-02120,706,23,215,2026-06-25T05:25:55Z
W-02,P-02121,416,41,188,2026-06-24T11:15:39Z
W-07,P-02121,788,2,72,2026-06-18T16:08:35Z
W-08,P-02122,664,89,97,2026-06-16T17:06:39Z
W-01,P-02122,558,16,259,2026-06-17T18:15:59Z
W-05,P-02122,905,203,158,2026-06-18T21:14:55Z
W-05,P-02123,1669,33,63,2026-06-17T21:25:05Z
W-07,P-02124,1261,279,130,2026-06-26T13:02:39Z
W-01,P-02125,1616,55,160,2026-06-12T03:21:36Z
W-03,P-02125,1547,91,208,2026-06-15T04:05:18Z
W-05,P-02125,1013,88,154,2026-06-18T12:44:46Z
W-01,P-02126,540,82,109,2026-06-19T12:45:40Z
W-04,P-02126,802,173,269,2026-06-26T18:21:46Z
W-06,P-02127,371,7,298,2026-06-26T07:50:36Z
W-04,P-02127,37,9,289,2026-06-16T04:37:11Z
W-06,P-02128,1853,304,65,2026-06-13T14:09:06Z
W-08,P-02129,778,105,296,2026-06-05T02:12:13Z
W-02,P-02129,81,17,85,2026-06-18T07:59:50Z
W-03,P-02130,1784,138,189,2026-06-05T16:04:53Z
W-01,P-02130,1858,364,169,2026-06-22T21:46:12Z
W-08,P-02130,186,5,100,2026-06-25T02:48:31Z
W-08,P-02131,705,48,197,2026-06-15T09:04:18Z
W-01,P-02131,1460,24,157,2026-06-10T03:15:23Z
W-05,P-02131,1673,140,64,2026-06-23T08:28:48Z
W-03,P-02132,1232,12,151,2026-06-25T10:02:51Z
W-06,P-02132,81,13,53,2026-06-03T08:07:23Z
W-02,P-02133,1436,184,91,2026-06-19T03:46:09Z
W-05,P-02133,459,37,166,2026-06-12T03:35:12Z
W-08,P-02134,1551,165,251,2026-06-15T03:42:25Z
W-04,P-02135,625,1,51,2026-06-09T19:22:46Z
W-02,P-02135,1652,75,145,2026-06-27T21:16:37Z
W-04,P-02136,478,30,270,2026-06-01T18:27:36Z
W-07,P-02136,290,53,128,2026-06-02T18:53:48Z
W-03,P-02137,678,153,148,2026-06-04T00:06:44Z
W-04,P-02137,115,27,228,2026-06-16T12:20:04Z
W-08,P-02138,1526,215,59,2026-06-24T05:03:34Z
W-04,P-02138,249,9,73,2026-06-28T05:49:38Z
W-07,P-02139,1162,286,215,2026-06-17T10:55:56Z
W-08,P-02140,1321,145,226,2026-06-09T03:36:45Z
W-03,P-02141,942,124,71,2026-06-14T06:03:21Z
W-04,P-02141,1594,11,190,2026-06-12T04:47:22Z
W-07,P-02141,1922,246,94,2026-06-01T19:12:02Z
W-04,P-02142,577,21,117,2026-06-10T10:14:26Z
W-03,P-02143,114,1,184,2026-06-06T05:13:45Z
W-08,P-02144,1025,176,53,2026-06-08T19:31:35Z
W-06,P-02144,1519,26,157,2026-06-13T03:28:49Z
W-01,P-02144,1594,393,171,2026-06-20T20:16:16Z
W-08,P-02145,232,53,218,2026-06-06T06:54:45Z
W-06,P-02145,673,99,250,2026-06-06T08:07:41Z
W-04,P-02145,910,67,169,2026-06-12T14:57:51Z
W-01,P-02146,1301,259,53,2026-06-07T11:16:43Z
W-05,P-02146,1967,203,160,2026-06-18T22:57:07Z
W-03,P-02147,583,105,244,2026-06-16T21:44:49Z
W-06,P-02147,1654,323,297,2026-06-11T13:05:34Z
W-07,P-02148,1519,200,280,2026-06-01T12:13:25Z
W-06,P-02148,589,99,67,2026-06-10T06:01:35Z
W-04,P-02149,1688,92,292,2026-06-09T08:51:08Z
W-08,P-02149,360,33,137,2026-06-10T20:32:54Z
W-05,P-02149,1618,367,192,2026-06-09T13:19:53Z
W-06,P-02150,705,131,233,2026-06-04T19:43:26Z
W-03,P-02150,1527,287,157,2026-06-05T05:33:55Z
W-02,P-02150,1525,168,232,2026-06-30T16:56:27Z
W-02,P-02151,522,88,74,2026-06-27T11:18:59Z
W-05,P-02151,1253,239,236,2026-06-01T03:42:34Z
W-04,P-02151,1776,430,203,2026-06-17T07:17:17Z
W-05,P-02152,1138,219,296,2026-06-05T09:01:15Z
W-07,P-02153,1512,281,72,2026-06-24T20:48:04Z
W-02,P-02153,253,40,267,2026-06-04T11:52:09Z
W-08,P-02154,492,36,145,2026-06-17T23:16:54Z
W-03,P-02155,440,37,172,2026-06-08T20:30:41Z
W-02,P-02155,607,141,131,2026-06-11T17:53:28Z
W-06,P-02155,440,21,234,2026-06-30T04:50:22Z
W-02,P-02156,1440,137,233,2026-06-12T08:29:38Z
W-05,P-02156,1967,389,297,2026-06-05T07:51:18Z
W-03,P-02156,284,26,288,2026-06-04T21:41:31Z
W-07,P-02157,359,76,204,2026-06-23T09:50:55Z
W-08,P-02158,1813,326,249,2026-06-23T01:00:49Z
W-03,P-02158,451,23,218,2026-06-18T07:57:00Z
W-05,P-02159,1690,43,245,2026-06-15T21:08:38Z
W-02,P-02159,1535,87,111,2026-06-08T00:41:02Z
W-03,P-02159,557,19,224,2026-06-22T12:49:42Z
W-06,P-02160,1376,34,192,2026-06-28T21:18:31Z
W-05,P-02160,1975,231,181,2026-06-26T09:41:29Z
W-08,P-02161,52,13,122,2026-06-04T22:31:23Z
W-04,P-02161,530,29,270,2026-06-01T01:45:01Z
W-04,P-02162,1787,193,288,2026-06-24T05:31:53Z
W-06,P-02162,1175,30,54,2026-06-07T10:08:32Z
W-01,P-02163,490,110,290,2026-06-29T09:53:36Z
W-08,P-02164,441,61,91,2026-06-07T22:40:30Z
W-01,P-02164,1315,159,255,2026-06-17T07:22:58Z
W-05,P-02165,190,27,74,2026-06-04T14:51:51Z
W-06,P-02166,1715,377,80,2026-06-28T09:44:30Z
W-07,P-02166,1837,40,118,2026-06-01T02:08:24Z
W-01,P-02167,1921,131,163,2026-06-07T06:36:20Z
W-08,P-02167,942,42,198,2026-06-14T14:33:48Z
W-06,P-02168,88,8,171,2026-06-21T23:53:39Z
W-08,P-02169,396,46,287,2026-06-14T17:02:47Z
W-05,P-02170,1119,168,166,2026-06-25T18:03:20Z
W-06,P-02170,1806,349,52,2026-06-12T08:54:09Z
W-01,P-02171,958,200,96,2026-06-30T12:52:01Z
W-06,P-02172,292,28,237,2026-06-17T10:48:48Z
W-08,P-02173,54,5,257,2026-06-10T14:54:47Z
W-03,P-02174,797,139,110,2026-06-01T02:46:25Z
W-05,P-02174,1444,109,239,2026-06-26T00:50:29Z
W-03,P-02175,1810,199,102,2026-06-30T00:24:31Z
W-07,P-02175,890,91,77,2026-06-06T17:44:43Z
W-02,P-02175,1040,115,174,2026-06-12T14:11:25Z
W-01,P-02176,1503,306,101,2026-06-02T12:48:16Z
W-07,P-02176,488,6,197,2026-06-06T12:35:52Z
W-04,P-02177,544,35,57,2026-06-12T16:08:06Z
W-07,P-02177,751,17,297,2026-06-25T17:12:22Z
W-01,P-02178,53,11,101,2026-06-01T04:28:40Z
W-04,P-02179,1629,405,236,2026-06-13T18:08:34Z
W-03,P-02180,354,28,109,2026-06-12T10:00:19Z
W-05,P-02180,1835,39,101,2026-06-11T23:18:32Z
W-04,P-02181,1542,78,168,2026-06-30T00:58:52Z
W-05,P-02182,1906,415,299,2026-06-09T19:14:13Z
W-06,P-02182,679,140,152,2026-06-12T13:17:48Z
W-08,P-02182,121,4,101,2026-06-15T16:36:00Z
W-04,P-02183,1316,176,242,2026-06-23T06:13:45Z
W-06,P-02183,56,11,53,2026-06-22T21:19:35Z
W-04,P-02184,124,7,204,2026-06-04T14:08:34Z
W-01,P-02185,105,2,214,2026-06-27T13:41:21Z
W-06,P-02185,206,31,83,2026-06-10T14:55:39Z
W-04,P-02185,1564,224,250,2026-06-19T03:26:35Z
W-06,P-02186,383,77,124,2026-06-28T06:43:49Z
W-04,P-02186,1635,218,194,2026-06-15T13:02:12Z
W-05,P-02187,237,1,108,2026-06-22T15:57:55Z
W-08,P-02187,1072,117,88,2026-06-04T14:37:53Z
W-06,P-02188,1990,103,213,2026-06-05T10:50:40Z
W-01,P-02188,480,8,251,2026-06-09T01:06:38Z
W-07,P-02188,893,16,59,2026-06-29T17:08:18Z
W-04,P-02189,162,29,206,2026-06-23T17:11:10Z
W-08,P-02189,1531,114,57,2026-06-06T13:24:22Z
W-07,P-02190,1442,341,134,2026-06-11T14:38:08Z
W-03,P-02190,555,60,101,2026-06-30T18:51:05Z
W-05,P-02190,1612,207,208,2026-06-12T22:28:47Z
W-01,P-02191,977,11,177,2026-06-02T01:02:53Z
W-02,P-02191,165,35,135,2026-06-25T05:01:44Z
W-05,P-02191,23,5,160,2026-06-28T14:34:53Z
W-08,P-02192,967,81,110,2026-06-27T11:13:28Z
W-05,P-02192,1098,226,271,2026-06-23T02:15:38Z
W-07,P-02193,838,152,153,2026-06-05T08:02:24Z
W-08,P-02193,788,159,103,2026-06-25T10:24:13Z
W-04,P-02193,913,46,296,2026-06-12T10:32:59Z
W-05,P-02194,1043,37,179,2026-06-27T03:39:53Z
W-06,P-02195,1157,55,91,2026-06-23T12:11:53Z
W-03,P-02195,1745,333,212,2026-06-16T03:09:35Z
W-02,P-02195,1420,27,90,2026-06-21T23:27:30Z
W-04,P-02196,926,70,72,2026-06-18T03:53:28Z
W-01,P-02196,6,1,92,2026-06-20T06:20:11Z
W-06,P-02196,1983,326,116,2026-06-14T22:48:36Z
W-08,P-02197,936,21,147,2026-06-21T22:29:22Z
W-02,P-02197,644,109,133,2026-06-04T14:09:28Z
W-04,P-02198,579,56,265,2026-06-04T14:33:56Z
W-07,P-02198,1981,398,296,2026-06-30T04:46:23Z
W-06,P-02198,375,87,230,2026-06-15T00:52:24Z
W-04,P-02199,382,87,162,2026-06-30T21:44:37Z
W-02,P-02199,1338,138,261,2026-06-09T04:47:58Z
W-03,P-02199,1786,282,93,2026-06-11T11:22:36Z
W-08,P-02200,1883,393,220,2026-06-26T01:15:43Z
W-03,P-02201,727,67,90,2026-06-30T15:53:23Z
W-08,P-02201,1909,343,294,2026-06-08T04:33:45Z
W-01,P-02202,805,60,67,2026-06-21T09:43:52Z
W-07,P-02202,1978,27,291,2026-06-29T22:48:15Z
W-02,P-02202,156,5,100,2026-06-02T13:32:08Z
W-03,P-02203,260,22,154,2026-06-07T06:59:48Z
W-03,P-02204,1792,281,155,2026-06-04T11:53:50Z
W-01,P-02204,38,6,255,2026-06-23T12:36:19Z
W-08,P-02205,969,238,166,2026-06-04T04:04:43Z
W-05,P-02205,1425,55,119,2026-06-19T18:56:13Z
W-02,P-02205,1783,64,195,2026-06-27T13:01:22Z
W-03,P-02206,347,67,259,2026-06-07T11:49:18Z
W-08,P-02207,559,29,87,2026-06-07T18:03:57Z
W-04,P-02208,1865,448,229,2026-06-16T13:23:02Z
W-07,P-02208,1746,211,135,2026-06-03T11:35:41Z
W-02,P-02208,1001,96,73,2026-06-01T22:32:35Z
W-08,P-02209,1097,167,258,2026-06-05T21:30:52Z
W-06,P-02209,1187,48,116,2026-06-25T22:10:15Z
W-01,P-02209,835,64,156,2026-06-02T11:55:12Z
W-05,P-02210,276,46,206,2026-06-17T00:51:49Z
W-01,P-02210,1490,119,173,2026-06-14T13:06:36Z
W-05,P-02211,1088,139,118,2026-06-18T03:55:25Z
W-04,P-02212,556,20,79,2026-06-06T22:23:15Z
W-03,P-02212,552,23,244,2026-06-23T14:53:07Z
W-05,P-02212,28,0,228,2026-06-22T22:17:15Z
W-03,P-02213,1271,88,198,2026-06-27T06:02:38Z
W-05,P-02213,595,105,128,2026-06-21T19:03:18Z
W-08,P-02214,118,28,76,2026-06-23T03:33:05Z
W-03,P-02214,1309,221,118,2026-06-26T11:42:11Z
W-05,P-02215,1149,2,246,2026-06-29T03:09:24Z
W-08,P-02215,1238,120,154,2026-06-26T18:17:14Z
W-06,P-02215,1311,158,109,2026-06-17T23:35:40Z
W-05,P-02216,695,171,175,2026-06-24T10:20:05Z
W-05,P-02217,789,190,81,2026-06-06T20:11:56Z
W-01,P-02217,1747,113,123,2026-06-30T22:27:52Z
W-07,P-02218,1775,395,93,2026-06-11T03:56:24Z
W-02,P-02218,200,33,290,2026-06-22T05:26:10Z
W-07,P-02219,216,42,156,2026-06-17T17:53:26Z
W-02,P-02220,1823,378,152,2026-06-01T11:33:39Z
W-06,P-02220,1232,124,56,2026-06-27T14:53:47Z
W-07,P-02221,729,52,152,2026-06-29T04:18:27Z
W-05,P-02221,1197,52,161,2026-06-05T08:43:39Z
W-05,P-02222,426,100,199,2026-06-21T12:12:07Z
W-06,P-02222,1495,11,125,2026-06-27T00:48:09Z
W-03,P-02222,682,68,112,2026-06-11T11:47:07Z
W-02,P-02223,278,24,104,2026-06-25T04:08:36Z
W-01,P-02223,1908,458,105,2026-06-22T23:37:59Z
W-04,P-02224,1932,300,131,2026-06-16T14:12:05Z
W-05,P-02225,860,35,191,2026-06-26T07:42:43Z
W-06,P-02226,1899,467,56,2026-06-07T19:11:06Z
W-04,P-02226,1387,22,260,2026-06-15T07:04:56Z
W-07,P-02227,564,112,231,2026-06-27T05:11:30Z
W-07,P-02228,1325,214,95,2026-06-13T04:12:34Z
W-05,P-02228,1897,113,151,2026-06-13T15:33:55Z
W-03,P-02229,856,44,277,2026-06-30T02:01:51Z
W-01,P-02229,1633,70,249,2026-06-23T23:48:27Z
W-05,P-02229,1209,12,240,2026-06-30T13:24:08Z
W-07,P-02230,712,162,100,2026-06-17T17:59:12Z
W-04,P-02231,629,1,168,2026-06-13T05:21:13Z
W-08,P-02231,551,86,117,2026-06-01T01:22:48Z
W-05,P-02232,967,105,291,2026-06-14T06:22:09Z
W-02,P-02232,1037,148,220,2026-06-19T14:05:17Z
W-08,P-02232,43,0,287,2026-06-19T11:52:51Z
W-03,P-02233,1240,243,96,2026-06-07T18:37:54Z
W-03,P-02234,655,78,72,2026-06-24T07:16:49Z
W-01,P-02234,952,182,151,2026-06-29T00:46:15Z
W-07,P-02235,900,35,71,2026-06-28T23:24:34Z
W-08,P-02235,434,101,294,2026-06-01T22:08:35Z
W-06,P-02236,1862,462,201,2026-06-27T10:02:20Z
W-04,P-02236,925,163,199,2026-06-16T06:45:57Z
W-02,P-02236,1069,39,125,2026-06-05T13:23:23Z
W-02,P-02237,734,46,117,2026-06-03T09:33:58Z
W-05,P-02237,961,172,282,2026-06-11T11:00:31Z
W-07,P-02238,1880,436,245,2026-06-01T14:36:19Z
W-01,P-02238,1486,327,231,2026-06-08T00:30:07Z
W-08,P-02238,141,4,147,2026-06-10T13:37:52Z
W-02,P-02239,1478,315,120,2026-06-03T21:13:29Z
W-08,P-02239,690,44,217,2026-06-22T10:57:57Z
W-04,P-02240,8,2,95,2026-06-05T22:02:16Z
W-05,P-02240,704,42,75,2026-06-30T04:40:04Z
W-01,P-02240,1851,436,87,2026-06-06T04:36:18Z
W-06,P-02241,269,38,67,2026-06-24T09:38:48Z
W-07,P-02241,1489,352,220,2026-06-05T00:41:22Z
W-02,P-02242,1404,137,62,2026-06-16T03:23:49Z
W-06,P-02242,1069,259,278,2026-06-13T10:55:06Z
W-07,P-02243,1924,126,251,2026-06-07T12:34:45Z
W-05,P-02243,606,142,254,2026-06-01T06:08:48Z
W-01,P-02243,1209,162,171,2026-06-10T23:46:21Z
W-03,P-02244,1099,94,242,2026-06-08T19:44:36Z
W-05,P-02244,1363,131,181,2026-06-25T03:58:46Z
W-06,P-02244,1938,458,110,2026-06-10T12:53:11Z
W-06,P-02245,1981,30,209,2026-06-01T12:33:50Z
W-08,P-02245,1270,88,177,2026-06-10T15:07:48Z
W-04,P-02246,708,156,85,2026-06-29T01:45:32Z
W-02,P-02246,1196,158,63,2026-06-24T12:15:13Z
W-07,P-02246,1024,42,113,2026-06-17T03:01:38Z
W-06,P-02247,1989,194,206,2026-06-02T04:22:05Z
W-04,P-02248,1243,278,222,2026-06-17T17:49:55Z
W-06,P-02248,1076,112,121,2026-06-29T07:34:47Z
W-03,P-02249,804,86,218,2026-06-22T00:50:46Z
W-06,P-02249,1626,19,199,2026-06-25T22:25:56Z
W-07,P-02250,1946,312,88,2026-06-24T20:13:44Z
W-02,P-02250,759,56,57,2026-06-20T05:11:54Z
W-01,P-02250,1173,56,64,2026-06-16T10:33:41Z
W-06,P-02251,419,16,124,2026-06-06T17:16:04Z
W-01,P-02251,88,20,227,2026-06-21T00:29:29Z
W-04,P-02251,1086,82,94,2026-06-04T09:02:40Z
W-07,P-02252,628,132,196,2026-06-11T01:01:03Z
W-01,P-02252,654,86,133,2026-06-27T03:44:53Z
W-04,P-02252,946,16,169,2026-06-28T14:33:27Z
W-06,P-02253,1962,384,208,2026-06-11T14:12:36Z
W-03,P-02254,4,1,154,2026-06-20T13:19:24Z
W-07,P-02254,1891,37,126,2026-06-05T00:13:35Z
W-01,P-02255,1948,402,180,2026-06-18T17:11:44Z
W-07,P-02255,105,15,63,2026-06-15T00:46:53Z
W-02,P-02255,253,38,159,2026-06-07T04:33:31Z
W-06,P-02256,1302,282,267,2026-06-19T08:56:57Z
W-01,P-02256,209,28,148,2026-06-17T11:54:41Z
W-03,P-02257,1410,64,80,2026-06-13T12:43:55Z
W-07,P-02258,1690,13,158,2026-06-11T00:25:59Z
W-08,P-02258,1162,89,294,2026-06-04T17:02:17Z
W-07,P-02259,168,10,224,2026-06-07T09:06:23Z
W-05,P-02259,162,4,60,2026-06-13T19:41:42Z
W-02,P-02259,984,178,50,2026-06-26T02:02:40Z
W-01,P-02260,829,193,79,2026-06-11T06:42:31Z
W-02,P-02261,429,35,253,2026-06-20T12:03:07Z
W-06,P-02262,1809,2,148,2026-06-13T15:47:04Z
W-02,P-02262,1617,360,136,2026-06-14T03:20:15Z
W-04,P-02262,1006,241,50,2026-06-28T12:20:54Z
W-07,P-02263,290,32,276,2026-06-14T00:45:10Z
W-06,P-02263,1749,170,212,2026-06-14T04:13:54Z
W-06,P-02264,1337,38,162,2026-06-25T17:09:22Z
W-07,P-02264,1446,76,296,2026-06-17T20:05:11Z
W-04,P-02264,8,2,52,2026-06-17T00:35:10Z
W-01,P-02265,1458,287,101,2026-06-04T21:11:31Z
W-03,P-02266,264,39,282,2026-06-16T13:09:28Z
W-02,P-02267,290,43,124,2026-06-11T20:00:44Z
W-01,P-02267,494,58,120,2026-06-22T06:44:24Z
W-04,P-02268,1500,247,197,2026-06-24T04:24:57Z
W-06,P-02268,575,118,151,2026-06-29T22:55:41Z
W-07,P-02268,1539,381,295,2026-06-01T06:24:28Z
W-01,P-02269,1939,411,68,2026-06-13T17:42:39Z
W-06,P-02269,1283,189,171,2026-06-22T23:40:48Z
W-04,P-02269,1318,213,180,2026-06-05T00:04:35Z
W-05,P-02270,1016,172,265,2026-06-14T21:12:28Z
W-03,P-02270,1472,168,208,2026-06-11T03:21:18Z
W-05,P-02271,427,62,229,2026-06-20T23:45:35Z
W-04,P-02271,560,49,110,2026-06-16T01:28:54Z
W-05,P-02272,948,236,67,2026-06-07T00:30:42Z
W-08,P-02272,71,10,247,2026-06-20T21:33:14Z
W-04,P-02273,124,26,161,2026-06-07T02:07:12Z
W-07,P-02273,1451,288,97,2026-06-29T14:40:58Z
W-08,P-02273,1464,66,87,2026-06-10T14:39:14Z
W-08,P-02274,94,16,260,2026-06-12T18:29:09Z
W-06,P-02274,5,1,139,2026-06-06T11:52:18Z
W-08,P-02275,419,72,84,2026-06-02T06:39:03Z
W-06,P-02275,983,151,93,2026-06-17T09:11:20Z
W-03,P-02276,1699,41,239,2026-06-02T08:15:40Z
W-05,P-02276,861,170,206,2026-06-22T23:08:18Z
W-01,P-02276,697,155,102,2026-06-26T00:06:28Z
W-05,P-02277,1459,213,193,2026-06-25T21:55:59Z
W-07,P-02278,267,60,167,2026-06-08T12:49:14Z
W-02,P-02278,793,119,235,2026-06-17T12:22:03Z
W-03,P-02279,1840,409,154,2026-06-05T04:40:13Z
W-07,P-02280,1285,117,277,2026-06-08T02:12:36Z
W-06,P-02280,1541,180,209,2026-06-23T18:30:18Z
W-06,P-02281,1705,155,110,2026-06-17T16:01:47Z
W-04,P-02281,883,143,181,2026-06-17T21:21:33Z
W-03,P-02281,1889,423,84,2026-06-06T15:23:56Z
W-02,P-02282,1290,48,114,2026-06-30T08:48:06Z
W-05,P-02282,1090,237,115,2026-06-05T19:46:05Z
W-07,P-02283,1852,106,66,2026-06-09T23:36:16Z
W-04,P-02283,874,181,201,2026-06-06T16:20:38Z
W-05,P-02284,1526,112,179,2026-06-24T19:34:09Z
W-03,P-02285,609,33,152,2026-06-28T21:08:47Z
W-01,P-02286,1094,33,137,2026-06-10T22:31:38Z
W-05,P-02286,1735,361,145,2026-06-06T09:58:23Z
W-06,P-02286,512,51,158,2026-06-06T07:29:38Z
W-02,P-02287,1217,2,161,2026-06-21T21:49:20Z
W-04,P-02287,260,24,202,2026-06-23T07:29:46Z
W-05,P-02287,1623,207,288,2026-06-04T16:06:03Z
W-04,P-02288,1422,4,220,2026-06-29T11:46:01Z
W-03,P-02289,139,14,161,2026-06-21T04:19:57Z
W-05,P-02290,1469,84,190,2026-06-25T14:00:27Z
W-02,P-02290,1616,314,205,2026-06-10T17:10:00Z
W-08,P-02290,394,73,164,2026-06-08T19:46:27Z
W-07,P-02291,720,162,58,2026-06-13T00:01:28Z
W-03,P-02291,1773,399,82,2026-06-06T11:10:01Z
W-06,P-02291,564,56,264,2026-06-25T09:56:02Z
W-08,P-02292,397,47,262,2026-06-17T01:00:55Z
W-03,P-02293,57,12,222,2026-06-15T18:53:48Z
W-01,P-02294,154,22,123,2026-06-19T05:53:32Z
W-07,P-02295,1438,243,265,2026-06-23T14:10:16Z
W-05,P-02295,1954,485,146,2026-06-13T03:54:21Z
W-03,P-02295,1922,443,145,2026-06-24T11:44:44Z
W-04,P-02296,1614,170,266,2026-06-15T17:31:48Z
W-02,P-02296,1748,241,256,2026-06-15T05:21:23Z
W-08,P-02297,425,64,108,2026-06-16T10:54:56Z
W-04,P-02298,188,16,171,2026-06-02T04:51:03Z
W-01,P-02298,1663,57,196,2026-06-23T13:32:53Z
W-06,P-02298,333,42,281,2026-06-24T23:55:57Z
W-08,P-02299,435,90,271,2026-06-03T09:22:40Z
W-05,P-02299,426,81,153,2026-06-25T20:37:34Z
W-03,P-02300,254,50,229,2026-06-21T21:29:23Z
W-03,P-02301,1441,314,67,2026-06-25T19:36:03Z
W-07,P-02302,1458,3,146,2026-06-18T11:10:04Z
W-02,P-02302,1553,366,82,2026-06-28T18:39:21Z
W-04,P-02303,935,38,174,2026-06-27T22:47:29Z
W-05,P-02303,487,16,105,2026-06-29T05:51:45Z
W-05,P-02304,712,72,94,2026-06-02T03:13:21Z
W-04,P-02305,579,16,52,2026-06-07T08:30:15Z
W-05,P-02305,666,83,300,2026-06-23T07:14:52Z
W-08,P-02305,1682,299,299,2026-06-13T09:04:00Z
W-06,P-02306,1614,391,248,2026-06-08T06:51:09Z
W-05,P-02307,1286,289,58,2026-06-03T18:56:38Z
W-02,P-02307,958,76,92,2026-06-07T02:28:27Z
W-01,P-02307,1540,129,63,2026-06-15T14:11:11Z
W-08,P-02308,490,63,223,2026-06-28T22:39:18Z
W-02,P-02308,190,3,244,2026-06-24T16:42:29Z
W-04,P-02308,1969,412,154,2026-06-21T17:46:35Z
W-03,P-02309,1081,63,299,2026-06-24T05:48:36Z
W-02,P-02309,54,5,192,2026-06-03T22:30:12Z
W-04,P-02309,1216,230,168,2026-06-27T03:37:54Z
W-03,P-02310,1555,239,285,2026-06-28T11:16:22Z
W-06,P-02310,1150,111,216,2026-06-19T20:46:47Z
W-06,P-02311,321,30,283,2026-06-18T22:06:16Z
W-03,P-02311,415,18,272,2026-06-25T22:19:16Z
W-01,P-02311,64,6,218,2026-06-24T19:44:08Z
W-02,P-02312,639,59,94,2026-06-17T12:10:30Z
W-06,P-02312,1162,253,216,2026-06-06T18:14:20Z
W-08,P-02313,349,72,254,2026-06-04T04:13:03Z
W-03,P-02313,1955,55,135,2026-06-20T13:36:02Z
W-01,P-02314,1934,230,206,2026-06-06T09:32:44Z
W-07,P-02315,1797,439,229,2026-06-18T05:53:37Z
W-01,P-02316,329,38,292,2026-06-11T08:48:57Z
W-01,P-02317,1082,176,171,2026-06-30T20:45:42Z
W-04,P-02318,530,18,146,2026-06-08T07:26:59Z
W-01,P-02319,1527,69,279,2026-06-22T00:24:31Z
W-02,P-02319,434,59,295,2026-06-14T02:47:07Z
W-02,P-02320,1195,58,172,2026-06-11T23:14:18Z
W-03,P-02320,201,5,281,2026-06-04T03:09:07Z
W-07,P-02321,1728,375,97,2026-06-05T04:39:43Z
W-04,P-02321,33,5,287,2026-06-04T21:48:50Z
W-02,P-02322,1193,291,139,2026-06-03T23:12:08Z
W-04,P-02322,119,6,146,2026-06-17T04:18:01Z
W-03,P-02322,122,19,66,2026-06-05T08:17:23Z
W-01,P-02323,1412,232,263,2026-06-12T19:37:42Z
W-06,P-02323,1694,406,251,2026-06-15T21:53:00Z
W-07,P-02323,23,0,241,2026-06-05T14:07:49Z
W-05,P-02324,789,48,280,2026-06-13T00:59:27Z
W-03,P-02324,1285,309,172,2026-06-18T17:51:14Z
W-08,P-02324,739,121,118,2026-06-27T01:15:43Z
W-01,P-02325,946,38,269,2026-06-16T21:35:38Z
W-04,P-02326,1899,326,122,2026-06-15T19:34:04Z
W-06,P-02326,1887,184,154,2026-06-28T14:20:44Z
W-05,P-02326,308,17,233,2026-06-15T16:46:01Z
W-07,P-02327,1798,338,278,2026-06-08T18:54:05Z
W-01,P-02328,783,110,286,2026-06-28T00:06:17Z
W-08,P-02328,643,150,200,2026-06-10T23:02:13Z
W-05,P-02328,1355,256,73,2026-06-16T02:12:49Z
W-02,P-02329,1735,355,87,2026-06-16T05:32:46Z
W-01,P-02329,1967,49,198,2026-06-06T11:17:45Z
W-05,P-02329,421,56,131,2026-06-30T02:10:52Z
W-02,P-02330,0,0,112,2026-06-27T11:07:11Z
W-07,P-02331,13,0,229,2026-06-10T11:21:41Z
W-08,P-02332,1720,261,231,2026-06-19T22:22:12Z
W-05,P-02332,478,49,223,2026-06-09T14:29:55Z
W-07,P-02333,54,11,65,2026-06-24T00:08:30Z
W-03,P-02334,105,13,118,2026-06-25T05:58:18Z
W-07,P-02335,926,217,96,2026-06-18T17:46:41Z
W-05,P-02335,177,6,85,2026-06-05T01:07:31Z
W-01,P-02335,93,4,183,2026-06-21T23:36:05Z
W-02,P-02336,285,45,180,2026-06-02T13:03:18Z
W-07,P-02336,1874,350,190,2026-06-27T13:07:08Z
W-06,P-02336,1651,89,64,2026-06-19T10:19:40Z
W-03,P-02337,623,52,87,2026-06-10T07:25:21Z
W-04,P-02337,793,173,212,2026-06-02T06:08:01Z
W-01,P-02337,62,2,113,2026-06-02T01:04:12Z
W-08,P-02338,613,122,287,2026-06-29T16:35:31Z
W-05,P-02338,1010,23,158,2026-06-21T15:22:38Z
W-06,P-02339,1596,290,252,2026-06-10T13:23:48Z
W-04,P-02339,1644,118,166,2026-06-19T12:43:52Z
W-08,P-02340,789,3,178,2026-06-29T22:23:59Z
W-06,P-02341,1027,24,148,2026-06-24T13:45:39Z
W-03,P-02341,1983,125,268,2026-06-22T09:45:13Z
W-04,P-02341,531,25,238,2026-06-26T23:16:30Z
W-03,P-02342,1081,207,219,2026-06-01T09:09:54Z
W-07,P-02342,1299,12,167,2026-06-28T12:48:33Z
W-04,P-02343,1695,234,118,2026-06-04T23:58:01Z
W-02,P-02344,1660,351,285,2026-06-10T16:37:46Z
W-01,P-02345,1705,112,92,2026-06-26T16:18:03Z
W-01,P-02346,1553,52,62,2026-06-13T07:44:58Z
W-07,P-02346,765,77,107,2026-06-08T18:40:33Z
W-07,P-02347,180,18,225,2026-06-16T19:56:16Z
W-01,P-02347,1193,161,164,2026-06-25T01:28:02Z
W-04,P-02347,1891,337,100,2026-06-30T20:57:09Z
W-05,P-02348,208,8,78,2026-06-12T10:31:50Z
W-06,P-02348,1614,344,278,2026-06-20T21:15:00Z
W-02,P-02348,141,1,70,2026-06-28T08:05:45Z
W-07,P-02349,1297,27,221,2026-06-15T11:48:17Z
W-01,P-02349,680,17,168,2026-06-02T15:52:17Z
W-08,P-02350,803,163,136,2026-06-01T05:04:03Z
W-07,P-02350,1866,99,68,2026-06-22T14:38:48Z
W-01,P-02351,332,38,281,2026-06-28T05:26:55Z
W-06,P-02351,1153,42,78,2026-06-13T05:25:25Z
W-02,P-02351,1405,158,91,2026-06-27T23:57:16Z
W-06,P-02352,1466,146,285,2026-06-21T00:19:13Z
W-08,P-02352,1304,43,129,2026-06-19T12:51:34Z
W-08,P-02353,112,7,91,2026-06-04T03:58:52Z
W-06,P-02354,709,40,198,2026-06-05T06:21:19Z
W-07,P-02355,1617,259,229,2026-06-02T20:19:07Z
W-03,P-02355,1606,255,54,2026-06-05T10:03:10Z
W-06,P-02356,1554,213,254,2026-06-08T03:42:51Z
W-06,P-02357,140,23,260,2026-06-12T04:35:42Z
W-02,P-02357,457,3,80,2026-06-23T07:16:34Z
W-08,P-02357,618,2,188,2026-06-09T06:52:44Z
W-02,P-02358,1238,127,207,2026-06-02T20:42:01Z
W-04,P-02359,400,95,183,2026-06-15T09:36:39Z
W-01,P-02359,317,10,271,2026-06-04T07:44:17Z
W-02,P-02360,674,31,213,2026-06-07T20:51:11Z
W-04,P-02360,1433,115,259,2026-06-06T13:58:37Z
W-07,P-02361,2000,90,132,2026-06-28T05:39:25Z
W-06,P-02361,1355,314,64,2026-06-15T11:13:09Z
W-01,P-02362,590,5,220,2026-06-04T13:45:24Z
W-04,P-02362,240,57,132,2026-06-16T09:57:01Z
W-07,P-02362,1660,24,84,2026-06-10T19:21:07Z
W-06,P-02363,683,0,130,2026-06-01T10:37:31Z
W-08,P-02364,693,156,89,2026-06-19T00:25:07Z
W-06,P-02364,1009,158,186,2026-06-25T03:55:07Z
W-08,P-02365,1198,153,50,2026-06-02T04:42:10Z
W-07,P-02365,1820,66,60,2026-06-19T05:29:19Z
W-06,P-02366,1114,109,257,2026-06-18T13:20:31Z
W-03,P-02367,962,214,265,2026-06-06T01:39:59Z
W-08,P-02368,996,119,160,2026-06-14T13:16:03Z
W-02,P-02369,1060,37,182,2026-06-25T01:40:44Z
W-08,P-02369,47,4,62,2026-06-22T03:31:34Z
W-07,P-02369,1771,192,145,2026-06-02T07:53:32Z
W-07,P-02370,1721,162,141,2026-06-20T00:51:23Z
W-02,P-02371,1991,362,281,2026-06-04T17:36:45Z
W-06,P-02371,76,14,295,2026-06-26T14:51:16Z
W-07,P-02371,558,41,119,2026-06-05T03:30:52Z
W-02,P-02372,1543,79,167,2026-06-12T06:44:51Z
W-05,P-02372,521,97,221,2026-06-07T00:12:10Z
W-01,P-02373,121,6,64,2026-06-27T16:30:00Z
W-02,P-02374,850,183,212,2026-06-29T05:16:21Z
W-04,P-02374,1620,72,65,2026-06-24T00:09:18Z
W-01,P-02375,1471,112,164,2026-06-15T21:22:16Z
W-01,P-02376,916,225,169,2026-06-27T13:16:59Z
W-06,P-02377,1543,39,91,2026-06-05T00:23:36Z
W-02,P-02378,1142,100,283,2026-06-14T06:34:03Z
W-05,P-02378,1854,2,117,2026-06-09T00:09:16Z
W-08,P-02378,1033,45,154,2026-06-12T13:35:39Z
W-07,P-02379,1025,111,185,2026-06-28T22:01:29Z
W-02,P-02379,359,67,153,2026-06-25T02:19:37Z
W-05,P-02379,747,128,265,2026-06-25T13:09:48Z
W-01,P-02380,104,16,169,2026-06-10T04:26:09Z
W-02,P-02380,1840,199,80,2026-06-21T15:14:12Z
W-08,P-02381,629,153,293,2026-06-08T13:36:17Z
W-07,P-02381,1134,271,112,2026-06-21T00:14:19Z
W-01,P-02381,1702,83,279,2026-06-03T10:16:47Z
W-07,P-02382,67,11,224,2026-06-29T17:30:25Z
W-05,P-02382,1292,281,170,2026-06-24T03:10:09Z
W-06,P-02383,1260,45,94,2026-06-13T04:20:03Z
W-04,P-02383,855,203,203,2026-06-16T02:08:15Z
W-05,P-02384,728,64,255,2026-06-30T18:38:23Z
W-06,P-02384,7,1,87,2026-06-01T14:23:06Z
W-08,P-02384,1966,126,237,2026-06-09T11:00:14Z
W-03,P-02385,1245,86,78,2026-06-10T03:50:07Z
W-03,P-02386,1227,219,154,2026-06-28T22:17:21Z
W-02,P-02387,1121,34,57,2026-06-23T10:03:13Z
W-03,P-02387,1350,313,267,2026-06-14T00:47:53Z
W-07,P-02388,772,33,132,2026-06-15T04:16:18Z
W-08,P-02388,307,51,300,2026-06-04T11:29:42Z
W-04,P-02388,702,125,199,2026-06-18T08:02:51Z
W-07,P-02389,44,0,180,2026-06-10T07:11:01Z
W-07,P-02390,1101,181,141,2026-06-09T13:00:32Z
W-04,P-02390,659,88,253,2026-06-25T17:12:25Z
W-05,P-02390,1856,351,206,2026-06-03T08:56:18Z
W-02,P-02391,1764,270,243,2026-06-22T09:24:20Z
W-08,P-02391,1226,129,88,2026-06-23T16:37:36Z
W-03,P-02392,1055,84,91,2026-06-05T08:00:37Z
W-01,P-02392,1808,281,129,2026-06-02T14:18:23Z
W-02,P-02393,45,7,235,2026-06-24T06:10:30Z
W-08,P-02393,1365,341,300,2026-06-10T21:27:18Z
W-07,P-02394,1890,374,251,2026-06-15T11:21:02Z
W-02,P-02394,1411,55,229,2026-06-28T01:12:34Z
W-04,P-02395,1489,113,278,2026-06-02T17:29:59Z
W-05,P-02395,1468,325,125,2026-06-14T08:07:20Z
W-08,P-02396,749,51,185,2026-06-30T16:21:07Z
W-03,P-02396,1375,239,291,2026-06-21T11:12:11Z
W-01,P-02396,21,3,225,2026-06-03T02:50:53Z
W-02,P-02397,1232,187,297,2026-06-29T08:12:37Z
W-05,P-02398,711,80,116,2026-06-05T07:47:01Z
W-08,P-02399,1685,357,290,2026-06-04T22:40:14Z
W-03,P-02399,1694,374,292,2026-06-24T20:13:47Z
W-02,P-02399,1305,112,173,2026-06-17T21:53:11Z
W-02,P-02400,1057,133,230,2026-06-25T15:59:56Z
W-06,P-02401,1854,321,108,2026-06-23T17:43:22Z
W-01,P-02402,1605,244,243,2026-06-10T05:05:28Z
W-08,P-02403,190,41,139,2026-06-16T02:38:24Z
W-04,P-02403,481,120,238,2026-06-20T04:53:26Z
W-07,P-02403,1084,45,259,2026-06-23T05:38:59Z
W-02,P-02404,1290,28,238,2026-06-30T02:33:58Z
W-06,P-02404,847,84,264,2026-06-26T18:54:37Z
W-08,P-02405,1299,256,78,2026-06-14T10:08:34Z
W-02,P-02405,958,28,112,2026-06-10T07:02:15Z
W-01,P-02406,1255,275,84,2026-06-24T15:37:01Z
W-08,P-02406,670,24,215,2026-06-18T07:33:32Z
W-03,P-02406,1487,288,173,2026-06-15T09:49:09Z
W-01,P-02407,1951,158,130,2026-06-24T11:38:22Z
W-07,P-02407,329,53,126,2026-06-30T10:36:29Z
W-01,P-02408,100,10,164,2026-06-15T01:19:55Z
W-03,P-02408,1788,212,80,2026-06-23T18:45:46Z
W-04,P-02408,1419,130,199,2026-06-26T23:10:16Z
W-01,P-02409,794,144,228,2026-06-06T22:36:40Z
W-08,P-02409,1918,418,206,2026-06-29T19:08:41Z
W-03,P-02410,948,75,233,2026-06-25T09:42:41Z
W-01,P-02410,1040,202,174,2026-06-20T11:30:10Z
W-06,P-02410,1118,243,221,2026-06-06T16:51:59Z
W-06,P-02411,697,163,161,2026-06-05T13:19:11Z
W-02,P-02411,1292,41,79,2026-06-13T22:03:17Z
W-07,P-02411,799,47,77,2026-06-14T04:35:34Z
W-02,P-02412,1650,262,109,2026-06-07T14:06:08Z
W-06,P-02413,1253,118,162,2026-06-21T00:08:27Z
W-01,P-02413,1135,282,287,2026-06-30T02:22:08Z
W-04,P-02413,374,10,125,2026-06-18T12:58:10Z
W-04,P-02414,803,133,147,2026-06-15T18:13:26Z
W-01,P-02415,1217,212,193,2026-06-04T07:48:09Z
W-06,P-02416,267,6,179,2026-06-03T05:08:36Z
W-03,P-02416,1676,25,262,2026-06-14T07:55:25Z
W-03,P-02417,733,134,268,2026-06-13T01:10:38Z
W-04,P-02417,248,4,269,2026-06-10T19:16:01Z
W-07,P-02417,912,135,254,2026-06-20T07:17:59Z
W-06,P-02418,1649,322,203,2026-06-01T18:11:09Z
W-03,P-02418,255,60,236,2026-06-09T06:17:57Z
W-01,P-02418,1712,37,253,2026-06-06T22:31:21Z
W-04,P-02419,28,0,199,2026-06-23T13:38:48Z
W-02,P-02419,2000,219,108,2026-06-22T11:19:13Z
W-06,P-02419,32,0,243,2026-06-30T14:31:40Z
W-06,P-02420,577,55,110,2026-06-06T13:02:56Z
W-01,P-02421,1549,174,295,2026-06-09T05:31:58Z
W-08,P-02421,420,25,165,2026-06-16T21:09:51Z
W-02,P-02422,179,41,252,2026-06-27T11:00:20Z
W-05,P-02422,837,174,139,2026-06-22T06:20:02Z
W-05,P-02423,894,134,257,2026-06-24T12:43:46Z
W-02,P-02423,895,42,281,2026-06-23T06:54:55Z
W-06,P-02423,492,82,234,2026-06-01T02:24:27Z
W-05,P-02424,1487,25,100,2026-06-08T07:13:15Z
W-04,P-02424,1149,114,89,2026-06-24T13:22:43Z
W-01,P-02424,1575,122,227,2026-06-23T02:40:05Z
W-05,P-02425,976,74,283,2026-06-04T16:36:26Z
W-08,P-02425,1671,291,138,2026-06-17T21:30:59Z
W-04,P-02425,661,109,77,2026-06-20T09:38:26Z
W-02,P-02426,219,23,185,2026-06-10T04:39:40Z
W-06,P-02426,1639,192,66,2026-06-21T07:30:46Z
W-04,P-02427,833,169,113,2026-06-02T07:21:46Z
W-03,P-02427,1618,165,213,2026-06-01T07:56:48Z
W-08,P-02427,1427,195,224,2026-06-06T13:23:11Z
W-02,P-02428,1373,317,135,2026-06-27T04:51:07Z
W-05,P-02428,548,35,280,2026-06-22T20:35:12Z
W-07,P-02428,254,50,71,2026-06-25T22:56:55Z
W-03,P-02429,1800,59,192,2026-06-09T20:22:53Z
W-01,P-02429,1949,189,199,2026-06-05T13:51:34Z
W-06,P-02430,917,132,161,2026-06-13T13:59:30Z
W-08,P-02430,742,134,243,2026-06-21T18:14:14Z
W-02,P-02430,414,87,101,2026-06-04T16:33:06Z
W-03,P-02431,1634,222,124,2026-06-07T19:34:26Z
W-05,P-02431,359,66,251,2026-06-30T13:14:50Z
W-05,P-02432,14,1,210,2026-06-18T13:20:51Z
W-02,P-02433,1308,188,235,2026-06-21T01:35:34Z
W-03,P-02433,270,54,171,2026-06-22T18:27:37Z
W-01,P-02433,634,12,263,2026-06-22T18:54:28Z
W-02,P-02434,123,28,66,2026-06-09T14:50:13Z
W-05,P-02434,1132,140,114,2026-06-21T21:26:24Z
W-06,P-02435,479,92,98,2026-06-28T15:41:44Z
W-07,P-02435,739,148,120,2026-06-01T05:37:40Z
W-04,P-02436,505,85,207,2026-06-12T12:40:05Z
W-07,P-02437,729,136,53,2026-06-27T08:19:52Z
W-02,P-02437,75,15,259,2026-06-27T00:39:01Z
W-05,P-02438,88,13,214,2026-06-03T08:57:38Z
W-01,P-02438,623,79,99,2026-06-22T19:13:36Z
W-06,P-02439,1739,377,225,2026-06-11T19:07:17Z
W-05,P-02439,460,1,199,2026-06-26T13:54:11Z
W-03,P-02440,572,49,125,2026-06-17T21:32:11Z
W-05,P-02441,1575,370,59,2026-06-24T23:09:25Z
W-06,P-02442,1084,197,296,2026-06-21T07:36:06Z
W-07,P-02443,149,20,88,2026-06-21T14:45:27Z
W-06,P-02443,473,82,233,2026-06-15T17:16:51Z
W-04,P-02443,1024,23,136,2026-06-15T23:23:02Z
W-01,P-02444,1506,287,269,2026-06-11T23:20:34Z
W-06,P-02444,1746,436,236,2026-06-14T01:29:34Z
W-04,P-02444,123,22,253,2026-06-11T10:48:22Z
W-05,P-02445,838,3,183,2026-06-23T13:32:39Z
W-04,P-02445,548,125,117,2026-06-09T08:42:52Z
W-06,P-02445,863,187,221,2026-06-15T20:49:18Z
W-02,P-02446,1640,195,78,2026-06-04T04:21:49Z
W-07,P-02446,1973,394,165,2026-06-20T06:16:26Z
W-05,P-02447,1060,233,96,2026-06-25T20:31:00Z
W-02,P-02447,1902,330,261,2026-06-01T02:38:25Z
W-01,P-02447,1441,7,289,2026-06-28T03:03:06Z
W-05,P-02448,1395,151,235,2026-06-03T16:04:41Z
W-02,P-02448,1081,56,274,2026-06-06T10:43:37Z
W-07,P-02448,107,18,259,2026-06-04T07:09:15Z
W-06,P-02449,771,138,214,2026-06-03T23:57:20Z
W-02,P-02449,80,19,299,2026-06-29T05:34:57Z
W-01,P-02450,1065,25,122,2026-06-02T15:25:50Z
W-07,P-02450,48,9,272,2026-06-09T02:17:59Z
W-08,P-02451,1621,328,59,2026-06-13T08:52:58Z
W-08,P-02452,1526,256,192,2026-06-16T10:04:15Z
W-02,P-02452,525,111,255,2026-06-30T14:13:04Z
W-02,P-02453,1786,89,58,2026-06-10T10:47:48Z
W-03,P-02454,52,4,63,2026-06-04T09:49:47Z
W-01,P-02454,422,45,166,2026-06-23T13:38:33Z
W-02,P-02454,1338,62,170,2026-06-19T04:36:19Z
W-04,P-02455,1209,68,116,2026-06-11T10:06:59Z
W-01,P-02455,775,9,283,2026-06-10T13:04:23Z
W-06,P-02455,39,9,277,2026-06-21T10:30:12Z
W-07,P-02456,1492,10,86,2026-06-11T11:50:28Z
W-08,P-02456,743,41,219,2026-06-25T03:39:18Z
W-01,P-02456,359,59,130,2026-06-17T04:28:25Z
W-06,P-02457,701,62,158,2026-06-19T10:37:23Z
W-08,P-02458,1027,84,272,2026-06-14T15:09:59Z
W-06,P-02459,28,6,241,2026-06-16T02:58:29Z
W-04,P-02459,1833,78,265,2026-06-26T04:20:14Z
W-02,P-02459,459,5,69,2026-06-25T08:50:46Z
W-05,P-02460,110,13,195,2026-06-11T00:48:43Z
W-08,P-02461,949,102,207,2026-06-27T14:09:03Z
W-03,P-02461,1703,35,159,2026-06-01T08:00:33Z
W-01,P-02461,1246,152,282,2026-06-24T12:30:47Z
W-04,P-02462,1377,317,212,2026-06-19T03:43:03Z
W-06,P-02462,163,23,298,2026-06-01T00:17:07Z
W-06,P-02463,1567,28,106,2026-06-26T08:25:23Z
W-02,P-02463,166,2,86,2026-06-12T20:42:58Z
W-04,P-02463,1092,111,233,2026-06-01T20:39:08Z
W-06,P-02464,635,115,248,2026-06-21T14:07:38Z
W-04,P-02465,1170,238,165,2026-06-26T18:47:10Z
W-02,P-02465,1911,208,152,2026-06-27T08:20:38Z
W-03,P-02465,1525,73,86,2026-06-04T14:56:55Z
W-02,P-02466,890,36,182,2026-06-24T23:30:56Z
W-06,P-02466,637,119,87,2026-06-15T03:09:28Z
W-04,P-02466,916,166,230,2026-06-03T14:07:22Z
W-05,P-02467,828,180,235,2026-06-16T03:15:20Z
W-07,P-02467,348,27,195,2026-06-17T17:30:03Z
W-01,P-02467,203,24,222,2026-06-25T02:03:25Z
W-04,P-02468,1497,118,249,2026-06-29T23:28:22Z
W-08,P-02468,108,20,130,2026-06-08T02:41:22Z
W-08,P-02469,703,122,64,2026-06-27T23:58:02Z
W-03,P-02469,724,81,288,2026-06-15T20:07:13Z
W-01,P-02469,1503,167,283,2026-06-26T16:36:06Z
W-02,P-02470,1005,200,260,2026-06-29T09:42:29Z
W-08,P-02470,454,45,185,2026-06-19T16:56:44Z
W-03,P-02470,1502,315,131,2026-06-23T21:51:51Z
W-06,P-02471,1495,256,162,2026-06-21T05:30:00Z
W-05,P-02471,1637,231,112,2026-06-22T20:43:49Z
W-01,P-02471,245,4,225,2026-06-05T13:27:13Z
W-04,P-02472,247,51,253,2026-06-07T18:41:54Z
W-03,P-02472,660,121,108,2026-06-22T18:27:26Z
W-02,P-02472,1642,24,70,2026-06-02T21:02:32Z
W-02,P-02473,207,18,177,2026-06-01T02:49:47Z
W-06,P-02474,1173,6,262,2026-06-29T02:29:09Z
W-04,P-02474,1114,59,54,2026-06-12T09:34:27Z
W-05,P-02475,1268,196,193,2026-06-10T12:09:17Z
W-03,P-02475,547,22,284,2026-06-19T22:41:24Z
W-02,P-02476,676,134,86,2026-06-17T03:40:19Z
W-01,P-02477,1475,191,154,2026-06-18T14:15:26Z
W-06,P-02477,468,75,119,2026-06-07T15:42:50Z
W-07,P-02477,1859,457,227,2026-06-30T08:56:10Z
W-08,P-02478,35,6,77,2026-06-25T22:33:45Z
W-08,P-02479,1741,312,294,2026-06-06T15:03:19Z
W-03,P-02479,1866,179,159,2026-06-01T20:34:22Z
W-01,P-02479,558,53,264,2026-06-07T14:22:34Z
W-08,P-02480,308,2,209,2026-06-05T10:33:53Z
W-04,P-02480,1494,16,222,2026-06-09T11:43:21Z
W-03,P-02480,1723,90,82,2026-06-12T19:52:22Z
W-08,P-02481,1359,201,153,2026-06-26T16:50:09Z
W-03,P-02481,669,87,272,2026-06-19T00:08:21Z
W-06,P-02481,586,83,194,2026-06-19T19:31:05Z
W-02,P-02482,1721,57,166,2026-06-29T04:11:17Z
W-03,P-02482,1163,39,157,2026-06-12T15:56:21Z
W-06,P-02482,732,11,181,2026-06-12T23:27:35Z
W-01,P-02483,1872,195,140,2026-06-11T17:01:46Z
W-08,P-02484,1141,66,61,2026-06-21T07:29:22Z
W-05,P-02484,1440,58,267,2026-06-16T07:23:31Z
W-02,P-02485,1466,346,192,2026-06-28T21:59:16Z
W-08,P-02485,119,12,224,2026-06-13T21:49:40Z
W-06,P-02486,514,35,66,2026-06-08T21:35:30Z
W-01,P-02486,183,8,167,2026-06-17T14:08:18Z
W-06,P-02487,1332,147,117,2026-06-18T18:25:32Z
W-01,P-02488,300,61,230,2026-06-23T16:59:39Z
W-08,P-02488,934,67,64,2026-06-14T10:47:48Z
W-06,P-02489,786,117,228,2026-06-23T10:27:51Z
W-08,P-02490,1512,38,63,2026-06-11T13:47:53Z
W-06,P-02490,673,48,164,2026-06-14T06:11:58Z
W-01,P-02491,1730,235,202,2026-06-29T09:06:15Z
W-05,P-02492,776,158,162,2026-06-26T03:12:38Z
W-01,P-02492,36,1,133,2026-06-06T11:05:26Z
W-02,P-02493,1815,411,198,2026-06-26T22:42:54Z
W-07,P-02493,1529,144,162,2026-06-19T21:15:23Z
W-02,P-02494,1802,180,97,2026-06-07T20:03:56Z
W-07,P-02494,279,50,231,2026-06-11T20:10:32Z
W-05,P-02494,240,15,297,2026-06-11T11:32:30Z
W-05,P-02495,1643,225,285,2026-06-17T12:57:43Z
W-04,P-02495,354,9,201,2026-06-08T10:27:45Z
W-08,P-02496,723,68,158,2026-06-12T18:22:34Z
W-05,P-02496,1572,327,151,2026-06-05T04:37:24Z
W-02,P-02496,392,87,189,2026-06-19T11:49:34Z
W-03,P-02497,438,79,280,2026-06-23T21:23:59Z
W-07,P-02497,1469,228,92,2026-06-07T05:26:36Z
W-02,P-02497,1856,155,280,2026-06-03T00:32:23Z
W-03,P-02498,1685,50,108,2026-06-11T02:18:00Z
W-02,P-02498,1003,82,105,2026-06-14T18:15:49Z
W-04,P-02499,1553,261,127,2026-06-30T01:51:11Z
W-03,P-02500,371,47,155,2026-06-28T17:15:08Z
W-08,P-02500,1325,127,211,2026-06-13T15:39:41Z
W-07,P-02500,1233,279,65,2026-06-06T18:44:56Z
W-02,P-02501,737,109,144,2026-06-18T09:11:00Z
W-07,P-02501,1510,359,193,2026-06-04T06:51:55Z
W-08,P-02501,57,2,98,2026-06-01T14:10:54Z
W-03,P-02502,1926,50,53,2026-06-01T05:31:48Z
W-07,P-02502,1615,252,266,2026-06-09T18:33:41Z
W-04,P-02502,670,43,178,2026-06-18T12:47:38Z
W-06,P-02503,1206,0,57,2026-06-10T22:21:05Z
W-02,P-02504,1849,397,230,2026-06-30T03:39:48Z
W-06,P-02504,882,42,276,2026-06-11T03:53:01Z
W-03,P-02504,1189,220,193,2026-06-27T20:24:43Z
W-05,P-02505,318,39,88,2026-06-27T01:46:23Z
W-07,P-02506,909,181,226,2026-06-08T15:47:58Z
W-03,P-02506,1722,132,175,2026-06-30T09:11:37Z
W-07,P-02507,1461,232,142,2026-06-07T15:30:20Z
W-05,P-02507,1137,81,136,2026-06-29T18:05:57Z
W-08,P-02508,1444,206,255,2026-06-23T16:55:24Z
W-04,P-02508,518,14,286,2026-06-25T13:12:51Z
W-06,P-02508,1084,154,84,2026-06-16T02:29:23Z
W-06,P-02509,1921,244,106,2026-06-14T08:20:31Z
W-08,P-02509,1797,8,92,2026-06-12T17:21:32Z
W-01,P-02510,234,54,133,2026-06-08T23:36:00Z
W-03,P-02510,1560,154,94,2026-06-09T05:42:28Z
W-04,P-02510,1671,402,261,2026-06-17T11:54:39Z
W-08,P-02511,807,190,193,2026-06-30T23:25:55Z
W-02,P-02511,1106,197,119,2026-06-24T05:50:32Z
W-01,P-02511,130,17,73,2026-06-16T13:47:23Z
W-03,P-02512,545,35,195,2026-06-28T03:26:40Z
W-02,P-02512,1372,141,135,2026-06-06T17:38:51Z
W-08,P-02512,1652,306,182,2026-06-08T08:36:56Z
W-06,P-02513,646,132,193,2026-06-18T05:44:19Z
W-01,P-02514,1600,45,53,2026-06-13T17:47:46Z
W-08,P-02514,879,133,251,2026-06-25T22:50:14Z
W-02,P-02515,1170,101,92,2026-06-13T08:26:35Z
W-04,P-02515,1117,232,216,2026-06-16T12:33:48Z
W-06,P-02515,1504,317,134,2026-06-05T16:17:07Z
W-05,P-02516,536,108,149,2026-06-16T08:29:10Z
W-08,P-02517,1777,193,126,2026-06-21T09:14:20Z
W-02,P-02517,1657,344,293,2026-06-29T23:43:55Z
W-05,P-02517,314,17,176,2026-06-06T02:00:06Z
W-04,P-02518,1965,437,94,2026-06-11T13:09:44Z
W-08,P-02518,390,88,57,2026-06-26T09:41:38Z
W-07,P-02518,771,184,251,2026-06-09T03:07:28Z
W-01,P-02519,72,1,71,2026-06-20T08:27:10Z
W-05,P-02519,130,11,172,2026-06-11T00:45:14Z
W-07,P-02520,1455,316,292,2026-06-25T19:22:07Z
W-04,P-02521,1147,180,236,2026-06-03T03:49:38Z
W-01,P-02521,531,26,247,2026-06-04T00:37:12Z
W-03,P-02521,747,73,269,2026-06-10T09:52:54Z
W-02,P-02522,1371,238,198,2026-06-12T00:25:39Z
W-01,P-02522,565,58,167,2026-06-20T23:04:53Z
W-06,P-02523,270,32,109,2026-06-10T11:08:46Z
W-03,P-02523,1829,180,270,2026-06-10T07:34:00Z
W-08,P-02524,1804,377,103,2026-06-19T01:05:27Z
W-02,P-02525,694,140,73,2026-06-11T15:32:53Z
W-04,P-02525,1936,20,296,2026-06-30T23:14:53Z
W-06,P-02526,1105,154,246,2026-06-01T13:58:26Z
W-07,P-02526,82,10,70,2026-06-29T10:31:15Z
W-02,P-02526,1012,177,164,2026-06-02T16:39:15Z
W-04,P-02527,121,22,51,2026-06-13T06:43:05Z
W-03,P-02528,836,116,142,2026-06-19T08:48:47Z
W-05,P-02528,1817,292,125,2026-06-12T00:51:24Z
W-01,P-02528,1075,175,236,2026-06-11T06:58:18Z
W-08,P-02529,1119,23,127,2026-06-07T18:45:09Z
W-04,P-02530,1516,355,232,2026-06-25T14:03:49Z
W-01,P-02530,286,36,207,2026-06-06T11:22:51Z
W-03,P-02531,31,5,85,2026-06-25T23:02:06Z
W-05,P-02531,7,0,63,2026-06-17T13:49:29Z
W-01,P-02531,1308,133,68,2026-06-17T18:10:14Z
W-05,P-02532,1815,423,176,2026-06-11T02:21:25Z
W-04,P-02533,1626,121,58,2026-06-26T14:47:02Z
W-01,P-02534,999,122,257,2026-06-10T21:28:06Z
W-06,P-02535,768,13,112,2026-06-16T11:10:12Z
W-02,P-02536,371,43,58,2026-06-27T12:40:46Z
W-07,P-02537,929,83,122,2026-06-18T21:40:47Z
W-04,P-02537,1127,266,217,2026-06-26T12:23:10Z
W-04,P-02538,1428,41,196,2026-06-08T06:25:57Z
W-08,P-02538,341,25,296,2026-06-13T07:44:32Z
W-04,P-02539,1085,20,289,2026-06-23T16:02:40Z
W-06,P-02539,1497,232,180,2026-06-27T15:55:33Z
W-03,P-02539,1837,144,231,2026-06-11T15:45:03Z
W-03,P-02540,774,66,126,2026-06-21T14:42:55Z
W-08,P-02540,1805,38,162,2026-06-19T17:02:22Z
W-03,P-02541,1430,291,191,2026-06-06T11:09:45Z
W-08,P-02542,1443,212,204,2026-06-08T21:33:18Z
W-02,P-02542,865,176,270,2026-06-19T06:53:03Z
W-03,P-02542,1940,74,96,2026-06-15T09:51:48Z
W-01,P-02543,1202,236,103,2026-06-26T04:22:17Z
W-03,P-02543,1729,33,89,2026-06-12T03:32:27Z
W-05,P-02543,1207,104,73,2026-06-27T22:16:40Z
W-08,P-02544,465,28,284,2026-06-17T07:47:10Z
W-03,P-02545,61,6,223,2026-06-06T00:51:58Z
W-07,P-02545,401,32,262,2026-06-07T08:00:55Z
W-01,P-02545,819,165,96,2026-06-26T16:15:29Z
W-07,P-02546,12,0,122,2026-06-06T10:36:10Z
W-06,P-02547,768,102,74,2026-06-02T20:09:02Z
W-03,P-02547,673,125,198,2026-06-04T06:29:29Z
W-01,P-02547,965,14,180,2026-06-17T08:15:42Z
W-02,P-02548,478,6,80,2026-06-18T00:56:31Z
W-03,P-02548,874,86,177,2026-06-14T03:51:15Z
W-02,P-02549,1282,149,274,2026-06-22T17:57:17Z
W-04,P-02549,1744,316,249,2026-06-10T11:37:51Z
W-05,P-02549,60,9,247,2026-06-07T14:23:09Z
W-04,P-02550,431,105,73,2026-06-10T04:59:00Z
W-02,P-02551,1689,35,113,2026-06-08T13:05:10Z
W-08,P-02551,529,9,263,2026-06-23T04:35:05Z
W-01,P-02552,1264,68,261,2026-06-23T20:29:18Z
W-06,P-02553,1894,279,68,2026-06-03T05:11:42Z
W-07,P-02554,372,44,50,2026-06-07T07:28:26Z
W-02,P-02555,1510,317,240,2026-06-21T09:05:32Z
W-08,P-02555,531,74,247,2026-06-13T23:05:10Z
W-05,P-02555,1921,263,263,2026-06-02T00:55:41Z
W-03,P-02556,160,8,277,2026-06-13T06:37:05Z
W-05,P-02556,864,26,151,2026-06-21T19:14:41Z
W-02,P-02556,1186,140,163,2026-06-26T07:10:41Z
W-08,P-02557,1642,26,266,2026-06-17T12:36:24Z
W-06,P-02558,1873,465,233,2026-06-13T16:32:05Z
W-06,P-02559,723,3,177,2026-06-27T02:41:27Z
W-04,P-02560,545,4,79,2026-06-07T05:17:14Z
W-02,P-02560,208,42,274,2026-06-19T05:12:01Z
W-02,P-02561,1506,210,215,2026-06-15T04:57:02Z
W-03,P-02562,133,17,176,2026-06-23T02:04:25Z
W-08,P-02562,874,202,246,2026-06-19T17:00:42Z
W-05,P-02562,1125,253,159,2026-06-23T22:45:57Z
W-03,P-02563,985,203,84,2026-06-18T00:29:13Z
W-04,P-02563,691,52,57,2026-06-04T02:21:12Z
W-02,P-02564,984,242,62,2026-06-20T15:36:12Z
W-05,P-02564,440,1,91,2026-06-08T21:25:42Z
W-07,P-02565,1125,246,52,2026-06-21T11:37:16Z
W-08,P-02565,1018,43,244,2026-06-21T04:08:35Z
W-07,P-02566,1257,259,205,2026-06-14T00:13:21Z
W-04,P-02567,856,123,212,2026-06-06T23:56:30Z
W-07,P-02567,988,150,178,2026-06-16T23:20:19Z
W-08,P-02567,893,189,224,2026-06-27T10:30:12Z
W-05,P-02568,1385,140,58,2026-06-26T02:06:53Z
W-04,P-02568,1930,26,96,2026-06-15T17:45:12Z
W-03,P-02568,1876,306,218,2026-06-13T11:44:33Z
W-01,P-02569,517,62,211,2026-06-01T08:00:48Z
W-06,P-02569,1716,289,92,2026-06-29T21:22:31Z
W-02,P-02569,630,86,121,2026-06-16T14:55:00Z
W-02,P-02570,270,21,219,2026-06-15T22:02:32Z
W-02,P-02571,502,10,60,2026-06-09T22:39:29Z
W-05,P-02571,490,67,299,2026-06-28T21:49:56Z
W-05,P-02572,815,63,200,2026-06-19T23:50:04Z
W-07,P-02572,1940,405,51,2026-06-04T17:29:50Z
W-06,P-02573,1205,39,227,2026-06-01T17:44:09Z
W-03,P-02573,1068,177,263,2026-06-02T07:31:18Z
W-01,P-02573,1430,335,119,2026-06-12T12:14:18Z
W-07,P-02574,1917,404,167,2026-06-29T02:27:59Z
W-02,P-02574,926,31,192,2026-06-18T12:38:31Z
W-06,P-02575,1022,21,244,2026-06-22T02:15:09Z
W-02,P-02575,555,87,239,2026-06-02T05:32:53Z
W-01,P-02575,343,25,158,2026-06-15T02:34:23Z
W-01,P-02576,699,31,64,2026-06-21T23:25:07Z
W-02,P-02576,1691,306,57,2026-06-01T16:53:24Z
W-04,P-02577,619,70,270,2026-06-06T13:07:03Z
W-02,P-02578,1234,59,66,2026-06-29T11:31:02Z
W-04,P-02578,1566,325,287,2026-06-19T08:49:06Z
W-01,P-02579,1472,250,132,2026-06-15T03:19:36Z
W-02,P-02580,1128,194,64,2026-06-29T08:46:29Z
W-01,P-02581,945,38,115,2026-06-20T12:06:38Z
W-05,P-02582,100,16,82,2026-06-12T14:04:25Z
W-02,P-02582,1666,350,58,2026-06-09T06:22:02Z
W-01,P-02582,1191,116,95,2026-06-05T14:16:24Z
W-08,P-02583,630,65,106,2026-06-13T15:59:09Z
W-04,P-02583,1736,371,189,2026-06-18T09:17:36Z
W-07,P-02583,42,6,230,2026-06-17T06:53:30Z
W-02,P-02584,1933,174,123,2026-06-02T12:48:01Z
W-01,P-02584,901,34,127,2026-06-27T01:06:54Z
W-07,P-02585,1183,258,173,2026-06-30T18:49:28Z
W-04,P-02586,1765,423,56,2026-06-25T01:50:19Z
W-03,P-02586,1841,251,265,2026-06-30T12:45:11Z
W-07,P-02587,503,118,154,2026-06-04T18:38:29Z
W-05,P-02587,1600,270,146,2026-06-02T08:45:28Z
W-04,P-02588,1492,143,237,2026-06-19T14:05:04Z
W-07,P-02588,41,3,232,2026-06-07T21:33:46Z
W-06,P-02588,796,131,120,2026-06-23T14:49:53Z
W-02,P-02589,1950,160,276,2026-06-18T11:42:48Z
W-02,P-02590,605,14,103,2026-06-15T23:00:40Z
W-07,P-02590,235,35,114,2026-06-15T11:20:53Z
W-07,P-02591,691,45,218,2026-06-16T03:25:48Z
W-04,P-02591,1814,38,156,2026-06-29T17:18:05Z
W-02,P-02592,303,23,275,2026-06-25T02:45:03Z
W-08,P-02593,1760,86,116,2026-06-04T18:58:18Z
W-06,P-02594,487,57,55,2026-06-01T04:20:53Z
W-03,P-02595,358,37,209,2026-06-25T08:12:34Z
W-01,P-02595,1695,413,224,2026-06-22T06:56:03Z
W-08,P-02595,684,79,165,2026-06-12T23:59:59Z
W-07,P-02596,1038,214,72,2026-06-03T20:30:51Z
W-06,P-02596,714,43,217,2026-06-20T18:15:22Z
W-02,P-02596,952,137,69,2026-06-16T09:38:55Z
W-06,P-02597,197,31,267,2026-06-22T13:06:29Z
W-01,P-02597,389,13,113,2026-06-11T10:02:15Z
W-03,P-02597,323,17,293,2026-06-14T07:35:21Z
W-04,P-02598,431,21,110,2026-06-04T17:18:47Z
W-02,P-02598,1128,42,249,2026-06-30T10:31:51Z
W-03,P-02598,1115,160,137,2026-06-30T23:09:26Z
W-05,P-02599,1443,296,260,2026-06-18T03:10:50Z
W-06,P-02599,516,122,117,2026-06-26T07:02:17Z
W-07,P-02600,1990,428,295,2026-06-07T01:27:14Z
W-04,P-02600,1363,339,282,2026-06-30T02:50:09Z
W-05,P-02601,371,59,260,2026-06-21T02:11:06Z
W-04,P-02602,1370,304,133,2026-06-22T14:36:46Z
W-02,P-02602,196,35,258,2026-06-30T08:07:48Z
W-08,P-02603,516,125,273,2026-06-17T03:26:29Z
W-05,P-02603,1054,27,261,2026-06-03T15:29:29Z
W-08,P-02604,1684,240,228,2026-06-02T18:51:35Z
W-05,P-02604,1587,339,249,2026-06-12T21:02:07Z
W-01,P-02605,1284,117,298,2026-06-24T13:10:53Z
W-06,P-02606,1703,310,101,2026-06-25T11:24:59Z
W-07,P-02606,885,79,180,2026-06-13T10:17:44Z
W-05,P-02606,464,10,215,2026-06-27T09:57:29Z
W-08,P-02607,353,79,199,2026-06-15T00:07:10Z
W-01,P-02607,1525,198,59,2026-06-18T22:39:14Z
W-06,P-02608,1719,83,211,2026-06-08T23:28:45Z
W-05,P-02609,348,32,133,2026-06-25T17:57:43Z
W-03,P-02609,712,104,210,2026-06-29T13:56:01Z
W-03,P-02610,1566,134,275,2026-06-28T10:42:40Z
W-05,P-02610,1214,44,246,2026-06-05T03:07:23Z
W-08,P-02610,546,133,196,2026-06-30T14:00:05Z
W-07,P-02611,1013,137,89,2026-06-03T17:50:22Z
W-07,P-02612,1555,247,132,2026-06-22T19:53:16Z
W-03,P-02612,1077,232,189,2026-06-03T15:05:22Z
W-01,P-02613,283,31,144,2026-06-16T00:16:17Z
W-02,P-02614,558,82,160,2026-06-09T14:46:17Z
W-01,P-02614,1149,97,273,2026-06-11T09:22:36Z
W-08,P-02614,1400,81,151,2026-06-21T07:32:09Z
W-01,P-02615,717,112,286,2026-06-01T12:09:30Z
W-05,P-02615,637,92,179,2026-06-23T11:33:21Z
W-04,P-02615,1675,249,146,2026-06-20T19:09:03Z
W-02,P-02616,387,91,252,2026-06-26T21:16:26Z
W-06,P-02617,1167,74,75,2026-06-19T03:32:17Z
W-01,P-02617,979,111,197,2026-06-11T07:31:18Z
W-04,P-02618,1788,349,97,2026-06-10T19:04:23Z
W-02,P-02619,523,80,60,2026-06-06T04:57:50Z
W-04,P-02620,1921,415,123,2026-06-25T06:04:29Z
W-05,P-02620,1414,216,244,2026-06-03T10:10:21Z
W-04,P-02621,1568,255,268,2026-06-26T14:44:03Z
W-02,P-02621,82,10,132,2026-06-28T14:05:17Z
W-01,P-02621,1595,111,154,2026-06-03T02:23:04Z
W-05,P-02622,1470,271,50,2026-06-02T08:51:50Z
W-06,P-02623,380,66,262,2026-06-30T11:35:12Z
W-03,P-02623,113,18,90,2026-06-11T16:06:11Z
W-03,P-02624,616,108,184,2026-06-25T22:39:40Z
W-01,P-02624,1220,298,293,2026-06-13T01:59:31Z
W-08,P-02624,1697,164,174,2026-06-11T00:27:00Z
W-07,P-02625,1936,248,236,2026-06-29T06:28:26Z
W-02,P-02626,1848,240,75,2026-06-18T03:57:12Z
W-03,P-02627,458,97,60,2026-06-18T03:31:56Z
W-01,P-02627,746,74,191,2026-06-09T03:24:17Z
W-02,P-02627,36,2,265,2026-06-22T04:32:36Z
W-06,P-02628,355,48,93,2026-06-14T08:00:48Z
W-05,P-02628,434,6,232,2026-06-03T14:02:18Z
W-04,P-02628,1426,350,220,2026-06-29T05:25:22Z
W-07,P-02629,792,146,99,2026-06-02T17:47:56Z
W-02,P-02629,941,144,170,2026-06-22T01:48:37Z
W-08,P-02629,44,6,159,2026-06-23T00:55:08Z
W-01,P-02630,125,14,87,2026-06-04T07:20:01Z
W-07,P-02630,1188,25,239,2026-06-07T17:42:05Z
W-03,P-02630,257,10,107,2026-06-28T18:34:14Z
W-01,P-02631,1614,192,94,2026-06-12T21:33:53Z
W-05,P-02631,1578,246,281,2026-06-23T09:06:24Z
W-08,P-02631,170,0,275,2026-06-26T15:22:24Z
W-01,P-02632,1531,317,171,2026-06-01T02:28:39Z
W-07,P-02632,801,103,231,2026-06-03T18:43:06Z
W-02,P-02633,398,89,262,2026-06-24T19:53:09Z
W-08,P-02633,869,26,84,2026-06-12T10:26:52Z
W-03,P-02633,1260,184,64,2026-06-07T05:26:44Z
W-02,P-02634,915,115,221,2026-06-20T11:08:12Z
W-05,P-02635,1818,367,240,2026-06-06T21:25:43Z
W-01,P-02636,1065,256,134,2026-06-16T05:47:29Z
W-04,P-02636,91,8,110,2026-06-30T22:57:48Z
W-05,P-02637,687,129,215,2026-06-19T10:55:14Z
W-07,P-02637,744,156,57,2026-06-08T09:18:34Z
W-03,P-02638,218,1,95,2026-06-02T04:01:12Z
W-06,P-02639,255,9,259,2026-06-16T05:22:10Z
W-01,P-02640,430,63,249,2026-06-26T18:07:38Z
W-05,P-02640,856,170,70,2026-06-19T16:16:03Z
W-04,P-02640,1495,251,272,2026-06-02T07:07:23Z
W-05,P-02641,177,18,280,2026-06-29T03:14:11Z
W-05,P-02642,589,90,81,2026-06-27T07:36:44Z
W-04,P-02642,978,167,157,2026-06-08T07:13:17Z
W-06,P-02642,557,99,220,2026-06-13T19:12:35Z
W-03,P-02643,1294,118,58,2026-06-27T15:08:21Z
W-04,P-02644,401,8,164,2026-06-26T11:24:43Z
W-02,P-02644,1964,456,146,2026-06-08T20:40:03Z
W-05,P-02644,1646,168,85,2026-06-28T11:53:16Z
W-06,P-02645,1821,432,172,2026-06-19T16:40:32Z
W-04,P-02646,1338,237,124,2026-06-27T13:47:45Z
W-06,P-02646,646,121,261,2026-06-09T22:24:09Z
W-01,P-02647,34,0,55,2026-06-18T05:54:51Z
W-02,P-02647,198,42,253,2026-06-07T18:42:47Z
W-04,P-02648,1070,54,220,2026-06-17T08:13:42Z
W-04,P-02649,1185,91,92,2026-06-29T09:45:25Z
W-05,P-02649,652,32,287,2026-06-17T02:08:35Z
W-01,P-02649,1329,274,177,2026-06-12T12:52:26Z
W-03,P-02650,328,0,174,2026-06-27T05:48:45Z
W-02,P-02650,1464,299,153,2026-06-07T09:08:57Z
W-08,P-02650,60,12,262,2026-06-03T01:28:00Z
W-08,P-02651,1085,235,185,2026-06-09T05:28:40Z
W-06,P-02651,1423,238,278,2026-06-01T00:03:04Z
W-06,P-02652,10,0,222,2026-06-14T09:35:22Z
W-01,P-02652,1790,408,230,2026-06-07T18:29:46Z
W-02,P-02653,1122,14,86,2026-06-22T13:37:17Z
W-03,P-02653,1417,94,156,2026-06-01T21:47:17Z
W-01,P-02653,1433,234,117,2026-06-09T16:28:42Z
W-04,P-02654,341,20,262,2026-06-06T22:44:13Z
W-03,P-02654,1744,362,173,2026-06-17T08:25:29Z
W-02,P-02655,224,46,89,2026-06-09T10:37:21Z
W-05,P-02655,1353,118,172,2026-06-10T08:49:16Z
W-03,P-02655,1404,241,90,2026-06-26T23:09:43Z
W-07,P-02656,1771,247,116,2026-06-27T21:45:29Z
W-02,P-02656,1747,16,71,2026-06-25T11:03:51Z
W-07,P-02657,191,1,258,2026-06-12T18:21:29Z
W-02,P-02658,1106,210,219,2026-06-02T22:54:35Z
W-01,P-02658,457,93,258,2026-06-01T09:09:02Z
W-03,P-02658,1384,265,262,2026-06-13T16:23:24Z
W-04,P-02659,1762,225,242,2026-06-01T07:24:26Z
W-01,P-02659,516,115,152,2026-06-11T21:40:03Z
W-03,P-02659,200,22,93,2026-06-26T00:09:51Z
W-05,P-02660,1174,204,260,2026-06-17T06:42:26Z
W-04,P-02660,758,48,259,2026-06-14T15:24:37Z
W-06,P-02660,115,17,248,2026-06-15T19:10:03Z
W-04,P-02661,10,2,297,2026-06-01T05:12:14Z
W-06,P-02661,1999,330,87,2026-06-10T09:39:15Z
W-02,P-02662,248,45,123,2026-06-14T07:07:06Z
W-01,P-02663,1765,84,188,2026-06-25T09:49:40Z
W-07,P-02663,240,19,244,2026-06-27T14:24:53Z
W-07,P-02664,1654,188,225,2026-06-19T16:11:46Z
W-08,P-02665,150,20,175,2026-06-12T15:36:29Z
W-07,P-02666,601,136,279,2026-06-11T14:57:57Z
W-02,P-02666,963,11,219,2026-06-25T17:59:11Z
W-06,P-02667,1243,64,160,2026-06-10T14:33:59Z
W-06,P-02668,1355,157,129,2026-06-11T08:36:06Z
W-07,P-02668,1983,102,101,2026-06-17T21:17:55Z
W-08,P-02669,537,57,162,2026-06-05T09:59:24Z
W-01,P-02669,177,1,228,2026-06-24T02:06:00Z
W-08,P-02670,1608,254,141,2026-06-03T02:02:57Z
W-01,P-02670,1448,67,86,2026-06-01T01:16:15Z
W-07,P-02671,1281,160,79,2026-06-24T08:00:46Z
W-08,P-02671,1241,116,124,2026-06-02T23:06:59Z
W-03,P-02672,926,175,178,2026-06-07T23:38:47Z
W-05,P-02672,1730,160,123,2026-06-18T14:14:36Z
W-02,P-02673,1087,127,202,2026-06-06T16:52:23Z
W-02,P-02674,594,49,124,2026-06-26T18:47:44Z
W-04,P-02674,1884,25,185,2026-06-25T14:28:09Z
W-07,P-02674,272,63,207,2026-06-17T09:27:23Z
W-04,P-02675,53,6,281,2026-06-14T18:41:38Z
W-05,P-02675,916,217,279,2026-06-10T13:11:11Z
W-06,P-02676,660,115,231,2026-06-03T01:28:54Z
W-03,P-02676,633,15,71,2026-06-28T22:07:04Z
W-02,P-02677,269,38,145,2026-06-30T11:19:08Z
W-01,P-02677,1046,29,59,2026-06-05T01:04:13Z
W-08,P-02677,1687,367,168,2026-06-20T13:38:39Z
W-06,P-02678,1983,151,62,2026-06-07T02:47:26Z
W-06,P-02679,1265,288,97,2026-06-22T13:15:06Z
W-04,P-02679,1941,123,263,2026-06-01T03:06:47Z
W-07,P-02679,9,2,53,2026-06-22T11:14:13Z
W-06,P-02680,849,130,211,2026-06-29T08:53:58Z
W-05,P-02680,1530,233,184,2026-06-17T11:42:08Z
W-02,P-02681,1393,197,150,2026-06-02T17:33:33Z
W-08,P-02682,1076,157,65,2026-06-28T17:23:09Z
W-01,P-02682,763,64,258,2026-06-27T06:36:40Z
W-04,P-02682,480,87,112,2026-06-21T22:48:56Z
W-04,P-02683,626,11,73,2026-06-03T16:10:57Z
W-06,P-02683,1500,239,277,2026-06-25T23:48:55Z
W-07,P-02683,1437,187,246,2026-06-29T05:46:14Z
W-06,P-02684,354,34,275,2026-06-24T07:28:29Z
W-07,P-02684,943,151,293,2026-06-20T03:24:31Z
W-01,P-02685,1641,397,107,2026-06-16T20:42:06Z
W-05,P-02686,581,105,156,2026-06-10T16:05:30Z
W-06,P-02687,1893,433,237,2026-06-24T09:27:08Z
W-01,P-02687,1038,211,50,2026-06-10T21:08:16Z
W-02,P-02687,125,13,62,2026-06-26T00:03:40Z
W-06,P-02688,616,70,226,2026-06-02T13:01:49Z
W-07,P-02688,1000,145,283,2026-06-12T12:16:38Z
W-01,P-02689,1038,52,272,2026-06-13T08:04:22Z
W-02,P-02689,1935,4,120,2026-06-18T23:26:54Z
W-02,P-02690,1458,166,210,2026-06-13T23:16:26Z
W-07,P-02691,204,41,184,2026-06-12T15:59:24Z
W-01,P-02692,1742,88,138,2026-06-29T02:16:12Z
W-08,P-02693,338,70,88,2026-06-16T20:51:51Z
W-04,P-02693,1004,170,206,2026-06-03T01:45:33Z
W-06,P-02694,28,7,286,2026-06-12T05:55:20Z
W-01,P-02694,285,58,220,2026-06-12T10:01:08Z
W-07,P-02695,1463,158,236,2026-06-13T16:36:31Z
W-01,P-02696,585,3,256,2026-06-29T04:16:36Z
W-05,P-02696,866,171,122,2026-06-22T19:33:00Z
W-08,P-02697,1371,177,296,2026-06-06T00:35:27Z
W-01,P-02697,575,5,248,2026-06-22T05:52:22Z
W-01,P-02698,172,43,253,2026-06-27T23:31:23Z
W-05,P-02699,1843,1,242,2026-06-17T14:28:58Z
W-01,P-02699,937,189,265,2026-06-08T09:57:06Z
W-08,P-02700,1950,460,106,2026-06-21T20:42:59Z
W-06,P-02700,1716,213,130,2026-06-12T05:27:24Z
W-04,P-02701,300,28,140,2026-06-15T03:08:02Z
W-05,P-02701,233,10,137,2026-06-20T19:50:25Z
W-07,P-02702,1595,162,92,2026-06-16T23:57:59Z
W-06,P-02702,557,77,97,2026-06-19T04:02:07Z
W-03,P-02703,934,2,125,2026-06-18T13:31:06Z
W-02,P-02704,1791,60,94,2026-06-23T23:27:01Z
W-03,P-02704,1073,64,205,2026-06-09T13:59:21Z
W-05,P-02704,501,48,150,2026-06-02T16:16:18Z
W-01,P-02705,362,82,222,2026-06-21T10:52:08Z
W-05,P-02705,794,51,164,2026-06-29T11:01:56Z
W-08,P-02706,1433,228,141,2026-06-15T10:42:26Z
W-07,P-02706,292,67,86,2026-06-17T04:35:31Z
W-04,P-02706,1905,75,254,2026-06-08T01:46:54Z
W-03,P-02707,123,1,60,2026-06-13T03:33:38Z
W-02,P-02707,1230,12,226,2026-06-09T23:27:00Z
W-07,P-02708,408,75,62,2026-06-05T17:09:19Z
W-03,P-02708,1376,82,259,2026-06-24T00:41:17Z
W-06,P-02708,932,183,257,2026-06-28T12:25:43Z
W-02,P-02709,1650,146,289,2026-06-22T14:53:04Z
W-01,P-02710,1000,245,271,2026-06-13T15:52:56Z
W-02,P-02710,602,82,246,2026-06-10T19:48:56Z
W-08,P-02711,1132,181,57,2026-06-21T01:51:38Z
W-07,P-02712,1306,67,101,2026-06-01T23:30:02Z
W-08,P-02712,1016,194,216,2026-06-29T12:07:39Z
W-01,P-02713,1002,48,220,2026-06-03T20:32:00Z
W-08,P-02714,1816,246,99,2026-06-26T01:11:01Z
W-03,P-02714,1343,117,52,2026-06-18T09:14:04Z
W-02,P-02714,1753,315,228,2026-06-25T15:51:22Z
W-05,P-02715,678,155,268,2026-06-11T12:15:08Z
W-06,P-02715,696,132,267,2026-06-06T16:20:40Z
W-01,P-02715,52,8,223,2026-06-30T06:44:34Z
W-07,P-02716,1873,84,189,2026-06-14T12:30:49Z
W-01,P-02716,1337,204,169,2026-06-01T01:53:14Z
W-03,P-02717,666,21,179,2026-06-17T19:31:32Z
W-06,P-02718,21,4,121,2026-06-16T19:09:06Z
W-08,P-02718,462,64,271,2026-06-02T00:11:57Z
W-04,P-02719,1190,259,66,2026-06-07T22:04:07Z
W-03,P-02719,871,98,59,2026-06-25T23:54:22Z
W-07,P-02719,1589,128,268,2026-06-16T09:48:32Z
W-06,P-02720,1364,170,151,2026-06-08T05:59:35Z
W-01,P-02720,600,76,285,2026-06-19T20:20:24Z
W-02,P-02721,1811,341,295,2026-06-24T11:16:42Z
W-03,P-02721,239,26,168,2026-06-22T14:45:02Z
W-02,P-02722,357,34,107,2026-06-07T11:12:07Z
W-07,P-02723,756,137,282,2026-06-25T09:25:48Z
W-02,P-02723,533,62,220,2026-06-09T04:00:41Z
W-08,P-02724,1513,329,236,2026-06-03T07:58:12Z
W-04,P-02724,1103,41,74,2026-06-10T17:11:22Z
W-01,P-02725,511,122,270,2026-06-24T20:53:47Z
W-06,P-02725,528,119,159,2026-06-01T13:37:22Z
W-04,P-02726,444,21,137,2026-06-18T19:00:40Z
W-05,P-02726,608,110,278,2026-06-06T05:40:09Z
W-03,P-02726,63,14,89,2026-06-28T11:42:34Z
W-03,P-02727,1665,75,249,2026-06-26T00:24:26Z
W-05,P-02728,1389,84,285,2026-06-14T07:03:35Z
W-08,P-02728,229,13,292,2026-06-27T06:15:16Z
W-06,P-02728,1137,114,64,2026-06-09T02:13:15Z
W-02,P-02729,1365,73,173,2026-06-22T04:25:39Z
W-08,P-02730,965,194,185,2026-06-22T17:58:51Z
W-08,P-02731,609,21,180,2026-06-19T13:55:39Z
W-06,P-02732,1065,202,154,2026-06-08T23:39:36Z
W-07,P-02733,1278,73,88,2026-06-20T12:41:33Z
W-03,P-02733,558,124,240,2026-06-16T07:53:19Z
W-05,P-02733,394,14,159,2026-06-09T20:02:45Z
W-08,P-02734,1536,130,276,2026-06-24T12:49:58Z
W-06,P-02734,305,73,83,2026-06-15T05:13:50Z
W-06,P-02735,706,105,190,2026-06-26T02:13:16Z
W-01,P-02735,678,50,136,2026-06-15T23:38:28Z
W-03,P-02736,220,27,247,2026-06-15T22:17:29Z
W-05,P-02736,1416,229,140,2026-06-05T12:09:48Z
W-02,P-02737,702,59,200,2026-06-08T22:48:33Z
W-08,P-02737,807,151,166,2026-06-02T08:54:02Z
W-03,P-02737,795,59,90,2026-06-25T00:47:24Z
W-03,P-02738,687,96,165,2026-06-21T10:58:23Z
W-08,P-02739,197,47,285,2026-06-17T15:49:12Z
W-03,P-02739,808,178,157,2026-06-04T03:43:32Z
W-07,P-02740,1136,127,145,2026-06-21T09:44:05Z
W-06,P-02741,1147,35,74,2026-06-25T01:01:42Z
W-04,P-02742,1280,98,134,2026-06-12T22:00:03Z
W-08,P-02742,76,15,105,2026-06-23T18:29:34Z
W-01,P-02743,427,101,220,2026-06-25T12:49:30Z
W-06,P-02743,1438,20,217,2026-06-17T07:20:05Z
W-07,P-02743,1178,171,187,2026-06-01T19:29:48Z
W-07,P-02744,415,29,260,2026-06-11T13:40:49Z
W-05,P-02744,1842,360,232,2026-06-07T18:29:46Z
W-01,P-02744,1031,40,127,2026-06-27T19:51:55Z
W-02,P-02745,1291,142,256,2026-06-09T09:11:04Z
W-06,P-02745,1390,300,120,2026-06-15T14:47:33Z
W-05,P-02745,1231,288,276,2026-06-16T12:04:15Z
W-05,P-02746,1411,202,300,2026-06-22T17:01:17Z
W-03,P-02746,1076,157,256,2026-06-18T10:27:25Z
W-08,P-02746,1351,214,267,2026-06-07T03:58:14Z
W-07,P-02747,502,42,197,2026-06-06T16:17:32Z
W-08,P-02747,1925,255,185,2026-06-08T20:09:18Z
W-06,P-02747,1272,188,214,2026-06-28T11:37:26Z
W-07,P-02748,1986,17,174,2026-06-04T02:32:56Z
W-03,P-02749,1044,80,261,2026-06-20T23:20:53Z
W-02,P-02750,940,38,269,2026-06-16T07:56:22Z
W-01,P-02750,991,1,154,2026-06-04T01:49:15Z
W-03,P-02750,479,22,179,2026-06-12T06:59:29Z
W-01,P-02751,1764,290,243,2026-06-29T18:07:56Z
W-07,P-02751,251,35,269,2026-06-11T03:24:11Z
W-07,P-02752,664,44,297,2026-06-02T15:18:43Z
W-08,P-02752,1264,104,294,2026-06-28T22:05:22Z
W-05,P-02752,268,37,232,2026-06-23T22:10:07Z
W-02,P-02753,1492,263,141,2026-06-23T03:34:49Z
W-03,P-02753,715,42,64,2026-06-01T02:58:31Z
W-02,P-02754,1355,7,210,2026-06-22T13:20:31Z
W-07,P-02754,1509,67,179,2026-06-29T03:24:43Z
W-03,P-02754,1793,259,195,2026-06-06T16:16:33Z
W-08,P-02755,1638,141,227,2026-06-09T16:04:22Z
W-06,P-02755,1466,3,207,2026-06-21T03:19:59Z
W-06,P-02756,255,33,133,2026-06-12T00:57:35Z
W-08,P-02756,1434,122,148,2026-06-25T01:15:21Z
W-04,P-02756,396,84,220,2026-06-19T12:05:21Z
W-06,P-02757,858,43,235,2026-06-06T21:59:43Z
W-01,P-02757,147,3,158,2026-06-29T01:08:29Z
W-08,P-02757,1456,4,121,2026-06-08T10:54:39Z
W-02,P-02758,1948,137,63,2026-06-14T09:25:08Z
W-07,P-02758,213,18,241,2026-06-29T07:40:10Z
W-05,P-02759,625,113,54,2026-06-10T05:47:20Z
W-02,P-02759,748,79,198,2026-06-10T11:21:24Z
W-05,P-02760,627,146,225,2026-06-03T13:36:21Z
W-02,P-02760,1028,137,55,2026-06-17T08:08:59Z
W-01,P-02761,359,11,116,2026-06-28T23:55:02Z
W-02,P-02761,55,10,160,2026-06-13T07:28:18Z
W-03,P-02761,444,51,281,2026-06-25T11:37:47Z
W-03,P-02762,88,9,142,2026-06-09T15:36:12Z
W-01,P-02763,1833,440,162,2026-06-22T07:50:05Z
W-03,P-02763,298,17,221,2026-06-02T03:50:54Z
W-07,P-02764,489,2,154,2026-06-13T04:28:27Z
W-02,P-02764,578,39,211,2026-06-25T13:23:42Z
W-05,P-02764,1230,98,197,2026-06-22T01:05:16Z
W-04,P-02765,209,5,273,2026-06-10T16:44:35Z
W-02,P-02765,1976,222,180,2026-06-23T04:20:06Z
W-02,P-02766,1185,65,172,2026-06-20T07:53:06Z
W-06,P-02767,1880,429,169,2026-06-08T10:49:03Z
W-06,P-02768,644,26,296,2026-06-29T13:08:40Z
W-01,P-02768,1751,109,279,2026-06-09T14:39:19Z
W-03,P-02768,778,141,196,2026-06-08T12:10:27Z
W-08,P-02769,289,53,147,2026-06-18T17:12:20Z
W-02,P-02770,668,139,212,2026-06-21T22:46:57Z
W-04,P-02770,162,11,212,2026-06-04T09:55:18Z
W-07,P-02770,496,96,184,2026-06-07T10:12:51Z
W-08,P-02771,258,15,196,2026-06-22T19:41:33Z
W-04,P-02772,1818,369,111,2026-06-18T15:27:51Z
W-01,P-02772,687,163,270,2026-06-22T22:37:05Z
W-04,P-02773,1245,91,73,2026-06-13T09:55:36Z
W-08,P-02773,1936,239,66,2026-06-07T00:07:14Z
W-01,P-02774,213,11,255,2026-06-12T11:50:18Z
W-02,P-02774,290,41,130,2026-06-12T22:43:14Z
W-03,P-02775,417,76,227,2026-06-18T08:34:09Z
W-07,P-02776,473,26,191,2026-06-15T19:41:23Z
W-04,P-02776,522,73,205,2026-06-30T08:21:35Z
W-05,P-02776,669,137,177,2026-06-13T07:49:08Z
W-05,P-02777,1920,445,228,2026-06-13T11:42:19Z
W-08,P-02777,185,22,225,2026-06-25T08:50:45Z
W-03,P-02778,786,61,84,2026-06-02T00:47:21Z
W-08,P-02779,161,23,185,2026-06-14T19:11:59Z
W-02,P-02779,169,19,152,2026-06-25T14:43:28Z
W-01,P-02779,1543,197,290,2026-06-03T04:08:55Z
W-02,P-02780,1159,104,50,2026-06-10T08:04:43Z
W-03,P-02780,484,87,238,2026-06-19T03:42:48Z
W-05,P-02780,1868,36,126,2026-06-23T14:44:54Z
W-01,P-02781,1755,307,235,2026-06-29T07:26:52Z
W-08,P-02781,1235,258,192,2026-06-12T02:15:27Z
W-05,P-02782,1726,326,262,2026-06-28T17:52:09Z
W-06,P-02783,918,220,149,2026-06-03T20:01:54Z
W-07,P-02784,1939,1,183,2026-06-12T21:18:12Z
W-03,P-02784,198,4,297,2026-06-15T05:17:13Z
W-07,P-02785,1118,220,96,2026-06-24T19:33:13Z
W-06,P-02785,525,13,126,2026-06-05T09:20:50Z
W-03,P-02786,199,14,261,2026-06-12T08:15:34Z
W-07,P-02786,366,1,298,2026-06-22T15:48:50Z
W-05,P-02786,5,1,177,2026-06-13T01:33:27Z
W-06,P-02787,1426,65,107,2026-06-12T09:49:40Z
W-04,P-02787,196,24,148,2026-06-22T06:50:25Z
W-01,P-02788,746,61,99,2026-06-19T12:37:00Z
W-02,P-02788,228,56,76,2026-06-06T08:29:28Z
W-04,P-02789,495,2,202,2026-06-06T02:47:34Z
W-02,P-02790,29,3,257,2026-06-08T04:18:04Z
W-06,P-02790,1077,143,199,2026-06-26T03:30:26Z
W-08,P-02790,152,36,231,2026-06-04T08:53:39Z
W-04,P-02791,1321,160,134,2026-06-02T11:49:29Z
W-01,P-02791,1915,76,112,2026-06-20T16:59:59Z
W-05,P-02791,475,59,271,2026-06-12T10:52:41Z
W-02,P-02792,1941,350,249,2026-06-25T10:42:15Z
W-05,P-02792,895,80,112,2026-06-25T08:24:19Z
W-04,P-02793,1057,219,300,2026-06-26T23:50:16Z
W-01,P-02793,1267,181,266,2026-06-10T18:22:32Z
W-08,P-02793,1477,346,69,2026-06-12T15:27:46Z
W-05,P-02794,1195,106,175,2026-06-09T01:55:53Z
W-07,P-02795,485,88,195,2026-06-16T10:53:15Z
W-08,P-02795,1911,275,178,2026-06-23T19:30:05Z
W-02,P-02796,1057,74,142,2026-06-01T15:54:23Z
W-01,P-02796,956,234,253,2026-06-13T20:10:24Z
W-01,P-02797,1719,170,101,2026-06-02T16:13:32Z
W-04,P-02798,914,15,300,2026-06-13T13:55:38Z
W-02,P-02798,344,12,255,2026-06-09T02:08:36Z
W-07,P-02799,2000,365,241,2026-06-15T00:07:20Z
W-01,P-02799,390,49,54,2026-06-17T12:07:51Z
W-08,P-02799,325,19,72,2026-06-25T02:43:28Z
W-01,P-02800,236,27,204,2026-06-10T11:19:06Z
W-07,P-02801,221,41,109,2026-06-06T05:56:56Z
W-03,P-02801,1659,362,277,2026-06-01T08:38:15Z
W-04,P-02802,1667,285,68,2026-06-05T03:33:56Z
W-06,P-02802,140,17,56,2026-06-17T17:39:16Z
W-03,P-02803,179,39,77,2026-06-01T05:58:03Z
W-06,P-02803,1426,287,170,2026-06-21T14:28:41Z
W-04,P-02803,130,24,293,2026-06-03T16:14:25Z
W-01,P-02804,1500,37,218,2026-06-18T10:05:26Z
W-06,P-02804,618,61,217,2026-06-28T21:06:00Z
W-03,P-02805,1141,218,218,2026-06-01T20:20:03Z
W-06,P-02805,725,88,115,2026-06-19T21:50:23Z
W-02,P-02805,1966,10,56,2026-06-05T19:34:41Z
W-04,P-02806,1915,150,58,2026-06-04T10:57:04Z
W-06,P-02807,663,45,139,2026-06-18T08:44:48Z
W-01,P-02808,1054,95,280,2026-06-25T01:37:07Z
W-03,P-02808,1704,148,227,2026-06-15T18:21:14Z
W-04,P-02808,1939,115,141,2026-06-30T05:14:12Z
W-01,P-02809,1503,153,52,2026-06-25T22:44:23Z
W-05,P-02809,730,105,241,2026-06-24T21:07:36Z
W-08,P-02809,618,46,71,2026-06-07T14:47:30Z
W-04,P-02810,1188,18,83,2026-06-07T23:42:46Z
W-03,P-02810,1828,132,263,2026-06-24T17:29:37Z
W-06,P-02810,349,18,141,2026-06-12T06:38:27Z
W-04,P-02811,1586,310,162,2026-06-13T19:17:31Z
W-01,P-02812,659,83,281,2026-06-05T14:51:53Z
W-07,P-02812,1901,472,236,2026-06-14T13:59:14Z
W-03,P-02812,1191,47,197,2026-06-26T15:23:11Z
W-01,P-02813,146,32,110,2026-06-12T23:30:42Z
W-04,P-02814,737,31,182,2026-06-15T23:21:54Z
W-07,P-02815,1263,76,77,2026-06-28T03:17:11Z
W-02,P-02815,132,7,85,2026-06-21T17:06:57Z
W-06,P-02815,1678,283,138,2026-06-13T08:48:19Z
W-03,P-02816,338,26,77,2026-06-06T14:53:14Z
W-07,P-02816,854,50,81,2026-06-28T09:14:31Z
W-06,P-02817,1902,27,183,2026-06-16T15:34:53Z
W-02,P-02818,224,12,199,2026-06-10T13:09:28Z
W-04,P-02818,260,32,240,2026-06-27T10:18:50Z
W-05,P-02818,883,186,300,2026-06-30T16:22:55Z
W-05,P-02819,1515,82,204,2026-06-20T23:47:22Z
W-04,P-02820,1073,94,249,2026-06-21T04:30:45Z
W-01,P-02820,415,45,87,2026-06-16T18:20:40Z
W-07,P-02821,770,116,124,2026-06-18T11:18:20Z
W-08,P-02821,1894,429,172,2026-06-15T04:08:04Z
W-07,P-02822,1234,299,142,2026-06-20T20:04:57Z
W-06,P-02822,1208,160,258,2026-06-16T08:48:46Z
W-03,P-02823,26,3,84,2026-06-24T05:33:31Z
W-08,P-02823,754,43,127,2026-06-04T07:00:44Z
W-06,P-02824,1402,213,226,2026-06-12T20:05:14Z
W-07,P-02824,592,60,73,2026-06-20T03:50:33Z
W-02,P-02825,490,118,296,2026-06-20T05:47:07Z
W-01,P-02826,837,8,300,2026-06-30T20:04:50Z
W-05,P-02826,1519,307,185,2026-06-14T08:27:33Z
W-06,P-02827,1716,235,178,2026-06-06T04:38:21Z
W-02,P-02827,1132,46,276,2026-06-16T07:54:27Z
W-07,P-02827,1628,192,265,2026-06-17T03:03:46Z
W-02,P-02828,986,243,106,2026-06-15T19:05:55Z
W-01,P-02828,540,50,71,2026-06-04T16:06:31Z
W-04,P-02828,1263,136,218,2026-06-18T23:27:36Z
W-05,P-02829,441,47,215,2026-06-14T18:29:14Z
W-01,P-02829,1098,227,77,2026-06-17T10:27:45Z
W-06,P-02829,602,56,280,2026-06-03T01:13:13Z
W-01,P-02830,914,143,264,2026-06-28T23:16:32Z
W-05,P-02831,94,23,137,2026-06-02T08:19:18Z
W-06,P-02831,489,86,51,2026-06-23T22:59:53Z
W-06,P-02832,653,66,121,2026-06-12T13:40:10Z
W-03,P-02832,550,137,208,2026-06-30T01:11:00Z
W-04,P-02833,1711,130,200,2026-06-18T17:17:05Z
W-02,P-02833,731,94,245,2026-06-22T02:57:53Z
W-08,P-02834,1200,278,277,2026-06-19T20:25:26Z
W-05,P-02834,1600,124,224,2026-06-30T05:49:36Z
W-06,P-02835,1921,297,299,2026-06-06T08:37:13Z
W-06,P-02836,1713,201,209,2026-06-11T04:13:11Z
W-02,P-02836,1778,41,282,2026-06-10T00:53:05Z
W-05,P-02837,772,64,252,2026-06-11T13:27:52Z
W-01,P-02837,1461,232,225,2026-06-02T02:01:46Z
W-08,P-02838,803,178,191,2026-06-02T07:38:18Z
W-05,P-02838,990,158,141,2026-06-06T01:14:48Z
W-02,P-02839,305,37,263,2026-06-29T03:45:48Z
W-01,P-02839,810,8,254,2026-06-21T22:56:20Z
W-07,P-02839,778,153,97,2026-06-21T12:19:08Z
W-01,P-02840,477,58,227,2026-06-17T08:24:48Z
W-01,P-02841,538,130,213,2026-06-30T19:30:28Z
W-02,P-02841,64,3,110,2026-06-19T20:59:28Z
W-04,P-02842,41,2,56,2026-06-13T12:07:00Z
W-05,P-02842,1970,282,207,2026-06-04T21:59:28Z
W-08,P-02842,1177,149,212,2026-06-16T20:39:48Z
W-06,P-02843,1384,58,142,2026-06-01T04:01:10Z
W-03,P-02844,383,81,194,2026-06-08T13:56:26Z
W-05,P-02844,658,63,147,2026-06-08T22:33:55Z
W-02,P-02845,1922,83,204,2026-06-11T05:06:00Z
W-07,P-02845,18,1,123,2026-06-13T13:11:39Z
W-05,P-02846,454,6,276,2026-06-08T06:45:43Z
W-06,P-02846,635,25,197,2026-06-26T09:10:20Z
W-07,P-02846,984,30,70,2026-06-15T15:12:29Z
W-01,P-02847,122,0,59,2026-06-21T14:54:36Z
W-06,P-02847,7,0,199,2026-06-10T04:18:58Z
W-06,P-02848,1937,95,200,2026-06-07T18:22:32Z
W-03,P-02849,1745,408,109,2026-06-30T07:22:49Z
W-08,P-02849,848,162,136,2026-06-30T05:30:52Z
W-05,P-02850,1784,413,269,2026-06-13T02:17:55Z
W-06,P-02850,930,9,141,2026-06-02T06:43:57Z
W-01,P-02850,431,77,61,2026-06-01T04:32:27Z
W-06,P-02851,626,3,135,2026-06-03T06:32:07Z
W-03,P-02851,1295,309,236,2026-06-29T14:26:04Z
W-02,P-02852,607,49,254,2026-06-21T20:41:42Z
W-05,P-02853,1917,302,130,2026-06-16T20:34:18Z
W-02,P-02854,861,68,244,2026-06-19T00:15:04Z
W-06,P-02854,1507,233,199,2026-06-24T18:30:32Z
W-04,P-02855,1766,225,253,2026-06-17T23:15:51Z
W-06,P-02855,1238,306,179,2026-06-21T03:12:28Z
W-02,P-02856,438,22,77,2026-06-01T17:01:27Z
W-02,P-02857,49,3,86,2026-06-19T18:01:55Z
W-04,P-02857,1322,154,91,2026-06-28T17:18:36Z
W-04,P-02858,125,28,283,2026-06-17T00:33:58Z
W-08,P-02859,1491,86,232,2026-06-17T13:08:22Z
W-01,P-02859,1509,120,104,2026-06-26T20:53:25Z
W-05,P-02860,1409,211,166,2026-06-05T20:06:06Z
W-04,P-02860,751,89,218,2026-06-11T08:27:23Z
W-08,P-02860,209,11,292,2026-06-12T17:00:23Z
W-08,P-02861,1079,237,191,2026-06-27T04:11:31Z
W-08,P-02862,1799,338,174,2026-06-24T09:55:27Z
W-04,P-02862,234,42,170,2026-06-27T06:53:04Z
W-06,P-02862,1403,46,80,2026-06-12T23:14:05Z
W-08,P-02863,547,72,186,2026-06-09T15:29:15Z
W-04,P-02863,1825,231,117,2026-06-29T04:34:58Z
W-06,P-02863,445,32,225,2026-06-19T15:42:41Z
W-03,P-02864,1400,218,184,2026-06-01T14:08:22Z
W-08,P-02865,1129,134,196,2026-06-21T05:41:05Z
W-04,P-02865,1062,240,233,2026-06-03T05:34:58Z
W-07,P-02866,1688,407,208,2026-06-06T06:41:26Z
W-02,P-02867,1233,147,75,2026-06-18T01:31:18Z
W-08,P-02868,1097,90,266,2026-06-02T16:49:24Z
W-05,P-02868,1290,143,210,2026-06-16T11:30:46Z
W-07,P-02868,85,6,298,2026-06-09T03:30:58Z
W-01,P-02869,761,43,300,2026-06-15T16:50:26Z
W-02,P-02869,22,2,127,2026-06-04T19:04:26Z
W-08,P-02870,19,3,217,2026-06-10T04:45:08Z
W-05,P-02871,520,27,74,2026-06-01T06:38:48Z
W-08,P-02871,1709,139,229,2026-06-25T10:40:08Z
W-03,P-02872,1794,428,251,2026-06-15T12:12:34Z
W-05,P-02872,94,22,212,2026-06-08T02:22:36Z
W-08,P-02873,839,14,132,2026-06-28T04:36:17Z
W-01,P-02873,1642,400,170,2026-06-23T19:37:16Z
W-04,P-02873,306,70,249,2026-06-07T17:12:54Z
W-04,P-02874,1753,330,131,2026-06-03T08:59:30Z
W-01,P-02874,1437,124,235,2026-06-24T05:35:00Z
W-02,P-02875,329,61,71,2026-06-28T05:22:45Z
W-08,P-02876,460,78,204,2026-06-13T18:53:20Z
W-06,P-02876,1698,201,89,2026-06-04T13:20:09Z
W-05,P-02877,896,28,71,2026-06-02T07:13:14Z
W-06,P-02877,1072,123,256,2026-06-06T21:09:30Z
W-04,P-02877,1986,73,127,2026-06-08T10:04:46Z
W-06,P-02878,1630,246,296,2026-06-04T04:36:13Z
W-02,P-02879,315,31,286,2026-06-08T20:40:32Z
W-01,P-02880,952,138,262,2026-06-27T05:25:04Z
W-02,P-02880,267,63,260,2026-06-18T21:36:46Z
W-05,P-02881,1199,154,220,2026-06-30T15:04:06Z
W-01,P-02882,1791,156,91,2026-06-06T20:26:34Z
W-04,P-02883,1818,218,168,2026-06-07T16:05:20Z
W-02,P-02883,994,142,239,2026-06-17T08:59:52Z
W-07,P-02884,301,47,113,2026-06-22T02:44:52Z
W-07,P-02885,1094,55,160,2026-06-16T10:32:54Z
W-06,P-02885,1485,273,215,2026-06-15T14:16:16Z
W-03,P-02886,1546,93,110,2026-06-07T04:20:00Z
W-04,P-02886,1414,49,266,2026-06-21T00:40:01Z
W-01,P-02887,1851,88,228,2026-06-15T01:06:44Z
W-06,P-02887,1252,25,156,2026-06-29T10:33:56Z
W-05,P-02887,1988,366,263,2026-06-09T04:41:40Z
W-08,P-02888,1300,21,69,2026-06-26T00:11:15Z
W-01,P-02888,1125,257,109,2026-06-22T10:30:59Z
W-06,P-02888,996,116,96,2026-06-28T14:57:27Z
W-06,P-02889,1201,76,262,2026-06-29T06:34:46Z
W-07,P-02890,744,176,218,2026-06-29T02:14:26Z
W-05,P-02891,1664,135,81,2026-06-03T19:49:40Z
W-04,P-02891,1213,203,238,2026-06-02T17:39:46Z
W-05,P-02892,796,24,174,2026-06-01T12:07:53Z
W-04,P-02893,125,19,153,2026-06-30T10:11:36Z
W-06,P-02893,1183,97,257,2026-06-12T19:48:32Z
W-07,P-02894,1343,11,191,2026-06-26T15:30:44Z
W-05,P-02895,907,106,78,2026-06-09T17:50:18Z
W-05,P-02896,916,22,112,2026-06-03T00:56:35Z
W-01,P-02897,1601,269,170,2026-06-11T22:27:31Z
W-07,P-02897,434,11,173,2026-06-23T22:14:07Z
W-06,P-02897,260,18,264,2026-06-04T06:20:59Z
W-01,P-02898,934,206,106,2026-06-05T23:08:38Z
W-03,P-02898,984,243,274,2026-06-18T11:04:43Z
W-07,P-02898,1239,19,93,2026-06-27T21:11:44Z
W-02,P-02899,948,113,63,2026-06-07T23:23:26Z
W-08,P-02899,1138,176,147,2026-06-15T20:56:52Z
W-04,P-02900,1192,134,76,2026-06-02T21:08:08Z
W-02,P-02900,371,90,139,2026-06-16T09:17:19Z
W-01,P-02900,135,27,157,2026-06-27T22:23:47Z
W-02,P-02901,314,53,136,2026-06-13T16:11:30Z
W-05,P-02901,1800,340,172,2026-06-21T17:14:21Z
W-03,P-02901,455,21,81,2026-06-21T20:02:45Z
W-06,P-02902,172,24,177,2026-06-01T04:35:07Z
W-02,P-02902,898,208,104,2026-06-23T17:23:01Z
W-02,P-02903,410,27,74,2026-06-26T14:31:37Z
W-07,P-02903,1784,399,132,2026-06-24T22:13:55Z
W-05,P-02903,1734,326,216,2026-06-28T05:09:36Z
W-08,P-02904,1762,110,132,2026-06-17T05:32:16Z
W-07,P-02904,941,206,243,2026-06-03T13:51:22Z
W-03,P-02905,1070,49,273,2026-06-15T18:18:10Z
W-04,P-02906,582,64,118,2026-06-27T19:32:06Z
W-01,P-02906,1257,166,193,2026-06-14T15:17:59Z
W-05,P-02907,604,104,78,2026-06-12T00:06:27Z
W-08,P-02907,1873,34,56,2026-06-07T22:12:17Z
W-04,P-02907,431,33,165,2026-06-16T01:04:35Z
W-06,P-02908,1915,103,251,2026-06-26T18:52:35Z
W-02,P-02908,1327,136,222,2026-06-18T20:13:35Z
W-04,P-02908,1065,150,208,2026-06-28T01:08:14Z
W-05,P-02909,710,115,183,2026-06-19T00:50:21Z
W-08,P-02909,591,37,128,2026-06-22T01:29:08Z
W-04,P-02909,202,49,154,2026-06-11T22:43:47Z
W-03,P-02910,1127,50,117,2026-06-03T15:57:03Z
W-04,P-02911,349,50,272,2026-06-04T23:47:18Z
W-07,P-02911,1735,431,232,2026-06-16T12:40:45Z
W-03,P-02912,1096,274,68,2026-06-09T21:35:57Z
W-02,P-02913,1927,65,243,2026-06-19T23:00:44Z
W-05,P-02914,1820,236,114,2026-06-12T23:53:17Z
W-03,P-02914,613,92,107,2026-06-22T19:55:39Z
W-06,P-02914,1581,167,56,2026-06-05T19:56:23Z
W-08,P-02915,1738,325,111,2026-06-28T06:03:22Z
W-02,P-02915,1595,370,193,2026-06-25T17:35:23Z
W-08,P-02916,389,53,86,2026-06-09T10:50:45Z
W-02,P-02916,949,50,71,2026-06-01T22:01:14Z
W-05,P-02916,1201,250,193,2026-06-07T07:03:35Z
W-01,P-02917,1747,290,240,2026-06-16T00:15:21Z
W-05,P-02917,16,4,74,2026-06-08T03:54:48Z
W-04,P-02917,1662,220,96,2026-06-01T08:35:14Z
W-02,P-02918,1506,203,279,2026-06-10T11:33:19Z
W-05,P-02918,395,35,234,2026-06-29T01:22:57Z
W-04,P-02918,1388,196,233,2026-06-14T18:22:26Z
W-01,P-02919,405,50,220,2026-06-29T13:07:16Z
W-04,P-02919,375,55,273,2026-06-02T22:44:00Z
W-07,P-02920,1988,57,215,2026-06-14T22:55:47Z
W-02,P-02920,36,7,119,2026-06-10T11:49:01Z
W-06,P-02920,433,87,151,2026-06-27T22:56:58Z
W-04,P-02921,1613,372,172,2026-06-01T12:49:07Z
W-03,P-02921,453,78,126,2026-06-19T07:47:48Z
W-08,P-02921,88,5,264,2026-06-21T09:52:45Z
W-02,P-02922,1688,72,205,2026-06-02T06:30:48Z
W-04,P-02922,1172,185,65,2026-06-12T22:19:38Z
W-08,P-02922,993,10,60,2026-06-03T07:42:08Z
W-04,P-02923,1553,12,202,2026-06-21T11:56:34Z
W-07,P-02924,913,180,292,2026-06-12T07:22:57Z
W-05,P-02924,905,167,246,2026-06-22T05:52:19Z
W-04,P-02925,1414,138,221,2026-06-22T19:16:41Z
W-05,P-02925,55,13,109,2026-06-12T07:38:03Z
W-01,P-02926,1355,27,209,2026-06-08T10:18:43Z
W-08,P-02926,1949,468,170,2026-06-03T12:32:58Z
W-08,P-02927,476,20,144,2026-06-28T05:57:46Z
W-03,P-02928,1662,304,188,2026-06-07T15:08:02Z
W-02,P-02928,879,216,218,2026-06-07T02:31:55Z
W-03,P-02929,1336,43,218,2026-06-13T10:58:52Z
W-01,P-02929,1683,354,269,2026-06-27T20:22:05Z
W-08,P-02929,769,1,113,2026-06-08T12:45:55Z
W-03,P-02930,221,0,261,2026-06-22T03:55:18Z
W-02,P-02930,1846,99,265,2026-06-05T06:02:56Z
W-04,P-02930,782,109,184,2026-06-28T04:57:26Z
W-06,P-02931,271,18,270,2026-06-11T00:30:43Z
W-05,P-02931,1817,395,57,2026-06-13T20:50:52Z
W-03,P-02931,575,92,169,2026-06-03T13:10:32Z
W-02,P-02932,71,3,50,2026-06-10T07:30:41Z
W-05,P-02933,495,19,68,2026-06-13T01:28:12Z
W-08,P-02933,308,33,191,2026-06-12T15:00:25Z
W-08,P-02934,845,100,255,2026-06-14T07:39:12Z
W-04,P-02935,492,73,66,2026-06-01T15:21:27Z
W-01,P-02935,428,104,137,2026-06-05T04:07:11Z
W-06,P-02935,1084,70,263,2026-06-24T04:01:05Z
W-08,P-02936,349,41,290,2026-06-17T11:42:47Z
W-04,P-02936,1744,252,263,2026-06-01T02:59:31Z
W-05,P-02936,1880,289,283,2026-06-30T22:50:21Z
W-05,P-02937,586,0,254,2026-06-09T01:16:13Z
W-06,P-02937,412,62,258,2026-06-07T19:40:43Z
W-08,P-02937,647,107,193,2026-06-14T20:12:38Z
W-07,P-02938,1074,110,211,2026-06-27T16:52:53Z
W-08,P-02939,1072,21,127,2026-06-21T04:13:55Z
W-07,P-02939,1538,116,80,2026-06-03T15:25:14Z
W-01,P-02940,1686,189,249,2026-06-23T04:39:23Z
W-06,P-02941,1016,204,136,2026-06-14T15:33:24Z
W-03,P-02941,1710,406,79,2026-06-26T16:19:08Z
W-05,P-02941,1299,209,191,2026-06-05T14:30:29Z
W-02,P-02942,1270,18,188,2026-06-15T11:18:48Z
W-05,P-02943,544,61,157,2026-06-26T21:51:42Z
W-08,P-02943,416,65,139,2026-06-20T04:06:50Z
W-03,P-02944,15,2,247,2026-06-12T13:22:44Z
W-05,P-02944,1160,173,179,2026-06-04T10:42:22Z
W-02,P-02944,1226,120,252,2026-06-15T07:35:32Z
W-05,P-02945,590,86,56,2026-06-19T07:51:00Z
W-04,P-02945,1634,319,233,2026-06-18T10:03:29Z
W-01,P-02946,1818,302,240,2026-06-07T13:24:08Z
W-07,P-02946,445,84,270,2026-06-29T07:52:56Z
W-08,P-02947,330,62,209,2026-06-12T14:56:33Z
W-06,P-02947,102,8,120,2026-06-04T16:51:12Z
W-03,P-02947,1132,57,134,2026-06-25T06:17:34Z
W-08,P-02948,1798,3,222,2026-06-10T12:43:07Z
W-08,P-02949,1432,141,144,2026-06-19T06:03:11Z
W-05,P-02949,1506,200,176,2026-06-16T07:51:04Z
W-01,P-02949,1068,83,56,2026-06-26T08:33:06Z
W-05,P-02950,1242,288,90,2026-06-25T10:46:23Z
W-06,P-02951,433,59,123,2026-06-30T21:35:49Z
W-05,P-02951,1976,464,283,2026-06-07T03:55:18Z
W-07,P-02952,870,95,79,2026-06-20T09:53:53Z
W-02,P-02952,58,14,113,2026-06-30T09:15:06Z
W-05,P-02952,362,3,249,2026-06-29T12:05:42Z
W-08,P-02953,1586,244,236,2026-06-24T09:55:03Z
W-05,P-02954,352,78,256,2026-06-13T04:11:20Z
W-04,P-02954,521,129,180,2026-06-09T15:14:47Z
W-02,P-02955,658,105,100,2026-06-21T10:26:53Z
W-07,P-02955,1247,160,146,2026-06-23T07:27:49Z
W-08,P-02955,1828,214,224,2026-06-21T01:07:55Z
W-05,P-02956,1917,35,296,2026-06-13T11:36:39Z
W-08,P-02957,891,163,300,2026-06-09T08:31:56Z
W-06,P-02958,1376,268,141,2026-06-23T17:01:11Z
W-01,P-02958,168,6,263,2026-06-03T14:28:56Z
W-08,P-02958,1511,298,52,2026-06-11T06:39:46Z
W-07,P-02959,578,25,247,2026-06-29T23:23:02Z
W-02,P-02960,1470,186,137,2026-06-13T02:27:50Z
W-03,P-02960,239,17,164,2026-06-10T23:57:55Z
W-01,P-02961,514,52,252,2026-06-22T10:32:29Z
W-02,P-02961,523,84,229,2026-06-13T18:27:03Z
W-08,P-02962,1843,346,104,2026-06-24T05:15:11Z
W-04,P-02962,258,36,279,2026-06-08T15:55:27Z
W-06,P-02962,948,178,155,2026-06-06T06:04:23Z
W-07,P-02963,1199,183,51,2026-06-04T07:24:19Z
W-05,P-02963,700,25,253,2026-06-13T22:47:55Z
W-08,P-02964,1177,146,300,2026-06-12T07:35:55Z
W-04,P-02964,1491,180,218,2026-06-14T11:43:22Z
W-01,P-02965,1185,230,167,2026-06-03T09:44:33Z
W-04,P-02965,1738,81,181,2026-06-25T07:20:10Z
W-02,P-02966,9,2,267,2026-06-30T03:58:16Z
W-08,P-02966,1984,267,241,2026-06-16T05:42:55Z
W-03,P-02966,493,120,181,2026-06-30T20:09:38Z
W-04,P-02967,401,70,65,2026-06-15T18:30:26Z
W-07,P-02967,1660,34,50,2026-06-06T09:48:58Z
W-06,P-02968,844,29,207,2026-06-04T21:41:56Z
W-01,P-02968,1301,261,191,2026-06-29T04:55:53Z
W-03,P-02969,965,172,99,2026-06-01T16:28:47Z
W-06,P-02969,1499,319,197,2026-06-27T10:03:37Z
W-05,P-02969,1758,340,92,2026-06-16T07:09:33Z
W-07,P-02970,1695,80,172,2026-06-19T01:01:26Z
W-01,P-02971,745,101,69,2026-06-20T15:13:25Z
W-04,P-02971,1733,423,143,2026-06-17T03:41:23Z
W-04,P-02972,1070,27,244,2026-06-03T02:44:47Z
W-08,P-02972,1689,150,270,2026-06-12T14:42:43Z
W-02,P-02972,9,0,242,2026-06-16T13:31:26Z
W-06,P-02973,832,107,118,2026-06-29T09:48:48Z
W-07,P-02973,1735,338,129,2026-06-02T21:24:58Z
W-02,P-02974,64,5,273,2026-06-08T17:57:13Z
W-02,P-02975,1700,47,119,2026-06-16T13:17:22Z
W-04,P-02975,637,22,57,2026-06-24T20:40:49Z
W-08,P-02976,1810,438,203,2026-06-03T15:49:26Z
W-02,P-02977,1892,164,198,2026-06-23T01:50:04Z
W-07,P-02977,466,69,96,2026-06-27T16:27:20Z
W-04,P-02978,1916,450,69,2026-06-07T01:03:58Z
W-02,P-02978,714,73,239,2026-06-04T21:13:09Z
W-03,P-02979,770,1,210,2026-06-19T14:58:26Z
W-02,P-02979,394,19,50,2026-06-20T17:17:33Z
W-03,P-02980,1352,284,90,2026-06-03T08:52:19Z
W-04,P-02980,64,13,184,2026-06-24T23:34:15Z
W-06,P-02981,629,128,150,2026-06-23T07:11:49Z
W-08,P-02981,1329,36,173,2026-06-13T04:04:12Z
W-05,P-02982,1901,96,281,2026-06-25T00:57:42Z
W-06,P-02983,671,33,284,2026-06-14T12:52:34Z
W-04,P-02983,981,54,151,2026-06-12T21:13:53Z
W-01,P-02983,848,199,114,2026-06-12T21:06:56Z
W-07,P-02984,870,146,108,2026-06-20T04:04:03Z
W-06,P-02985,1474,320,166,2026-06-17T14:36:50Z
W-07,P-02985,1188,53,131,2026-06-07T20:22:50Z
W-01,P-02985,365,70,134,2026-06-11T08:38:09Z
W-05,P-02986,785,94,225,2026-06-17T17:19:22Z
W-03,P-02986,1025,221,103,2026-06-15T00:50:07Z
W-01,P-02987,461,70,243,2026-06-03T17:41:35Z
W-08,P-02988,1768,82,60,2026-06-20T09:11:16Z
W-07,P-02989,1923,102,194,2026-06-17T21:42:35Z
W-02,P-02989,714,53,271,2026-06-21T02:40:25Z
W-03,P-02990,1498,196,274,2026-06-11T08:24:28Z
W-07,P-02990,170,30,136,2026-06-25T20:53:34Z
W-05,P-02990,189,37,54,2026-06-23T05:09:37Z
W-04,P-02991,907,132,263,2026-06-04T09:03:14Z
W-03,P-02992,820,202,161,2026-06-12T06:05:05Z
W-07,P-02993,1976,359,155,2026-06-12T11:59:30Z
W-03,P-02993,224,38,230,2026-06-03T00:56:36Z
W-01,P-02993,34,6,219,2026-06-20T13:27:07Z
W-03,P-02994,490,114,300,2026-06-01T16:12:57Z
W-07,P-02994,1905,169,137,2026-06-12T00:57:14Z
W-02,P-02994,429,72,221,2026-06-23T01:05:28Z
W-08,P-02995,1796,149,206,2026-06-10T08:11:20Z
W-04,P-02995,475,81,60,2026-06-07T20:51:42Z
W-02,P-02996,629,80,162,2026-06-12T10:54:21Z
W-01,P-02996,683,90,72,2026-06-30T15:18:33Z
W-05,P-02996,985,162,96,2026-06-19T15:41:18Z
W-05,P-02997,1809,443,84,2026-06-29T15:23:49Z
W-06,P-02998,1562,28,224,2026-06-19T11:34:47Z
W-04,P-02998,261,25,189,2026-06-27T01:37:07Z
W-02,P-02999,1693,376,176,2026-06-30T03:31:42Z
W-05,P-02999,1942,196,164,2026-06-07T09:48:05Z
W-06,P-02999,435,90,100,2026-06-11T22:23:09Z
W-06,P-03000,1060,190,149,2026-06-17T06:14:30Z
W-08,P-03001,4,1,300,2026-06-01T16:13:04Z
W-06,P-03001,1381,56,54,2026-06-07T12:24:41Z
W-05,P-03002,1810,16,280,2026-06-05T10:44:48Z
W-04,P-03002,1595,374,250,2026-06-29T00:19:30Z
W-01,P-03003,1700,331,122,2026-06-23T11:41:42Z
W-07,P-03004,1151,205,101,2026-06-22T02:13:14Z
W-01,P-03005,1195,193,161,2026-06-02T07:42:09Z
W-07,P-03005,1506,146,299,2026-06-08T15:48:40Z
W-04,P-03005,534,50,94,2026-06-04T12:48:08Z
W-08,P-03006,95,23,285,2026-06-04T02:59:20Z
W-05,P-03006,514,104,164,2026-06-15T20:09:25Z
W-06,P-03006,1073,215,70,2026-06-09T06:43:23Z
W-08,P-03007,1917,83,211,2026-06-23T00:47:36Z
W-03,P-03007,383,71,203,2026-06-21T12:43:53Z
W-04,P-03007,1792,214,143,2026-06-19T17:23:35Z
W-08,P-03008,1259,260,92,2026-06-17T02:25:54Z
W-04,P-03008,358,54,263,2026-06-15T06:01:08Z
W-07,P-03008,1625,329,79,2026-06-19T15:52:01Z
W-08,P-03009,1201,295,100,2026-06-28T08:31:22Z
W-02,P-03009,344,83,91,2026-06-08T22:04:25Z
W-04,P-03009,1118,140,65,2026-06-23T14:34:48Z
W-06,P-03010,1560,137,254,2026-06-19T03:30:42Z
W-05,P-03010,480,83,250,2026-06-04T00:46:18Z
W-02,P-03010,659,124,138,2026-06-07T23:10:19Z
W-02,P-03011,1635,77,155,2026-06-10T02:53:32Z
W-05,P-03011,1825,242,111,2026-06-19T15:17:52Z
W-01,P-03011,824,77,280,2026-06-10T09:56:14Z
W-04,P-03012,1964,336,79,2026-06-21T09:26:21Z
W-07,P-03013,344,28,238,2026-06-21T00:26:20Z
W-08,P-03013,1434,268,126,2026-06-03T10:23:18Z
W-01,P-03013,250,14,168,2026-06-03T18:44:23Z
W-05,P-03014,959,106,116,2026-06-19T06:48:32Z
W-06,P-03014,1082,130,53,2026-06-04T04:43:08Z
W-03,P-03015,1572,69,298,2026-06-29T13:41:36Z
W-07,P-03015,1996,453,219,2026-06-25T10:05:26Z
W-02,P-03015,908,161,86,2026-06-30T17:35:26Z
W-03,P-03016,946,193,278,2026-06-25T18:55:25Z
W-04,P-03016,1736,204,231,2026-06-15T09:05:15Z
W-02,P-03017,665,2,56,2026-06-10T07:32:28Z
W-03,P-03017,618,90,124,2026-06-17T05:49:23Z
W-01,P-03017,229,50,224,2026-06-17T16:47:40Z
W-08,P-03018,1964,108,253,2026-06-10T18:18:43Z
W-02,P-03019,469,82,223,2026-06-27T14:15:21Z
W-04,P-03019,1729,133,197,2026-06-15T08:09:40Z
W-02,P-03020,916,74,56,2026-06-27T01:17:54Z
W-05,P-03021,1589,84,150,2026-06-23T06:51:03Z
W-08,P-03021,1640,268,165,2026-06-27T01:17:13Z
W-07,P-03021,1466,5,200,2026-06-15T08:19:34Z
W-06,P-03022,306,10,107,2026-06-09T07:42:41Z
W-01,P-03022,196,45,265,2026-06-30T09:05:12Z
W-04,P-03022,1043,107,180,2026-06-12T19:07:52Z
W-02,P-03023,1463,357,117,2026-06-18T03:15:47Z
W-02,P-03024,514,93,185,2026-06-09T17:43:42Z
W-06,P-03024,579,77,162,2026-06-14T12:07:56Z
W-03,P-03025,1064,84,175,2026-06-09T07:12:01Z
W-06,P-03026,1294,15,151,2026-06-13T02:26:12Z
W-08,P-03026,1318,175,88,2026-06-11T10:04:57Z
W-02,P-03026,1594,79,58,2026-06-03T20:30:11Z
W-04,P-03027,1071,170,260,2026-06-26T11:11:25Z
W-07,P-03027,48,2,66,2026-06-30T23:23:12Z
W-01,P-03027,256,24,202,2026-06-30T02:17:11Z
W-07,P-03028,1627,75,167,2026-06-14T06:47:55Z
W-08,P-03028,257,63,96,2026-06-30T03:10:44Z
W-02,P-03029,822,47,194,2026-06-20T08:49:39Z
W-01,P-03029,138,3,261,2026-06-10T23:47:09Z
W-06,P-03030,1715,359,124,2026-06-08T02:25:11Z
W-04,P-03030,1591,117,144,2026-06-28T22:47:57Z
W-01,P-03030,1664,122,95,2026-06-22T18:57:34Z
W-07,P-03031,1619,33,82,2026-06-13T09:24:34Z
W-06,P-03031,844,70,181,2026-06-18T18:22:46Z
W-02,P-03032,968,115,191,2026-06-11T10:28:41Z
W-07,P-03032,527,108,260,2026-06-01T10:05:01Z
W-04,P-03033,677,59,287,2026-06-15T05:28:17Z
W-06,P-03033,470,14,242,2026-06-16T10:12:23Z
W-08,P-03034,95,4,202,2026-06-15T23:13:17Z
W-06,P-03034,1638,360,300,2026-06-25T16:46:32Z
W-05,P-03035,632,42,151,2026-06-27T12:04:05Z
W-08,P-03036,662,72,272,2026-06-23T16:14:29Z
W-07,P-03037,1889,100,105,2026-06-19T00:44:07Z
W-05,P-03037,1697,74,149,2026-06-14T14:26:23Z
W-01,P-03037,1205,264,220,2026-06-06T13:01:34Z
W-05,P-03038,1109,66,198,2026-06-09T17:56:39Z
W-07,P-03038,1687,301,221,2026-06-01T09:17:37Z
W-06,P-03038,641,155,75,2026-06-03T04:48:16Z
W-03,P-03039,922,115,92,2026-06-03T20:56:27Z
W-07,P-03040,1192,258,262,2026-06-25T08:32:08Z
W-05,P-03040,6,1,242,2026-06-23T14:29:26Z
W-02,P-03040,1749,370,98,2026-06-27T17:52:28Z
W-08,P-03041,816,24,101,2026-06-23T08:07:12Z
W-07,P-03042,1826,335,98,2026-06-19T09:09:47Z
W-03,P-03042,1733,276,283,2026-06-02T19:28:18Z
W-06,P-03042,1928,65,291,2026-06-08T18:22:27Z
W-06,P-03043,881,47,267,2026-06-07T00:28:22Z
W-07,P-03043,317,63,198,2026-06-17T03:55:29Z
W-05,P-03043,1736,313,229,2026-06-22T10:37:12Z
W-05,P-03044,309,39,110,2026-06-18T22:53:35Z
W-08,P-03044,1459,304,193,2026-06-08T03:14:52Z
W-07,P-03044,1446,207,126,2026-06-14T12:07:40Z
W-03,P-03045,1643,114,249,2026-06-05T14:47:05Z
W-05,P-03046,1829,2,124,2026-06-18T11:07:18Z
W-01,P-03047,94,2,60,2026-06-16T23:53:54Z
W-03,P-03047,703,15,132,2026-06-16T19:39:38Z
W-06,P-03047,1481,145,82,2026-06-01T18:59:50Z
W-01,P-03048,30,6,120,2026-06-09T06:31:38Z
W-08,P-03048,782,124,136,2026-06-26T00:27:33Z
W-05,P-03049,152,37,55,2026-06-03T16:27:03Z
W-03,P-03050,508,9,263,2026-06-23T04:10:01Z
W-08,P-03050,14,1,137,2026-06-13T15:29:55Z
W-02,P-03051,1752,222,245,2026-06-18T11:37:49Z
W-05,P-03051,984,68,104,2026-06-03T19:34:09Z
W-08,P-03052,1887,123,95,2026-06-28T08:19:52Z
W-07,P-03052,1751,26,177,2026-06-14T06:26:48Z
W-02,P-03053,1569,29,178,2026-06-17T19:46:13Z
W-08,P-03054,1244,207,292,2026-06-05T09:13:03Z
W-04,P-03054,1614,108,217,2026-06-29T22:26:47Z
W-05,P-03055,1958,27,284,2026-06-21T12:08:51Z
W-06,P-03055,1060,258,217,2026-06-30T17:52:47Z
W-03,P-03056,140,2,167,2026-06-15T06:51:18Z
W-06,P-03056,1171,94,298,2026-06-08T07:50:48Z
W-05,P-03056,962,54,137,2026-06-08T22:29:47Z
W-07,P-03057,686,109,171,2026-06-20T02:13:34Z
W-05,P-03057,648,90,166,2026-06-29T09:41:50Z
W-06,P-03057,994,199,124,2026-06-28T04:06:08Z
W-07,P-03058,1738,359,117,2026-06-21T22:33:28Z
W-02,P-03058,1056,249,129,2026-06-15T13:06:20Z
W-05,P-03058,136,27,268,2026-06-06T11:43:39Z
W-08,P-03059,791,138,294,2026-06-23T13:38:19Z
W-06,P-03059,1346,332,277,2026-06-11T13:50:10Z
W-04,P-03060,726,30,257,2026-06-28T10:36:04Z
W-06,P-03060,1312,25,114,2026-06-02T08:33:09Z
W-02,P-03060,149,1,139,2026-06-12T13:50:40Z
W-08,P-03061,828,96,180,2026-06-09T16:14:33Z
W-05,P-03061,512,33,197,2026-06-04T07:28:18Z
W-02,P-03062,1524,338,140,2026-06-24T17:02:01Z
W-08,P-03062,251,50,272,2026-06-14T08:28:31Z
W-07,P-03062,96,16,166,2026-06-14T07:04:06Z
W-03,P-03063,1120,158,225,2026-06-01T13:43:53Z
W-05,P-03063,955,217,284,2026-06-24T07:41:09Z
W-04,P-03064,1758,65,281,2026-06-07T14:19:17Z
W-02,P-03064,1086,42,268,2026-06-23T05:32:56Z
W-05,P-03064,1454,37,175,2026-06-08T09:10:21Z
W-06,P-03065,1023,139,112,2026-06-19T21:33:56Z
W-02,P-03065,1206,294,250,2026-06-12T12:21:22Z
W-08,P-03065,1451,61,65,2026-06-28T21:32:27Z
W-02,P-03066,1277,17,264,2026-06-06T10:53:15Z
W-06,P-03066,1692,304,158,2026-06-02T20:24:03Z
W-08,P-03066,1967,296,216,2026-06-30T07:32:08Z
W-03,P-03067,151,23,260,2026-06-06T01:59:52Z
W-02,P-03068,569,103,172,2026-06-19T20:34:37Z
W-08,P-03068,607,28,142,2026-06-07T01:10:51Z
W-03,P-03068,1827,402,191,2026-06-21T07:51:41Z
W-06,P-03069,505,120,190,2026-06-11T20:39:07Z
W-08,P-03069,610,101,59,2026-06-30T11:17:00Z
W-07,P-03070,1497,136,124,2026-06-20T08:58:52Z
W-01,P-03070,740,55,243,2026-06-04T03:48:38Z
W-08,P-03071,120,7,241,2026-06-03T21:03:58Z
W-04,P-03071,269,65,179,2026-06-24T08:05:22Z
W-07,P-03072,1342,233,240,2026-06-09T19:54:19Z
W-08,P-03072,357,41,284,2026-06-06T01:50:13Z
W-01,P-03072,127,24,208,2026-06-02T16:38:29Z
W-03,P-03073,1636,324,249,2026-06-24T19:02:56Z
W-01,P-03073,1829,9,174,2026-06-18T04:26:25Z
W-07,P-03074,244,14,180,2026-06-27T04:57:50Z
W-06,P-03075,1887,113,228,2026-06-14T07:07:01Z
W-02,P-03075,529,102,172,2026-06-17T02:23:37Z
W-05,P-03075,46,9,241,2026-06-10T22:12:13Z
W-07,P-03076,1411,87,248,2026-06-03T10:08:19Z
W-08,P-03076,743,31,155,2026-06-11T09:29:25Z
W-08,P-03077,240,58,210,2026-06-09T09:38:17Z
W-08,P-03078,1465,176,261,2026-06-05T11:43:49Z
W-02,P-03079,343,51,255,2026-06-08T06:21:08Z
W-01,P-03079,1617,146,73,2026-06-02T10:17:57Z
W-06,P-03080,1838,385,284,2026-06-16T12:05:03Z
W-03,P-03080,46,10,231,2026-06-24T11:44:58Z
W-06,P-03081,1769,5,197,2026-06-17T13:52:51Z
W-02,P-03081,459,83,93,2026-06-10T11:22:56Z
W-08,P-03081,512,119,178,2026-06-23T13:41:16Z
W-08,P-03082,254,53,242,2026-06-02T03:05:08Z
W-07,P-03083,664,151,274,2026-06-15T06:11:19Z
W-08,P-03083,107,10,300,2026-06-24T19:23:18Z
W-05,P-03084,1951,307,297,2026-06-20T06:20:13Z
W-08,P-03085,177,3,288,2026-06-03T02:23:05Z
W-03,P-03085,1476,331,89,2026-06-17T03:41:46Z
W-06,P-03085,1269,181,147,2026-06-24T19:58:10Z
W-01,P-03086,888,203,111,2026-06-20T19:58:38Z
W-04,P-03087,1932,381,61,2026-06-11T15:56:45Z
W-01,P-03088,1164,265,125,2026-06-29T00:19:36Z
W-03,P-03088,710,38,98,2026-06-01T00:26:49Z
W-05,P-03089,1886,424,275,2026-06-05T04:44:35Z
W-01,P-03089,667,53,217,2026-06-05T07:50:39Z
W-08,P-03090,1424,1,210,2026-06-28T11:47:53Z
W-01,P-03090,1472,205,199,2026-06-15T17:08:19Z
W-02,P-03090,801,16,248,2026-06-21T15:28:07Z
W-08,P-03091,1696,288,246,2026-06-06T13:38:05Z
W-04,P-03091,631,103,291,2026-06-10T19:59:54Z
W-01,P-03091,1687,223,70,2026-06-07T21:03:16Z
W-04,P-03092,1591,209,144,2026-06-14T06:17:56Z
W-05,P-03093,584,73,155,2026-06-03T22:02:29Z
W-07,P-03093,1815,86,151,2026-06-16T12:18:05Z
W-06,P-03093,638,29,72,2026-06-07T13:47:54Z
W-01,P-03094,1347,57,164,2026-06-10T01:58:31Z
W-05,P-03094,1967,312,88,2026-06-06T08:28:44Z
W-07,P-03094,1732,146,100,2026-06-25T14:54:03Z
W-06,P-03095,1088,2,73,2026-06-06T12:53:55Z
W-04,P-03095,1103,256,63,2026-06-03T19:26:36Z
W-02,P-03096,286,41,300,2026-06-22T01:59:17Z
W-05,P-03096,1665,167,291,2026-06-01T06:40:45Z
W-07,P-03096,764,26,91,2026-06-23T15:33:54Z
W-03,P-03097,1363,286,220,2026-06-30T13:20:05Z
W-07,P-03098,1329,33,155,2026-06-20T00:57:08Z
W-03,P-03098,747,46,134,2026-06-11T17:31:51Z
W-01,P-03098,228,56,118,2026-06-22T14:22:08Z
W-07,P-03099,469,90,165,2026-06-04T00:21:44Z
W-08,P-03099,1931,298,284,2026-06-05T08:41:25Z
W-08,P-03100,1980,95,79,2026-06-18T22:59:27Z
W-04,P-03100,1652,58,263,2026-06-11T13:13:01Z
W-08,P-03101,585,31,59,2026-06-08T13:02:39Z
W-03,P-03101,688,53,88,2026-06-24T06:42:09Z
W-07,P-03101,1713,172,167,2026-06-03T03:12:16Z
W-08,P-03102,380,93,245,2026-06-20T17:07:36Z
W-04,P-03103,75,0,220,2026-06-28T10:30:17Z
W-02,P-03103,997,117,289,2026-06-21T08:42:40Z
W-08,P-03103,1241,171,126,2026-06-09T23:28:58Z
W-05,P-03104,882,27,225,2026-06-12T20:39:41Z
W-03,P-03105,124,29,159,2026-06-17T14:23:21Z
W-04,P-03106,57,5,96,2026-06-18T12:56:57Z
W-05,P-03107,23,1,227,2026-06-25T09:59:26Z
W-06,P-03107,431,40,123,2026-06-26T18:47:49Z
W-02,P-03107,629,33,296,2026-06-25T13:45:10Z
W-08,P-03108,171,6,64,2026-06-09T23:22:11Z
W-06,P-03108,988,102,206,2026-06-27T10:28:34Z
W-06,P-03109,1004,124,123,2026-06-25T09:37:04Z
W-04,P-03110,1670,68,250,2026-06-03T01:08:18Z
W-02,P-03111,1526,39,143,2026-06-02T10:39:25Z
W-01,P-03111,1037,164,86,2026-06-18T07:53:58Z
W-01,P-03112,1848,224,296,2026-06-29T00:15:20Z
W-02,P-03112,1871,460,101,2026-06-20T04:36:15Z
W-08,P-03112,1351,7,145,2026-06-14T08:05:32Z
W-07,P-03113,325,15,210,2026-06-28T23:08:49Z
W-06,P-03114,1972,330,141,2026-06-08T10:46:08Z
W-03,P-03114,646,93,171,2026-06-20T21:42:03Z
W-06,P-03115,1901,178,300,2026-06-23T17:51:18Z
W-05,P-03115,847,70,270,2026-06-09T01:49:35Z
W-08,P-03115,616,25,132,2026-06-06T18:03:53Z
W-01,P-03116,577,84,278,2026-06-04T13:08:59Z
W-07,P-03116,1438,10,268,2026-06-17T19:41:14Z
W-08,P-03117,139,27,256,2026-06-25T07:57:34Z
W-02,P-03117,1893,380,130,2026-06-27T09:52:46Z
W-01,P-03118,1536,160,175,2026-06-04T08:05:06Z
W-04,P-03118,1180,186,272,2026-06-26T21:28:49Z
W-05,P-03119,868,111,99,2026-06-08T17:09:57Z
W-03,P-03120,1185,136,207,2026-06-21T14:45:58Z
W-02,P-03120,1264,68,169,2026-06-17T07:14:39Z
W-07,P-03120,1599,332,284,2026-06-28T15:53:46Z
W-04,P-03121,1467,20,145,2026-06-11T17:29:21Z
W-03,P-03122,1369,313,247,2026-06-17T23:25:48Z
W-03,P-03123,927,52,85,2026-06-18T05:55:49Z
W-01,P-03123,1307,4,215,2026-06-14T05:00:05Z
W-04,P-03123,1661,294,158,2026-06-22T18:11:10Z
W-01,P-03124,1829,253,300,2026-06-08T18:27:21Z
W-02,P-03124,103,7,291,2026-06-30T14:24:39Z
W-07,P-03124,838,183,143,2026-06-21T20:08:07Z
W-08,P-03125,697,105,176,2026-06-11T16:59:13Z
W-01,P-03125,979,211,233,2026-06-20T04:59:45Z
W-03,P-03125,1800,359,82,2026-06-04T23:03:31Z
W-04,P-03126,1648,192,209,2026-06-21T15:07:30Z
W-06,P-03126,1631,2,239,2026-06-06T16:16:09Z
W-01,P-03126,1278,67,75,2026-06-26T02:27:12Z
W-02,P-03127,882,45,113,2026-06-07T03:44:17Z
W-04,P-03128,943,193,291,2026-06-12T15:57:11Z
W-07,P-03128,955,69,282,2026-06-17T04:36:55Z
W-06,P-03128,1544,255,130,2026-06-21T22:54:06Z
W-08,P-03129,525,88,220,2026-06-05T00:14:02Z
W-03,P-03130,1510,100,229,2026-06-11T09:44:58Z
W-01,P-03130,604,148,126,2026-06-15T15:51:41Z
W-05,P-03131,420,40,84,2026-06-06T19:58:58Z
W-02,P-03131,246,32,107,2026-06-23T23:50:43Z
W-01,P-03131,928,226,226,2026-06-05T17:09:02Z
W-02,P-03132,892,116,246,2026-06-20T14:59:04Z
W-02,P-03133,246,30,241,2026-06-20T17:18:52Z
W-06,P-03134,82,15,55,2026-06-26T17:21:06Z
W-05,P-03135,914,64,226,2026-06-06T17:34:16Z
W-06,P-03135,1966,42,91,2026-06-16T09:20:32Z
W-02,P-03136,108,20,160,2026-06-09T16:24:10Z
W-05,P-03136,1422,23,161,2026-06-01T01:55:52Z
W-02,P-03137,1806,182,260,2026-06-05T21:56:58Z
W-04,P-03137,869,4,214,2026-06-13T13:12:26Z
W-06,P-03137,1555,266,175,2026-06-05T05:32:20Z
W-05,P-03138,1669,227,61,2026-06-01T16:08:43Z
W-05,P-03139,1799,139,129,2026-06-17T05:47:06Z
W-01,P-03139,1328,116,240,2026-06-16T19:35:08Z
W-06,P-03139,433,65,121,2026-06-20T04:50:09Z
W-06,P-03140,1718,277,131,2026-06-06T14:49:50Z
W-05,P-03141,1417,210,95,2026-06-03T03:45:25Z
W-02,P-03141,1940,258,131,2026-06-12T16:39:18Z
W-02,P-03142,54,12,296,2026-06-05T22:46:44Z
W-01,P-03142,261,13,135,2026-06-25T12:03:59Z
W-05,P-03142,734,168,218,2026-06-28T00:59:40Z
W-03,P-03143,958,195,83,2026-06-05T23:21:47Z
W-01,P-03143,1597,57,281,2026-06-17T10:44:29Z
W-07,P-03143,1951,199,190,2026-06-07T03:46:08Z
W-07,P-03144,941,154,222,2026-06-21T01:02:35Z
W-04,P-03144,1836,237,207,2026-06-21T00:18:28Z
W-04,P-03145,448,79,145,2026-06-28T11:41:32Z
W-01,P-03145,1694,291,140,2026-06-08T04:00:02Z
W-02,P-03145,209,49,165,2026-06-28T09:03:48Z
W-04,P-03146,1841,287,190,2026-06-27T21:26:38Z
W-05,P-03146,1947,346,267,2026-06-26T03:15:08Z
W-07,P-03146,1373,140,129,2026-06-19T20:54:45Z
W-01,P-03147,1620,277,206,2026-06-14T10:25:26Z
W-08,P-03148,41,7,170,2026-06-07T17:12:00Z
W-04,P-03148,603,12,52,2026-06-28T11:07:49Z
W-02,P-03148,878,71,77,2026-06-20T11:17:49Z
W-07,P-03149,1613,289,155,2026-06-29T07:59:11Z
W-01,P-03150,620,96,235,2026-06-15T14:23:40Z
W-02,P-03150,1218,195,216,2026-06-20T13:22:41Z
W-08,P-03150,122,23,85,2026-06-07T12:09:14Z
W-04,P-03151,302,68,77,2026-06-21T18:23:28Z
W-03,P-03152,1438,15,76,2026-06-23T05:31:40Z
W-08,P-03152,287,46,116,2026-06-25T09:22:49Z
W-01,P-03152,930,176,124,2026-06-27T21:43:54Z
W-04,P-03153,1382,218,289,2026-06-08T13:41:03Z
W-06,P-03153,1432,218,277,2026-06-24T06:03:52Z
W-07,P-03154,297,50,158,2026-06-24T17:45:58Z
W-05,P-03154,1864,395,90,2026-06-17T03:36:11Z
W-03,P-03154,332,13,155,2026-06-28T08:01:06Z
W-03,P-03155,1020,172,186,2026-06-15T08:58:17Z
W-01,P-03155,1162,16,273,2026-06-29T16:36:35Z
W-05,P-03155,1957,365,53,2026-06-04T19:24:16Z
W-05,P-03156,614,0,206,2026-06-09T09:14:30Z
W-01,P-03156,1814,417,120,2026-06-02T04:30:05Z
W-03,P-03156,2000,216,206,2026-06-12T19:41:29Z
W-04,P-03157,415,44,110,2026-06-04T10:01:41Z
W-06,P-03157,1256,198,109,2026-06-16T00:57:33Z
W-03,P-03157,1099,119,90,2026-06-20T01:41:21Z
W-02,P-03158,1532,78,239,2026-06-20T12:19:25Z
W-01,P-03158,1144,240,282,2026-06-15T08:23:39Z
W-06,P-03159,1213,12,185,2026-06-15T15:35:06Z
W-08,P-03160,829,37,223,2026-06-06T14:07:57Z
W-08,P-03161,212,6,170,2026-06-07T04:01:01Z
W-06,P-03161,1505,50,88,2026-06-05T01:46:47Z
W-07,P-03161,1018,28,100,2026-06-23T06:52:14Z
W-06,P-03162,674,63,210,2026-06-26T17:08:02Z
W-07,P-03162,626,56,220,2026-06-02T23:41:47Z
W-05,P-03162,1236,65,140,2026-06-29T08:42:21Z
W-08,P-03163,1670,351,135,2026-06-14T20:17:19Z
W-07,P-03163,1646,332,181,2026-06-28T20:51:29Z
W-02,P-03163,552,50,268,2026-06-30T13:44:03Z
W-06,P-03164,131,23,229,2026-06-27T00:04:40Z
W-04,P-03164,1068,170,132,2026-06-14T09:18:44Z
W-03,P-03164,879,207,75,2026-06-22T16:40:23Z
W-05,P-03165,1650,99,282,2026-06-04T22:32:47Z
W-04,P-03165,736,82,285,2026-06-22T16:42:06Z
W-02,P-03165,234,37,289,2026-06-02T00:52:31Z
W-07,P-03166,20,3,230,2026-06-29T06:02:38Z
W-08,P-03166,1715,84,59,2026-06-27T20:52:48Z
W-06,P-03166,169,8,186,2026-06-20T21:29:28Z
W-03,P-03167,1379,29,208,2026-06-11T15:05:22Z
W-06,P-03167,678,117,197,2026-06-04T18:34:32Z
W-04,P-03168,908,159,161,2026-06-14T16:32:11Z
W-03,P-03168,1696,166,279,2026-06-04T22:08:21Z
W-01,P-03168,1124,141,213,2026-06-28T19:05:06Z
W-04,P-03169,285,14,146,2026-06-09T09:52:05Z
W-06,P-03169,1814,298,233,2026-06-02T08:02:47Z
W-07,P-03169,1849,280,67,2026-06-24T20:37:05Z
W-04,P-03170,1310,259,157,2026-06-26T16:56:59Z
W-01,P-03170,791,64,286,2026-06-26T21:00:10Z
W-05,P-03170,359,19,275,2026-06-28T03:23:22Z
W-01,P-03171,1119,144,223,2026-06-10T17:17:37Z
W-07,P-03171,290,2,187,2026-06-28T20:05:21Z
W-03,P-03172,607,134,176,2026-06-06T03:01:10Z
W-01,P-03172,959,88,94,2026-06-04T10:58:13Z
W-06,P-03172,1070,203,172,2026-06-02T15:00:08Z
W-02,P-03173,1962,487,272,2026-06-12T03:32:46Z
W-06,P-03173,1638,399,300,2026-06-02T15:57:00Z
W-08,P-03174,1376,238,65,2026-06-05T10:28:58Z
W-04,P-03175,61,12,130,2026-06-23T17:26:22Z
W-03,P-03175,657,95,300,2026-06-11T17:06:51Z
W-08,P-03175,604,25,245,2026-06-28T06:28:24Z
W-04,P-03176,345,11,281,2026-06-03T16:38:25Z
W-08,P-03176,338,40,222,2026-06-30T10:42:54Z
W-03,P-03176,799,29,114,2026-06-24T18:51:45Z
W-02,P-03177,1317,158,218,2026-06-22T22:53:08Z
W-08,P-03178,1087,75,258,2026-06-10T10:10:26Z
W-03,P-03179,932,35,103,2026-06-24T08:10:12Z
W-06,P-03179,150,18,92,2026-06-10T08:06:50Z
W-08,P-03179,1480,251,273,2026-06-03T20:24:57Z
W-08,P-03180,1022,5,131,2026-06-25T05:24:48Z
W-07,P-03180,1005,122,272,2026-06-21T19:15:10Z
W-07,P-03181,1749,339,213,2026-06-16T17:37:32Z
W-05,P-03181,973,81,200,2026-06-28T05:38:18Z
W-08,P-03182,1575,357,69,2026-06-04T19:26:35Z
W-08,P-03183,1466,317,132,2026-06-26T20:37:09Z
W-07,P-03184,569,73,88,2026-06-03T17:56:51Z
W-03,P-03184,1251,267,183,2026-06-08T05:47:19Z
W-02,P-03184,772,105,132,2026-06-05T00:55:20Z
W-04,P-03185,1670,83,190,2026-06-07T04:43:19Z
W-07,P-03185,825,179,244,2026-06-25T00:24:15Z
W-06,P-03185,1739,314,95,2026-06-26T21:59:17Z
W-07,P-03186,655,12,246,2026-06-06T19:24:58Z
W-03,P-03187,1529,267,112,2026-06-28T12:35:19Z
W-08,P-03187,1635,1,129,2026-06-14T06:35:30Z
W-04,P-03187,438,67,160,2026-06-18T15:40:49Z
W-04,P-03188,1956,323,99,2026-06-05T06:21:27Z
W-06,P-03188,1274,26,191,2026-06-09T12:33:18Z
W-01,P-03189,104,15,186,2026-06-30T14:31:28Z
W-05,P-03190,1787,372,86,2026-06-05T09:25:41Z
W-07,P-03190,1941,308,194,2026-06-13T12:16:41Z
W-08,P-03190,290,9,190,2026-06-09T16:31:48Z
W-06,P-03191,912,79,276,2026-06-05T23:53:34Z
W-01,P-03191,1487,351,255,2026-06-12T07:01:17Z
W-04,P-03192,1542,39,91,2026-06-11T13:00:42Z
W-01,P-03192,872,19,242,2026-06-12T09:03:47Z
W-03,P-03192,264,28,222,2026-06-29T04:31:55Z
W-03,P-03193,1406,41,108,2026-06-22T08:18:35Z
W-05,P-03193,806,36,287,2026-06-11T10:49:37Z
W-07,P-03193,1565,29,206,2026-06-13T01:17:10Z
W-04,P-03194,285,38,253,2026-06-02T08:01:42Z
W-05,P-03194,12,2,237,2026-06-16T12:27:02Z
W-06,P-03194,1251,186,204,2026-06-01T22:56:50Z
W-04,P-03195,70,10,109,2026-06-01T09:30:21Z
W-03,P-03196,1204,30,81,2026-06-04T04:04:47Z
W-06,P-03196,1249,105,118,2026-06-14T15:01:28Z
W-02,P-03196,1571,82,287,2026-06-20T20:13:21Z
W-03,P-03197,637,82,298,2026-06-09T22:19:31Z
W-01,P-03198,409,63,136,2026-06-22T15:22:45Z
W-07,P-03199,147,13,295,2026-06-27T23:20:42Z
W-08,P-03199,855,166,216,2026-06-26T23:49:20Z
W-03,P-03199,1845,290,154,2026-06-14T18:03:46Z
W-03,P-03200,385,74,286,2026-06-14T18:01:07Z
W-06,P-03201,90,6,94,2026-06-21T06:15:19Z
W-05,P-03202,1009,116,260,2026-06-10T06:38:14Z
W-05,P-03203,700,174,261,2026-06-23T11:28:59Z
W-03,P-03203,1840,196,204,2026-06-28T17:34:45Z
W-07,P-03204,989,246,207,2026-06-11T03:22:57Z
W-01,P-03204,268,10,93,2026-06-26T07:58:02Z
W-04,P-03205,1575,155,280,2026-06-29T06:01:42Z
W-01,P-03206,1842,259,199,2026-06-22T01:58:17Z
W-01,P-03207,1736,72,265,2026-06-18T20:53:03Z
W-05,P-03207,31,1,258,2026-06-29T06:06:06Z
W-01,P-03208,451,89,300,2026-06-06T01:57:04Z
W-01,P-03209,1571,327,77,2026-06-14T10:16:29Z
W-04,P-03209,758,51,234,2026-06-19T21:23:21Z
W-01,P-03210,79,16,228,2026-06-13T03:03:42Z
W-07,P-03211,1158,139,279,2026-06-19T07:33:02Z
W-04,P-03211,1223,101,51,2026-06-05T07:53:10Z
W-01,P-03211,1262,137,258,2026-06-19T22:53:10Z
W-03,P-03212,1655,163,209,2026-06-17T09:11:25Z
W-06,P-03213,1156,169,193,2026-06-28T07:16:37Z
W-01,P-03213,1523,335,277,2026-06-20T07:35:25Z
W-07,P-03214,1242,106,91,2026-06-10T14:43:45Z
W-05,P-03215,933,230,185,2026-06-01T22:02:20Z
W-04,P-03216,855,67,149,2026-06-14T18:21:57Z
W-01,P-03217,340,3,200,2026-06-27T12:26:45Z
W-03,P-03217,817,156,137,2026-06-08T10:42:53Z
W-05,P-03217,1482,224,60,2026-06-06T16:36:32Z
W-08,P-03218,1597,152,161,2026-06-02T11:52:53Z
W-01,P-03219,153,21,206,2026-06-29T18:06:07Z
W-03,P-03219,1360,100,199,2026-06-01T18:05:28Z
W-04,P-03220,1254,47,108,2026-06-14T07:34:13Z
W-03,P-03220,854,212,243,2026-06-04T14:48:30Z
W-07,P-03220,1733,51,66,2026-06-16T12:29:50Z
W-04,P-03221,1393,320,78,2026-06-30T18:56:49Z
W-08,P-03221,1267,54,112,2026-06-06T18:41:00Z
W-07,P-03221,944,141,193,2026-06-01T01:38:16Z
W-03,P-03222,820,202,181,2026-06-06T10:01:56Z
W-08,P-03223,1268,313,228,2026-06-07T01:24:39Z
W-05,P-03223,1098,150,278,2026-06-14T18:07:04Z
W-08,P-03224,230,25,123,2026-06-03T03:44:18Z
W-06,P-03224,391,22,139,2026-06-25T01:08:43Z
W-03,P-03224,544,43,133,2026-06-03T14:08:08Z
W-03,P-03225,743,69,152,2026-06-28T11:25:49Z
W-05,P-03225,1461,98,170,2026-06-27T02:02:19Z
W-07,P-03225,1636,111,148,2026-06-09T17:38:00Z
W-02,P-03226,743,56,132,2026-06-06T09:04:05Z
W-07,P-03226,1546,360,163,2026-06-15T16:16:07Z
W-04,P-03226,473,57,194,2026-06-29T11:55:58Z
W-02,P-03227,1731,308,269,2026-06-04T07:11:14Z
W-01,P-03228,1110,188,192,2026-06-23T22:49:52Z
W-02,P-03229,571,21,270,2026-06-10T09:28:41Z
W-01,P-03230,1370,15,121,2026-06-28T23:43:57Z
W-04,P-03230,1008,30,262,2026-06-27T01:40:22Z
W-06,P-03231,1242,130,165,2026-06-19T01:45:24Z
W-05,P-03232,999,37,151,2026-06-16T06:23:21Z
W-02,P-03232,782,159,92,2026-06-17T18:00:42Z
W-06,P-03233,1296,100,215,2026-06-07T19:24:42Z
W-08,P-03233,1224,56,155,2026-06-10T08:23:42Z
W-05,P-03233,1342,159,135,2026-06-05T09:09:11Z
W-06,P-03234,1009,97,105,2026-06-10T16:50:53Z
W-07,P-03234,816,76,221,2026-06-19T19:38:06Z
W-01,P-03234,1270,172,189,2026-06-04T18:42:37Z
W-05,P-03235,1363,271,161,2026-06-25T02:50:52Z
W-01,P-03236,1201,216,112,2026-06-04T19:22:09Z
W-02,P-03236,1984,414,289,2026-06-29T07:48:07Z
W-06,P-03237,678,111,191,2026-06-25T17:20:58Z
W-01,P-03238,233,20,152,2026-06-09T00:13:56Z
W-04,P-03239,259,24,85,2026-06-22T08:35:32Z
W-03,P-03239,708,160,251,2026-06-29T18:49:38Z
W-04,P-03240,471,72,289,2026-06-11T08:22:25Z
W-06,P-03240,626,10,232,2026-06-26T01:10:17Z
W-01,P-03240,737,49,271,2026-06-18T21:47:48Z
W-05,P-03241,1935,362,267,2026-06-04T14:51:29Z
W-06,P-03242,1946,274,87,2026-06-13T00:59:11Z
W-02,P-03243,1249,297,233,2026-06-19T12:09:24Z
W-08,P-03243,1430,60,136,2026-06-24T11:25:55Z
W-03,P-03244,710,152,252,2026-06-19T21:56:24Z
W-04,P-03244,243,28,263,2026-06-15T11:45:43Z
W-07,P-03244,1450,286,176,2026-06-08T05:49:48Z
W-01,P-03245,777,61,208,2026-06-25T07:44:46Z
W-08,P-03245,902,170,107,2026-06-14T22:31:47Z
W-05,P-03245,53,7,59,2026-06-23T05:23:03Z
W-01,P-03246,820,70,220,2026-06-15T03:37:06Z
W-01,P-03247,1656,183,182,2026-06-02T07:15:22Z
W-07,P-03247,1789,432,283,2026-06-12T17:46:58Z
W-04,P-03248,845,174,167,2026-06-28T17:05:55Z
W-02,P-03248,1042,235,65,2026-06-30T20:45:27Z
W-03,P-03248,876,57,256,2026-06-14T06:25:53Z
W-07,P-03249,590,60,238,2026-06-27T04:36:56Z
W-02,P-03249,1245,85,247,2026-06-20T00:58:07Z
W-08,P-03249,199,20,202,2026-06-16T20:29:47Z
W-03,P-03250,713,101,225,2026-06-14T09:45:18Z
W-06,P-03250,617,124,100,2026-06-02T01:47:44Z
W-07,P-03251,1692,196,177,2026-06-02T13:29:03Z
W-01,P-03251,1320,140,294,2026-06-20T06:39:31Z
W-06,P-03252,1643,117,247,2026-06-07T14:22:30Z
W-05,P-03253,30,2,282,2026-06-01T21:54:55Z
W-08,P-03253,988,26,149,2026-06-26T10:03:38Z
W-04,P-03253,455,71,245,2026-06-05T03:42:46Z
W-05,P-03254,833,120,59,2026-06-02T12:11:30Z
W-01,P-03254,395,75,186,2026-06-21T23:34:45Z
W-02,P-03254,1760,46,147,2026-06-25T17:24:16Z
W-06,P-03255,899,82,111,2026-06-30T09:03:03Z
W-08,P-03255,895,47,261,2026-06-08T16:23:29Z
W-01,P-03255,1760,25,130,2026-06-11T01:17:43Z
W-01,P-03256,748,110,290,2026-06-11T14:09:38Z
W-08,P-03256,647,85,225,2026-06-16T01:52:29Z
W-06,P-03256,650,131,238,2026-06-08T22:30:51Z
W-05,P-03257,1619,9,96,2026-06-28T20:05:16Z
W-02,P-03258,529,9,216,2026-06-26T17:07:03Z
W-01,P-03258,187,1,209,2026-06-03T00:17:46Z
W-04,P-03258,607,85,153,2026-06-06T01:41:54Z
W-07,P-03259,1206,154,241,2026-06-06T22:05:27Z
W-01,P-03259,297,55,251,2026-06-04T12:10:29Z
W-03,P-03260,1927,90,224,2026-06-20T22:06:01Z
W-01,P-03260,202,47,296,2026-06-29T23:39:54Z
W-01,P-03261,1318,303,126,2026-06-20T13:57:28Z
W-06,P-03262,1149,144,98,2026-06-01T14:01:52Z
W-03,P-03262,79,13,163,2026-06-27T12:17:14Z
W-05,P-03263,496,66,284,2026-06-02T03:19:22Z
W-06,P-03264,391,91,259,2026-06-17T00:34:19Z
W-03,P-03264,1268,228,114,2026-06-24T09:45:56Z
W-08,P-03264,373,41,198,2026-06-26T12:11:53Z
W-05,P-03265,340,26,106,2026-06-26T09:18:22Z
W-03,P-03265,1324,56,169,2026-06-20T08:17:43Z
W-02,P-03266,1559,72,83,2026-06-19T09:36:04Z
W-07,P-03266,1253,246,179,2026-06-11T09:45:20Z
W-05,P-03267,649,40,112,2026-06-05T12:31:18Z
W-08,P-03268,530,64,107,2026-06-19T01:50:26Z
W-03,P-03268,347,34,183,2026-06-03T19:21:53Z
W-01,P-03269,1450,272,50,2026-06-12T07:43:45Z
W-07,P-03269,401,26,300,2026-06-11T01:24:12Z
W-08,P-03269,557,20,219,2026-06-11T22:24:01Z
W-05,P-03270,1546,222,209,2026-06-06T07:23:16Z
W-08,P-03270,1180,132,160,2026-06-27T21:43:47Z
W-01,P-03271,946,146,158,2026-06-07T22:19:01Z
W-02,P-03271,1059,196,223,2026-06-02T07:12:25Z
W-06,P-03272,56,4,178,2026-06-09T18:40:08Z
W-03,P-03272,216,47,274,2026-06-07T18:24:40Z
W-08,P-03272,999,208,300,2026-06-26T06:55:40Z
W-02,P-03273,1991,458,175,2026-06-08T23:40:38Z
W-06,P-03274,438,55,231,2026-06-29T05:12:54Z
W-02,P-03275,1043,147,195,2026-06-26T00:11:34Z
W-05,P-03275,342,39,204,2026-06-04T13:01:42Z
W-01,P-03276,744,54,247,2026-06-18T12:56:32Z
W-05,P-03276,140,13,233,2026-06-25T23:58:02Z
W-08,P-03276,251,15,70,2026-06-25T18:25:29Z
W-04,P-03277,1838,430,172,2026-06-18T03:06:17Z
W-02,P-03278,305,18,276,2026-06-21T15:58:50Z
W-06,P-03278,1370,288,95,2026-06-16T20:14:37Z
W-03,P-03279,379,61,164,2026-06-14T17:08:32Z
W-06,P-03279,277,46,144,2026-06-19T08:32:09Z
W-04,P-03279,1030,114,151,2026-06-11T06:35:29Z
W-02,P-03280,1100,91,59,2026-06-26T09:50:10Z
W-07,P-03281,125,28,300,2026-06-06T08:02:20Z
W-06,P-03281,477,55,224,2026-06-18T22:23:10Z
W-07,P-03282,438,81,165,2026-06-15T06:29:49Z
W-03,P-03282,1748,429,83,2026-06-29T05:42:53Z
W-06,P-03282,449,73,82,2026-06-30T19:17:21Z
W-01,P-03283,693,44,98,2026-06-10T18:22:40Z
W-05,P-03283,548,26,178,2026-06-14T10:41:40Z
W-06,P-03284,305,36,227,2026-06-17T15:51:25Z
W-04,P-03285,1465,61,196,2026-06-20T17:30:04Z
W-04,P-03286,1891,231,269,2026-06-22T00:20:28Z
W-01,P-03287,1601,179,148,2026-06-30T21:28:50Z
W-07,P-03288,964,136,59,2026-06-08T07:09:43Z
W-01,P-03289,95,23,58,2026-06-09T00:45:14Z
W-04,P-03290,1218,27,190,2026-06-03T10:43:41Z
W-07,P-03290,1287,136,205,2026-06-26T07:31:42Z
W-04,P-03291,1033,233,231,2026-06-12T23:28:44Z
W-05,P-03291,1785,106,236,2026-06-04T21:02:32Z
W-02,P-03291,1820,333,243,2026-06-29T06:47:14Z
W-03,P-03292,1244,233,107,2026-06-28T02:19:33Z
W-08,P-03292,1241,283,234,2026-06-02T09:35:00Z
W-05,P-03292,1558,363,204,2026-06-26T15:43:45Z
W-05,P-03293,1913,381,86,2026-06-02T23:41:44Z
W-03,P-03294,95,5,60,2026-06-22T06:00:21Z
W-04,P-03294,592,20,78,2026-06-07T09:46:05Z
W-02,P-03295,890,167,217,2026-06-26T04:05:54Z
W-06,P-03296,1174,97,71,2026-06-22T01:03:36Z
W-08,P-03296,217,25,103,2026-06-02T20:51:29Z
W-01,P-03296,1327,287,220,2026-06-19T14:37:02Z
W-06,P-03297,1271,127,265,2026-06-26T15:26:42Z
W-03,P-03297,326,11,124,2026-06-10T01:04:52Z
W-05,P-03297,176,21,274,2026-06-13T09:18:03Z
W-05,P-03298,1675,209,71,2026-06-13T15:19:25Z
W-01,P-03298,1361,98,105,2026-06-29T23:45:16Z
W-08,P-03299,953,129,109,2026-06-23T11:47:30Z
W-06,P-03300,1950,451,165,2026-06-26T21:13:10Z
W-04,P-03300,592,39,208,2026-06-25T14:50:10Z
W-07,P-03300,1721,224,240,2026-06-12T01:24:16Z
W-08,P-03301,547,55,208,2026-06-05T13:11:57Z
W-07,P-03301,863,76,248,2026-06-13T13:46:20Z
W-04,P-03301,1596,141,257,2026-06-22T09:29:27Z
W-05,P-03302,1838,238,94,2026-06-12T17:55:54Z
W-06,P-03302,405,66,165,2026-06-15T02:20:50Z
W-03,P-03302,157,36,84,2026-06-11T15:19:04Z
W-03,P-03303,1306,58,133,2026-06-02T11:46:23Z
W-01,P-03304,875,24,219,2026-06-12T01:08:15Z
W-08,P-03304,72,17,276,2026-06-19T02:37:03Z
W-04,P-03304,1510,100,214,2026-06-03T02:04:10Z
W-01,P-03305,1965,273,236,2026-06-15T21:08:00Z
W-05,P-03305,1386,266,232,2026-06-08T17:24:43Z
W-04,P-03305,14,2,177,2026-06-17T10:58:18Z
W-06,P-03306,1374,231,196,2026-06-02T02:14:51Z
W-04,P-03307,1958,341,128,2026-06-04T13:32:50Z
W-02,P-03307,367,63,285,2026-06-14T14:43:04Z
W-05,P-03307,1141,234,186,2026-06-19T09:35:50Z
W-01,P-03308,480,32,113,2026-06-03T02:43:01Z
W-03,P-03309,966,108,274,2026-06-17T02:09:09Z
W-03,P-03310,322,22,197,2026-06-20T03:58:18Z
W-05,P-03310,553,92,194,2026-06-12T04:40:07Z
W-03,P-03311,215,49,200,2026-06-14T06:32:07Z
W-02,P-03311,1988,451,63,2026-06-30T00:37:40Z
W-01,P-03311,1080,208,110,2026-06-23T16:28:47Z
W-01,P-03312,933,199,108,2026-06-26T14:03:33Z
W-01,P-03313,906,209,200,2026-06-25T18:03:12Z
W-02,P-03314,104,9,51,2026-06-02T08:12:27Z
W-07,P-03314,472,75,265,2026-06-03T01:42:02Z
W-01,P-03314,1588,299,269,2026-06-18T17:53:13Z
W-04,P-03315,1294,280,212,2026-06-01T05:57:16Z
W-08,P-03316,1040,245,232,2026-06-28T13:38:55Z
W-07,P-03316,1663,41,72,2026-06-29T23:12:24Z
W-01,P-03317,455,108,284,2026-06-14T14:33:44Z
W-06,P-03317,1729,214,190,2026-06-08T05:51:16Z
W-04,P-03318,745,166,208,2026-06-12T02:02:51Z
W-08,P-03319,1612,87,299,2026-06-11T02:13:58Z
W-01,P-03319,257,63,67,2026-06-05T06:49:02Z
W-03,P-03320,589,17,234,2026-06-14T04:01:25Z
W-08,P-03320,1530,372,172,2026-06-17T23:21:05Z
W-05,P-03320,1629,386,61,2026-06-25T21:22:22Z
W-03,P-03321,231,43,289,2026-06-26T18:16:56Z
W-06,P-03322,1289,300,298,2026-06-09T08:33:25Z
W-05,P-03322,1662,282,227,2026-06-09T21:12:22Z
W-04,P-03323,1202,264,177,2026-06-27T08:08:39Z
W-01,P-03323,1300,284,229,2026-06-19T11:51:11Z
W-07,P-03324,1170,218,137,2026-06-08T15:43:05Z
W-06,P-03325,1768,412,268,2026-06-25T17:30:00Z
W-02,P-03326,349,17,221,2026-06-21T01:21:14Z
W-05,P-03326,341,76,200,2026-06-06T09:36:00Z
W-07,P-03326,437,93,203,2026-06-03T16:27:28Z
W-04,P-03327,1318,176,85,2026-06-04T18:45:16Z
W-05,P-03327,227,53,269,2026-06-02T05:26:55Z
W-07,P-03327,918,155,282,2026-06-26T15:18:41Z
W-06,P-03328,744,164,167,2026-06-03T20:35:43Z
W-08,P-03329,275,54,139,2026-06-25T07:36:56Z
W-01,P-03329,804,169,164,2026-06-26T16:24:12Z
W-03,P-03330,1446,151,91,2026-06-12T04:43:39Z
W-02,P-03330,324,2,55,2026-06-09T12:17:54Z
W-08,P-03331,781,156,151,2026-06-21T01:55:25Z
W-03,P-03331,687,0,93,2026-06-28T05:54:26Z
W-04,P-03331,1407,196,96,2026-06-28T16:32:42Z
W-07,P-03332,593,55,137,2026-06-13T04:26:39Z
W-01,P-03332,1273,266,80,2026-06-19T21:08:31Z
W-03,P-03332,1047,184,191,2026-06-26T03:27:10Z
W-02,P-03333,642,2,171,2026-06-19T01:21:22Z
W-01,P-03334,86,8,252,2026-06-07T03:16:29Z
W-03,P-03334,1700,248,147,2026-06-06T06:50:12Z
W-08,P-03334,1512,17,265,2026-06-27T11:21:24Z
W-05,P-03335,1986,95,278,2026-06-21T23:33:57Z
W-07,P-03336,1017,205,71,2026-06-26T06:46:50Z
W-01,P-03336,1220,128,151,2026-06-27T18:58:50Z
W-02,P-03336,598,37,199,2026-06-15T05:53:04Z
W-02,P-03337,197,26,79,2026-06-22T20:58:52Z
W-08,P-03337,236,42,266,2026-06-03T23:49:45Z
W-01,P-03337,1487,114,178,2026-06-21T18:38:10Z
W-02,P-03338,1487,7,155,2026-06-19T06:26:48Z
W-04,P-03339,263,45,85,2026-06-02T04:58:45Z
W-01,P-03340,1460,131,142,2026-06-11T01:35:18Z
W-05,P-03340,1541,366,181,2026-06-15T09:31:15Z
W-04,P-03340,722,149,83,2026-06-02T21:31:23Z
W-04,P-03341,533,120,182,2026-06-25T16:45:22Z
W-05,P-03341,1003,78,269,2026-06-07T13:13:58Z
W-02,P-03342,1898,370,271,2026-06-20T02:44:11Z
W-07,P-03342,1746,428,237,2026-06-02T19:33:18Z
W-04,P-03342,1257,40,171,2026-06-11T05:19:02Z
W-03,P-03343,1898,380,102,2026-06-30T16:46:25Z
W-07,P-03343,1080,116,216,2026-06-20T18:11:10Z
W-05,P-03343,1415,295,273,2026-06-17T18:51:42Z
W-01,P-03344,227,1,60,2026-06-23T16:03:06Z
W-02,P-03344,1471,252,268,2026-06-26T10:01:18Z
W-08,P-03344,1204,23,292,2026-06-15T22:17:08Z
W-01,P-03345,715,165,173,2026-06-14T03:37:46Z
W-02,P-03345,1049,236,106,2026-06-16T18:27:51Z
W-03,P-03346,1149,149,249,2026-06-08T07:31:59Z
W-02,P-03347,45,9,132,2026-06-14T04:18:22Z
W-06,P-03348,49,1,155,2026-06-02T21:55:59Z
W-04,P-03348,1708,172,214,2026-06-13T04:17:28Z
W-05,P-03349,589,28,120,2026-06-22T05:44:22Z
W-01,P-03349,1876,352,195,2026-06-16T08:40:43Z
W-06,P-03350,619,123,138,2026-06-20T02:25:41Z
W-02,P-03350,1393,71,288,2026-06-08T19:16:02Z
W-08,P-03351,1730,33,154,2026-06-06T09:49:57Z
W-07,P-03351,785,31,129,2026-06-25T19:50:36Z
W-08,P-03352,693,42,273,2026-06-19T13:44:17Z
W-02,P-03353,1318,95,54,2026-06-01T19:12:25Z
W-07,P-03353,881,17,226,2026-06-17T22:12:46Z
W-05,P-03353,680,69,159,2026-06-13T22:18:18Z
W-01,P-03354,1659,6,106,2026-06-07T19:06:54Z
W-06,P-03355,1856,356,112,2026-06-13T09:19:54Z
W-05,P-03355,851,157,225,2026-06-27T09:17:29Z
W-04,P-03355,265,15,54,2026-06-15T10:29:45Z
W-04,P-03356,1,0,256,2026-06-05T09:11:10Z
W-01,P-03356,1625,288,76,2026-06-19T07:49:30Z
W-08,P-03356,988,135,183,2026-06-06T14:14:46Z
W-03,P-03357,484,109,294,2026-06-08T17:28:01Z
W-02,P-03357,1345,173,89,2026-06-17T18:41:23Z
W-04,P-03357,770,48,135,2026-06-18T21:45:08Z
W-01,P-03358,1757,326,80,2026-06-14T17:04:42Z
W-04,P-03359,577,28,277,2026-06-07T12:38:41Z
W-08,P-03360,92,11,69,2026-06-12T15:01:48Z
W-03,P-03360,1026,126,85,2026-06-28T04:42:56Z
W-07,P-03360,1763,70,92,2026-06-15T04:47:52Z
W-02,P-03361,1523,359,145,2026-06-18T19:51:20Z
W-07,P-03362,202,49,104,2026-06-28T15:12:28Z
W-02,P-03363,1847,165,190,2026-06-13T05:43:17Z
W-07,P-03363,1331,274,94,2026-06-25T15:27:55Z
W-06,P-03363,652,121,104,2026-06-10T19:17:58Z
W-03,P-03364,69,11,133,2026-06-12T16:16:31Z
W-01,P-03364,525,122,279,2026-06-18T15:10:04Z
W-06,P-03364,1444,324,249,2026-06-24T19:50:17Z
W-07,P-03365,486,88,109,2026-06-12T04:57:36Z
W-06,P-03365,700,42,83,2026-06-12T07:41:35Z
W-02,P-03365,743,83,161,2026-06-06T22:35:23Z
W-03,P-03366,101,4,185,2026-06-25T11:13:03Z
W-02,P-03367,376,11,70,2026-06-14T17:51:18Z
W-03,P-03367,1576,36,72,2026-06-13T11:40:47Z
W-08,P-03367,1117,178,265,2026-06-07T05:00:58Z
W-06,P-03368,131,20,239,2026-06-14T17:47:59Z
W-03,P-03368,889,127,151,2026-06-08T17:13:59Z
W-01,P-03368,1086,7,52,2026-06-24T03:06:41Z
W-02,P-03369,1379,306,59,2026-06-21T01:17:52Z
W-01,P-03369,1751,299,270,2026-06-16T13:37:34Z
W-05,P-03369,1086,148,251,2026-06-29T18:06:59Z
W-02,P-03370,1996,114,246,2026-06-21T23:11:01Z
W-04,P-03371,1663,166,52,2026-06-24T10:23:45Z
W-02,P-03371,1281,145,136,2026-06-29T00:53:58Z
W-04,P-03372,650,48,187,2026-06-03T23:24:44Z
W-08,P-03372,1431,6,78,2026-06-22T05:28:11Z
W-02,P-03373,476,18,91,2026-06-27T16:06:19Z
W-06,P-03373,772,99,83,2026-06-22T07:32:00Z
W-04,P-03374,1968,281,102,2026-06-14T02:41:39Z
W-05,P-03375,1404,293,169,2026-06-29T07:00:24Z
W-05,P-03376,1849,307,193,2026-06-23T04:03:13Z
W-08,P-03377,1077,212,144,2026-06-21T00:14:28Z
W-06,P-03377,1401,108,157,2026-06-13T11:19:33Z
W-01,P-03377,77,5,103,2026-06-01T18:06:31Z
W-06,P-03378,1634,178,158,2026-06-08T03:33:01Z
W-05,P-03378,494,36,136,2026-06-15T17:03:32Z
W-01,P-03378,622,17,112,2026-06-29T16:05:28Z
W-04,P-03379,1573,192,60,2026-06-09T00:54:17Z
W-03,P-03380,931,136,298,2026-06-24T20:23:12Z
W-07,P-03381,1762,289,107,2026-06-23T11:03:58Z
W-06,P-03381,1640,382,56,2026-06-13T10:19:14Z
W-02,P-03382,1325,1,256,2026-06-27T20:36:55Z
W-08,P-03383,1926,182,55,2026-06-09T06:53:42Z
W-04,P-03383,404,98,293,2026-06-19T00:42:44Z
W-06,P-03383,998,1,187,2026-06-25T04:33:20Z
W-01,P-03384,1663,112,115,2026-06-19T12:45:43Z
W-06,P-03384,1540,94,147,2026-06-29T14:57:00Z
W-05,P-03385,773,162,288,2026-06-18T15:17:41Z
W-04,P-03385,187,7,144,2026-06-16T13:06:25Z
W-07,P-03386,1959,267,270,2026-06-14T12:37:56Z
W-03,P-03386,1101,44,246,2026-06-25T00:49:28Z
W-06,P-03387,879,82,158,2026-06-05T08:21:48Z
W-04,P-03387,982,127,99,2026-06-30T14:35:50Z
W-03,P-03388,1403,341,222,2026-06-24T18:23:16Z
W-06,P-03389,1244,39,92,2026-06-25T15:18:12Z
W-05,P-03389,1072,98,290,2026-06-02T07:53:11Z
W-03,P-03389,1147,32,116,2026-06-16T10:45:44Z
W-02,P-03390,130,1,171,2026-06-28T16:16:26Z
W-01,P-03390,1886,91,121,2026-06-10T17:02:51Z
W-05,P-03390,1130,86,240,2026-06-13T21:18:47Z
W-03,P-03391,631,42,169,2026-06-08T04:05:23Z
W-07,P-03391,1371,131,155,2026-06-17T15:48:47Z
W-08,P-03391,381,19,243,2026-06-01T17:33:40Z
W-08,P-03392,1825,453,71,2026-06-23T03:02:25Z
W-01,P-03392,1100,251,283,2026-06-11T06:19:15Z
W-05,P-03392,1235,78,193,2026-06-10T00:22:46Z
W-03,P-03393,730,136,172,2026-06-12T20:46:48Z
W-07,P-03393,786,71,133,2026-06-26T02:31:02Z
W-01,P-03394,1087,120,146,2026-06-09T01:07:37Z
W-03,P-03395,952,165,263,2026-06-06T00:07:18Z
W-07,P-03395,622,115,156,2026-06-12T01:59:50Z
W-07,P-03396,486,16,216,2026-06-11T21:27:34Z
W-06,P-03396,1470,174,93,2026-06-29T10:52:08Z
W-05,P-03396,279,15,205,2026-06-20T00:47:23Z
W-05,P-03397,168,34,261,2026-06-25T11:49:01Z
W-01,P-03398,1066,39,207,2026-06-17T14:56:15Z
W-02,P-03398,1432,7,151,2026-06-22T18:01:07Z
W-08,P-03398,1720,83,201,2026-06-23T13:30:29Z
W-07,P-03399,1502,330,264,2026-06-03T23:51:59Z
W-06,P-03399,1001,208,187,2026-06-05T03:19:44Z
W-03,P-03400,1658,120,242,2026-06-25T19:42:43Z
W-06,P-03400,67,11,248,2026-06-15T05:56:15Z
W-02,P-03401,1609,344,75,2026-06-03T02:21:06Z
W-08,P-03401,1286,298,245,2026-06-01T17:39:07Z
W-05,P-03402,1233,119,229,2026-06-13T03:13:05Z
W-03,P-03402,459,63,214,2026-06-04T21:36:37Z
W-07,P-03402,1476,113,85,2026-06-11T12:10:55Z
W-04,P-03403,967,89,207,2026-06-30T01:41:10Z
W-07,P-03404,235,41,175,2026-06-19T19:52:45Z
W-08,P-03404,1391,265,111,2026-06-10T15:18:07Z
W-07,P-03405,386,74,137,2026-06-15T08:09:06Z
W-06,P-03405,686,129,92,2026-06-13T09:49:47Z
W-08,P-03405,91,0,288,2026-06-25T02:43:33Z
W-03,P-03406,1204,112,264,2026-06-19T03:43:49Z
W-04,P-03406,530,53,246,2026-06-13T09:05:16Z
W-08,P-03406,576,14,173,2026-06-23T09:43:24Z
W-08,P-03407,1959,35,272,2026-06-16T07:02:02Z
W-02,P-03407,1899,172,122,2026-06-07T21:10:21Z
W-06,P-03408,516,101,171,2026-06-02T21:39:50Z
W-05,P-03408,1463,262,70,2026-06-17T19:47:08Z
W-08,P-03408,1205,30,125,2026-06-07T19:24:49Z
W-07,P-03409,1415,21,125,2026-06-29T05:36:11Z
W-04,P-03409,758,34,111,2026-06-14T19:20:49Z
W-03,P-03410,1078,42,274,2026-06-03T04:55:53Z
W-05,P-03411,1907,1,295,2026-06-30T15:17:12Z
W-07,P-03411,843,57,193,2026-06-16T16:22:48Z
W-04,P-03411,1481,362,202,2026-06-28T19:49:08Z
W-02,P-03412,1471,115,228,2026-06-22T19:03:20Z
W-07,P-03412,92,20,232,2026-06-20T06:07:16Z
W-03,P-03412,674,6,209,2026-06-25T21:48:43Z
W-02,P-03413,803,2,167,2026-06-16T10:41:54Z
W-03,P-03414,602,54,151,2026-06-10T08:32:40Z
W-05,P-03415,424,57,166,2026-06-27T11:04:55Z
W-03,P-03415,951,34,233,2026-06-28T23:56:46Z
W-03,P-03416,1903,228,229,2026-06-23T13:23:54Z
W-07,P-03416,758,146,156,2026-06-16T17:17:34Z
W-06,P-03417,745,121,148,2026-06-29T22:49:44Z
W-05,P-03418,1810,415,245,2026-06-11T23:51:17Z
W-01,P-03419,1341,248,272,2026-06-07T23:41:39Z
W-05,P-03419,986,76,147,2026-06-15T04:59:46Z
W-07,P-03419,1477,305,118,2026-06-11T01:11:00Z
W-06,P-03420,1491,305,144,2026-06-14T22:57:49Z
W-08,P-03420,180,0,149,2026-06-24T04:08:40Z
W-03,P-03420,594,18,290,2026-06-03T00:15:33Z
W-06,P-03421,695,93,264,2026-06-06T13:45:30Z
W-08,P-03422,752,35,285,2026-06-09T20:13:51Z
W-04,P-03422,1618,267,202,2026-06-03T14:10:39Z
W-02,P-03423,814,181,91,2026-06-09T01:47:44Z
W-03,P-03423,826,128,265,2026-06-29T08:07:30Z
W-08,P-03423,781,12,84,2026-06-22T14:04:30Z
W-03,P-03424,474,69,170,2026-06-30T10:10:21Z
W-01,P-03425,1833,458,105,2026-06-02T09:22:58Z
W-08,P-03425,564,35,138,2026-06-19T04:15:57Z
W-05,P-03426,1856,47,144,2026-06-30T12:46:44Z
W-07,P-03426,1634,203,286,2026-06-02T04:28:20Z
W-08,P-03426,1180,69,273,2026-06-16T12:42:38Z
W-06,P-03427,1124,53,134,2026-06-29T04:23:14Z
W-02,P-03428,20,5,247,2026-06-02T11:26:11Z
W-01,P-03428,92,23,121,2026-06-15T15:35:12Z
W-03,P-03428,321,57,194,2026-06-27T01:14:39Z
W-03,P-03429,510,28,243,2026-06-30T21:23:34Z
W-02,P-03429,497,65,297,2026-06-25T06:21:12Z
W-04,P-03429,378,47,189,2026-06-10T01:30:53Z
W-02,P-03430,1031,181,108,2026-06-01T04:00:17Z
W-03,P-03431,1702,311,85,2026-06-28T00:33:09Z
W-08,P-03431,1128,259,182,2026-06-16T11:38:07Z
W-07,P-03431,904,99,263,2026-06-16T05:11:28Z
W-02,P-03432,699,61,168,2026-06-09T16:27:23Z
W-05,P-03432,1052,206,184,2026-06-29T23:49:29Z
W-07,P-03433,1978,390,184,2026-06-30T10:55:52Z
W-01,P-03434,899,67,144,2026-06-13T20:41:34Z
W-03,P-03435,1947,317,211,2026-06-05T23:09:05Z
W-01,P-03435,1303,68,294,2026-06-27T09:21:19Z
W-02,P-03436,963,36,257,2026-06-19T21:46:25Z
W-06,P-03436,1880,28,153,2026-06-27T06:24:57Z
W-05,P-03437,897,183,95,2026-06-26T11:20:40Z
W-06,P-03437,388,65,232,2026-06-30T09:52:52Z
W-06,P-03438,1431,77,212,2026-06-30T10:51:27Z
W-04,P-03438,1298,277,119,2026-06-27T02:22:35Z
W-08,P-03438,1834,128,295,2026-06-02T13:08:22Z
W-05,P-03439,1616,335,78,2026-06-27T14:50:12Z
W-01,P-03439,108,25,137,2026-06-14T22:21:40Z
W-05,P-03440,1821,256,147,2026-06-25T00:32:24Z
W-03,P-03440,890,19,197,2026-06-11T23:19:54Z
W-01,P-03440,1749,67,229,2026-06-02T08:10:45Z
W-01,P-03441,929,49,231,2026-06-26T12:02:40Z
W-04,P-03441,1313,280,91,2026-06-22T02:41:14Z
W-06,P-03442,1819,214,99,2026-06-21T08:20:26Z
W-04,P-03442,196,18,57,2026-06-03T18:32:28Z
W-08,P-03443,1888,53,155,2026-06-29T05:35:23Z
W-03,P-03443,549,25,166,2026-06-04T01:55:57Z
W-06,P-03444,151,10,107,2026-06-20T15:01:10Z
W-01,P-03444,651,11,283,2026-06-17T14:59:02Z
W-05,P-03445,1928,170,264,2026-06-15T07:22:54Z
W-05,P-03446,480,17,111,2026-06-15T06:23:00Z
W-07,P-03446,1291,19,120,2026-06-12T12:21:40Z
W-08,P-03447,1819,393,283,2026-06-05T20:25:47Z
W-05,P-03447,1322,80,175,2026-06-27T01:39:09Z
W-04,P-03447,1051,180,229,2026-06-07T14:12:48Z
W-04,P-03448,1710,71,218,2026-06-16T19:40:20Z
W-08,P-03449,1043,218,248,2026-06-14T23:17:17Z
W-02,P-03450,604,127,261,2026-06-10T01:33:08Z
W-02,P-03451,220,36,73,2026-06-23T08:38:38Z
W-05,P-03452,1594,158,81,2026-06-13T11:19:11Z
W-03,P-03452,129,13,79,2026-06-29T00:39:46Z
W-08,P-03453,1018,126,128,2026-06-29T03:29:34Z
W-04,P-03453,560,96,179,2026-06-26T07:10:00Z
W-05,P-03454,1382,35,152,2026-06-25T07:47:21Z
W-06,P-03454,1595,396,168,2026-06-22T20:25:14Z
W-04,P-03455,498,47,212,2026-06-16T18:13:26Z
W-04,P-03456,779,132,241,2026-06-03T22:06:48Z
W-07,P-03456,1305,144,129,2026-06-04T07:16:30Z
W-08,P-03456,1082,232,297,2026-06-21T07:38:57Z
W-01,P-03457,1897,446,63,2026-06-23T11:17:28Z
W-06,P-03457,1316,298,285,2026-06-19T01:41:51Z
W-05,P-03458,1949,345,171,2026-06-22T09:40:44Z
W-03,P-03458,912,108,71,2026-06-24T22:36:52Z
W-04,P-03459,811,197,174,2026-06-02T01:04:13Z
W-02,P-03459,671,80,298,2026-06-15T16:55:28Z
W-05,P-03460,533,23,137,2026-06-02T11:29:04Z
W-01,P-03461,1160,264,102,2026-06-02T20:40:46Z
W-05,P-03461,1475,44,258,2026-06-04T08:39:30Z
W-03,P-03462,375,25,210,2026-06-12T17:49:22Z
W-04,P-03462,1480,175,162,2026-06-25T09:40:00Z
W-07,P-03462,102,3,96,2026-06-17T23:18:55Z
W-07,P-03463,1421,195,200,2026-06-06T12:40:40Z
W-01,P-03463,485,70,209,2026-06-03T16:54:41Z
W-06,P-03463,1514,222,72,2026-06-13T11:06:09Z
W-04,P-03464,495,59,105,2026-06-20T03:40:10Z
W-06,P-03464,1720,118,127,2026-06-19T22:33:06Z
W-05,P-03464,1717,343,242,2026-06-08T19:38:16Z
W-04,P-03465,1351,114,274,2026-06-06T19:59:49Z
W-06,P-03465,784,162,115,2026-06-14T11:41:27Z
W-01,P-03465,356,45,234,2026-06-05T05:02:52Z
W-02,P-03466,414,25,299,2026-06-05T08:02:45Z
W-08,P-03467,771,54,268,2026-06-08T09:04:37Z
W-02,P-03467,1001,149,267,2026-06-01T01:03:50Z
W-08,P-03468,440,0,232,2026-06-15T19:37:16Z
W-07,P-03469,103,15,260,2026-06-18T11:45:44Z
W-05,P-03470,1527,56,193,2026-06-04T01:45:20Z
W-06,P-03470,1288,216,120,2026-06-10T06:48:48Z
W-03,P-03471,1030,200,237,2026-06-24T16:36:31Z
W-06,P-03471,102,19,150,2026-06-05T02:00:06Z
W-07,P-03472,1499,193,300,2026-06-19T05:12:56Z
W-06,P-03473,721,162,290,2026-06-12T18:16:15Z
W-05,P-03474,938,145,201,2026-06-19T23:52:33Z
W-07,P-03474,388,71,296,2026-06-04T00:45:55Z
W-01,P-03475,1714,134,54,2026-06-03T01:49:43Z
W-07,P-03475,55,7,88,2026-06-19T10:21:17Z
W-02,P-03475,1729,252,90,2026-06-30T05:01:49Z
W-05,P-03476,1194,29,296,2026-06-17T04:46:12Z
W-03,P-03476,632,77,80,2026-06-20T04:25:01Z
W-04,P-03476,1816,255,172,2026-06-06T16:32:20Z
W-03,P-03477,1764,296,295,2026-06-15T18:59:46Z
W-01,P-03478,1784,63,91,2026-06-13T23:14:02Z
W-05,P-03478,803,129,246,2026-06-11T21:51:44Z
W-02,P-03479,555,47,85,2026-06-19T03:53:53Z
W-07,P-03479,1195,60,261,2026-06-09T07:08:09Z
W-01,P-03479,217,41,59,2026-06-19T04:15:44Z
W-03,P-03480,459,17,109,2026-06-02T22:47:13Z
W-08,P-03480,1696,239,111,2026-06-26T04:03:50Z
W-06,P-03480,1914,437,88,2026-06-09T11:50:04Z
W-03,P-03481,991,115,299,2026-06-03T03:25:12Z
W-08,P-03481,1639,379,262,2026-06-13T05:56:16Z
W-07,P-03482,726,40,74,2026-06-19T11:49:36Z
W-08,P-03483,46,5,250,2026-06-15T01:55:56Z
W-05,P-03483,1850,409,197,2026-06-17T06:15:46Z
W-07,P-03483,1958,425,122,2026-06-05T20:35:59Z
W-03,P-03484,379,84,283,2026-06-03T14:42:32Z
W-06,P-03484,944,51,140,2026-06-29T17:22:50Z
W-01,P-03484,802,124,282,2026-06-29T17:29:21Z
W-03,P-03485,185,20,114,2026-06-13T22:56:24Z
W-04,P-03485,1930,14,269,2026-06-12T03:55:27Z
W-01,P-03485,951,191,80,2026-06-05T07:39:41Z
W-03,P-03486,724,130,285,2026-06-24T05:48:31Z
W-06,P-03486,1246,40,137,2026-06-25T20:34:23Z
W-07,P-03486,643,96,70,2026-06-13T17:09:59Z
W-03,P-03487,1606,191,199,2026-06-13T11:41:52Z
W-04,P-03487,1430,214,281,2026-06-27T10:42:59Z
W-06,P-03488,236,5,85,2026-06-10T08:00:03Z
W-01,P-03488,1620,360,52,2026-06-29T05:21:18Z
W-03,P-03488,1611,341,81,2026-06-02T09:43:46Z
W-05,P-03489,121,20,153,2026-06-06T22:54:04Z
W-07,P-03489,1361,54,91,2026-06-28T09:10:55Z
W-01,P-03490,1406,138,172,2026-06-20T13:01:16Z
W-08,P-03490,460,107,56,2026-06-11T05:41:56Z
W-06,P-03490,306,67,54,2026-06-14T18:40:23Z
W-05,P-03491,195,21,164,2026-06-05T17:57:23Z
W-04,P-03491,1206,0,52,2026-06-15T13:35:11Z
W-08,P-03492,426,38,109,2026-06-23T18:02:08Z
W-03,P-03492,1210,98,269,2026-06-28T04:15:20Z
W-06,P-03492,1356,44,300,2026-06-18T16:33:54Z
W-06,P-03493,173,5,133,2026-06-06T23:27:32Z
W-01,P-03493,194,37,134,2026-06-28T22:00:54Z
W-07,P-03493,1081,114,59,2026-06-24T16:57:21Z
W-07,P-03494,1863,19,215,2026-06-12T17:34:11Z
W-01,P-03494,1073,161,263,2026-06-15T13:03:35Z
W-06,P-03494,920,217,285,2026-06-28T18:29:33Z
W-04,P-03495,1187,180,204,2026-06-20T23:45:36Z
W-06,P-03495,1972,359,100,2026-06-18T15:31:41Z
W-02,P-03496,470,115,114,2026-06-30T08:26:58Z
W-06,P-03496,133,26,282,2026-06-26T04:15:35Z
W-04,P-03497,1887,469,284,2026-06-24T00:13:40Z
W-03,P-03497,816,71,155,2026-06-06T07:35:08Z
W-06,P-03497,1673,215,210,2026-06-07T09:27:25Z
W-08,P-03498,952,136,151,2026-06-07T08:00:21Z
W-06,P-03498,1245,239,167,2026-06-30T22:56:24Z
W-01,P-03498,920,89,126,2026-06-24T20:00:06Z
W-04,P-03499,1259,237,210,2026-06-04T15:28:53Z
W-06,P-03500,669,34,130,2026-06-03T02:06:57Z
W-02,P-03500,1148,159,77,2026-06-07T21:46:52Z
W-04,P-03500,156,31,91,2026-06-02T17:27:57Z
W-08,P-03501,224,25,114,2026-06-30T08:07:55Z
W-05,P-03502,419,17,202,2026-06-25T07:48:15Z
W-08,P-03502,1362,27,58,2026-06-22T06:17:15Z
W-07,P-03502,1303,240,81,2026-06-22T07:24:18Z
W-02,P-03503,811,91,119,2026-06-20T17:57:55Z
W-04,P-03504,16,4,114,2026-06-20T04:36:02Z
W-07,P-03504,1498,200,109,2026-06-11T07:05:42Z
W-06,P-03504,136,20,149,2026-06-19T13:15:52Z
W-07,P-03505,1505,207,156,2026-06-06T11:30:01Z
W-01,P-03505,1792,78,288,2026-06-23T22:50:49Z
W-08,P-03505,470,34,140,2026-06-28T16:20:29Z
W-03,P-03506,1260,189,139,2026-06-22T19:32:36Z
W-07,P-03507,1670,145,87,2026-06-11T00:27:40Z
W-03,P-03507,818,103,93,2026-06-21T19:15:44Z
W-08,P-03507,78,11,110,2026-06-30T10:44:03Z
W-05,P-03508,928,150,170,2026-06-05T08:46:20Z
W-07,P-03509,1791,55,211,2026-06-14T09:29:44Z
W-02,P-03509,1626,283,274,2026-06-13T09:57:16Z
W-04,P-03509,650,126,285,2026-06-19T01:23:53Z
W-07,P-03510,1554,366,74,2026-06-30T17:25:25Z
W-05,P-03511,1540,103,155,2026-06-27T23:00:04Z
W-06,P-03512,437,101,93,2026-06-06T22:58:08Z
W-04,P-03512,374,76,118,2026-06-11T13:05:17Z
W-05,P-03512,1081,176,144,2026-06-27T04:37:42Z
W-03,P-03513,1028,123,146,2026-06-14T21:30:27Z
W-08,P-03514,1239,72,118,2026-06-22T05:24:09Z
W-05,P-03515,1409,61,66,2026-06-26T18:09:38Z
W-06,P-03515,301,73,135,2026-06-19T04:52:48Z
W-05,P-03516,910,22,246,2026-06-04T00:49:01Z
W-04,P-03516,1885,191,139,2026-06-27T11:30:32Z
W-02,P-03516,1496,172,247,2026-06-21T05:21:34Z
W-07,P-03517,1609,124,298,2026-06-18T22:06:05Z
W-02,P-03518,694,101,162,2026-06-13T12:55:13Z
W-08,P-03518,351,83,168,2026-06-01T00:53:32Z
W-03,P-03518,538,57,174,2026-06-28T19:44:29Z
W-08,P-03519,270,32,113,2026-06-27T13:06:20Z
W-05,P-03519,480,80,70,2026-06-18T08:06:35Z
W-07,P-03519,1989,185,98,2026-06-22T22:01:34Z
W-07,P-03520,1063,8,182,2026-06-16T00:29:37Z
W-05,P-03520,1633,273,284,2026-06-18T08:40:07Z
W-03,P-03521,1261,188,145,2026-06-25T23:35:30Z
W-04,P-03522,889,95,234,2026-06-26T12:43:55Z
W-03,P-03523,762,96,55,2026-06-05T12:27:05Z
W-01,P-03524,287,66,281,2026-06-04T21:10:24Z
W-06,P-03524,956,63,84,2026-06-21T13:32:02Z
W-04,P-03524,1611,235,57,2026-06-25T01:04:07Z
W-06,P-03525,1198,151,146,2026-06-15T12:11:51Z
W-02,P-03526,1013,44,215,2026-06-13T11:41:01Z
W-08,P-03526,263,33,199,2026-06-26T17:04:32Z
W-01,P-03526,1385,275,244,2026-06-03T06:35:16Z
W-05,P-03527,650,56,229,2026-06-23T05:03:15Z
W-06,P-03528,1997,261,274,2026-06-26T23:33:20Z
W-08,P-03529,1584,342,245,2026-06-11T00:26:15Z
W-04,P-03529,1988,84,267,2026-06-22T10:38:26Z
W-02,P-03530,1662,202,236,2026-06-30T00:24:51Z
W-05,P-03530,530,6,53,2026-06-27T23:00:49Z
W-05,P-03531,349,74,271,2026-06-21T09:38:06Z
W-02,P-03532,1190,223,260,2026-06-22T20:52:12Z
W-06,P-03532,1269,135,70,2026-06-19T16:05:24Z
W-03,P-03533,389,59,225,2026-06-20T14:08:47Z
W-02,P-03534,822,14,266,2026-06-02T02:38:24Z
W-04,P-03534,894,43,85,2026-06-07T17:27:30Z
W-08,P-03535,1903,390,268,2026-06-11T22:22:59Z
W-02,P-03535,295,61,224,2026-06-03T16:54:04Z
W-08,P-03536,521,96,139,2026-06-28T10:51:29Z
W-04,P-03536,918,12,222,2026-06-06T17:02:27Z
W-04,P-03537,644,99,108,2026-06-25T18:15:00Z
W-06,P-03537,83,7,76,2026-06-08T12:54:06Z
W-05,P-03537,420,53,62,2026-06-20T02:35:08Z
W-08,P-03538,547,22,247,2026-06-22T19:07:22Z
W-05,P-03538,198,29,226,2026-06-14T01:28:32Z
W-03,P-03539,1534,172,265,2026-06-26T01:41:42Z
W-05,P-03539,416,102,67,2026-06-27T06:16:40Z
W-04,P-03540,1087,36,160,2026-06-13T15:57:35Z
W-05,P-03540,1983,439,162,2026-06-08T09:09:46Z
W-07,P-03541,1288,128,85,2026-06-16T20:44:53Z
W-02,P-03541,1378,135,104,2026-06-03T13:03:21Z
W-02,P-03542,728,23,253,2026-06-13T14:26:07Z
W-06,P-03542,721,66,77,2026-06-19T07:49:41Z
W-01,P-03542,247,33,269,2026-06-08T15:29:57Z
W-05,P-03543,1131,98,178,2026-06-04T05:50:56Z
W-06,P-03543,1437,72,120,2026-06-24T15:17:07Z
W-03,P-03544,901,136,295,2026-06-28T17:57:45Z
W-07,P-03544,815,129,192,2026-06-10T00:07:19Z
W-04,P-03545,838,159,229,2026-06-21T13:59:03Z
W-02,P-03545,1738,123,172,2026-06-06T02:07:39Z
W-07,P-03546,1999,118,121,2026-06-29T15:48:26Z
W-05,P-03546,774,99,217,2026-06-09T19:36:52Z
W-04,P-03546,1467,240,300,2026-06-02T18:26:10Z
W-08,P-03547,1215,29,244,2026-06-27T20:23:21Z
W-02,P-03548,468,21,147,2026-06-21T20:45:50Z
W-02,P-03549,1539,324,161,2026-06-07T20:39:45Z
W-05,P-03549,692,157,234,2026-06-09T12:34:02Z
W-02,P-03550,534,41,83,2026-06-02T03:14:57Z
W-03,P-03550,1764,278,53,2026-06-26T23:40:08Z
W-05,P-03550,1615,56,293,2026-06-28T20:21:29Z
W-05,P-03551,800,88,146,2026-06-17T02:54:17Z
W-07,P-03552,231,26,94,2026-06-05T13:43:53Z
W-05,P-03552,400,35,252,2026-06-12T03:44:55Z
W-04,P-03553,1067,137,297,2026-06-15T19:25:50Z
W-05,P-03553,965,120,167,2026-06-19T00:40:42Z
W-08,P-03553,393,16,271,2026-06-11T15:52:16Z
W-01,P-03554,34,2,112,2026-06-11T21:56:42Z
W-08,P-03554,744,144,86,2026-06-25T00:21:25Z
W-06,P-03554,321,38,62,2026-06-28T17:03:23Z
W-01,P-03555,617,115,282,2026-06-10T20:11:22Z
W-08,P-03555,1025,30,139,2026-06-23T10:25:10Z
W-06,P-03555,156,9,169,2026-06-19T15:38:06Z
W-04,P-03556,864,194,236,2026-06-01T17:20:50Z
W-05,P-03556,1545,226,225,2026-06-17T00:09:57Z
W-01,P-03556,438,102,247,2026-06-04T21:54:30Z
W-07,P-03557,564,87,252,2026-06-05T10:33:55Z
W-08,P-03557,1503,264,294,2026-06-28T05:11:16Z
W-05,P-03557,193,43,206,2026-06-13T22:08:19Z
W-05,P-03558,241,14,101,2026-06-26T18:24:00Z
W-01,P-03558,745,179,294,2026-06-19T07:47:44Z
W-06,P-03559,90,22,153,2026-06-29T04:16:33Z
W-03,P-03559,1176,51,211,2026-06-09T08:10:16Z
W-04,P-03559,1943,434,107,2026-06-17T21:23:02Z
W-03,P-03560,1228,211,171,2026-06-01T21:19:56Z
W-01,P-03560,2000,478,79,2026-06-16T20:48:37Z
W-07,P-03560,710,62,143,2026-06-24T12:33:57Z
W-07,P-03561,1456,256,56,2026-06-27T10:26:39Z
W-08,P-03561,1573,13,119,2026-06-14T00:42:39Z
W-04,P-03562,1153,255,165,2026-06-04T22:21:41Z
W-06,P-03562,137,33,153,2026-06-18T03:26:10Z
W-02,P-03563,1805,147,78,2026-06-22T22:31:21Z
W-01,P-03564,29,4,74,2026-06-21T17:42:59Z
W-08,P-03564,1109,257,182,2026-06-25T00:36:05Z
W-05,P-03565,1271,286,103,2026-06-10T20:48:16Z
W-08,P-03566,756,55,276,2026-06-26T04:12:53Z
W-04,P-03566,14,2,176,2026-06-20T02:51:53Z
W-06,P-03567,1947,304,184,2026-06-14T00:06:23Z
W-01,P-03567,1544,354,209,2026-06-18T20:50:52Z
W-05,P-03567,1405,0,275,2026-06-21T05:04:14Z
W-07,P-03568,1021,121,89,2026-06-21T10:47:18Z
W-06,P-03569,753,159,140,2026-06-22T16:54:24Z
W-08,P-03569,16,3,94,2026-06-03T18:59:07Z
W-04,P-03570,321,78,124,2026-06-06T06:31:51Z
W-02,P-03570,280,0,225,2026-06-10T04:50:51Z
W-03,P-03570,799,182,206,2026-06-18T18:37:55Z
W-05,P-03571,806,148,73,2026-06-11T11:17:24Z
W-06,P-03572,1156,274,142,2026-06-20T03:36:18Z
W-08,P-03573,1703,192,204,2026-06-22T01:33:17Z
W-04,P-03573,525,84,50,2026-06-11T03:46:00Z
W-03,P-03573,1976,406,247,2026-06-29T03:49:39Z
W-03,P-03574,769,175,59,2026-06-07T13:15:09Z
W-05,P-03574,589,130,115,2026-06-05T23:42:18Z
W-08,P-03574,276,46,180,2026-06-10T04:31:28Z
W-01,P-03575,839,105,62,2026-06-30T12:41:15Z
W-07,P-03576,1695,170,121,2026-06-11T17:49:08Z
W-08,P-03576,513,36,290,2026-06-08T14:58:05Z
W-04,P-03577,203,42,175,2026-06-29T00:32:03Z
W-04,P-03578,374,4,104,2026-06-05T22:21:10Z
W-06,P-03578,446,65,125,2026-06-01T11:12:44Z
W-05,P-03578,1843,375,264,2026-06-29T16:56:29Z
W-08,P-03579,1606,322,250,2026-06-27T23:48:52Z
W-04,P-03579,590,7,94,2026-06-09T05:40:00Z
W-02,P-03580,194,23,212,2026-06-29T15:43:28Z
W-04,P-03580,1044,205,257,2026-06-17T01:56:21Z
W-03,P-03581,839,193,232,2026-06-28T23:05:42Z
W-06,P-03582,255,40,192,2026-06-09T15:49:53Z
W-07,P-03582,788,104,75,2026-06-24T07:22:38Z
W-03,P-03582,243,4,202,2026-06-15T09:15:14Z
W-04,P-03583,1308,277,115,2026-06-24T16:02:09Z
W-04,P-03584,954,48,133,2026-06-27T22:52:34Z
W-03,P-03585,1519,288,259,2026-06-29T11:10:14Z
W-02,P-03585,244,59,83,2026-06-04T17:32:40Z
W-04,P-03586,498,20,229,2026-06-23T22:31:15Z
W-02,P-03586,1731,186,97,2026-06-10T07:32:58Z
W-07,P-03586,484,37,90,2026-06-09T19:42:14Z
W-08,P-03587,683,137,222,2026-06-19T14:30:49Z
W-05,P-03587,1580,369,88,2026-06-11T17:27:43Z
W-05,P-03588,1058,87,233,2026-06-17T06:42:10Z
W-07,P-03588,1493,277,53,2026-06-21T16:40:19Z
W-06,P-03589,652,24,205,2026-06-26T15:22:37Z
W-07,P-03589,274,32,282,2026-06-26T00:01:04Z
W-07,P-03590,1115,103,111,2026-06-10T05:09:46Z
W-04,P-03591,918,89,156,2026-06-11T09:30:47Z
W-02,P-03591,1998,392,293,2026-06-15T13:25:49Z
W-06,P-03591,311,17,286,2026-06-30T10:17:41Z
W-01,P-03592,329,72,252,2026-06-09T17:58:32Z
W-07,P-03592,1808,366,147,2026-06-20T00:43:02Z
W-06,P-03592,822,66,228,2026-06-23T01:16:04Z
W-02,P-03593,1376,336,197,2026-06-29T01:46:59Z
W-08,P-03593,1892,422,199,2026-06-18T07:09:58Z
W-05,P-03593,553,5,269,2026-06-25T14:56:23Z
W-02,P-03594,1001,29,298,2026-06-05T08:27:35Z
W-07,P-03594,697,90,122,2026-06-23T04:42:39Z
W-06,P-03594,454,57,136,2026-06-20T16:06:03Z
W-08,P-03595,1952,230,203,2026-06-11T17:10:25Z
W-04,P-03595,46,6,92,2026-06-15T18:49:14Z
W-01,P-03595,1291,280,170,2026-06-18T08:42:30Z
W-01,P-03596,1408,238,104,2026-06-24T23:59:43Z
W-04,P-03596,1625,46,103,2026-06-27T00:26:18Z
W-02,P-03596,1381,256,111,2026-06-16T18:40:32Z
W-06,P-03597,724,114,274,2026-06-13T12:36:29Z
W-02,P-03598,999,238,256,2026-06-08T18:27:49Z
W-05,P-03598,367,70,219,2026-06-06T04:30:59Z
W-07,P-03598,1644,342,285,2026-06-05T12:11:55Z
W-08,P-03599,1693,190,53,2026-06-08T02:43:18Z
W-03,P-03599,907,119,67,2026-06-23T02:13:04Z
W-02,P-03599,1977,206,231,2026-06-18T18:06:04Z
W-03,P-03600,292,11,72,2026-06-14T01:07:32Z
W-04,P-03600,990,153,130,2026-06-24T09:38:49Z
W-07,P-03600,1631,33,225,2026-06-05T14:27:10Z
W-06,P-03601,1076,105,153,2026-06-28T03:07:00Z
W-03,P-03602,1446,16,265,2026-06-12T10:34:37Z
W-03,P-03603,1321,297,85,2026-06-25T13:51:34Z
W-03,P-03604,397,63,205,2026-06-25T10:11:18Z
W-01,P-03604,1834,218,164,2026-06-13T05:27:19Z
W-08,P-03604,693,83,213,2026-06-07T07:50:14Z
W-02,P-03605,430,80,102,2026-06-21T06:18:58Z
W-03,P-03605,1534,366,110,2026-06-23T08:23:01Z
W-01,P-03605,354,21,287,2026-06-20T18:10:25Z
W-06,P-03606,95,10,238,2026-06-13T01:50:55Z
W-02,P-03606,1217,154,75,2026-06-24T20:06:29Z
W-02,P-03607,1035,96,75,2026-06-11T10:06:56Z
W-03,P-03607,1998,458,152,2026-06-18T13:07:33Z
W-01,P-03608,466,30,283,2026-06-02T09:29:09Z
W-01,P-03609,233,33,168,2026-06-07T01:14:34Z
W-02,P-03609,1239,229,79,2026-06-21T09:10:30Z
W-06,P-03610,1343,307,195,2026-06-09T13:10:28Z
W-03,P-03610,393,50,153,2026-06-09T05:36:03Z
W-04,P-03610,1685,242,167,2026-06-19T17:38:08Z
W-06,P-03611,990,225,151,2026-06-15T23:49:48Z
W-07,P-03611,1968,163,78,2026-06-19T01:58:54Z
W-04,P-03612,1590,318,242,2026-06-24T16:39:25Z
W-05,P-03613,125,2,73,2026-06-14T07:47:20Z
W-08,P-03614,1405,8,173,2026-06-27T05:21:15Z
W-06,P-03614,1065,142,115,2026-06-23T18:32:07Z
W-02,P-03615,173,32,134,2026-06-22T13:50:38Z
W-03,P-03615,1921,279,71,2026-06-12T21:54:53Z
W-05,P-03615,1624,363,123,2026-06-22T01:32:17Z
W-04,P-03616,487,88,69,2026-06-02T17:52:05Z
W-01,P-03616,576,102,290,2026-06-06T03:29:46Z
W-06,P-03616,613,148,293,2026-06-15T13:38:52Z
W-02,P-03617,1236,302,144,2026-06-25T00:59:47Z
W-04,P-03618,1155,235,230,2026-06-12T10:05:20Z
W-02,P-03618,996,247,51,2026-06-09T20:04:08Z
W-08,P-03619,205,35,122,2026-06-03T11:54:49Z
W-02,P-03619,1381,193,59,2026-06-10T09:32:32Z
W-01,P-03619,1341,305,238,2026-06-23T17:35:42Z
W-08,P-03620,823,70,183,2026-06-19T01:52:23Z
W-07,P-03620,1837,172,161,2026-06-06T05:39:16Z
W-01,P-03621,1566,143,136,2026-06-11T15:45:38Z
W-02,P-03622,1829,171,197,2026-06-27T21:50:12Z
W-04,P-03623,608,33,278,2026-06-14T20:21:07Z
W-01,P-03624,1592,327,173,2026-06-15T03:53:20Z
W-03,P-03624,512,87,161,2026-06-18T05:57:02Z
W-05,P-03625,970,96,161,2026-06-18T12:47:09Z
W-08,P-03626,1362,52,267,2026-06-21T14:56:00Z
W-02,P-03626,655,126,197,2026-06-08T22:50:15Z
W-08,P-03627,1823,305,159,2026-06-14T15:32:51Z
W-06,P-03628,1770,126,240,2026-06-20T03:32:10Z
W-02,P-03628,1978,213,90,2026-06-23T22:42:02Z
W-05,P-03628,118,17,147,2026-06-03T05:31:33Z
W-01,P-03629,1219,127,117,2026-06-09T00:11:28Z
W-08,P-03629,281,29,191,2026-06-01T04:26:02Z
W-01,P-03630,1620,239,197,2026-06-08T19:37:13Z
W-02,P-03630,1104,243,123,2026-06-08T11:41:01Z
W-04,P-03630,834,78,256,2026-06-19T00:58:56Z
W-03,P-03631,1623,377,104,2026-06-18T20:44:59Z
W-07,P-03631,451,36,88,2026-06-25T00:12:26Z
W-08,P-03632,1118,26,104,2026-06-22T08:02:12Z
W-04,P-03633,1000,155,248,2026-06-01T03:21:35Z
W-01,P-03633,536,60,88,2026-06-24T13:55:14Z
W-08,P-03634,1286,300,206,2026-06-23T00:30:09Z
W-02,P-03634,815,80,227,2026-06-23T18:25:50Z
W-03,P-03635,864,123,52,2026-06-11T05:09:46Z
W-02,P-03636,903,122,206,2026-06-21T01:16:07Z
W-03,P-03637,1290,87,277,2026-06-30T18:38:00Z
W-01,P-03638,1634,125,261,2026-06-17T07:10:08Z
W-02,P-03639,637,55,186,2026-06-17T09:35:32Z
W-06,P-03640,1217,185,85,2026-06-17T00:59:46Z
W-07,P-03641,699,156,239,2026-06-16T06:10:30Z
W-04,P-03642,1687,215,213,2026-06-24T15:02:31Z
W-03,P-03642,1267,228,95,2026-06-02T17:09:45Z
W-06,P-03643,491,95,170,2026-06-24T11:56:23Z
W-08,P-03643,1787,276,162,2026-06-21T10:52:01Z
W-04,P-03644,28,0,170,2026-06-17T04:45:59Z
W-06,P-03644,1439,170,132,2026-06-07T11:09:06Z
W-01,P-03644,579,106,260,2026-06-07T12:01:36Z
W-04,P-03645,1748,327,76,2026-06-30T00:58:56Z
W-03,P-03645,1462,265,181,2026-06-20T08:10:48Z
W-07,P-03645,175,13,203,2026-06-06T05:27:07Z
W-05,P-03646,584,39,133,2026-06-06T22:57:13Z
W-07,P-03646,559,73,256,2026-06-21T04:44:12Z
W-06,P-03647,564,126,225,2026-06-17T09:20:47Z
W-08,P-03648,1310,118,164,2026-06-19T09:33:57Z
W-06,P-03648,363,39,140,2026-06-23T09:42:24Z
W-05,P-03649,746,158,170,2026-06-27T05:02:15Z
W-07,P-03649,1785,178,296,2026-06-24T10:12:10Z
W-02,P-03650,209,23,94,2026-06-06T17:46:09Z
W-01,P-03650,1587,21,270,2026-06-14T16:42:14Z
W-06,P-03650,822,95,107,2026-06-05T01:26:00Z
W-07,P-03651,1674,173,299,2026-06-02T04:42:19Z
W-07,P-03652,88,11,247,2026-06-04T09:29:00Z
W-04,P-03652,269,39,195,2026-06-26T00:02:05Z
W-05,P-03653,1721,101,122,2026-06-24T11:48:00Z
W-04,P-03654,1852,299,212,2026-06-28T22:16:39Z
W-08,P-03654,1087,64,288,2026-06-01T23:20:15Z
W-07,P-03654,50,4,144,2026-06-26T20:49:22Z
W-04,P-03655,348,9,246,2026-06-25T04:37:03Z
W-02,P-03655,1429,321,135,2026-06-04T13:05:55Z
W-06,P-03655,289,66,299,2026-06-19T01:54:09Z
W-02,P-03656,1126,275,271,2026-06-17T17:18:16Z
W-01,P-03656,88,13,228,2026-06-09T17:28:00Z
W-04,P-03657,174,16,165,2026-06-13T04:51:32Z
W-07,P-03658,241,4,212,2026-06-30T19:45:30Z
W-05,P-03658,809,48,182,2026-06-29T03:15:15Z
W-08,P-03658,591,51,173,2026-06-24T16:47:44Z
W-03,P-03659,464,69,246,2026-06-07T08:04:48Z
W-02,P-03659,405,50,204,2026-06-10T00:24:20Z
W-08,P-03660,752,151,91,2026-06-13T01:33:50Z
W-01,P-03660,1306,210,54,2026-06-29T00:38:17Z
W-04,P-03660,935,206,234,2026-06-11T21:32:16Z
W-05,P-03661,1802,124,157,2026-06-23T22:55:24Z
W-08,P-03661,234,50,231,2026-06-03T20:44:53Z
W-04,P-03661,1699,170,284,2026-06-21T22:21:35Z
W-08,P-03662,1788,47,57,2026-06-05T21:01:31Z
W-05,P-03663,1049,205,216,2026-06-17T01:45:02Z
W-06,P-03664,1438,343,249,2026-06-23T22:24:53Z
W-02,P-03664,1312,215,256,2026-06-15T09:33:14Z
W-08,P-03665,821,133,98,2026-06-30T11:07:55Z
W-04,P-03665,1478,48,179,2026-06-03T16:16:27Z
W-06,P-03666,1607,11,157,2026-06-09T05:47:45Z
W-05,P-03666,740,85,225,2026-06-07T03:32:52Z
W-06,P-03667,305,73,295,2026-06-15T10:08:04Z
W-02,P-03667,1576,133,276,2026-06-08T00:00:08Z
W-02,P-03668,7,0,218,2026-06-06T01:06:54Z
W-08,P-03668,1299,1,255,2026-06-12T03:22:52Z
W-01,P-03668,823,118,57,2026-06-15T00:19:09Z
W-07,P-03669,509,47,71,2026-06-14T07:33:42Z
W-01,P-03670,236,36,91,2026-06-30T09:18:26Z
W-04,P-03671,153,19,162,2026-06-03T18:41:50Z
W-07,P-03672,486,4,85,2026-06-12T21:30:42Z
W-01,P-03672,1417,32,84,2026-06-21T07:23:35Z
W-02,P-03672,1797,275,185,2026-06-09T06:28:44Z
W-08,P-03673,256,45,176,2026-06-07T05:42:15Z
W-03,P-03673,133,23,258,2026-06-19T12:12:58Z
W-01,P-03673,364,67,269,2026-06-15T06:46:40Z
W-05,P-03674,1506,120,247,2026-06-10T13:58:40Z
W-08,P-03674,935,14,297,2026-06-25T18:20:48Z
W-01,P-03675,1128,203,119,2026-06-04T06:40:16Z
W-02,P-03675,554,88,190,2026-06-20T05:24:13Z
W-02,P-03676,1843,384,212,2026-06-16T04:11:29Z
W-02,P-03677,1407,316,117,2026-06-29T18:45:22Z
W-06,P-03677,1570,341,128,2026-06-15T09:55:17Z
W-08,P-03678,1310,120,270,2026-06-08T21:32:08Z
W-03,P-03678,1739,326,150,2026-06-20T18:15:16Z
W-02,P-03679,524,44,205,2026-06-06T00:03:01Z
W-08,P-03679,1206,52,195,2026-06-26T08:20:20Z
W-01,P-03680,194,7,59,2026-06-02T04:04:22Z
W-05,P-03680,646,149,154,2026-06-09T01:15:04Z
W-07,P-03680,1853,462,158,2026-06-27T19:16:25Z
W-07,P-03681,207,20,226,2026-06-18T09:12:55Z
W-04,P-03681,1636,245,226,2026-06-19T19:48:50Z
W-02,P-03681,146,0,256,2026-06-28T11:58:45Z
W-03,P-03682,1817,377,264,2026-06-22T09:15:30Z
W-02,P-03682,129,20,266,2026-06-24T07:18:52Z
W-05,P-03683,1239,50,151,2026-06-10T10:24:32Z
W-07,P-03683,709,127,94,2026-06-11T02:31:17Z
W-06,P-03684,1406,181,287,2026-06-22T16:01:10Z
W-02,P-03684,1123,206,142,2026-06-30T22:30:15Z
W-04,P-03685,431,73,156,2026-06-30T05:42:45Z
W-05,P-03685,331,54,70,2026-06-27T15:11:39Z
W-02,P-03685,1042,93,221,2026-06-11T10:17:12Z
W-04,P-03686,1442,251,239,2026-06-19T15:49:58Z
W-01,P-03687,1387,97,225,2026-06-17T10:33:35Z
W-03,P-03688,415,99,130,2026-06-26T14:22:41Z
W-07,P-03688,1305,210,144,2026-06-06T16:22:19Z
W-05,P-03689,1290,140,121,2026-06-22T09:32:46Z
W-02,P-03689,889,89,68,2026-06-05T11:01:20Z
W-01,P-03689,1710,2,209,2026-06-01T04:20:42Z
W-08,P-03690,164,16,262,2026-06-02T22:01:10Z
W-01,P-03690,421,56,281,2026-06-13T01:46:47Z
W-08,P-03691,1788,196,124,2026-06-19T04:58:36Z
W-06,P-03691,900,44,50,2026-06-09T16:41:32Z
W-04,P-03692,594,127,163,2026-06-21T21:07:22Z
W-06,P-03692,696,30,98,2026-06-08T21:07:57Z
W-05,P-03692,546,130,276,2026-06-12T23:33:35Z
W-05,P-03693,721,36,204,2026-06-02T03:46:58Z
W-01,P-03693,400,80,187,2026-06-11T18:13:06Z
W-05,P-03694,924,41,165,2026-06-05T07:48:10Z
W-07,P-03694,319,36,296,2026-06-21T03:30:11Z
W-08,P-03695,560,83,250,2026-06-12T13:29:43Z
W-05,P-03696,1199,195,139,2026-06-30T23:11:56Z
W-04,P-03696,1451,310,135,2026-06-30T04:37:47Z
W-07,P-03696,919,187,78,2026-06-18T02:01:46Z
W-05,P-03697,462,43,203,2026-06-30T19:45:55Z
W-02,P-03698,384,83,68,2026-06-26T00:33:18Z
W-05,P-03698,768,29,89,2026-06-15T20:12:28Z
W-01,P-03699,1659,0,275,2026-06-24T21:07:44Z
W-04,P-03699,1780,416,57,2026-06-01T03:48:06Z
W-03,P-03700,1724,326,50,2026-06-01T03:58:39Z
W-08,P-03700,1565,14,259,2026-06-14T22:04:04Z
W-01,P-03700,1185,108,174,2026-06-27T14:11:51Z
W-04,P-03701,1885,311,223,2026-06-11T15:57:08Z
W-05,P-03702,887,39,104,2026-06-10T06:23:59Z
W-03,P-03702,159,33,222,2026-06-22T22:31:12Z
W-01,P-03703,718,166,267,2026-06-15T14:35:02Z
W-03,P-03704,211,0,137,2026-06-15T08:02:51Z
W-05,P-03705,1610,248,86,2026-06-18T10:31:17Z
W-02,P-03705,960,134,194,2026-06-10T21:28:46Z
W-07,P-03706,993,66,293,2026-06-06T03:06:08Z
W-03,P-03706,528,73,234,2026-06-08T07:36:00Z
W-06,P-03706,573,71,241,2026-06-20T09:22:36Z
W-08,P-03707,1782,312,81,2026-06-23T20:03:54Z
W-01,P-03707,157,27,63,2026-06-04T18:51:09Z
W-08,P-03708,1548,204,163,2026-06-01T22:02:21Z
W-05,P-03709,745,40,256,2026-06-19T19:45:13Z
W-02,P-03710,935,97,289,2026-06-01T20:25:10Z
W-04,P-03710,339,83,141,2026-06-07T17:16:20Z
W-06,P-03711,137,34,76,2026-06-01T23:58:01Z
W-08,P-03712,705,171,122,2026-06-30T05:17:57Z
W-01,P-03712,280,45,183,2026-06-19T02:26:46Z
W-05,P-03713,382,55,257,2026-06-10T07:20:04Z
W-07,P-03713,1276,193,274,2026-06-29T21:23:27Z
W-05,P-03714,1489,200,155,2026-06-21T19:09:54Z
W-08,P-03714,1104,4,248,2026-06-04T07:52:58Z
W-04,P-03715,1169,157,238,2026-06-27T09:58:25Z
W-05,P-03715,402,64,215,2026-06-09T12:45:02Z
W-08,P-03716,618,148,113,2026-06-14T15:42:47Z
W-07,P-03716,1921,94,244,2026-06-26T18:19:17Z
W-03,P-03716,1289,222,127,2026-06-22T08:58:21Z
W-03,P-03717,1229,45,96,2026-06-14T02:46:38Z
W-08,P-03718,123,4,262,2026-06-16T15:32:35Z
W-06,P-03718,353,28,54,2026-06-01T05:29:44Z
W-05,P-03718,861,101,51,2026-06-27T23:34:02Z
W-07,P-03719,1536,265,194,2026-06-22T12:10:27Z
W-05,P-03719,458,111,294,2026-06-16T02:19:06Z
W-06,P-03719,424,0,102,2026-06-15T02:15:46Z
W-05,P-03720,1632,235,50,2026-06-27T01:42:31Z
W-07,P-03721,1900,420,221,2026-06-04T19:47:14Z
W-06,P-03721,286,60,185,2026-06-03T18:56:14Z
W-04,P-03721,1318,161,264,2026-06-22T09:30:59Z
W-06,P-03722,567,105,253,2026-06-19T07:29:50Z
W-02,P-03722,612,147,268,2026-06-14T07:35:20Z
W-05,P-03722,247,60,172,2026-06-13T05:28:33Z
W-04,P-03723,1004,114,233,2026-06-20T03:44:00Z
W-03,P-03723,1934,9,126,2026-06-04T07:56:23Z
W-06,P-03723,1131,15,204,2026-06-06T13:41:25Z
W-08,P-03724,125,30,275,2026-06-13T20:38:11Z
W-07,P-03725,1290,295,75,2026-06-03T18:54:57Z
W-01,P-03725,444,33,259,2026-06-06T15:39:54Z
W-06,P-03726,909,162,151,2026-06-08T09:43:53Z
W-08,P-03726,552,121,62,2026-06-10T09:05:35Z
W-03,P-03727,1921,397,151,2026-06-07T18:11:37Z
W-08,P-03727,376,16,137,2026-06-07T09:19:52Z
W-01,P-03728,963,64,76,2026-06-10T16:42:06Z
W-06,P-03728,1956,176,143,2026-06-29T07:33:08Z
W-03,P-03728,1629,180,299,2026-06-07T14:56:17Z
W-01,P-03729,1406,214,117,2026-06-24T05:50:21Z
W-03,P-03730,1714,145,126,2026-06-07T06:58:29Z
W-01,P-03730,569,47,280,2026-06-01T05:53:06Z
W-03,P-03731,1655,109,193,2026-06-13T06:28:33Z
W-02,P-03731,784,0,288,2026-06-29T06:00:19Z
W-05,P-03731,675,12,114,2026-06-04T03:05:22Z
W-02,P-03732,1099,103,226,2026-06-13T07:57:18Z
W-03,P-03733,386,51,87,2026-06-12T04:28:59Z
W-04,P-03733,1117,221,78,2026-06-08T23:57:29Z
W-07,P-03733,821,136,282,2026-06-01T20:00:19Z
W-07,P-03734,1056,181,92,2026-06-15T11:39:10Z
W-07,P-03735,540,62,185,2026-06-09T06:24:28Z
W-04,P-03735,1902,247,81,2026-06-22T21:01:05Z
W-06,P-03736,1303,177,126,2026-06-14T17:16:04Z
W-02,P-03736,1529,88,171,2026-06-03T07:43:44Z
W-07,P-03737,531,51,164,2026-06-16T14:46:53Z
W-01,P-03737,1608,83,240,2026-06-21T20:24:43Z
W-04,P-03738,292,17,157,2026-06-16T20:33:31Z
W-01,P-03739,1515,316,76,2026-06-13T10:47:38Z
W-06,P-03740,696,102,253,2026-06-25T08:17:33Z
W-03,P-03740,258,25,294,2026-06-09T08:27:26Z
W-02,P-03740,660,18,176,2026-06-16T07:17:58Z
W-01,P-03741,1945,49,144,2026-06-27T22:37:00Z
W-04,P-03741,1428,296,58,2026-06-29T08:34:00Z
W-07,P-03742,93,12,295,2026-06-05T00:07:33Z
W-06,P-03743,47,2,70,2026-06-06T14:07:05Z
W-02,P-03743,883,163,256,2026-06-27T22:37:47Z
W-01,P-03744,1785,167,104,2026-06-02T05:12:27Z
W-02,P-03744,1387,108,202,2026-06-29T03:47:28Z
W-04,P-03745,1086,23,93,2026-06-04T04:03:08Z
W-07,P-03745,1072,47,239,2026-06-29T19:05:03Z
W-01,P-03746,1082,269,265,2026-06-03T12:02:25Z
W-04,P-03746,1498,93,148,2026-06-03T22:04:00Z
W-08,P-03746,780,79,87,2026-06-17T18:34:43Z
W-08,P-03747,73,5,150,2026-06-11T17:47:44Z
W-01,P-03748,679,133,269,2026-06-01T09:12:48Z
W-04,P-03748,152,35,58,2026-06-10T20:35:38Z
W-01,P-03749,1103,260,103,2026-06-13T07:28:28Z
W-03,P-03750,82,19,175,2026-06-02T18:24:50Z
W-07,P-03750,1651,202,153,2026-06-18T01:41:29Z
W-08,P-03750,1989,98,71,2026-06-05T01:43:05Z
W-05,P-03751,519,13,166,2026-06-15T08:01:01Z
W-04,P-03752,1456,206,124,2026-06-09T16:00:29Z
W-01,P-03753,229,9,255,2026-06-05T06:17:31Z
W-04,P-03753,801,22,177,2026-06-08T04:41:34Z
W-04,P-03754,618,89,250,2026-06-18T12:56:23Z
W-01,P-03754,1223,274,160,2026-06-09T16:11:22Z
W-07,P-03755,47,7,91,2026-06-11T05:10:15Z
W-04,P-03755,995,223,210,2026-06-06T17:45:42Z
W-04,P-03756,1117,142,194,2026-06-29T06:32:04Z
W-01,P-03757,540,89,81,2026-06-05T10:39:38Z
W-03,P-03757,694,73,284,2026-06-08T08:24:01Z
W-01,P-03758,50,0,126,2026-06-06T05:24:27Z
W-06,P-03758,582,103,194,2026-06-25T00:55:44Z
W-07,P-03758,1551,131,88,2026-06-10T12:30:44Z
W-04,P-03759,1362,293,153,2026-06-18T13:47:00Z
W-01,P-03759,758,161,248,2026-06-18T03:03:01Z
W-06,P-03760,1280,307,249,2026-06-14T14:49:04Z
W-04,P-03760,198,19,154,2026-06-23T08:36:01Z
W-02,P-03760,1641,201,238,2026-06-29T23:27:49Z
W-07,P-03761,145,12,248,2026-06-12T13:40:04Z
W-03,P-03761,1043,169,285,2026-06-11T19:17:43Z
W-01,P-03762,1772,201,284,2026-06-22T10:08:46Z
W-02,P-03762,780,195,128,2026-06-10T05:23:40Z
W-08,P-03763,1930,280,280,2026-06-23T00:28:30Z
W-01,P-03763,1953,152,211,2026-06-04T12:19:16Z
W-05,P-03763,1320,131,175,2026-06-07T19:01:15Z
W-01,P-03764,583,36,181,2026-06-01T04:39:14Z
W-02,P-03764,1918,68,256,2026-06-17T22:09:10Z
W-06,P-03764,1331,292,201,2026-06-14T16:57:16Z
W-04,P-03765,745,81,95,2026-06-04T11:33:15Z
W-06,P-03765,578,136,290,2026-06-27T02:05:44Z
W-08,P-03766,1096,109,68,2026-06-29T10:04:45Z
W-07,P-03766,859,128,110,2026-06-17T16:04:10Z
W-02,P-03767,945,52,80,2026-06-29T11:53:44Z
W-08,P-03767,610,57,71,2026-06-26T09:22:39Z
W-01,P-03768,1653,261,283,2026-06-17T08:51:56Z
W-07,P-03768,889,181,91,2026-06-18T01:38:48Z
W-04,P-03769,665,138,105,2026-06-13T09:51:18Z
W-03,P-03770,233,45,267,2026-06-23T10:16:46Z
W-06,P-03771,1826,19,118,2026-06-10T14:11:33Z
W-01,P-03771,278,13,82,2026-06-20T08:51:30Z
W-08,P-03772,1103,216,144,2026-06-26T01:02:35Z
W-02,P-03772,1162,81,235,2026-06-02T18:41:33Z
W-02,P-03773,1349,273,243,2026-06-19T03:10:43Z
W-07,P-03773,1085,166,179,2026-06-26T20:10:59Z
W-03,P-03774,1427,354,152,2026-06-01T00:53:40Z
W-08,P-03774,521,1,248,2026-06-28T09:38:17Z
W-06,P-03775,444,38,248,2026-06-16T14:14:54Z
W-07,P-03775,1853,279,165,2026-06-12T06:13:26Z
W-01,P-03775,450,62,227,2026-06-06T11:01:23Z
W-07,P-03776,963,225,69,2026-06-15T08:41:31Z
W-03,P-03776,1416,114,259,2026-06-02T09:50:52Z
W-04,P-03777,505,2,171,2026-06-03T12:33:05Z
W-02,P-03777,1619,212,192,2026-06-16T09:06:01Z
W-05,P-03777,1886,390,156,2026-06-02T12:25:30Z
W-06,P-03778,1916,34,258,2026-06-09T19:33:04Z
W-04,P-03778,251,25,164,2026-06-10T02:31:15Z
W-08,P-03778,1695,232,259,2026-06-02T09:17:57Z
W-08,P-03779,1817,135,232,2026-06-15T07:09:26Z
W-03,P-03780,258,13,113,2026-06-16T15:56:34Z
W-05,P-03780,785,141,176,2026-06-10T13:38:37Z
W-01,P-03780,1676,282,259,2026-06-30T03:28:05Z
W-02,P-03781,227,33,97,2026-06-18T19:15:46Z
W-08,P-03781,1345,195,85,2026-06-25T00:29:46Z
W-05,P-03782,1727,328,277,2026-06-15T13:18:56Z
W-03,P-03782,275,37,297,2026-06-17T19:16:06Z
W-01,P-03782,1115,4,91,2026-06-04T13:13:06Z
W-07,P-03783,766,41,96,2026-06-01T18:42:21Z
W-06,P-03783,1686,34,78,2026-06-07T16:30:11Z
W-05,P-03783,340,71,117,2026-06-06T15:27:51Z
W-02,P-03784,1517,176,246,2026-06-20T01:50:04Z
W-08,P-03785,608,147,185,2026-06-22T07:45:06Z
W-04,P-03785,1827,196,285,2026-06-10T23:55:46Z
W-02,P-03786,258,7,276,2026-06-28T14:59:42Z
W-06,P-03786,1440,114,281,2026-06-14T12:08:31Z
W-05,P-03787,1148,243,149,2026-06-13T19:33:57Z
W-08,P-03788,694,68,82,2026-06-12T19:59:51Z
W-02,P-03789,1120,36,192,2026-06-07T17:04:03Z
W-01,P-03789,826,92,228,2026-06-21T22:48:36Z
W-06,P-03789,405,66,187,2026-06-06T07:41:27Z
W-02,P-03790,436,12,254,2026-06-12T23:47:09Z
W-04,P-03790,994,186,242,2026-06-13T08:06:07Z
W-08,P-03790,931,208,192,2026-06-19T10:41:24Z
W-07,P-03791,832,149,292,2026-06-06T21:42:39Z
W-01,P-03791,404,101,212,2026-06-05T06:08:44Z
W-02,P-03792,1213,20,52,2026-06-22T05:48:50Z
W-01,P-03792,15,0,193,2026-06-06T11:37:50Z
W-04,P-03792,922,156,58,2026-06-12T00:49:15Z
W-08,P-03793,1632,142,128,2026-06-21T20:29:08Z
W-02,P-03794,1586,12,127,2026-06-11T08:37:01Z
W-07,P-03794,708,110,245,2026-06-16T00:28:23Z
W-04,P-03794,1723,311,90,2026-06-27T14:31:28Z
W-02,P-03795,568,112,124,2026-06-30T05:12:22Z
W-06,P-03796,463,83,102,2026-06-11T09:58:56Z
W-02,P-03796,896,184,203,2026-06-15T20:52:26Z
W-08,P-03797,1338,305,171,2026-06-24T05:05:36Z
W-05,P-03797,1830,392,254,2026-06-14T18:03:35Z
W-04,P-03797,1477,327,295,2026-06-14T05:27:42Z
W-06,P-03798,960,35,291,2026-06-14T18:34:34Z
W-07,P-03798,1713,346,291,2026-06-15T16:34:27Z
W-05,P-03798,1333,13,81,2026-06-24T23:23:35Z
W-01,P-03799,1646,241,274,2026-06-14T23:21:52Z
W-08,P-03800,159,11,264,2026-06-10T19:05:02Z
W-04,P-03800,795,141,237,2026-06-28T04:32:13Z
W-02,P-03800,1450,132,149,2026-06-01T18:02:24Z
W-04,P-03801,380,22,212,2026-06-04T21:43:16Z
W-03,P-03801,1737,297,131,2026-06-17T08:33:16Z
W-07,P-03801,1111,132,128,2026-06-28T11:35:26Z
W-07,P-03802,1130,197,235,2026-06-02T07:37:10Z
W-05,P-03802,950,178,242,2026-06-13T19:26:39Z
W-04,P-03802,1821,407,295,2026-06-19T03:53:32Z
W-05,P-03803,823,136,85,2026-06-14T18:51:27Z
W-08,P-03803,1024,89,172,2026-06-22T22:20:52Z
W-07,P-03803,451,10,104,2026-06-11T10:09:29Z
W-06,P-03804,1015,187,75,2026-06-15T08:57:33Z
W-01,P-03804,814,27,228,2026-06-17T22:45:09Z
W-04,P-03805,1312,155,118,2026-06-19T22:56:09Z
W-08,P-03806,1823,346,62,2026-06-08T01:25:58Z
W-04,P-03806,1485,242,76,2026-06-26T13:25:35Z
W-06,P-03807,226,28,137,2026-06-01T17:26:49Z
W-03,P-03807,43,9,95,2026-06-20T03:49:19Z
W-06,P-03808,1705,297,259,2026-06-27T07:24:16Z
W-07,P-03809,224,42,259,2026-06-27T15:12:03Z
W-08,P-03809,1668,53,162,2026-06-27T20:38:04Z
W-05,P-03810,1944,155,63,2026-06-25T01:06:57Z
W-07,P-03810,1397,314,192,2026-06-02T04:11:17Z
W-04,P-03810,1045,244,293,2026-06-12T07:10:20Z
W-04,P-03811,515,122,289,2026-06-01T21:06:18Z
W-08,P-03812,1650,309,61,2026-06-03T22:56:22Z
W-07,P-03812,977,220,259,2026-06-05T16:07:14Z
W-08,P-03813,1305,270,60,2026-06-27T23:42:07Z
W-07,P-03813,346,39,231,2026-06-28T11:13:37Z
W-06,P-03813,1162,124,176,2026-06-27T15:28:41Z
W-04,P-03814,525,79,166,2026-06-08T20:06:05Z
W-03,P-03815,103,5,230,2026-06-14T15:09:38Z
W-01,P-03815,1374,114,80,2026-06-01T18:39:51Z
W-07,P-03815,1108,212,180,2026-06-15T00:02:27Z
W-03,P-03816,1689,147,134,2026-06-30T06:08:17Z
W-04,P-03817,895,59,140,2026-06-11T23:49:28Z
W-02,P-03818,386,40,280,2026-06-26T01:15:18Z
W-01,P-03819,1892,18,264,2026-06-14T06:30:33Z
W-04,P-03820,863,141,260,2026-06-29T13:36:31Z
W-05,P-03821,286,22,223,2026-06-27T22:48:35Z
W-05,P-03822,764,148,132,2026-06-08T04:42:52Z
W-03,P-03822,1893,6,252,2026-06-11T23:30:58Z
W-04,P-03823,1197,87,244,2026-06-17T00:40:14Z
W-01,P-03823,1894,426,51,2026-06-24T20:19:21Z
W-02,P-03824,497,54,140,2026-06-15T15:50:20Z
W-07,P-03824,227,25,273,2026-06-27T20:47:52Z
W-02,P-03825,1024,203,207,2026-06-24T04:26:39Z
W-08,P-03825,779,11,230,2026-06-09T11:06:44Z
W-07,P-03826,1631,199,288,2026-06-12T06:39:08Z
W-06,P-03826,763,36,179,2026-06-08T22:24:41Z
W-07,P-03827,531,0,110,2026-06-16T15:13:11Z
W-08,P-03827,661,124,58,2026-06-22T10:47:06Z
W-05,P-03827,1636,18,282,2026-06-13T14:24:44Z
W-02,P-03828,440,103,191,2026-06-23T05:01:22Z
W-01,P-03829,1050,242,107,2026-06-20T06:58:07Z
W-07,P-03829,344,78,81,2026-06-09T22:15:54Z
W-08,P-03829,1449,161,116,2026-06-09T18:34:38Z
W-05,P-03830,215,38,169,2026-06-22T01:03:55Z
W-07,P-03830,999,23,220,2026-06-30T02:57:35Z
W-03,P-03830,623,61,253,2026-06-28T19:01:39Z
W-03,P-03831,495,122,115,2026-06-03T10:42:29Z
W-05,P-03831,356,5,246,2026-06-13T17:12:25Z
W-06,P-03832,610,121,99,2026-06-25T10:12:24Z
W-01,P-03832,554,18,127,2026-06-04T03:40:43Z
W-04,P-03832,1799,226,231,2026-06-15T19:07:46Z
W-05,P-03833,548,76,262,2026-06-24T04:32:29Z
W-07,P-03833,1108,48,170,2026-06-25T08:19:56Z
W-04,P-03834,403,33,102,2026-06-08T19:11:21Z
W-06,P-03835,1403,9,231,2026-06-21T03:31:14Z
W-06,P-03836,1186,146,193,2026-06-19T19:28:36Z
W-08,P-03836,611,121,198,2026-06-23T21:45:24Z
W-07,P-03836,1099,120,108,2026-06-27T11:54:08Z
W-03,P-03837,366,50,52,2026-06-04T11:07:45Z
W-07,P-03838,1999,161,234,2026-06-04T18:02:47Z
W-02,P-03838,375,47,202,2026-06-24T23:33:50Z
W-06,P-03838,336,10,281,2026-06-14T00:40:45Z
W-02,P-03839,354,56,64,2026-06-12T18:03:28Z
W-02,P-03840,1644,189,59,2026-06-29T19:17:32Z
W-02,P-03841,970,14,82,2026-06-28T04:35:10Z
W-01,P-03841,360,7,290,2026-06-18T18:47:19Z
W-02,P-03842,1336,87,261,2026-06-21T17:46:54Z
W-01,P-03842,1689,215,124,2026-06-24T13:29:00Z
W-06,P-03843,119,14,95,2026-06-19T07:12:49Z
W-04,P-03843,1381,264,188,2026-06-09T02:35:18Z
W-07,P-03844,1949,430,243,2026-06-20T22:45:11Z
W-05,P-03845,1370,332,296,2026-06-29T00:17:35Z
W-06,P-03846,717,24,96,2026-06-13T04:45:43Z
W-03,P-03847,73,2,156,2026-06-14T04:04:54Z
W-08,P-03847,1105,214,107,2026-06-10T21:03:21Z
W-06,P-03848,710,74,88,2026-06-12T23:40:04Z
W-02,P-03849,1541,228,267,2026-06-11T16:57:29Z
W-06,P-03850,1759,406,116,2026-06-24T16:21:40Z
W-07,P-03850,1122,162,137,2026-06-17T00:10:27Z
W-01,P-03850,0,0,226,2026-06-19T22:27:48Z
W-07,P-03851,2,0,180,2026-06-30T20:59:56Z
W-08,P-03851,1934,33,53,2026-06-07T03:33:26Z
W-05,P-03852,1554,127,154,2026-06-05T05:03:21Z
W-04,P-03852,223,2,208,2026-06-11T20:19:07Z
W-01,P-03852,1518,290,272,2026-06-21T14:45:05Z
W-07,P-03853,1797,100,177,2026-06-17T00:29:58Z
W-02,P-03854,1996,478,59,2026-06-04T17:31:35Z
W-03,P-03854,706,48,239,2026-06-16T23:13:50Z
W-01,P-03854,139,30,273,2026-06-07T12:37:05Z
W-01,P-03855,1421,87,171,2026-06-28T17:01:15Z
W-08,P-03855,1169,155,126,2026-06-30T22:05:01Z
W-06,P-03855,12,2,148,2026-06-03T00:40:07Z
W-06,P-03856,966,219,272,2026-06-20T20:22:04Z
W-02,P-03856,1782,265,225,2026-06-22T12:22:15Z
W-07,P-03857,1616,191,77,2026-06-05T12:41:32Z
W-07,P-03858,1948,189,235,2026-06-16T08:11:43Z
W-05,P-03859,1327,288,160,2026-06-30T15:53:57Z
W-07,P-03860,377,78,94,2026-06-01T23:31:41Z
W-02,P-03861,335,17,275,2026-06-03T13:08:53Z
W-03,P-03861,1006,109,299,2026-06-21T02:20:46Z
W-02,P-03862,53,11,140,2026-06-04T21:14:20Z
W-08,P-03862,330,55,116,2026-06-09T09:58:29Z
W-01,P-03863,770,43,166,2026-06-08T08:55:25Z
W-03,P-03863,537,95,191,2026-06-24T04:30:06Z
W-05,P-03863,96,16,253,2026-06-06T08:09:48Z
W-05,P-03864,1929,444,146,2026-06-26T06:48:53Z
W-06,P-03864,1046,40,65,2026-06-16T19:38:53Z
W-02,P-03865,1425,300,158,2026-06-10T06:26:39Z
W-01,P-03865,972,87,116,2026-06-10T12:57:33Z
W-03,P-03866,182,2,240,2026-06-22T17:17:18Z
W-01,P-03866,923,227,145,2026-06-10T21:33:13Z
W-02,P-03866,841,95,274,2026-06-16T03:48:01Z
W-04,P-03867,1861,371,288,2026-06-22T08:00:29Z
W-02,P-03868,1267,280,277,2026-06-22T21:17:10Z
W-05,P-03868,970,199,108,2026-06-29T06:58:15Z
W-04,P-03869,546,117,247,2026-06-16T15:46:52Z
W-04,P-03870,1455,339,270,2026-06-17T10:04:02Z
W-08,P-03870,1404,237,292,2026-06-12T04:18:53Z
W-03,P-03871,1974,97,263,2026-06-05T13:18:50Z
W-04,P-03871,1786,58,75,2026-06-01T00:25:09Z
W-06,P-03871,1881,44,172,2026-06-08T14:49:57Z
W-05,P-03872,1576,318,67,2026-06-22T08:02:13Z
W-06,P-03872,330,41,222,2026-06-15T10:07:26Z
W-07,P-03872,347,44,260,2026-06-10T05:01:01Z
W-02,P-03873,626,9,162,2026-06-04T00:07:09Z
W-03,P-03873,1902,316,284,2026-06-26T18:29:12Z
W-01,P-03873,1866,336,82,2026-06-12T15:56:41Z
W-05,P-03874,976,115,72,2026-06-30T20:28:24Z
W-03,P-03874,1912,103,275,2026-06-14T00:29:34Z
W-01,P-03874,209,4,269,2026-06-03T02:48:19Z
W-03,P-03875,1879,94,229,2026-06-14T12:13:12Z
W-07,P-03876,1527,360,140,2026-06-17T17:54:01Z
W-01,P-03876,1348,334,142,2026-06-29T05:34:08Z
W-02,P-03876,86,11,285,2026-06-04T21:07:01Z
W-02,P-03877,1801,442,225,2026-06-14T13:41:43Z
W-08,P-03877,925,152,150,2026-06-26T14:57:48Z
W-07,P-03878,1782,264,79,2026-06-27T12:09:03Z
W-03,P-03878,1657,306,293,2026-06-17T13:53:01Z
W-02,P-03879,258,14,299,2026-06-23T05:35:41Z
W-05,P-03880,887,0,282,2026-06-25T05:40:27Z
W-01,P-03880,1047,199,86,2026-06-07T13:08:43Z
W-08,P-03880,815,173,54,2026-06-22T23:27:41Z
W-01,P-03881,920,160,205,2026-06-13T22:13:31Z
W-04,P-03882,1580,40,55,2026-06-11T21:41:46Z
W-08,P-03882,1059,115,226,2026-06-19T10:03:36Z
W-01,P-03882,681,121,107,2026-06-12T00:03:21Z
W-02,P-03883,152,2,281,2026-06-21T05:51:16Z
W-05,P-03883,1753,317,192,2026-06-22T09:32:33Z
W-03,P-03884,396,59,119,2026-06-10T19:40:47Z
W-06,P-03884,1508,297,262,2026-06-06T22:07:54Z
W-04,P-03885,512,58,180,2026-06-15T11:40:49Z
W-05,P-03885,1515,320,196,2026-06-26T01:43:17Z
W-07,P-03885,1263,306,201,2026-06-06T08:09:27Z
W-01,P-03886,1682,134,110,2026-06-21T20:51:46Z
W-02,P-03887,319,29,189,2026-06-08T09:21:20Z
W-07,P-03887,1946,184,253,2026-06-07T22:12:00Z
W-01,P-03887,36,7,55,2026-06-01T19:01:19Z
W-07,P-03888,1726,273,146,2026-06-05T22:27:20Z
W-03,P-03888,1679,45,161,2026-06-21T05:15:18Z
W-08,P-03888,982,217,78,2026-06-14T17:18:52Z
W-07,P-03889,1864,326,182,2026-06-20T14:21:49Z
W-07,P-03890,1291,87,59,2026-06-01T06:45:00Z
W-04,P-03890,167,23,170,2026-06-24T18:30:32Z
W-05,P-03890,341,50,129,2026-06-30T23:19:36Z
W-07,P-03891,894,87,179,2026-06-07T06:28:15Z
W-01,P-03891,1882,312,267,2026-06-12T02:55:14Z
W-06,P-03891,636,26,181,2026-06-26T07:48:38Z
W-01,P-03892,196,24,99,2026-06-01T01:51:22Z
W-02,P-03892,1706,385,54,2026-06-19T20:32:41Z
W-07,P-03893,1284,143,198,2026-06-20T13:04:02Z
W-03,P-03894,195,28,288,2026-06-10T02:02:29Z
W-08,P-03894,281,24,73,2026-06-09T23:19:05Z
W-01,P-03894,79,8,120,2026-06-13T19:42:22Z
W-04,P-03895,389,4,229,2026-06-02T23:26:23Z
W-03,P-03895,1342,268,223,2026-06-24T21:32:21Z
W-01,P-03895,1964,75,127,2026-06-28T18:07:16Z
W-08,P-03896,35,4,207,2026-06-03T08:41:56Z
W-04,P-03896,367,83,292,2026-06-11T19:44:31Z
W-02,P-03896,1127,67,284,2026-06-30T14:12:03Z
W-08,P-03897,1241,290,178,2026-06-15T03:47:25Z
W-04,P-03898,875,100,197,2026-06-06T06:40:10Z
W-02,P-03898,468,73,283,2026-06-06T18:06:00Z
W-04,P-03899,1877,433,209,2026-06-21T08:53:10Z
W-01,P-03899,1606,186,259,2026-06-05T17:10:57Z
W-01,P-03900,1799,282,108,2026-06-03T01:13:08Z
W-08,P-03900,1982,25,297,2026-06-13T01:10:01Z
W-08,P-03901,1449,160,64,2026-06-04T08:13:42Z
W-04,P-03902,1695,13,105,2026-06-27T14:57:47Z
W-07,P-03903,585,74,284,2026-06-25T04:17:06Z
W-04,P-03904,1764,150,228,2026-06-16T07:39:19Z
W-07,P-03904,1145,227,153,2026-06-04T15:12:41Z
W-06,P-03905,914,197,259,2026-06-29T12:36:13Z
W-02,P-03906,1021,194,292,2026-06-14T10:11:52Z
W-08,P-03906,1729,80,193,2026-06-29T08:17:46Z
W-02,P-03907,1472,196,56,2026-06-06T23:50:51Z
W-03,P-03907,993,25,260,2026-06-10T05:58:29Z
W-02,P-03908,1451,11,196,2026-06-19T05:50:23Z
W-05,P-03909,629,17,70,2026-06-26T12:36:35Z
W-03,P-03910,1908,80,155,2026-06-10T02:41:59Z
W-05,P-03910,81,20,271,2026-06-24T02:25:09Z
W-02,P-03910,881,61,204,2026-06-16T23:13:56Z
W-03,P-03911,1207,282,56,2026-06-20T17:16:45Z
W-06,P-03911,1529,378,192,2026-06-19T22:50:39Z
W-07,P-03911,1500,88,207,2026-06-24T05:10:26Z
W-07,P-03912,1257,19,204,2026-06-14T05:21:38Z
W-02,P-03912,175,1,211,2026-06-01T18:29:15Z
W-01,P-03912,1531,80,265,2026-06-09T07:14:59Z
W-05,P-03913,308,76,212,2026-06-28T14:33:35Z
W-05,P-03914,889,180,182,2026-06-22T02:30:53Z
W-01,P-03914,772,134,299,2026-06-23T13:37:36Z
W-07,P-03915,1652,50,145,2026-06-07T12:32:41Z
W-05,P-03916,769,99,80,2026-06-01T23:23:55Z
W-07,P-03916,1089,32,190,2026-06-14T08:58:04Z
W-05,P-03917,1625,296,110,2026-06-09T21:40:13Z
W-04,P-03917,217,42,277,2026-06-23T08:33:09Z
W-02,P-03918,346,61,268,2026-06-03T04:38:53Z
W-08,P-03918,1818,245,125,2026-06-13T13:05:53Z
W-01,P-03919,722,162,262,2026-06-27T06:22:26Z
W-04,P-03919,1124,91,112,2026-06-25T01:05:23Z
W-08,P-03919,1329,165,219,2026-06-26T11:47:59Z
W-06,P-03920,1766,388,276,2026-06-29T19:37:41Z
W-01,P-03920,12,3,89,2026-06-03T03:25:35Z
W-08,P-03920,16,4,50,2026-06-12T06:19:31Z
W-06,P-03921,799,65,173,2026-06-10T05:34:27Z
W-01,P-03921,1395,240,126,2026-06-29T20:00:47Z
W-08,P-03922,1364,155,148,2026-06-11T03:51:51Z
W-01,P-03922,1379,188,170,2026-06-26T04:46:41Z
W-02,P-03923,800,189,249,2026-06-03T06:21:42Z
W-01,P-03923,699,155,152,2026-06-28T23:05:39Z
W-08,P-03924,1130,103,155,2026-06-25T23:32:31Z
W-04,P-03924,587,92,81,2026-06-07T19:28:07Z
W-07,P-03924,60,12,172,2026-06-06T05:22:19Z
W-07,P-03925,112,11,274,2026-06-05T03:13:57Z
W-08,P-03925,1562,323,65,2026-06-06T15:07:16Z
W-03,P-03925,151,32,139,2026-06-19T01:07:29Z
W-03,P-03926,1929,32,103,2026-06-17T22:39:55Z
W-02,P-03927,125,30,59,2026-06-29T16:59:35Z
W-02,P-03928,866,43,265,2026-06-16T06:26:07Z
W-06,P-03929,820,98,158,2026-06-30T05:29:16Z
W-08,P-03929,288,72,62,2026-06-14T14:31:58Z
W-02,P-03930,455,105,257,2026-06-22T07:54:46Z
W-03,P-03930,647,81,189,2026-06-15T06:36:37Z
W-07,P-03931,1175,288,273,2026-06-20T18:44:55Z
W-06,P-03931,1144,150,186,2026-06-02T13:00:06Z
W-02,P-03931,505,21,268,2026-06-07T03:57:00Z
W-05,P-03932,1126,63,129,2026-06-24T22:56:01Z
W-03,P-03933,539,103,113,2026-06-14T18:43:14Z
W-06,P-03933,1075,200,243,2026-06-29T18:12:11Z
W-01,P-03933,1661,171,179,2026-06-29T01:23:33Z
W-08,P-03934,509,64,131,2026-06-24T00:42:47Z
W-01,P-03935,65,13,61,2026-06-21T13:26:34Z
W-08,P-03935,1645,367,286,2026-06-21T20:23:26Z
W-04,P-03935,10,0,129,2026-06-07T05:53:50Z
W-07,P-03936,1173,74,65,2026-06-09T04:44:41Z
W-08,P-03937,876,107,185,2026-06-29T09:54:21Z
W-02,P-03937,1430,183,196,2026-06-22T21:56:10Z
W-04,P-03937,1836,62,214,2026-06-01T05:06:41Z
W-03,P-03938,943,232,183,2026-06-26T01:16:09Z
W-07,P-03939,1041,9,237,2026-06-29T10:02:31Z
W-03,P-03940,1185,181,199,2026-06-16T04:37:15Z
W-07,P-03941,1159,180,229,2026-06-02T01:08:46Z
W-02,P-03941,533,27,184,2026-06-26T22:09:55Z
W-06,P-03941,761,188,259,2026-06-14T22:53:34Z
W-05,P-03942,544,96,289,2026-06-21T06:35:30Z
W-04,P-03942,431,10,201,2026-06-21T14:44:43Z
W-07,P-03942,68,5,297,2026-06-02T12:26:33Z
W-04,P-03943,1507,40,76,2026-06-14T00:58:28Z
W-01,P-03944,228,50,180,2026-06-12T16:42:16Z
W-03,P-03944,1391,334,195,2026-06-29T00:51:31Z
W-05,P-03945,1871,378,110,2026-06-21T08:32:23Z
W-06,P-03946,195,4,247,2026-06-17T02:58:09Z
W-04,P-03946,1306,187,223,2026-06-21T12:11:47Z
W-08,P-03947,1553,69,101,2026-06-14T07:34:19Z
W-04,P-03947,1797,153,83,2026-06-25T03:05:30Z
W-02,P-03947,630,65,265,2026-06-09T19:40:21Z
W-04,P-03948,220,32,279,2026-06-20T00:44:56Z
W-07,P-03948,1390,55,254,2026-06-08T23:06:49Z
W-05,P-03948,679,63,292,2026-06-30T06:54:45Z
W-07,P-03949,492,42,210,2026-06-05T11:05:20Z
W-08,P-03949,96,18,66,2026-06-08T02:52:33Z
W-01,P-03949,1197,173,64,2026-06-08T22:09:31Z
W-04,P-03950,429,8,53,2026-06-01T22:49:51Z
W-02,P-03950,1966,246,166,2026-06-30T20:53:52Z
W-05,P-03951,896,98,283,2026-06-16T01:42:52Z
W-02,P-03952,1499,346,290,2026-06-07T04:09:57Z
W-05,P-03952,1856,171,165,2026-06-08T23:55:31Z
W-05,P-03953,616,77,137,2026-06-21T16:21:24Z
W-06,P-03954,1440,242,73,2026-06-17T18:41:43Z
W-01,P-03954,1116,126,205,2026-06-02T05:22:29Z
W-02,P-03954,1669,309,177,2026-06-26T06:11:08Z
W-07,P-03955,24,4,85,2026-06-28T06:15:04Z
W-01,P-03955,1543,139,95,2026-06-20T06:42:29Z
W-04,P-03955,1265,36,155,2026-06-09T11:48:26Z
W-03,P-03956,1182,263,163,2026-06-30T07:02:38Z
W-01,P-03957,1368,171,207,2026-06-20T21:49:39Z
W-05,P-03957,211,8,147,2026-06-03T19:52:23Z
W-07,P-03958,331,2,199,2026-06-08T03:19:23Z
W-04,P-03958,1136,100,57,2026-06-27T06:37:46Z
W-01,P-03958,571,121,70,2026-06-20T04:11:03Z
W-03,P-03959,1299,234,296,2026-06-26T19:19:10Z
W-08,P-03959,1539,365,81,2026-06-10T06:10:09Z
W-02,P-03959,537,39,184,2026-06-19T19:44:32Z
W-08,P-03960,363,66,237,2026-06-17T23:22:11Z
W-01,P-03960,819,86,235,2026-06-16T14:04:27Z
W-05,P-03961,1515,304,293,2026-06-08T17:08:04Z
W-04,P-03961,159,19,125,2026-06-19T22:37:26Z
W-08,P-03962,1791,11,103,2026-06-15T09:05:27Z
W-08,P-03963,939,103,190,2026-06-17T10:08:40Z
W-05,P-03964,1814,93,274,2026-06-06T09:21:43Z
W-03,P-03965,803,100,282,2026-06-02T19:14:01Z
W-04,P-03965,743,136,138,2026-06-24T18:08:13Z
W-02,P-03966,1681,116,131,2026-06-02T09:26:54Z
W-08,P-03967,1613,153,280,2026-06-29T21:39:52Z
W-04,P-03967,1718,320,54,2026-06-26T14:33:57Z
W-05,P-03968,1027,45,136,2026-06-22T20:02:50Z
W-07,P-03969,1066,229,87,2026-06-13T15:10:52Z
W-01,P-03970,674,31,272,2026-06-04T07:50:54Z
W-07,P-03970,12,3,127,2026-06-29T04:19:11Z
W-06,P-03970,459,39,235,2026-06-25T21:01:42Z
W-08,P-03971,1051,116,68,2026-06-28T23:28:10Z
W-04,P-03971,14,3,97,2026-06-14T03:09:26Z
W-01,P-03971,1704,316,261,2026-06-09T16:09:48Z
W-01,P-03972,1052,18,191,2026-06-10T11:39:36Z
W-04,P-03972,846,193,163,2026-06-13T20:23:01Z
W-08,P-03973,157,21,85,2026-06-22T15:19:38Z
W-05,P-03973,571,130,60,2026-06-21T13:47:34Z
W-04,P-03974,1121,94,100,2026-06-01T17:23:12Z
W-08,P-03974,31,7,110,2026-06-30T16:49:07Z
W-02,P-03974,1404,165,70,2026-06-14T16:57:10Z
W-01,P-03975,1854,124,256,2026-06-14T18:34:39Z
W-02,P-03976,1249,133,151,2026-06-06T19:20:11Z
W-04,P-03976,330,65,175,2026-06-29T07:53:11Z
W-06,P-03977,46,8,97,2026-06-11T07:01:22Z
W-02,P-03977,879,19,274,2026-06-14T10:05:04Z
W-07,P-03978,1108,270,150,2026-06-20T23:02:56Z
W-01,P-03978,1779,96,237,2026-06-27T16:56:20Z
W-05,P-03978,139,22,205,2026-06-24T13:19:41Z
W-01,P-03979,1364,303,283,2026-06-04T04:32:28Z
W-02,P-03979,593,67,102,2026-06-18T04:45:38Z
W-08,P-03980,340,62,162,2026-06-13T00:02:09Z
W-08,P-03981,1160,213,222,2026-06-21T02:03:48Z
W-03,P-03981,1276,262,170,2026-06-30T06:07:59Z
W-07,P-03982,111,19,85,2026-06-19T22:24:43Z
W-06,P-03982,539,106,148,2026-06-09T11:12:56Z
W-07,P-03983,542,97,228,2026-06-11T22:26:15Z
W-08,P-03983,1387,213,55,2026-06-18T16:33:57Z
W-05,P-03984,747,179,249,2026-06-07T18:45:57Z
W-04,P-03985,387,44,203,2026-06-18T09:56:08Z
W-01,P-03985,1247,208,272,2026-06-08T13:13:49Z
W-05,P-03985,1687,213,179,2026-06-29T18:57:07Z
W-05,P-03986,1517,220,78,2026-06-06T21:18:07Z
W-08,P-03986,1526,99,295,2026-06-28T11:16:38Z
W-02,P-03986,1023,197,217,2026-06-16T15:23:21Z
W-05,P-03987,141,1,271,2026-06-25T18:45:10Z
W-06,P-03988,1860,297,121,2026-06-06T23:42:16Z
W-03,P-03988,433,4,91,2026-06-08T00:24:15Z
W-07,P-03988,1100,202,155,2026-06-17T06:34:28Z
W-07,P-03989,1441,292,116,2026-06-15T11:57:56Z
W-04,P-03989,731,22,124,2026-06-20T08:40:21Z
W-08,P-03989,1088,227,274,2026-06-03T13:58:58Z
W-07,P-03990,470,63,140,2026-06-07T11:34:33Z
W-03,P-03991,582,70,225,2026-06-07T17:57:07Z
W-03,P-03992,1510,203,138,2026-06-22T03:45:28Z
W-02,P-03993,1168,180,118,2026-06-06T17:57:06Z
W-03,P-03994,445,3,59,2026-06-04T06:25:46Z
W-02,P-03994,420,90,208,2026-06-30T20:43:17Z
W-06,P-03995,1360,3,206,2026-06-12T11:41:46Z
W-02,P-03996,1899,449,57,2026-06-17T21:00:08Z
W-06,P-03996,1317,186,100,2026-06-28T18:29:32Z
W-08,P-03997,1862,239,95,2026-06-02T21:58:17Z
W-04,P-03997,1568,36,99,2026-06-04T13:02:06Z
W-04,P-03998,1222,42,94,2026-06-05T10:43:23Z
W-08,P-03999,1858,427,253,2026-06-11T16:05:56Z
W-03,P-04000,1909,159,284,2026-06-05T17:38:16Z
W-01,P-04000,1127,59,77,2026-06-17T22:06:59Z
W-05,P-04000,945,221,79,2026-06-05T00:03:24Z
W-02,P-04001,1406,349,270,2026-06-29T03:39:42Z
W-01,P-04001,599,86,182,2026-06-26T19:40:16Z
W-08,P-04002,746,82,180,2026-06-07T10:58:30Z
W-05,P-04003,459,83,162,2026-06-10T06:12:26Z
W-03,P-04003,961,141,236,2026-06-20T07:34:51Z
W-07,P-04003,452,109,173,2026-06-13T10:28:03Z
W-06,P-04004,1243,30,116,2026-06-10T01:08:36Z
W-01,P-04004,1960,258,224,2026-06-18T07:07:33Z
W-07,P-04004,633,109,91,2026-06-22T20:55:46Z
W-01,P-04005,547,45,136,2026-06-03T03:04:37Z
W-05,P-04005,211,17,158,2026-06-01T13:31:46Z
W-07,P-04005,1578,190,185,2026-06-15T16:13:41Z
W-08,P-04006,1377,13,171,2026-06-12T14:06:05Z
W-06,P-04006,55,6,202,2026-06-04T15:10:23Z
W-03,P-04006,449,48,240,2026-06-30T18:26:16Z
W-07,P-04007,72,13,153,2026-06-15T21:04:58Z
W-06,P-04007,1426,325,105,2026-06-01T12:32:21Z
W-04,P-04007,332,50,127,2026-06-26T05:38:38Z
W-05,P-04008,949,160,212,2026-06-18T21:02:18Z
W-08,P-04008,1936,6,124,2026-06-23T05:29:29Z
W-03,P-04008,1565,284,154,2026-06-08T10:34:19Z
W-07,P-04009,1088,181,231,2026-06-16T07:56:43Z
W-06,P-04009,1626,62,104,2026-06-04T00:58:07Z
W-02,P-04009,848,165,126,2026-06-06T15:59:11Z
W-08,P-04010,1555,362,180,2026-06-16T01:57:30Z
W-03,P-04010,811,100,238,2026-06-15T06:32:05Z
W-03,P-04011,1219,201,208,2026-06-16T13:25:10Z
W-05,P-04012,1109,263,178,2026-06-29T03:29:08Z
W-02,P-04012,1478,173,220,2026-06-22T20:34:31Z
W-06,P-04013,1334,21,146,2026-06-03T19:00:02Z
W-08,P-04014,841,11,250,2026-06-22T09:13:17Z
W-08,P-04015,439,42,120,2026-06-24T02:20:30Z
W-06,P-04015,1593,327,188,2026-06-19T11:34:49Z
W-06,P-04016,1529,10,176,2026-06-28T09:20:01Z
W-07,P-04016,1952,98,244,2026-06-03T17:37:35Z
W-05,P-04017,779,151,85,2026-06-13T22:44:02Z
W-07,P-04018,187,19,218,2026-06-30T01:57:07Z
W-08,P-04018,644,0,268,2026-06-17T12:06:54Z
W-04,P-04019,1562,333,209,2026-06-23T05:12:50Z
W-02,P-04019,257,37,237,2026-06-19T04:10:25Z
W-07,P-04020,1310,50,167,2026-06-13T07:01:07Z
W-04,P-04020,727,31,73,2026-06-04T00:20:01Z
W-08,P-04021,64,6,163,2026-06-12T03:59:19Z
W-06,P-04021,1541,167,115,2026-06-02T15:06:47Z
W-07,P-04021,1418,296,91,2026-06-30T15:47:03Z
W-02,P-04022,1028,151,102,2026-06-28T22:05:35Z
W-08,P-04023,1938,178,231,2026-06-16T04:01:54Z
W-02,P-04023,1898,229,154,2026-06-21T14:26:16Z
W-06,P-04023,394,14,261,2026-06-28T00:06:36Z
W-08,P-04024,1992,26,216,2026-06-14T14:07:05Z
W-07,P-04024,903,10,77,2026-06-08T18:36:59Z
W-06,P-04025,1454,191,147,2026-06-21T14:52:47Z
W-07,P-04025,1905,324,286,2026-06-25T18:26:11Z
W-02,P-04025,519,66,126,2026-06-26T22:53:33Z
W-06,P-04026,1373,24,96,2026-06-29T10:22:44Z
W-07,P-04026,245,43,52,2026-06-19T23:31:44Z
W-06,P-04027,466,57,91,2026-06-24T00:57:01Z
W-05,P-04028,1257,252,217,2026-06-27T21:07:31Z
W-08,P-04029,968,196,226,2026-06-06T23:49:25Z
W-07,P-04029,487,91,192,2026-06-06T06:35:21Z
W-08,P-04030,996,82,195,2026-06-28T00:33:42Z
W-05,P-04031,1560,285,207,2026-06-14T17:57:01Z
W-05,P-04032,1633,38,223,2026-06-10T14:02:29Z
W-07,P-04032,988,123,64,2026-06-19T04:16:01Z
W-02,P-04033,1423,289,70,2026-06-04T21:34:19Z
W-05,P-04033,1215,167,261,2026-06-15T06:48:33Z
W-01,P-04033,722,12,149,2026-06-08T19:00:39Z
W-01,P-04034,1553,217,294,2026-06-01T13:23:11Z
W-06,P-04034,1809,82,102,2026-06-23T08:16:16Z
W-05,P-04035,1476,271,79,2026-06-26T09:24:40Z
W-03,P-04035,1926,372,61,2026-06-13T23:31:34Z
W-04,P-04036,739,146,191,2026-06-09T04:12:12Z
W-05,P-04036,1766,127,166,2026-06-07T10:11:39Z
W-03,P-04036,1762,406,111,2026-06-24T14:29:30Z
W-08,P-04037,216,2,82,2026-06-11T18:51:01Z
W-06,P-04038,997,38,160,2026-06-04T20:43:42Z
W-07,P-04038,1225,219,175,2026-06-23T10:26:15Z
W-07,P-04039,935,233,271,2026-06-09T06:50:47Z
W-03,P-04039,686,143,263,2026-06-14T03:52:38Z
W-06,P-04040,1824,341,255,2026-06-29T15:05:11Z
W-03,P-04040,1659,183,146,2026-06-06T01:39:37Z
W-08,P-04040,866,127,283,2026-06-27T23:20:20Z
W-03,P-04041,1236,137,96,2026-06-28T05:19:18Z
W-03,P-04042,1420,74,131,2026-06-16T05:26:32Z
W-02,P-04042,1378,276,288,2026-06-30T11:56:07Z
W-08,P-04042,281,21,161,2026-06-24T23:52:11Z
W-08,P-04043,1069,182,154,2026-06-23T21:48:22Z
W-07,P-04043,1901,208,125,2026-06-09T00:31:55Z
W-05,P-04044,1411,3,133,2026-06-18T00:15:43Z
W-04,P-04045,830,70,198,2026-06-14T03:36:15Z
W-08,P-04045,1556,344,218,2026-06-29T22:15:21Z
W-05,P-04045,1733,420,67,2026-06-29T04:49:34Z
W-08,P-04046,1503,337,157,2026-06-13T07:43:08Z
W-01,P-04046,1206,282,240,2026-06-22T17:01:37Z
W-01,P-04047,27,5,220,2026-06-28T21:08:31Z
W-02,P-04047,1450,256,245,2026-06-29T22:07:29Z
W-02,P-04048,1750,58,152,2026-06-22T20:56:50Z
W-04,P-04048,1365,62,132,2026-06-03T22:51:20Z
W-05,P-04049,1341,244,67,2026-06-21T11:42:17Z
W-01,P-04049,1168,251,299,2026-06-19T15:07:23Z
W-02,P-04050,1508,277,179,2026-06-22T07:36:41Z
W-07,P-04050,1182,98,267,2026-06-24T03:17:23Z
W-02,P-04051,772,133,203,2026-06-02T02:06:56Z
W-04,P-04051,1488,13,184,2026-06-05T13:20:37Z
W-04,P-04052,864,196,167,2026-06-04T10:14:27Z
W-06,P-04053,373,87,151,2026-06-17T09:55:14Z
W-08,P-04053,1098,106,234,2026-06-16T15:57:09Z
W-03,P-04054,1597,50,284,2026-06-08T23:50:29Z
W-04,P-04054,455,31,122,2026-06-11T17:48:04Z
W-05,P-04054,546,125,137,2026-06-22T21:10:09Z
W-07,P-04055,267,19,100,2026-06-03T22:04:24Z
W-06,P-04055,511,27,131,2026-06-05T09:13:24Z
W-04,P-04055,296,52,121,2026-06-17T13:18:01Z
W-04,P-04056,1321,131,299,2026-06-13T07:39:49Z
W-02,P-04056,725,139,176,2026-06-16T23:37:42Z
W-03,P-04056,211,49,216,2026-06-28T04:49:54Z
W-01,P-04057,551,48,64,2026-06-21T02:51:08Z
W-04,P-04058,781,106,194,2026-06-26T10:31:07Z
W-05,P-04059,898,170,130,2026-06-06T11:15:00Z
W-01,P-04059,333,43,113,2026-06-16T16:47:25Z
W-02,P-04059,1000,221,251,2026-06-06T03:21:31Z
W-05,P-04060,754,138,278,2026-06-16T14:07:49Z
W-06,P-04061,632,142,297,2026-06-27T22:25:32Z
W-08,P-04061,225,36,119,2026-06-24T02:52:49Z
W-06,P-04062,204,48,257,2026-06-27T14:02:45Z
W-05,P-04062,4,1,74,2026-06-24T08:24:37Z
W-04,P-04063,1128,212,114,2026-06-08T13:53:16Z
W-03,P-04063,1416,354,59,2026-06-01T19:32:42Z
W-01,P-04063,1336,224,124,2026-06-19T15:04:49Z
W-03,P-04064,209,45,62,2026-06-25T18:33:11Z
W-05,P-04065,688,128,289,2026-06-06T15:46:39Z
W-06,P-04065,81,17,265,2026-06-13T01:20:55Z
W-06,P-04066,1686,352,296,2026-06-13T18:04:16Z
W-01,P-04067,817,148,292,2026-06-27T12:55:03Z
W-02,P-04067,1978,111,252,2026-06-25T12:08:48Z
W-05,P-04068,109,10,203,2026-06-07T01:43:02Z
W-08,P-04068,1856,424,136,2026-06-29T16:38:10Z
W-03,P-04069,499,9,293,2026-06-26T10:57:08Z
W-08,P-04069,191,41,138,2026-06-12T21:48:35Z
W-04,P-04069,661,153,233,2026-06-04T20:32:48Z
W-03,P-04070,1878,305,126,2026-06-27T03:13:38Z
W-02,P-04071,268,47,154,2026-06-12T12:16:59Z
W-08,P-04072,1958,303,280,2026-06-24T18:24:25Z
W-07,P-04072,589,146,283,2026-06-22T04:45:16Z
W-06,P-04073,1450,30,236,2026-06-25T00:20:05Z
W-06,P-04074,1142,95,233,2026-06-28T02:26:14Z
W-01,P-04075,741,174,83,2026-06-18T21:18:35Z
W-04,P-04076,1909,191,297,2026-06-13T08:38:27Z
W-01,P-04077,961,26,282,2026-06-15T18:23:59Z
W-03,P-04077,1128,220,111,2026-06-25T01:15:38Z
W-06,P-04077,1302,180,73,2026-06-22T00:56:11Z
W-02,P-04078,894,17,229,2026-06-04T09:06:27Z
W-03,P-04078,1226,158,171,2026-06-03T07:50:04Z
W-08,P-04078,1689,195,195,2026-06-23T00:59:16Z
W-01,P-04079,254,59,131,2026-06-04T22:49:34Z
W-07,P-04080,1565,242,175,2026-06-20T04:36:20Z
W-07,P-04081,298,41,195,2026-06-07T22:50:42Z
W-05,P-04082,317,46,233,2026-06-25T10:41:15Z
W-06,P-04082,1084,64,177,2026-06-30T18:42:18Z
W-03,P-04083,313,48,222,2026-06-14T00:01:32Z
W-06,P-04084,278,48,222,2026-06-16T23:00:27Z
W-02,P-04084,1277,73,134,2026-06-04T03:30:02Z
W-05,P-04084,134,29,184,2026-06-15T16:46:51Z
W-02,P-04085,947,7,108,2026-06-20T18:38:17Z
W-04,P-04085,1231,65,178,2026-06-15T16:37:51Z
W-07,P-04085,1619,178,220,2026-06-29T12:08:11Z
W-06,P-04086,875,143,286,2026-06-14T19:25:29Z
W-06,P-04087,1201,5,300,2026-06-01T19:22:16Z
W-01,P-04088,1047,29,92,2026-06-17T10:43:04Z
W-02,P-04088,399,71,245,2026-06-12T11:52:12Z
W-04,P-04088,1527,29,271,2026-06-18T07:55:44Z
W-01,P-04089,383,65,181,2026-06-17T06:02:12Z
W-04,P-04090,1875,452,221,2026-06-10T06:18:03Z
W-03,P-04090,84,19,257,2026-06-16T04:28:49Z
W-07,P-04091,1864,410,116,2026-06-05T06:29:34Z
W-03,P-04091,1962,391,271,2026-06-15T04:51:53Z
W-01,P-04091,123,9,274,2026-06-23T12:39:56Z
W-03,P-04092,28,0,202,2026-06-04T16:53:00Z
W-08,P-04092,1995,329,271,2026-06-01T03:29:42Z
W-04,P-04092,1616,47,55,2026-06-19T13:26:43Z
W-02,P-04093,110,12,294,2026-06-07T16:38:13Z
W-07,P-04093,1058,135,197,2026-06-02T18:00:27Z
W-05,P-04093,1214,159,183,2026-06-16T13:32:24Z
W-03,P-04094,566,41,192,2026-06-18T06:53:03Z
W-06,P-04094,228,35,188,2026-06-18T12:28:11Z
W-02,P-04095,1294,290,201,2026-06-24T04:48:42Z
W-05,P-04095,1536,344,183,2026-06-13T12:20:14Z
W-06,P-04095,385,95,137,2026-06-12T03:15:02Z
W-02,P-04096,1016,252,92,2026-06-19T14:54:11Z
W-03,P-04097,285,8,256,2026-06-25T14:42:07Z
W-02,P-04097,691,67,99,2026-06-29T05:20:19Z
W-07,P-04097,1124,35,55,2026-06-22T19:39:35Z
W-03,P-04098,1143,76,227,2026-06-23T07:57:00Z
W-07,P-04098,1151,54,186,2026-06-17T11:04:25Z
W-02,P-04098,360,19,137,2026-06-24T21:56:28Z
W-06,P-04099,1639,147,292,2026-06-30T03:45:59Z
W-04,P-04100,188,36,267,2026-06-07T10:14:20Z
W-02,P-04100,1216,39,288,2026-06-01T02:33:48Z
W-08,P-04101,608,129,121,2026-06-20T10:10:30Z
W-06,P-04102,1564,261,66,2026-06-06T20:20:25Z
W-05,P-04102,237,54,187,2026-06-28T04:26:45Z
W-07,P-04102,351,50,105,2026-06-21T08:30:27Z
W-01,P-04103,1116,275,143,2026-06-11T19:14:19Z
W-05,P-04103,1575,335,120,2026-06-21T23:05:51Z
W-03,P-04103,1362,89,135,2026-06-25T19:47:11Z
W-07,P-04104,1608,82,163,2026-06-08T14:46:38Z
W-02,P-04104,1472,167,152,2026-06-24T01:21:42Z
W-04,P-04105,1959,162,80,2026-06-17T07:22:57Z
W-08,P-04105,1671,131,77,2026-06-14T06:15:13Z
W-05,P-04105,174,39,271,2026-06-19T07:27:08Z
W-08,P-04106,1351,215,152,2026-06-25T18:29:43Z
W-01,P-04106,1496,293,75,2026-06-08T17:44:30Z
W-04,P-04106,1166,48,65,2026-06-14T14:10:21Z
W-06,P-04107,162,26,199,2026-06-23T06:43:44Z
W-06,P-04108,426,14,88,2026-06-08T06:11:01Z
W-04,P-04108,58,14,264,2026-06-03T18:39:40Z
W-04,P-04109,1034,81,273,2026-06-07T16:38:46Z
W-07,P-04109,1504,18,273,2026-06-23T15:36:06Z
W-02,P-04109,874,141,172,2026-06-13T13:52:15Z
W-01,P-04110,369,48,83,2026-06-16T16:30:28Z
W-04,P-04110,1860,438,81,2026-06-09T12:39:51Z
W-03,P-04111,1255,90,192,2026-06-02T11:12:33Z
W-07,P-04111,1980,225,128,2026-06-08T06:35:10Z
W-04,P-04112,1410,161,195,2026-06-18T17:52:25Z
W-01,P-04112,130,11,100,2026-06-04T18:56:15Z
W-01,P-04113,1313,144,274,2026-06-14T01:47:26Z
W-05,P-04113,384,80,90,2026-06-03T19:27:32Z
W-07,P-04113,1968,172,120,2026-06-25T19:50:28Z
W-04,P-04114,520,120,282,2026-06-30T22:33:05Z
W-04,P-04115,1715,217,215,2026-06-29T03:28:41Z
W-06,P-04116,1472,192,266,2026-06-13T21:21:27Z
W-08,P-04117,147,25,283,2026-06-13T07:29:06Z
W-03,P-04118,865,213,144,2026-06-21T07:50:25Z
W-02,P-04119,1600,399,161,2026-06-14T15:45:52Z
W-04,P-04120,1600,75,164,2026-06-16T00:21:06Z
W-05,P-04120,1881,157,256,2026-06-13T18:47:07Z
W-01,P-04121,1565,136,110,2026-06-24T01:23:17Z
W-02,P-04121,118,7,259,2026-06-18T05:49:51Z
W-04,P-04122,1530,173,107,2026-06-23T04:40:49Z
W-06,P-04122,1192,229,56,2026-06-28T06:29:23Z
W-03,P-04123,1952,463,292,2026-06-30T18:33:34Z
W-02,P-04124,1702,341,206,2026-06-26T19:09:38Z
W-05,P-04125,841,198,239,2026-06-12T16:55:49Z
W-07,P-04126,382,60,152,2026-06-13T02:44:15Z
W-01,P-04126,866,100,66,2026-06-13T23:12:23Z
W-05,P-04126,78,12,143,2026-06-14T09:37:49Z
W-03,P-04127,1829,259,84,2026-06-04T04:42:50Z
W-06,P-04127,516,127,81,2026-06-29T06:53:41Z
W-01,P-04127,176,30,172,2026-06-20T21:40:55Z
W-06,P-04128,1999,266,120,2026-06-09T13:04:17Z
W-03,P-04128,1027,186,257,2026-06-27T03:46:41Z
W-01,P-04128,1801,38,177,2026-06-07T03:49:14Z
W-03,P-04129,147,24,267,2026-06-04T13:35:01Z
W-02,P-04129,1286,85,105,2026-06-03T12:15:43Z
W-06,P-04130,1318,147,106,2026-06-26T22:52:45Z
W-08,P-04130,325,22,254,2026-06-19T04:14:02Z
W-04,P-04131,853,138,251,2026-06-15T20:19:42Z
W-07,P-04131,1020,122,184,2026-06-21T22:51:27Z
W-01,P-04132,1642,213,60,2026-06-14T08:34:45Z
W-08,P-04133,319,69,284,2026-06-29T08:43:31Z
W-05,P-04134,942,5,112,2026-06-10T04:22:44Z
W-01,P-04134,1108,126,191,2026-06-03T15:26:03Z
W-05,P-04135,1605,344,132,2026-06-30T11:36:47Z
W-07,P-04135,210,5,76,2026-06-19T09:38:31Z
W-01,P-04135,1310,303,260,2026-06-16T03:25:01Z
W-06,P-04136,1723,156,209,2026-06-14T14:29:22Z
W-05,P-04137,51,10,165,2026-06-19T19:23:38Z
W-06,P-04137,391,21,202,2026-06-08T14:42:25Z
W-07,P-04137,486,88,232,2026-06-28T06:58:26Z
W-04,P-04138,1091,58,120,2026-06-06T17:20:29Z
W-08,P-04139,1271,284,104,2026-06-17T17:42:46Z
W-01,P-04139,602,145,134,2026-06-23T23:58:27Z
W-06,P-04139,801,43,227,2026-06-04T21:07:29Z
W-01,P-04140,1595,337,295,2026-06-28T20:35:09Z
W-02,P-04140,408,20,128,2026-06-01T04:49:39Z
W-04,P-04140,1940,482,136,2026-06-09T10:40:02Z
W-01,P-04141,207,34,129,2026-06-06T01:04:31Z
W-04,P-04141,1363,153,105,2026-06-27T21:05:32Z
W-07,P-04141,1410,120,92,2026-06-07T01:52:31Z
W-03,P-04142,674,163,291,2026-06-25T11:54:44Z
W-02,P-04143,875,172,144,2026-06-08T23:41:01Z
W-05,P-04144,1502,341,124,2026-06-28T13:31:25Z
W-02,P-04145,1382,32,150,2026-06-04T06:50:27Z
W-05,P-04146,239,57,259,2026-06-02T16:30:00Z
W-08,P-04146,1711,37,274,2026-06-01T19:01:35Z
W-04,P-04146,1347,17,70,2026-06-07T16:16:57Z
W-07,P-04147,578,132,133,2026-06-03T18:46:56Z
W-07,P-04148,245,48,108,2026-06-17T01:10:27Z
W-02,P-04148,785,133,138,2026-06-26T21:49:26Z
W-02,P-04149,217,52,99,2026-06-29T10:34:52Z
W-03,P-04149,1854,370,58,2026-06-07T11:36:12Z
W-01,P-04149,1886,88,122,2026-06-24T16:05:16Z
W-07,P-04150,997,245,182,2026-06-10T11:07:22Z
W-02,P-04150,528,77,93,2026-06-06T14:11:02Z
W-08,P-04150,224,29,137,2026-06-06T06:07:57Z
W-08,P-04151,1767,189,80,2026-06-28T04:54:57Z
W-01,P-04152,1156,88,122,2026-06-30T08:27:57Z
W-04,P-04152,1355,273,243,2026-06-02T06:29:23Z
W-01,P-04153,112,19,244,2026-06-30T01:46:02Z
W-08,P-04153,697,23,270,2026-06-04T12:45:59Z
W-08,P-04154,596,69,100,2026-06-06T16:53:37Z
W-04,P-04154,875,134,116,2026-06-06T09:41:41Z
W-07,P-04154,1076,241,236,2026-06-02T06:49:25Z
W-04,P-04155,1788,277,241,2026-06-16T17:00:18Z
W-01,P-04156,477,113,289,2026-06-26T11:31:54Z
W-02,P-04157,835,64,74,2026-06-09T20:44:20Z
W-04,P-04157,644,96,151,2026-06-08T22:42:52Z
W-08,P-04157,1103,148,136,2026-06-28T23:10:27Z
W-05,P-04158,812,174,63,2026-06-16T11:44:09Z
W-04,P-04158,1699,369,181,2026-06-09T19:43:41Z
W-01,P-04159,114,12,55,2026-06-03T06:40:16Z
W-08,P-04160,1174,279,233,2026-06-19T16:08:05Z
W-05,P-04161,614,52,72,2026-06-07T20:51:35Z
W-08,P-04161,1146,260,160,2026-06-02T05:11:29Z
W-04,P-04161,1955,367,176,2026-06-27T23:35:18Z
W-07,P-04162,1564,230,294,2026-06-20T04:48:09Z
W-03,P-04162,47,1,197,2026-06-27T04:52:54Z
W-06,P-04163,1616,375,155,2026-06-28T10:17:43Z
W-08,P-04163,585,5,223,2026-06-23T01:12:40Z
W-03,P-04164,1345,106,268,2026-06-06T15:09:53Z
W-07,P-04164,357,5,65,2026-06-10T15:30:38Z
W-06,P-04164,5,0,95,2026-06-06T10:43:30Z
W-05,P-04165,1986,35,208,2026-06-08T19:10:27Z
W-06,P-04165,1603,317,67,2026-06-16T09:46:56Z
W-05,P-04166,1751,416,266,2026-06-03T10:28:54Z
W-02,P-04166,1821,178,59,2026-06-08T22:56:52Z
W-06,P-04167,1817,4,176,2026-06-27T06:37:24Z
W-03,P-04167,1474,132,115,2026-06-18T01:40:06Z
W-04,P-04168,1834,333,163,2026-06-29T07:42:54Z
W-02,P-04168,1520,3,94,2026-06-02T03:57:11Z
W-01,P-04168,283,30,127,2026-06-28T07:06:12Z
W-03,P-04169,666,81,135,2026-06-21T21:04:59Z
W-04,P-04170,1982,107,288,2026-06-07T11:54:11Z
W-07,P-04170,1419,294,89,2026-06-05T23:48:53Z
W-01,P-04170,840,53,253,2026-06-29T16:04:02Z
W-07,P-04171,156,34,105,2026-06-07T10:28:04Z
W-08,P-04171,938,120,128,2026-06-06T17:58:21Z
W-05,P-04172,335,43,279,2026-06-17T20:28:25Z
W-07,P-04172,960,141,125,2026-06-08T14:27:23Z
W-02,P-04172,390,36,128,2026-06-27T10:42:23Z
W-07,P-04173,659,9,198,2026-06-12T14:06:36Z
W-06,P-04173,1167,282,143,2026-06-06T05:39:48Z
W-01,P-04173,328,53,55,2026-06-26T11:54:17Z
W-07,P-04174,899,204,232,2026-06-03T04:33:44Z
W-08,P-04175,843,152,242,2026-06-15T00:49:27Z
W-08,P-04176,1810,166,167,2026-06-08T02:55:18Z
W-04,P-04177,1651,181,120,2026-06-05T09:22:50Z
W-07,P-04177,1296,247,68,2026-06-18T03:26:35Z
W-06,P-04177,1106,173,121,2026-06-08T18:02:47Z
W-07,P-04178,1993,464,54,2026-06-08T23:49:09Z
W-06,P-04178,1676,70,137,2026-06-24T01:56:31Z
W-08,P-04178,1426,45,184,2026-06-11T00:06:40Z
W-03,P-04179,334,56,294,2026-06-19T08:17:58Z
W-06,P-04179,313,65,268,2026-06-12T09:07:13Z
W-01,P-04179,1104,247,204,2026-06-01T08:27:53Z
W-06,P-04180,195,37,298,2026-06-17T15:26:02Z
W-04,P-04180,1623,226,277,2026-06-21T08:53:52Z
W-06,P-04181,1090,125,229,2026-06-09T00:40:56Z
W-04,P-04181,382,25,159,2026-06-06T06:44:58Z
W-08,P-04182,1854,382,164,2026-06-16T21:30:35Z
W-03,P-04183,456,94,290,2026-06-22T03:31:20Z
W-01,P-04183,1002,167,199,2026-06-11T02:34:49Z
W-07,P-04184,1432,347,195,2026-06-26T01:08:08Z
W-02,P-04185,1382,255,160,2026-06-30T04:35:47Z
W-07,P-04185,1623,0,135,2026-06-16T23:27:51Z
W-07,P-04186,1027,65,87,2026-06-15T19:52:51Z
W-07,P-04187,232,36,258,2026-06-19T14:15:27Z
W-06,P-04187,1184,273,157,2026-06-28T20:39:36Z
W-04,P-04188,187,8,205,2026-06-24T16:07:49Z
W-07,P-04188,804,11,288,2026-06-10T20:45:23Z
W-03,P-04188,132,27,299,2026-06-19T09:24:48Z
W-03,P-04189,733,148,148,2026-06-14T09:33:35Z
W-01,P-04190,911,138,58,2026-06-13T18:40:19Z
W-04,P-04191,882,97,134,2026-06-08T02:25:02Z
W-08,P-04191,1059,200,228,2026-06-03T00:23:44Z
W-01,P-04191,557,7,282,2026-06-14T10:17:58Z
W-02,P-04192,682,71,137,2026-06-29T14:59:25Z
W-08,P-04192,1696,7,259,2026-06-14T20:00:08Z
W-01,P-04192,1181,288,113,2026-06-19T14:58:16Z
W-02,P-04193,1759,389,148,2026-06-01T01:25:59Z
W-07,P-04193,519,96,254,2026-06-25T04:49:13Z
W-06,P-04194,1671,325,272,2026-06-19T18:06:41Z
W-08,P-04194,1939,380,189,2026-06-19T04:07:46Z
W-05,P-04195,89,18,152,2026-06-27T07:40:04Z
W-02,P-04195,1233,115,140,2026-06-03T06:44:33Z
W-08,P-04196,426,70,194,2026-06-10T00:50:24Z
W-02,P-04197,48,10,91,2026-06-04T16:58:16Z
W-03,P-04197,653,12,256,2026-06-12T05:32:03Z
W-06,P-04197,148,24,165,2026-06-13T04:25:41Z
W-03,P-04198,997,135,164,2026-06-08T14:15:15Z
W-01,P-04199,421,64,275,2026-06-14T08:44:25Z
W-03,P-04199,1867,419,295,2026-06-18T00:24:09Z
W-03,P-04200,373,16,233,2026-06-04T09:38:09Z
W-07,P-04201,1489,91,90,2026-06-22T04:38:21Z
W-08,P-04201,1218,16,216,2026-06-07T12:11:14Z
W-02,P-04201,532,127,176,2026-06-24T15:30:20Z
W-04,P-04202,232,58,101,2026-06-13T00:14:50Z
W-02,P-04202,809,183,84,2026-06-19T18:13:01Z
W-04,P-04203,241,49,123,2026-06-22T09:25:12Z
W-05,P-04203,986,217,148,2026-06-11T06:19:46Z
W-02,P-04204,1454,310,252,2026-06-30T04:48:04Z
W-08,P-04204,352,28,111,2026-06-26T00:33:01Z
W-04,P-04204,848,207,106,2026-06-12T06:37:49Z
W-03,P-04205,202,34,252,2026-06-03T10:08:58Z
W-03,P-04206,142,21,110,2026-06-11T09:54:07Z
W-05,P-04207,284,37,99,2026-06-17T05:45:13Z
W-02,P-04207,1118,108,81,2026-06-22T14:51:08Z
W-04,P-04208,1534,360,163,2026-06-24T07:44:00Z
W-07,P-04209,1123,132,193,2026-06-01T20:30:34Z
W-08,P-04209,388,66,113,2026-06-02T10:47:06Z
W-06,P-04209,1048,135,124,2026-06-10T19:09:31Z
W-04,P-04210,640,83,66,2026-06-28T00:47:27Z
W-03,P-04210,699,18,297,2026-06-14T04:45:27Z
W-01,P-04211,1456,22,122,2026-06-01T04:37:19Z
W-02,P-04211,647,91,216,2026-06-11T00:17:33Z
W-04,P-04212,1787,72,57,2026-06-13T08:36:43Z
W-08,P-04212,765,11,138,2026-06-20T07:23:53Z
W-06,P-04213,1655,364,254,2026-06-09T21:33:10Z
W-03,P-04214,679,69,61,2026-06-21T07:10:49Z
W-05,P-04214,588,74,275,2026-06-21T19:07:25Z
W-02,P-04215,377,35,95,2026-06-22T23:17:18Z
W-06,P-04215,246,29,242,2026-06-30T02:38:17Z
W-05,P-04215,1305,84,77,2026-06-11T23:14:49Z
W-07,P-04216,1415,12,213,2026-06-11T08:46:46Z
W-04,P-04216,843,20,298,2026-06-12T01:48:15Z
W-01,P-04216,528,22,136,2026-06-23T23:07:13Z
W-01,P-04217,1314,311,160,2026-06-17T00:15:24Z
W-04,P-04218,587,108,69,2026-06-12T09:44:16Z
W-04,P-04219,280,15,54,2026-06-03T04:11:26Z
W-04,P-04220,297,5,112,2026-06-10T08:53:44Z
W-01,P-04220,1359,155,284,2026-06-14T02:41:16Z
W-07,P-04221,1092,226,155,2026-06-27T00:56:42Z
W-06,P-04221,474,44,101,2026-06-16T04:49:59Z
W-03,P-04221,780,35,220,2026-06-23T23:16:42Z
W-05,P-04222,1017,195,130,2026-06-27T21:36:12Z
W-01,P-04222,1324,171,145,2026-06-09T09:59:53Z
W-08,P-04223,429,39,73,2026-06-19T21:47:08Z
W-06,P-04223,74,0,288,2026-06-08T15:18:23Z
W-07,P-04223,1764,254,266,2026-06-06T08:01:25Z
W-02,P-04224,788,17,275,2026-06-07T12:09:43Z
W-08,P-04225,669,116,246,2026-06-06T03:15:54Z
W-08,P-04226,1033,176,67,2026-06-15T03:38:41Z
W-03,P-04226,153,19,65,2026-06-05T10:47:53Z
W-02,P-04226,512,97,284,2026-06-20T04:42:43Z
W-08,P-04227,980,231,252,2026-06-28T22:24:48Z
W-03,P-04227,106,26,99,2026-06-09T20:08:17Z
W-06,P-04227,1475,90,217,2026-06-12T01:05:20Z
W-08,P-04228,1105,99,200,2026-06-07T12:11:38Z
W-02,P-04228,1014,155,144,2026-06-11T03:56:31Z
W-04,P-04228,1740,36,244,2026-06-23T16:17:10Z
W-04,P-04229,816,49,257,2026-06-22T02:20:53Z
W-02,P-04229,1939,109,284,2026-06-27T08:45:18Z
W-02,P-04230,1621,290,153,2026-06-23T16:45:54Z
W-03,P-04230,1312,177,186,2026-06-25T04:15:06Z
W-04,P-04231,1354,64,167,2026-06-09T11:54:01Z
W-08,P-04231,1266,269,150,2026-06-13T00:27:36Z
W-06,P-04231,1125,85,122,2026-06-03T04:48:40Z
W-06,P-04232,268,45,192,2026-06-10T18:45:48Z
W-01,P-04232,830,176,101,2026-06-25T09:36:32Z
W-02,P-04233,1367,99,275,2026-06-18T04:22:52Z
W-07,P-04233,982,240,144,2026-06-15T09:30:33Z
W-04,P-04234,22,0,286,2026-06-01T14:39:32Z
W-07,P-04234,1414,121,255,2026-06-02T11:14:19Z
W-01,P-04235,1262,60,190,2026-06-28T00:02:02Z
W-05,P-04235,626,48,79,2026-06-22T05:15:34Z
W-07,P-04236,169,14,69,2026-06-05T05:22:37Z
W-06,P-04236,1903,298,181,2026-06-08T01:36:01Z
W-02,P-04237,1192,268,105,2026-06-03T01:23:13Z
W-01,P-04238,1560,176,84,2026-06-24T13:59:41Z
W-05,P-04238,1350,118,259,2026-06-15T11:34:08Z
W-08,P-04239,1064,20,62,2026-06-15T06:04:57Z
W-01,P-04239,1037,163,234,2026-06-14T23:49:24Z
W-03,P-04240,166,39,214,2026-06-12T01:07:34Z
W-07,P-04241,55,0,206,2026-06-15T05:30:12Z
W-03,P-04241,1359,118,141,2026-06-30T05:30:35Z
W-08,P-04241,28,0,100,2026-06-19T14:17:49Z
W-08,P-04242,1854,256,87,2026-06-20T02:56:44Z
W-07,P-04243,1029,224,94,2026-06-14T08:12:19Z
W-02,P-04244,160,6,196,2026-06-14T00:08:17Z
W-03,P-04244,1162,206,126,2026-06-05T08:41:21Z
W-05,P-04245,926,55,205,2026-06-27T06:48:35Z
W-08,P-04246,539,98,223,2026-06-26T03:01:55Z
W-07,P-04246,1518,372,57,2026-06-21T17:23:53Z
W-05,P-04246,802,157,286,2026-06-18T09:05:04Z
W-01,P-04247,1005,157,75,2026-06-15T16:57:37Z
W-06,P-04247,575,86,61,2026-06-26T22:54:30Z
W-07,P-04248,1094,212,180,2026-06-18T07:13:36Z
W-07,P-04249,717,100,260,2026-06-22T18:17:38Z
W-06,P-04249,1112,120,249,2026-06-27T21:40:46Z
W-05,P-04250,1188,221,198,2026-06-24T10:22:15Z
W-02,P-04250,1739,363,188,2026-06-10T09:23:41Z
W-07,P-04251,1879,351,239,2026-06-21T17:32:41Z
W-08,P-04251,869,64,185,2026-06-24T08:21:20Z
W-02,P-04251,1871,129,271,2026-06-14T17:04:50Z
W-06,P-04252,1314,303,267,2026-06-20T12:35:38Z
W-04,P-04253,268,36,251,2026-06-13T09:35:24Z
W-07,P-04254,1466,305,279,2026-06-03T06:03:39Z
W-04,P-04254,1299,135,209,2026-06-07T11:53:30Z
W-03,P-04254,1729,393,233,2026-06-30T09:51:40Z
W-05,P-04255,1996,152,77,2026-06-29T01:32:19Z
W-03,P-04256,574,33,192,2026-06-18T08:11:50Z
W-02,P-04256,1175,5,212,2026-06-04T06:33:22Z
W-04,P-04257,1516,91,201,2026-06-19T17:47:12Z
W-03,P-04257,1818,68,159,2026-06-23T02:38:34Z
W-01,P-04258,835,158,225,2026-06-13T20:17:51Z
W-06,P-04258,1688,201,97,2026-06-12T16:38:26Z
W-02,P-04258,78,11,236,2026-06-24T17:07:55Z
W-03,P-04259,1304,97,205,2026-06-10T01:45:13Z
W-08,P-04259,1519,139,291,2026-06-11T19:30:46Z
W-01,P-04260,1733,194,78,2026-06-22T08:33:19Z
W-08,P-04260,784,191,222,2026-06-15T09:37:29Z
W-07,P-04260,646,150,96,2026-06-21T16:03:09Z
W-04,P-04261,1883,73,134,2026-06-26T03:28:03Z
W-01,P-04262,748,45,270,2026-06-03T14:36:09Z
W-02,P-04262,460,23,104,2026-06-28T18:15:42Z
W-05,P-04262,1967,169,132,2026-06-25T06:57:38Z
W-03,P-04263,1969,259,262,2026-06-19T08:44:52Z
W-04,P-04263,686,146,168,2026-06-19T19:27:28Z
W-03,P-04264,1484,102,204,2026-06-11T11:58:28Z
W-08,P-04264,1775,237,154,2026-06-18T17:55:26Z
W-04,P-04265,1327,80,188,2026-06-03T18:46:25Z
W-07,P-04265,989,1,56,2026-06-21T02:32:22Z
W-05,P-04265,1602,64,185,2026-06-08T06:00:35Z
W-03,P-04266,796,66,92,2026-06-25T22:21:12Z
W-04,P-04266,1274,170,253,2026-06-07T01:28:32Z
W-06,P-04266,1605,67,163,2026-06-20T02:41:43Z
W-06,P-04267,1550,140,144,2026-06-29T01:52:47Z
W-04,P-04267,650,105,196,2026-06-25T01:12:47Z
W-03,P-04267,642,32,168,2026-06-14T17:50:40Z
W-08,P-04268,228,23,257,2026-06-20T21:35:26Z
W-07,P-04269,141,7,166,2026-06-05T19:03:56Z
W-04,P-04269,1594,166,284,2026-06-20T12:46:42Z
W-06,P-04270,1155,55,204,2026-06-29T04:56:45Z
W-03,P-04270,1482,351,233,2026-06-13T04:41:36Z
W-08,P-04271,1420,216,175,2026-06-12T18:04:04Z
W-08,P-04272,1945,188,170,2026-06-08T06:56:29Z
W-08,P-04273,597,105,158,2026-06-02T03:31:22Z
W-02,P-04274,213,31,239,2026-06-20T11:23:45Z
W-04,P-04275,784,46,236,2026-06-27T06:21:56Z
W-08,P-04276,1688,195,79,2026-06-02T07:10:34Z
W-06,P-04276,66,0,199,2026-06-08T20:44:06Z
W-02,P-04276,507,105,88,2026-06-21T19:06:56Z
W-08,P-04277,984,217,182,2026-06-18T18:07:20Z
W-06,P-04277,622,54,277,2026-06-13T10:32:51Z
W-06,P-04278,1525,264,154,2026-06-03T13:25:29Z
W-02,P-04278,1120,14,211,2026-06-08T09:21:15Z
W-04,P-04279,182,40,290,2026-06-25T08:13:51Z
W-06,P-04279,1960,78,137,2026-06-26T05:43:43Z
W-03,P-04279,1499,182,249,2026-06-24T10:54:22Z
W-08,P-04280,118,29,288,2026-06-11T08:48:10Z
W-02,P-04280,1105,245,238,2026-06-30T02:47:54Z
W-04,P-04281,482,111,74,2026-06-15T10:10:20Z
W-05,P-04281,1299,129,56,2026-06-04T11:55:38Z
W-06,P-04282,340,54,122,2026-06-01T13:00:39Z
W-03,P-04282,1082,219,263,2026-06-16T16:58:53Z
W-05,P-04282,1186,247,162,2026-06-30T20:13:26Z
W-03,P-04283,724,169,284,2026-06-03T15:20:23Z
W-03,P-04284,92,17,286,2026-06-19T02:35:17Z
W-06,P-04285,1573,70,204,2026-06-16T23:16:36Z
W-07,P-04286,1009,87,245,2026-06-12T04:09:15Z
W-01,P-04286,1079,184,247,2026-06-09T04:26:56Z
W-05,P-04286,623,74,218,2026-06-04T18:24:55Z
W-02,P-04287,1940,166,201,2026-06-10T17:25:19Z
W-07,P-04287,1043,203,209,2026-06-29T12:13:37Z
W-06,P-04287,381,49,198,2026-06-23T22:46:10Z
W-07,P-04288,1206,251,266,2026-06-27T22:21:04Z
W-08,P-04288,1254,179,165,2026-06-18T08:24:26Z
W-05,P-04288,615,19,249,2026-06-03T04:40:09Z
W-04,P-04289,1545,361,235,2026-06-28T02:02:10Z
W-02,P-04289,758,21,281,2026-06-03T11:48:14Z
W-06,P-04290,1609,71,146,2026-06-30T02:05:10Z
W-02,P-04290,168,19,74,2026-06-22T14:34:57Z
W-07,P-04290,101,23,258,2026-06-16T20:33:59Z
W-02,P-04291,1193,142,158,2026-06-05T15:20:18Z
W-03,P-04291,1493,302,121,2026-06-20T10:06:32Z
W-04,P-04292,554,108,152,2026-06-09T17:01:22Z
W-03,P-04293,1281,52,83,2026-06-13T00:14:57Z
W-08,P-04293,1102,64,161,2026-06-06T13:54:22Z
W-04,P-04293,659,69,128,2026-06-12T18:31:55Z
W-06,P-04294,182,4,251,2026-06-08T11:22:39Z
W-08,P-04294,54,4,155,2026-06-03T09:57:37Z
W-05,P-04295,1344,244,196,2026-06-15T21:48:12Z
W-04,P-04295,1001,86,244,2026-06-07T14:08:21Z
W-07,P-04296,658,83,294,2026-06-11T10:17:23Z
W-01,P-04296,1348,298,206,2026-06-09T18:40:40Z
W-06,P-04296,153,1,219,2026-06-19T18:45:35Z
W-07,P-04297,1736,376,290,2026-06-25T23:37:02Z
W-01,P-04297,1438,92,117,2026-06-09T08:30:18Z
W-06,P-04297,557,52,52,2026-06-03T08:25:48Z
W-03,P-04298,246,47,140,2026-06-20T12:05:43Z
W-03,P-04299,160,13,273,2026-06-21T22:14:38Z
W-02,P-04299,200,9,163,2026-06-23T22:26:30Z
W-07,P-04299,1589,377,112,2026-06-24T14:50:49Z
W-04,P-04300,790,116,86,2026-06-09T01:33:34Z
W-05,P-04300,390,51,191,2026-06-28T05:25:08Z
W-02,P-04300,69,13,221,2026-06-04T15:25:46Z
W-05,P-04301,664,124,182,2026-06-30T22:47:34Z
W-07,P-04301,525,47,159,2026-06-19T08:07:53Z
W-03,P-04301,1238,163,151,2026-06-17T05:39:32Z
W-08,P-04302,1839,26,58,2026-06-01T19:54:53Z
W-06,P-04302,482,92,110,2026-06-29T00:24:05Z
W-05,P-04302,552,91,100,2026-06-04T14:26:11Z
W-04,P-04303,1320,189,175,2026-06-23T01:25:14Z
W-06,P-04304,105,22,216,2026-06-07T11:22:14Z
W-04,P-04304,1601,128,210,2026-06-24T07:46:39Z
W-06,P-04305,574,141,140,2026-06-17T14:41:24Z
W-02,P-04305,931,99,137,2026-06-29T13:44:53Z
W-04,P-04306,1829,47,99,2026-06-17T05:06:28Z
W-03,P-04306,1879,262,219,2026-06-28T14:34:51Z
W-08,P-04306,994,171,252,2026-06-14T03:34:00Z
W-07,P-04307,811,111,100,2026-06-22T00:35:53Z
W-05,P-04307,1620,144,62,2026-06-02T02:33:42Z
W-03,P-04308,120,30,148,2026-06-21T21:32:42Z
W-04,P-04309,720,57,174,2026-06-04T09:27:24Z
W-05,P-04309,1111,123,199,2026-06-02T10:20:46Z
W-02,P-04310,1804,90,214,2026-06-02T15:26:37Z
W-01,P-04311,379,48,110,2026-06-28T19:32:17Z
W-04,P-04312,315,46,208,2026-06-30T07:05:27Z
W-02,P-04312,1081,110,212,2026-06-06T17:41:33Z
W-01,P-04312,1582,300,250,2026-06-28T02:47:47Z
W-08,P-04313,1088,81,94,2026-06-14T18:30:32Z
W-02,P-04313,1337,155,225,2026-06-27T00:19:40Z
W-03,P-04313,459,66,56,2026-06-27T04:30:46Z
W-05,P-04314,291,25,285,2026-06-09T17:58:13Z
W-07,P-04314,1227,90,277,2026-06-23T16:44:27Z
W-01,P-04315,172,16,240,2026-06-16T02:43:43Z
W-05,P-04316,1421,53,240,2026-06-25T16:23:59Z
W-01,P-04316,570,116,165,2026-06-11T17:24:45Z
W-06,P-04316,141,31,84,2026-06-11T07:07:35Z
W-06,P-04317,1191,123,190,2026-06-16T21:44:50Z
W-07,P-04317,1397,145,251,2026-06-28T16:23:46Z
W-03,P-04318,712,128,212,2026-06-18T17:49:16Z
W-07,P-04318,1985,183,177,2026-06-19T19:40:50Z
W-08,P-04319,191,44,152,2026-06-24T11:43:24Z
W-06,P-04319,1626,42,174,2026-06-05T18:33:32Z
W-05,P-04319,1583,349,118,2026-06-18T21:42:31Z
W-06,P-04320,42,1,218,2026-06-17T18:01:08Z
W-03,P-04320,969,116,225,2026-06-02T20:47:55Z
W-03,P-04321,1323,159,294,2026-06-05T08:13:00Z
W-02,P-04322,1392,163,137,2026-06-03T15:40:35Z
W-04,P-04322,1397,296,160,2026-06-18T11:21:00Z
W-01,P-04322,801,128,145,2026-06-21T01:51:49Z
W-04,P-04323,571,121,205,2026-06-08T09:43:03Z
W-07,P-04324,1139,205,66,2026-06-30T06:59:55Z
W-03,P-04324,727,159,132,2026-06-09T14:01:14Z
W-03,P-04325,483,1,60,2026-06-04T04:15:01Z
W-08,P-04326,1024,189,115,2026-06-13T19:56:01Z
W-01,P-04326,1480,242,176,2026-06-03T02:25:07Z
W-04,P-04327,1192,140,57,2026-06-06T00:11:27Z
W-08,P-04328,1510,271,99,2026-06-13T14:50:07Z
W-02,P-04328,1249,0,149,2026-06-06T20:51:22Z
W-07,P-04328,883,77,157,2026-06-06T15:52:21Z
W-08,P-04329,1345,95,152,2026-06-28T18:17:04Z
W-02,P-04329,1675,179,175,2026-06-11T18:28:05Z
W-01,P-04329,18,3,223,2026-06-15T17:53:16Z
W-04,P-04330,1467,51,193,2026-06-15T05:32:13Z
W-06,P-04331,971,172,168,2026-06-10T05:02:35Z
W-01,P-04331,939,53,282,2026-06-06T07:48:03Z
W-05,P-04331,1358,121,206,2026-06-02T05:57:00Z
W-06,P-04332,1692,67,77,2026-06-17T19:11:32Z
W-03,P-04333,1408,48,87,2026-06-27T08:44:27Z
W-06,P-04333,897,169,259,2026-06-25T21:00:12Z
W-06,P-04334,1280,242,203,2026-06-19T17:30:06Z
W-05,P-04334,1604,187,140,2026-06-20T22:25:00Z
W-03,P-04334,799,151,252,2026-06-08T18:44:33Z
W-06,P-04335,1629,299,124,2026-06-20T20:49:12Z
W-03,P-04335,1229,116,174,2026-06-20T17:47:47Z
W-05,P-04335,817,191,109,2026-06-21T18:18:44Z
W-02,P-04336,1065,162,168,2026-06-23T20:27:37Z
W-01,P-04336,1795,240,266,2026-06-04T15:11:48Z
W-04,P-04337,1434,192,75,2026-06-04T15:16:52Z
W-03,P-04337,389,67,193,2026-06-07T17:16:36Z
W-05,P-04337,1560,66,115,2026-06-28T19:15:48Z
W-02,P-04338,1344,92,292,2026-06-04T13:45:16Z
W-05,P-04338,189,26,64,2026-06-14T18:36:36Z
W-03,P-04339,1723,292,67,2026-06-11T06:09:31Z
W-06,P-04339,276,17,259,2026-06-14T10:23:00Z
W-07,P-04340,1948,246,158,2026-06-04T21:53:13Z
W-02,P-04340,1460,287,254,2026-06-14T20:40:38Z
W-08,P-04340,994,224,113,2026-06-28T09:38:02Z
W-01,P-04341,722,110,214,2026-06-26T19:22:47Z
W-06,P-04341,411,1,148,2026-06-09T14:54:48Z
W-07,P-04341,1415,23,54,2026-06-12T15:38:32Z
W-04,P-04342,1431,18,179,2026-06-26T11:52:40Z
W-01,P-04342,676,26,292,2026-06-07T02:32:48Z
W-02,P-04342,1758,119,281,2026-06-02T06:37:50Z
W-06,P-04343,1935,360,140,2026-06-13T15:08:16Z
W-01,P-04343,96,22,74,2026-06-05T16:47:23Z
W-08,P-04343,1486,89,291,2026-06-21T07:14:18Z
W-02,P-04344,121,2,140,2026-06-08T05:49:17Z
W-07,P-04344,214,25,240,2026-06-12T02:47:27Z
W-06,P-04345,1656,263,185,2026-06-07T13:39:08Z
W-08,P-04345,773,35,111,2026-06-20T23:44:09Z
W-03,P-04345,76,16,268,2026-06-15T19:37:38Z
W-02,P-04346,803,21,131,2026-06-17T16:09:34Z
W-08,P-04346,314,75,210,2026-06-14T08:40:41Z
W-03,P-04346,334,71,240,2026-06-13T22:14:30Z
W-07,P-04347,865,16,260,2026-06-02T14:23:23Z
W-05,P-04347,1546,51,295,2026-06-01T00:49:16Z
W-04,P-04348,1032,27,284,2026-06-11T10:20:45Z
W-02,P-04349,1884,386,277,2026-06-20T23:33:40Z
W-03,P-04350,1983,334,285,2026-06-18T01:00:03Z
W-06,P-04350,615,152,158,2026-06-02T21:33:26Z
W-05,P-04350,1541,355,158,2026-06-11T07:06:21Z
W-07,P-04351,644,3,127,2026-06-20T09:56:51Z
W-02,P-04351,1207,86,53,2026-06-15T01:07:32Z
W-01,P-04352,1811,76,211,2026-06-03T11:44:42Z
W-04,P-04352,361,37,83,2026-06-14T22:30:15Z
W-02,P-04352,1985,220,179,2026-06-15T07:10:36Z
W-07,P-04353,1483,297,80,2026-06-25T21:11:18Z
W-01,P-04354,898,191,243,2026-06-08T07:41:12Z
W-06,P-04354,152,32,119,2026-06-03T12:43:16Z
W-03,P-04355,910,200,197,2026-06-19T02:11:57Z
W-07,P-04355,323,46,246,2026-06-27T09:17:08Z
W-08,P-04356,452,5,201,2026-06-17T16:25:17Z
W-04,P-04356,593,126,133,2026-06-28T09:26:22Z
W-01,P-04357,1851,461,284,2026-06-26T15:03:02Z
W-03,P-04357,85,15,121,2026-06-17T02:36:09Z
W-02,P-04358,1283,91,281,2026-06-10T17:45:05Z
W-06,P-04359,468,77,85,2026-06-18T21:39:24Z
W-04,P-04359,1474,204,67,2026-06-21T02:25:59Z
W-05,P-04359,1328,314,266,2026-06-27T18:19:26Z
W-05,P-04360,1930,224,78,2026-06-18T00:42:52Z
W-04,P-04360,1389,44,144,2026-06-13T15:57:51Z
W-06,P-04361,198,36,241,2026-06-08T12:12:53Z
W-04,P-04362,843,194,84,2026-06-04T09:28:44Z
W-01,P-04362,1161,156,124,2026-06-20T08:16:41Z
W-06,P-04362,1257,52,94,2026-06-08T14:33:07Z
W-07,P-04363,1027,114,200,2026-06-11T16:31:19Z
W-03,P-04363,328,29,220,2026-06-06T19:58:34Z
W-06,P-04363,574,68,163,2026-06-01T17:55:20Z
W-02,P-04364,706,42,52,2026-06-24T17:20:04Z
W-03,P-04364,1936,56,190,2026-06-09T09:48:54Z
W-05,P-04365,904,63,185,2026-06-27T00:18:47Z
W-06,P-04366,1841,279,136,2026-06-17T02:33:39Z
W-08,P-04366,1909,338,173,2026-06-29T19:29:40Z
W-03,P-04366,829,56,166,2026-06-06T07:01:12Z
W-06,P-04367,1274,274,218,2026-06-17T14:55:25Z
W-04,P-04367,1220,83,137,2026-06-29T20:44:56Z
W-07,P-04367,930,230,293,2026-06-14T03:35:57Z
W-07,P-04368,245,58,256,2026-06-03T23:43:04Z
W-08,P-04368,1049,62,294,2026-06-04T01:22:39Z
W-06,P-04368,1978,253,250,2026-06-03T23:33:49Z
W-01,P-04369,241,42,190,2026-06-25T19:57:18Z
W-06,P-04370,650,22,261,2026-06-11T01:07:47Z
W-05,P-04370,1524,199,291,2026-06-29T23:51:14Z
W-04,P-04371,1126,145,102,2026-06-25T00:07:01Z
W-06,P-04372,74,15,215,2026-06-01T19:02:49Z
W-08,P-04372,817,193,254,2026-06-30T22:37:23Z
W-03,P-04372,1729,12,133,2026-06-04T19:58:39Z
W-03,P-04373,858,205,284,2026-06-01T06:57:47Z
W-03,P-04374,648,153,276,2026-06-03T13:24:24Z
W-07,P-04375,1447,208,109,2026-06-17T04:46:33Z
W-06,P-04375,1359,250,144,2026-06-22T02:34:33Z
W-02,P-04376,1225,62,120,2026-06-05T07:30:06Z
W-08,P-04376,1309,34,247,2026-06-30T05:35:20Z
W-01,P-04376,860,136,213,2026-06-02T21:43:19Z
W-01,P-04377,382,23,125,2026-06-02T10:44:52Z
W-05,P-04378,990,179,243,2026-06-30T01:08:35Z
W-06,P-04379,1677,296,118,2026-06-17T21:22:43Z
W-01,P-04379,747,105,280,2026-06-11T14:04:19Z
W-08,P-04379,859,62,214,2026-06-12T16:05:30Z
W-06,P-04380,1385,80,286,2026-06-27T23:49:03Z
W-01,P-04381,480,106,142,2026-06-03T09:00:19Z
W-04,P-04381,1962,293,286,2026-06-27T17:57:18Z
W-01,P-04382,1662,9,105,2026-06-26T07:15:09Z
W-04,P-04382,1532,163,65,2026-06-24T03:05:11Z
W-07,P-04383,1316,65,154,2026-06-09T21:03:19Z
W-01,P-04384,1580,335,138,2026-06-09T04:56:42Z
W-02,P-04384,634,73,111,2026-06-23T17:59:15Z
W-05,P-04384,272,30,268,2026-06-12T06:52:07Z
W-08,P-04385,55,0,275,2026-06-02T05:16:43Z
W-07,P-04385,1539,378,241,2026-06-24T12:43:11Z
W-07,P-04386,1371,17,236,2026-06-01T03:03:09Z
W-04,P-04386,2000,417,123,2026-06-14T04:58:50Z
W-05,P-04386,1683,39,241,2026-06-02T12:11:44Z
W-07,P-04387,457,97,211,2026-06-30T20:15:05Z
W-04,P-04388,48,6,164,2026-06-05T03:16:58Z
W-07,P-04388,1627,297,68,2026-06-01T16:53:52Z
W-05,P-04389,1651,345,277,2026-06-21T18:55:28Z
W-03,P-04389,946,102,203,2026-06-23T15:17:51Z
W-02,P-04390,93,23,170,2026-06-18T20:22:49Z
W-07,P-04390,1812,64,223,2026-06-12T23:58:03Z
W-05,P-04390,1422,334,142,2026-06-18T10:56:39Z
W-08,P-04391,665,37,241,2026-06-18T10:50:11Z
W-07,P-04391,1073,83,82,2026-06-18T09:30:47Z
W-08,P-04392,843,173,152,2026-06-24T09:42:57Z
W-04,P-04392,144,34,85,2026-06-24T12:41:55Z
W-07,P-04392,437,73,284,2026-06-06T17:38:48Z
W-04,P-04393,1545,215,119,2026-06-14T04:43:47Z
W-03,P-04393,457,100,212,2026-06-15T18:21:29Z
W-08,P-04393,467,112,222,2026-06-25T00:35:53Z
W-05,P-04394,46,4,201,2026-06-09T21:28:40Z
W-07,P-04394,1789,388,100,2026-06-26T04:32:49Z
W-03,P-04394,1306,215,92,2026-06-06T04:56:47Z
W-06,P-04395,1761,361,251,2026-06-20T11:25:40Z
W-04,P-04395,8,0,133,2026-06-14T02:35:26Z
W-02,P-04396,1210,0,114,2026-06-15T12:46:40Z
W-01,P-04397,576,123,234,2026-06-25T23:18:33Z
W-04,P-04397,178,40,277,2026-06-30T22:17:54Z
W-05,P-04398,410,45,250,2026-06-29T18:27:26Z
W-06,P-04399,1867,40,117,2026-06-24T12:40:52Z
W-05,P-04399,19,4,228,2026-06-22T15:06:02Z
W-07,P-04400,444,31,116,2026-06-27T13:13:31Z
W-03,P-04400,76,6,89,2026-06-28T13:12:10Z
W-06,P-04401,709,15,98,2026-06-13T14:10:59Z
W-01,P-04401,1239,240,78,2026-06-06T09:21:46Z
W-04,P-04402,1526,344,81,2026-06-24T07:12:58Z
W-06,P-04402,458,95,53,2026-06-03T13:09:07Z
W-07,P-04402,1279,180,162,2026-06-27T16:41:12Z
W-08,P-04403,734,97,112,2026-06-27T16:53:05Z
W-03,P-04403,297,56,252,2026-06-02T20:02:36Z
W-01,P-04404,1799,92,74,2026-06-17T10:30:36Z
W-02,P-04404,491,108,150,2026-06-16T10:37:22Z
W-07,P-04404,926,121,218,2026-06-06T12:34:06Z
W-04,P-04405,1098,62,140,2026-06-16T11:55:48Z
W-06,P-04405,1155,30,202,2026-06-25T05:38:59Z
W-07,P-04405,982,23,180,2026-06-03T00:39:09Z
W-04,P-04406,737,116,278,2026-06-18T22:44:47Z
W-03,P-04406,1786,8,132,2026-06-22T10:38:13Z
W-05,P-04407,1469,92,294,2026-06-12T12:37:30Z
W-06,P-04407,345,21,135,2026-06-13T23:31:14Z
W-05,P-04408,857,45,281,2026-06-03T05:28:43Z
W-03,P-04408,1252,117,213,2026-06-24T00:56:35Z
W-04,P-04408,564,35,141,2026-06-04T20:36:18Z
W-01,P-04409,1828,267,135,2026-06-01T01:59:56Z
W-06,P-04409,1316,31,244,2026-06-01T03:23:35Z
W-05,P-04409,111,21,224,2026-06-02T14:43:14Z
W-03,P-04410,1898,283,111,2026-06-29T11:12:48Z
W-08,P-04410,1950,413,297,2026-06-06T20:34:44Z
W-01,P-04410,147,21,265,2026-06-17T10:09:08Z
W-06,P-04411,1887,466,247,2026-06-05T15:54:31Z
W-01,P-04411,118,1,276,2026-06-28T01:41:38Z
W-07,P-04411,844,29,244,2026-06-26T14:21:17Z
W-04,P-04412,303,15,237,2026-06-08T09:27:07Z
W-07,P-04413,1898,78,83,2026-06-02T15:46:10Z
W-06,P-04413,1246,118,219,2026-06-27T13:04:14Z
W-02,P-04413,593,72,232,2026-06-29T14:03:42Z
W-03,P-04414,1718,411,234,2026-06-18T11:43:33Z
W-07,P-04414,1793,168,125,2026-06-14T10:09:07Z
W-04,P-04414,1142,39,259,2026-06-18T22:41:34Z
W-07,P-04415,783,76,259,2026-06-04T03:34:37Z
W-04,P-04415,1969,273,206,2026-06-04T18:40:31Z
W-04,P-04416,1907,176,102,2026-06-08T01:38:56Z
W-05,P-04416,1868,137,214,2026-06-23T09:35:33Z
W-05,P-04417,1949,292,126,2026-06-21T11:36:14Z
W-03,P-04418,1422,208,196,2026-06-12T00:19:48Z
W-08,P-04419,1963,386,191,2026-06-09T18:34:37Z
W-01,P-04419,540,30,123,2026-06-08T12:09:55Z
W-03,P-04419,110,9,181,2026-06-18T20:42:34Z
W-06,P-04420,905,223,91,2026-06-18T18:12:50Z
W-03,P-04420,952,136,235,2026-06-20T14:12:53Z
W-01,P-04420,779,139,143,2026-06-08T10:52:05Z
W-06,P-04421,1031,70,135,2026-06-16T02:22:41Z
W-01,P-04422,1985,56,127,2026-06-16T17:20:28Z
W-08,P-04423,725,73,189,2026-06-08T00:49:08Z
W-03,P-04423,1569,356,298,2026-06-04T00:06:06Z
W-05,P-04423,1716,355,114,2026-06-02T01:14:14Z
W-01,P-04424,1910,363,89,2026-06-27T04:03:17Z
W-03,P-04425,446,78,165,2026-06-23T05:09:55Z
W-04,P-04426,1726,210,206,2026-06-24T01:24:04Z
W-08,P-04426,639,14,219,2026-06-12T01:18:06Z
W-06,P-04427,362,13,169,2026-06-14T14:06:00Z
W-04,P-04427,903,17,229,2026-06-22T16:32:47Z
W-03,P-04428,1844,210,172,2026-06-12T11:44:23Z
W-01,P-04428,1110,125,73,2026-06-15T08:04:18Z
W-01,P-04429,125,29,167,2026-06-09T03:55:59Z
W-06,P-04429,481,108,181,2026-06-19T05:04:33Z
W-07,P-04430,334,49,181,2026-06-13T08:47:11Z
W-05,P-04430,827,205,219,2026-06-18T04:29:06Z
W-05,P-04431,590,122,120,2026-06-07T00:10:49Z
W-01,P-04431,916,183,99,2026-06-08T21:07:51Z
W-08,P-04431,643,0,246,2026-06-25T10:01:37Z
W-02,P-04432,330,10,150,2026-06-21T06:10:27Z
W-01,P-04432,939,210,117,2026-06-16T21:47:01Z
W-07,P-04432,413,13,219,2026-06-07T02:03:57Z
W-03,P-04433,1554,70,95,2026-06-05T09:01:54Z
W-05,P-04434,1639,15,127,2026-06-24T02:26:24Z
W-07,P-04434,1057,231,252,2026-06-02T22:21:28Z
W-04,P-04434,1089,207,106,2026-06-02T20:37:41Z
W-07,P-04435,1025,219,81,2026-06-28T21:10:09Z
W-05,P-04435,713,164,186,2026-06-23T15:54:48Z
W-08,P-04435,919,12,96,2026-06-04T07:13:52Z
W-04,P-04436,1048,153,66,2026-06-28T20:21:41Z
W-02,P-04437,329,63,111,2026-06-25T22:34:21Z
W-02,P-04438,1234,182,88,2026-06-08T05:52:32Z
W-05,P-04438,1840,409,114,2026-06-25T21:34:26Z
W-05,P-04439,395,7,195,2026-06-26T23:20:39Z
W-07,P-04439,855,63,282,2026-06-03T07:36:59Z
W-05,P-04440,117,13,199,2026-06-20T22:43:28Z
W-03,P-04440,258,61,257,2026-06-19T17:24:31Z
W-02,P-04440,487,113,133,2026-06-07T23:21:17Z
W-07,P-04441,1027,145,216,2026-06-25T14:47:24Z
W-01,P-04441,1890,102,180,2026-06-29T03:02:09Z
W-07,P-04442,485,51,285,2026-06-19T23:27:34Z
W-03,P-04442,1957,342,66,2026-06-26T22:36:24Z
W-06,P-04442,302,27,129,2026-06-21T11:35:52Z
W-08,P-04443,442,11,158,2026-06-25T03:04:50Z
W-05,P-04443,1730,398,150,2026-06-19T21:38:13Z
W-04,P-04444,1768,133,103,2026-06-15T01:05:39Z
W-08,P-04444,1620,326,104,2026-06-05T09:22:35Z
W-05,P-04444,691,14,95,2026-06-01T03:05:53Z
W-01,P-04445,1713,247,145,2026-06-08T19:13:59Z
W-03,P-04445,1355,114,105,2026-06-25T17:58:40Z
W-01,P-04446,136,34,140,2026-06-01T22:12:53Z
W-05,P-04446,614,47,203,2026-06-20T22:02:19Z
W-02,P-04446,934,129,153,2026-06-18T19:16:56Z
W-07,P-04447,1879,417,69,2026-06-01T18:50:21Z
W-06,P-04447,1901,296,210,2026-06-01T23:43:42Z
W-05,P-04448,1172,104,173,2026-06-12T21:02:16Z
W-01,P-04448,1214,5,292,2026-06-09T02:20:56Z
W-06,P-04448,1312,170,184,2026-06-18T01:16:15Z
W-01,P-04449,1216,3,235,2026-06-13T18:14:19Z
W-04,P-04450,402,66,91,2026-06-20T02:16:18Z
W-06,P-04450,1638,367,247,2026-06-18T05:26:41Z
W-02,P-04450,833,189,77,2026-06-25T09:40:45Z
W-07,P-04451,1615,330,283,2026-06-03T12:44:57Z
W-04,P-04451,156,10,166,2026-06-27T16:02:12Z
W-02,P-04452,1846,417,81,2026-06-17T18:29:31Z
W-08,P-04452,883,205,51,2026-06-05T08:27:07Z
W-03,P-04452,1367,41,230,2026-06-08T22:18:29Z
W-05,P-04453,998,19,138,2026-06-26T05:15:50Z
W-03,P-04454,384,36,114,2026-06-19T20:12:29Z
W-06,P-04454,585,108,99,2026-06-26T20:31:48Z
W-05,P-04455,1199,134,194,2026-06-23T02:35:56Z
W-07,P-04455,1515,41,254,2026-06-04T14:08:48Z
W-07,P-04456,1028,87,135,2026-06-16T00:16:38Z
W-08,P-04456,1083,21,108,2026-06-17T16:42:57Z
W-08,P-04457,877,72,219,2026-06-24T22:23:16Z
W-04,P-04458,78,6,141,2026-06-03T08:13:48Z
W-03,P-04459,1253,68,139,2026-06-30T16:24:02Z
W-04,P-04459,1992,483,201,2026-06-02T03:27:28Z
W-03,P-04460,317,70,177,2026-06-06T18:51:52Z
W-05,P-04461,543,2,291,2026-06-05T10:13:21Z
W-03,P-04461,1906,333,287,2026-06-18T11:23:35Z
W-05,P-04462,1296,71,125,2026-06-18T01:03:41Z
W-08,P-04462,1390,157,72,2026-06-01T13:21:13Z
W-04,P-04462,1936,354,131,2026-06-21T05:16:34Z
W-08,P-04463,1860,180,71,2026-06-24T07:35:37Z
W-05,P-04463,1248,96,287,2026-06-19T16:07:47Z
W-04,P-04464,780,102,97,2026-06-14T14:26:27Z
W-05,P-04464,542,133,191,2026-06-18T18:28:46Z
W-01,P-04464,869,187,214,2026-06-25T04:44:18Z
W-03,P-04465,1230,238,245,2026-06-23T03:16:32Z
W-05,P-04466,841,64,170,2026-06-11T18:01:07Z
W-02,P-04467,1873,443,86,2026-06-08T17:31:58Z
W-03,P-04467,1299,131,122,2026-06-19T02:28:06Z
W-06,P-04467,543,92,86,2026-06-14T04:03:55Z
W-03,P-04468,1721,333,55,2026-06-13T05:09:55Z
W-02,P-04468,1816,304,108,2026-06-20T10:59:06Z
W-03,P-04469,1996,68,104,2026-06-06T14:58:31Z
W-01,P-04469,885,215,235,2026-06-23T03:06:13Z
W-07,P-04470,1256,7,152,2026-06-05T23:55:29Z
W-02,P-04470,303,4,276,2026-06-22T20:28:13Z
W-08,P-04470,1282,12,185,2026-06-19T04:37:48Z
W-06,P-04471,252,27,107,2026-06-24T00:09:35Z
W-01,P-04472,599,131,205,2026-06-20T20:02:11Z
W-04,P-04472,1362,308,170,2026-06-21T01:54:08Z
W-08,P-04472,633,130,273,2026-06-02T23:06:36Z
W-02,P-04473,543,10,170,2026-06-18T15:08:51Z
W-03,P-04473,1051,111,134,2026-06-30T04:58:52Z
W-06,P-04474,10,2,113,2026-06-18T09:20:57Z
W-05,P-04474,1483,230,238,2026-06-29T23:02:50Z
W-03,P-04474,1364,35,183,2026-06-10T02:17:41Z
W-08,P-04475,704,24,266,2026-06-11T07:35:59Z
W-08,P-04476,478,44,254,2026-06-23T00:00:19Z
W-06,P-04476,1028,109,93,2026-06-30T17:39:43Z
W-04,P-04477,1485,250,243,2026-06-19T19:30:45Z
W-02,P-04477,746,171,96,2026-06-13T20:38:03Z
W-01,P-04478,1473,13,283,2026-06-30T02:30:56Z
W-03,P-04478,676,123,255,2026-06-06T07:46:12Z
W-06,P-04479,159,0,299,2026-06-03T14:00:32Z
W-08,P-04479,443,30,63,2026-06-27T09:49:45Z
W-02,P-04480,1905,344,280,2026-06-20T01:48:47Z
W-01,P-04481,978,52,292,2026-06-04T12:31:32Z
W-08,P-04481,1471,30,179,2026-06-13T20:22:15Z
W-06,P-04481,1695,13,95,2026-06-12T22:59:25Z
W-03,P-04482,1159,173,153,2026-06-04T12:12:32Z
W-02,P-04482,1949,142,166,2026-06-21T21:17:27Z
W-03,P-04483,678,118,285,2026-06-24T00:10:43Z
W-03,P-04484,374,8,65,2026-06-06T18:38:23Z
W-05,P-04484,1300,246,182,2026-06-14T13:30:04Z
W-03,P-04485,556,64,257,2026-06-10T12:48:53Z
W-02,P-04485,113,16,83,2026-06-08T10:53:54Z
W-02,P-04486,1805,304,228,2026-06-18T13:21:07Z
W-01,P-04486,1306,29,55,2026-06-22T23:50:44Z
W-04,P-04486,476,97,287,2026-06-20T21:22:09Z
W-05,P-04487,1380,225,187,2026-06-12T22:53:33Z
W-06,P-04488,1034,78,264,2026-06-11T00:21:03Z
W-04,P-04488,448,39,283,2026-06-27T06:18:45Z
W-03,P-04488,476,7,281,2026-06-04T08:51:50Z
W-01,P-04489,1948,263,152,2026-06-19T08:13:33Z
W-08,P-04490,514,15,127,2026-06-10T17:42:00Z
W-01,P-04490,110,1,238,2026-06-14T05:43:40Z
W-03,P-04491,450,93,288,2026-06-13T02:13:35Z
W-02,P-04491,87,1,215,2026-06-07T21:46:03Z
W-01,P-04491,1574,193,100,2026-06-30T16:55:12Z
W-01,P-04492,189,2,209,2026-06-11T12:26:15Z
W-02,P-04492,325,65,132,2026-06-05T04:40:37Z
W-04,P-04493,673,17,227,2026-06-24T14:19:38Z
W-01,P-04493,1956,98,217,2026-06-21T16:34:51Z
W-07,P-04493,162,33,186,2026-06-29T00:37:15Z
W-03,P-04494,284,18,243,2026-06-28T17:25:12Z
W-04,P-04495,1123,253,93,2026-06-18T13:50:37Z
W-08,P-04495,204,6,259,2026-06-07T14:45:29Z
W-05,P-04495,1744,114,165,2026-06-15T19:29:47Z
W-02,P-04496,1503,212,147,2026-06-13T00:48:16Z
W-04,P-04496,1115,5,273,2026-06-22T23:59:45Z
W-07,P-04496,897,94,189,2026-06-30T01:42:06Z
W-04,P-04497,1482,176,188,2026-06-20T10:45:47Z
W-02,P-04498,1785,270,300,2026-06-17T08:19:02Z
W-02,P-04499,864,26,63,2026-06-19T00:50:48Z
W-05,P-04500,536,73,233,2026-06-18T15:52:33Z
W-04,P-04500,1446,315,296,2026-06-26T01:31:01Z
W-08,P-04501,944,221,189,2026-06-03T12:04:50Z
W-03,P-04502,876,161,253,2026-06-10T05:46:01Z
W-07,P-04502,756,174,167,2026-06-12T03:26:56Z
W-04,P-04503,737,87,58,2026-06-30T06:27:42Z
W-06,P-04504,641,129,68,2026-06-12T04:38:41Z
W-07,P-04505,396,70,204,2026-06-28T08:32:14Z
W-06,P-04505,806,40,289,2026-06-01T01:50:51Z
W-04,P-04506,353,83,135,2026-06-14T17:37:59Z
W-03,P-04507,1001,81,187,2026-06-24T21:55:40Z
W-01,P-04507,1474,65,188,2026-06-04T03:40:07Z
W-03,P-04508,224,15,62,2026-06-02T13:15:41Z
W-04,P-04509,1105,66,156,2026-06-05T11:17:04Z
W-02,P-04509,658,47,274,2026-06-04T21:04:52Z
W-05,P-04509,984,164,216,2026-06-22T00:07:01Z
W-01,P-04510,992,128,140,2026-06-30T07:07:07Z
W-04,P-04510,958,116,213,2026-06-25T16:12:52Z
W-03,P-04511,1120,80,272,2026-06-13T10:52:47Z
W-04,P-04512,88,22,198,2026-06-19T21:25:10Z
W-01,P-04513,1061,7,259,2026-06-01T13:05:02Z
W-08,P-04514,300,22,216,2026-06-21T22:50:22Z
W-04,P-04514,7,0,285,2026-06-08T23:48:16Z
W-01,P-04515,599,39,187,2026-06-18T05:26:13Z
W-03,P-04516,1997,484,53,2026-06-15T17:48:51Z
W-06,P-04517,1552,207,141,2026-06-15T05:13:33Z
W-05,P-04518,494,116,208,2026-06-15T22:17:13Z
W-08,P-04519,917,82,64,2026-06-07T00:24:07Z
W-05,P-04519,1742,199,93,2026-06-29T06:03:50Z
W-04,P-04519,1136,267,195,2026-06-02T17:27:59Z
W-01,P-04520,653,20,204,2026-06-29T07:33:20Z
W-07,P-04520,1045,82,269,2026-06-22T04:41:29Z
W-06,P-04520,688,112,240,2026-06-30T23:18:34Z
W-04,P-04521,1158,57,208,2026-06-13T01:57:37Z
W-08,P-04521,1762,385,64,2026-06-18T00:01:41Z
W-08,P-04522,1190,224,83,2026-06-25T19:43:03Z
W-02,P-04523,33,3,162,2026-06-26T03:44:21Z
W-03,P-04524,1511,309,60,2026-06-06T16:28:11Z
W-04,P-04524,1636,109,190,2026-06-15T21:31:26Z
W-06,P-04525,602,89,211,2026-06-18T00:50:07Z
W-05,P-04525,872,215,204,2026-06-18T09:28:53Z
W-07,P-04526,529,108,154,2026-06-26T12:07:55Z
W-04,P-04526,269,66,76,2026-06-13T05:51:15Z
W-01,P-04526,1758,414,172,2026-06-29T05:10:28Z
W-02,P-04527,1501,116,230,2026-06-09T23:26:56Z
W-04,P-04527,477,48,239,2026-06-19T05:56:37Z
W-08,P-04528,553,44,227,2026-06-21T08:40:15Z
W-04,P-04528,708,74,155,2026-06-06T20:54:27Z
W-01,P-04528,1723,311,274,2026-06-24T16:44:32Z
W-03,P-04529,1460,71,59,2026-06-29T09:33:40Z
W-06,P-04529,1274,202,143,2026-06-10T04:38:07Z
W-02,P-04529,1703,328,92,2026-06-20T13:16:19Z
W-01,P-04530,1787,157,196,2026-06-19T02:05:45Z
W-07,P-04530,1316,156,52,2026-06-15T02:28:48Z
W-04,P-04531,1916,27,113,2026-06-03T18:20:24Z
W-02,P-04531,500,55,111,2026-06-21T21:04:55Z
W-03,P-04531,1944,402,217,2026-06-22T18:48:16Z
W-02,P-04532,338,24,115,2026-06-20T19:38:40Z
W-03,P-04533,1630,134,55,2026-06-15T05:07:36Z
W-04,P-04533,23,1,113,2026-06-04T11:18:25Z
W-01,P-04533,66,15,265,2026-06-02T08:26:27Z
W-05,P-04534,1881,89,109,2026-06-25T11:39:33Z
W-07,P-04534,1307,221,234,2026-06-04T12:45:22Z
W-06,P-04534,1422,301,64,2026-06-22T05:04:55Z
W-01,P-04535,935,1,87,2026-06-28T23:17:57Z
W-05,P-04536,179,26,127,2026-06-30T04:23:30Z
W-01,P-04537,9,1,265,2026-06-24T15:58:53Z
W-02,P-04537,1905,256,154,2026-06-25T01:25:50Z
W-06,P-04538,520,72,271,2026-06-13T05:06:35Z
W-02,P-04539,1183,129,150,2026-06-01T11:07:48Z
W-06,P-04539,1705,207,168,2026-06-28T02:13:36Z
W-08,P-04540,1487,337,235,2026-06-01T01:09:55Z
W-05,P-04541,1550,141,226,2026-06-23T05:20:50Z
W-02,P-04542,237,4,191,2026-06-26T09:03:12Z
W-04,P-04542,257,63,243,2026-06-13T02:08:57Z
W-01,P-04543,720,6,131,2026-06-23T15:39:42Z
W-02,P-04544,1653,138,264,2026-06-28T21:47:27Z
W-06,P-04544,489,80,204,2026-06-29T17:03:34Z
W-04,P-04544,383,70,114,2026-06-01T22:32:19Z
W-08,P-04545,1892,284,185,2026-06-18T00:47:00Z
W-02,P-04545,470,31,174,2026-06-05T21:50:02Z
W-06,P-04545,1443,175,201,2026-06-12T12:54:25Z
W-02,P-04546,1220,124,276,2026-06-03T18:00:38Z
W-05,P-04546,633,65,121,2026-06-06T07:27:33Z
W-03,P-04547,628,70,247,2026-06-20T08:41:55Z
W-04,P-04547,1511,6,275,2026-06-19T01:15:45Z
W-06,P-04548,1808,412,159,2026-06-12T01:58:00Z
W-06,P-04549,726,72,297,2026-06-22T02:06:10Z
W-04,P-04549,935,160,293,2026-06-02T20:35:14Z
W-08,P-04549,882,96,238,2026-06-21T00:20:44Z
W-05,P-04550,1284,233,227,2026-06-27T00:36:41Z
W-06,P-04550,1400,307,162,2026-06-10T17:31:27Z
W-03,P-04551,1357,163,95,2026-06-06T08:17:01Z
W-05,P-04552,166,41,277,2026-06-03T18:19:00Z
W-03,P-04552,1057,237,230,2026-06-04T18:52:41Z
W-08,P-04553,385,62,216,2026-06-05T02:17:37Z
W-05,P-04554,728,76,149,2026-06-10T00:53:28Z
W-08,P-04555,316,1,77,2026-06-11T00:14:26Z
W-05,P-04556,788,55,167,2026-06-22T02:53:03Z
W-06,P-04557,1479,332,140,2026-06-20T23:22:15Z
W-02,P-04557,22,5,158,2026-06-23T09:52:22Z
W-08,P-04558,676,163,274,2026-06-28T18:25:45Z
W-05,P-04558,1611,392,292,2026-06-15T04:19:56Z
W-07,P-04559,340,32,59,2026-06-25T20:01:55Z
W-08,P-04559,1655,131,237,2026-06-16T03:53:55Z
W-07,P-04560,1993,399,240,2026-06-22T08:56:45Z
W-06,P-04560,167,3,146,2026-06-16T00:33:18Z
W-03,P-04561,416,57,245,2026-06-01T05:02:22Z
W-08,P-04561,439,52,64,2026-06-17T13:42:31Z
W-05,P-04561,1047,180,90,2026-06-11T12:18:15Z
W-07,P-04562,1724,113,79,2026-06-06T11:15:23Z
W-03,P-04563,614,51,199,2026-06-17T20:39:27Z
W-03,P-04564,799,5,223,2026-06-12T11:15:37Z
W-08,P-04565,104,4,188,2026-06-04T07:50:59Z
W-03,P-04565,1914,191,105,2026-06-26T02:02:59Z
W-05,P-04565,354,59,249,2026-06-07T15:16:08Z
W-06,P-04566,81,2,224,2026-06-21T20:57:24Z
W-02,P-04566,902,117,77,2026-06-24T03:17:06Z
W-04,P-04566,479,20,289,2026-06-13T22:54:22Z
W-07,P-04567,926,37,275,2026-06-15T13:52:13Z
W-06,P-04568,959,105,158,2026-06-29T16:41:56Z
W-01,P-04568,830,188,64,2026-06-24T08:36:48Z
W-04,P-04569,1983,281,116,2026-06-10T13:18:46Z
W-05,P-04569,784,11,69,2026-06-18T05:09:57Z
W-05,P-04570,1051,120,57,2026-06-05T19:38:34Z
W-03,P-04570,1852,48,93,2026-06-03T02:56:17Z
W-07,P-04571,1006,145,175,2026-06-09T12:57:49Z
W-01,P-04571,1072,239,295,2026-06-09T05:22:08Z
W-05,P-04572,80,12,53,2026-06-27T03:05:47Z
W-02,P-04572,1371,149,163,2026-06-13T22:09:47Z
W-06,P-04572,1517,333,93,2026-06-21T19:52:59Z
W-02,P-04573,429,60,157,2026-06-16T23:26:09Z
W-01,P-04574,619,123,63,2026-06-18T22:00:07Z
W-06,P-04574,1682,316,270,2026-06-30T10:38:30Z
W-05,P-04574,1508,314,287,2026-06-17T09:15:00Z
W-06,P-04575,1676,39,178,2026-06-17T21:36:44Z
W-07,P-04575,1050,97,216,2026-06-12T15:28:11Z
W-02,P-04576,1355,13,287,2026-06-17T20:10:22Z
W-03,P-04577,1651,112,190,2026-06-22T10:46:53Z
W-06,P-04577,112,14,177,2026-06-08T20:52:21Z
W-05,P-04577,1640,371,173,2026-06-11T07:12:53Z
W-07,P-04578,695,153,168,2026-06-02T08:14:25Z
W-07,P-04579,936,123,132,2026-06-07T11:00:16Z
W-01,P-04580,1616,366,185,2026-06-17T10:40:35Z
W-07,P-04580,1040,125,216,2026-06-08T00:00:41Z
W-08,P-04581,1140,15,207,2026-06-01T13:00:49Z
W-04,P-04581,695,21,97,2026-06-24T10:46:18Z
W-07,P-04581,791,197,213,2026-06-16T10:44:01Z
W-08,P-04582,1195,47,188,2026-06-17T23:29:13Z
W-05,P-04582,150,8,259,2026-06-22T03:13:28Z
W-07,P-04583,1904,118,199,2026-06-06T16:20:54Z
W-06,P-04583,254,41,191,2026-06-17T21:10:58Z
W-05,P-04584,1890,269,109,2026-06-07T07:49:28Z
W-05,P-04585,657,16,288,2026-06-21T07:38:18Z
W-08,P-04585,273,46,253,2026-06-18T20:23:34Z
W-04,P-04585,1283,35,142,2026-06-27T12:25:47Z
W-03,P-04586,1439,151,278,2026-06-25T17:29:43Z
W-06,P-04586,1356,173,157,2026-06-22T22:45:20Z
W-03,P-04587,1782,76,283,2026-06-26T15:51:22Z
W-08,P-04587,1076,59,248,2026-06-22T00:50:20Z
W-05,P-04588,1306,267,219,2026-06-08T05:07:08Z
W-07,P-04589,367,23,213,2026-06-25T23:26:38Z
W-06,P-04589,1712,227,194,2026-06-12T14:59:33Z
W-02,P-04589,364,70,98,2026-06-24T10:02:42Z
W-01,P-04590,1149,126,71,2026-06-25T10:10:23Z
W-07,P-04590,1397,123,142,2026-06-23T01:32:56Z
W-04,P-04590,326,49,82,2026-06-28T01:04:19Z
W-01,P-04591,1194,247,201,2026-06-22T05:23:35Z
W-08,P-04592,1127,175,135,2026-06-20T08:43:08Z
W-05,P-04592,532,98,102,2026-06-13T23:39:26Z
W-02,P-04592,1548,356,179,2026-06-18T03:37:43Z
W-07,P-04593,1768,133,262,2026-06-21T10:18:00Z
W-02,P-04594,1589,167,212,2026-06-05T09:17:41Z
W-08,P-04595,694,37,259,2026-06-30T02:16:55Z
W-01,P-04595,1012,8,139,2026-06-15T04:29:01Z
W-02,P-04595,665,131,119,2026-06-07T06:12:13Z
W-01,P-04596,486,108,218,2026-06-29T22:27:28Z
W-07,P-04596,1167,96,262,2026-06-06T20:01:30Z
W-01,P-04597,1454,175,129,2026-06-26T18:36:54Z
W-06,P-04597,14,2,247,2026-06-25T01:08:36Z
W-02,P-04598,1564,282,290,2026-06-25T04:55:59Z
W-07,P-04598,767,75,126,2026-06-04T01:29:06Z
W-05,P-04598,333,12,130,2026-06-07T11:52:52Z
W-08,P-04599,1108,28,134,2026-06-16T12:59:00Z
W-08,P-04600,612,111,186,2026-06-22T11:30:57Z
W-04,P-04600,1922,38,211,2026-06-15T22:24:36Z
W-06,P-04601,510,108,216,2026-06-22T03:32:59Z
W-01,P-04601,1171,95,279,2026-06-14T00:49:08Z
W-02,P-04601,198,30,118,2026-06-03T19:06:21Z
W-06,P-04602,1973,216,200,2026-06-21T19:13:20Z
W-07,P-04602,1079,1,70,2026-06-03T15:32:01Z
W-06,P-04603,1488,134,212,2026-06-20T16:39:09Z
W-07,P-04603,1051,145,167,2026-06-13T05:17:47Z
W-05,P-04603,1970,169,213,2026-06-28T16:36:18Z
W-04,P-04604,897,88,64,2026-06-29T23:37:25Z
W-02,P-04604,606,120,128,2026-06-26T14:26:40Z
W-07,P-04605,1895,384,226,2026-06-05T00:34:05Z
W-01,P-04605,1853,273,86,2026-06-21T16:29:25Z
W-04,P-04605,1447,146,119,2026-06-30T13:52:01Z
W-08,P-04606,1364,233,277,2026-06-28T05:57:49Z
W-04,P-04606,225,6,152,2026-06-29T03:30:11Z
W-02,P-04607,1766,437,151,2026-06-09T00:32:44Z
W-03,P-04607,1397,175,162,2026-06-01T00:56:44Z
W-01,P-04607,736,117,55,2026-06-04T05:26:43Z
W-07,P-04608,1161,206,132,2026-06-11T17:20:06Z
W-01,P-04609,1100,265,51,2026-06-08T03:51:01Z
W-05,P-04610,1753,89,164,2026-06-10T10:59:11Z
W-04,P-04610,289,48,111,2026-06-12T15:41:35Z
W-07,P-04611,1455,323,272,2026-06-16T05:07:14Z
W-02,P-04612,1137,213,248,2026-06-11T10:13:30Z
W-03,P-04612,654,124,115,2026-06-13T19:46:45Z
W-03,P-04613,1816,145,235,2026-06-02T00:13:51Z
W-02,P-04613,1369,113,109,2026-06-23T08:41:56Z
W-03,P-04614,226,21,134,2026-06-16T14:23:00Z
W-01,P-04615,205,49,247,2026-06-29T12:06:50Z
W-04,P-04616,1232,157,242,2026-06-11T10:38:03Z
W-07,P-04616,1522,373,55,2026-06-30T06:54:12Z
W-01,P-04617,1547,93,72,2026-06-13T14:39:19Z
W-02,P-04617,758,97,187,2026-06-13T16:13:28Z
W-04,P-04617,1910,462,209,2026-06-03T07:19:24Z
W-04,P-04618,1315,196,74,2026-06-26T07:03:21Z
W-01,P-04618,513,73,133,2026-06-02T02:27:45Z
W-04,P-04619,910,99,170,2026-06-26T18:16:57Z
W-07,P-04620,1338,320,51,2026-06-27T18:13:24Z
W-06,P-04621,1628,21,264,2026-06-28T12:12:42Z
W-03,P-04621,1210,157,160,2026-06-07T11:53:45Z
W-02,P-04622,622,57,264,2026-06-25T02:25:04Z
W-01,P-04623,1736,203,252,2026-06-12T12:40:00Z
W-08,P-04623,656,46,50,2026-06-24T08:58:15Z
W-05,P-04623,1325,310,269,2026-06-18T19:29:00Z
W-05,P-04624,506,8,285,2026-06-20T16:38:48Z
W-08,P-04624,328,81,96,2026-06-26T19:35:13Z
W-03,P-04624,454,111,116,2026-06-23T18:11:20Z
W-02,P-04625,1169,131,98,2026-06-03T23:51:35Z
W-06,P-04625,1913,46,143,2026-06-11T20:06:48Z
W-03,P-04625,1824,456,148,2026-06-18T20:20:40Z
W-01,P-04626,148,30,186,2026-06-28T06:07:10Z
W-02,P-04626,1225,256,236,2026-06-25T02:01:46Z
W-04,P-04627,422,49,286,2026-06-09T22:04:00Z
W-05,P-04627,1777,282,226,2026-06-06T04:39:29Z
W-05,P-04628,772,88,239,2026-06-15T15:00:32Z
W-04,P-04629,942,204,214,2026-06-19T23:09:34Z
W-08,P-04629,1153,144,92,2026-06-09T23:20:37Z
W-07,P-04630,748,134,156,2026-06-03T07:20:06Z
W-08,P-04630,1071,253,222,2026-06-29T14:00:06Z
W-01,P-04630,1027,105,219,2026-06-03T14:04:47Z
W-01,P-04631,1473,24,124,2026-06-02T21:05:59Z
W-07,P-04632,1849,17,165,2026-06-13T06:01:50Z
W-02,P-04632,449,75,263,2026-06-28T01:42:15Z
W-07,P-04633,634,34,157,2026-06-27T21:03:01Z
W-06,P-04633,1898,414,53,2026-06-07T08:25:00Z
W-01,P-04633,1939,394,148,2026-06-04T11:45:59Z
W-05,P-04634,1052,91,88,2026-06-20T07:08:53Z
W-02,P-04634,987,66,202,2026-06-07T05:56:03Z
W-06,P-04634,252,15,231,2026-06-25T11:29:41Z
W-08,P-04635,330,7,258,2026-06-08T02:34:59Z
W-02,P-04635,187,15,194,2026-06-02T11:07:12Z
W-04,P-04635,204,27,178,2026-06-29T07:48:25Z
W-02,P-04636,1453,268,277,2026-06-07T20:53:03Z
W-05,P-04637,1439,180,209,2026-06-26T18:09:47Z
W-05,P-04638,763,83,230,2026-06-15T18:19:54Z
W-02,P-04638,232,23,228,2026-06-21T15:37:50Z
W-08,P-04639,1610,129,288,2026-06-07T20:04:03Z
W-04,P-04640,137,29,54,2026-06-19T04:28:13Z
W-03,P-04640,1315,254,291,2026-06-12T17:13:33Z
W-08,P-04641,907,56,131,2026-06-26T08:37:44Z
W-01,P-04641,321,73,220,2026-06-26T20:27:21Z
W-04,P-04641,1894,374,80,2026-06-13T20:33:23Z
W-01,P-04642,696,49,244,2026-06-17T07:34:05Z
W-03,P-04642,1911,321,189,2026-06-18T12:06:53Z
W-08,P-04643,1396,123,288,2026-06-20T22:59:44Z
W-07,P-04643,1171,149,64,2026-06-10T14:24:18Z
W-01,P-04644,1507,65,289,2026-06-11T03:40:49Z
W-08,P-04644,1891,35,197,2026-06-21T19:06:46Z
W-04,P-04645,1578,384,286,2026-06-11T19:36:51Z
W-08,P-04645,1688,344,294,2026-06-04T03:32:35Z
W-06,P-04646,1452,268,106,2026-06-11T02:24:02Z
W-08,P-04646,955,128,277,2026-06-27T13:35:52Z
W-07,P-04646,1268,163,114,2026-06-19T16:23:41Z
W-04,P-04647,1229,222,264,2026-06-27T07:43:04Z
W-02,P-04647,1282,291,76,2026-06-07T06:36:58Z
W-06,P-04648,1327,96,79,2026-06-18T08:23:02Z
W-02,P-04649,645,128,216,2026-06-26T14:53:40Z
W-05,P-04649,26,2,105,2026-06-23T10:55:23Z
W-01,P-04649,866,203,139,2026-06-18T11:42:48Z
W-07,P-04650,363,70,101,2026-06-12T15:37:11Z
W-04,P-04650,733,121,127,2026-06-28T01:52:28Z
W-01,P-04650,455,37,227,2026-06-02T01:16:23Z
W-08,P-04651,1763,371,254,2026-06-06T11:24:23Z
W-05,P-04652,1430,160,236,2026-06-03T02:52:34Z
W-02,P-04652,397,9,297,2026-06-21T04:37:48Z
W-05,P-04653,617,105,283,2026-06-28T05:40:56Z
W-07,P-04653,781,162,211,2026-06-15T08:19:59Z
W-05,P-04654,1420,16,102,2026-06-21T15:09:40Z
W-08,P-04654,153,15,187,2026-06-02T06:32:31Z
W-05,P-04655,484,118,213,2026-06-17T09:48:58Z
W-04,P-04656,1922,12,83,2026-06-10T12:41:23Z
W-08,P-04656,12,2,224,2026-06-02T10:06:15Z
W-06,P-04656,1541,193,211,2026-06-15T05:47:50Z
W-06,P-04657,1332,138,192,2026-06-14T10:25:57Z
W-04,P-04657,1475,97,110,2026-06-26T08:20:28Z
W-03,P-04657,915,49,66,2026-06-13T04:49:37Z
W-02,P-04658,1009,111,245,2026-06-16T11:06:56Z
W-04,P-04658,572,119,285,2026-06-22T23:20:28Z
W-01,P-04658,1050,52,233,2026-06-14T12:12:38Z
W-03,P-04659,1973,452,287,2026-06-16T10:31:38Z
W-07,P-04659,672,93,282,2026-06-11T01:45:53Z
W-02,P-04660,596,16,200,2026-06-22T00:54:11Z
W-05,P-04660,622,42,53,2026-06-19T22:38:23Z
W-08,P-04661,990,207,86,2026-06-01T19:04:06Z
W-06,P-04662,1357,189,109,2026-06-13T21:33:13Z
W-07,P-04663,254,28,110,2026-06-11T06:37:04Z
W-02,P-04664,1332,283,201,2026-06-13T08:26:07Z
W-01,P-04664,1935,96,53,2026-06-30T19:51:26Z
W-06,P-04665,658,90,138,2026-06-15T15:51:19Z
W-07,P-04665,1718,99,147,2026-06-16T19:35:20Z
W-08,P-04666,1102,9,202,2026-06-22T18:27:29Z
W-05,P-04666,1745,408,234,2026-06-07T19:26:29Z
W-07,P-04667,1639,21,202,2026-06-06T03:58:46Z
W-05,P-04667,1116,183,164,2026-06-15T15:51:41Z
W-08,P-04667,867,46,78,2026-06-06T18:47:36Z
W-06,P-04668,916,153,295,2026-06-11T00:44:33Z
W-08,P-04669,1227,292,280,2026-06-21T04:53:44Z
W-03,P-04669,136,0,138,2026-06-04T12:52:38Z
W-05,P-04670,1646,382,262,2026-06-07T05:26:02Z
W-01,P-04671,457,66,257,2026-06-19T15:09:26Z
W-06,P-04671,935,34,187,2026-06-24T07:44:33Z
W-03,P-04672,1528,71,208,2026-06-22T13:17:32Z
W-07,P-04673,1236,58,195,2026-06-19T21:33:46Z
W-04,P-04673,738,163,134,2026-06-01T22:22:37Z
W-02,P-04674,1520,82,145,2026-06-13T05:55:24Z
W-06,P-04675,397,40,259,2026-06-13T19:00:04Z
W-08,P-04675,374,66,233,2026-06-07T07:02:22Z
W-08,P-04676,680,0,259,2026-06-18T16:23:50Z
W-04,P-04676,452,62,226,2026-06-26T06:44:56Z
W-04,P-04677,596,31,124,2026-06-20T11:59:59Z
W-03,P-04678,284,20,88,2026-06-17T02:13:08Z
W-02,P-04679,1297,214,61,2026-06-05T02:05:47Z
W-05,P-04679,1327,182,147,2026-06-03T00:48:35Z
W-01,P-04680,559,33,186,2026-06-25T07:30:59Z
W-06,P-04681,429,102,77,2026-06-01T03:14:10Z
W-02,P-04681,64,0,96,2026-06-30T21:31:43Z
W-01,P-04681,1528,88,227,2026-06-11T17:36:50Z
W-06,P-04682,164,16,170,2026-06-27T05:45:10Z
W-01,P-04683,609,132,232,2026-06-16T18:31:51Z
W-07,P-04683,1868,231,201,2026-06-02T12:15:26Z
W-02,P-04684,1338,278,175,2026-06-22T19:47:33Z
W-08,P-04684,1700,304,274,2026-06-24T11:34:48Z
W-06,P-04685,173,6,282,2026-06-17T20:21:41Z
W-07,P-04685,992,244,231,2026-06-29T21:38:53Z
W-03,P-04685,324,33,53,2026-06-02T20:10:40Z
W-07,P-04686,695,122,114,2026-06-23T23:55:09Z
W-01,P-04687,81,14,102,2026-06-30T17:56:33Z
W-04,P-04687,759,82,152,2026-06-02T22:43:45Z
W-08,P-04688,1665,220,116,2026-06-12T07:27:26Z
W-05,P-04688,83,7,246,2026-06-14T02:43:55Z
W-06,P-04688,1988,478,211,2026-06-13T14:49:53Z
W-07,P-04689,393,40,237,2026-06-06T20:47:56Z
W-01,P-04690,454,110,275,2026-06-01T13:55:52Z
W-05,P-04691,1288,213,149,2026-06-08T21:25:12Z
W-02,P-04691,655,97,230,2026-06-05T09:26:22Z
W-07,P-04691,82,8,232,2026-06-23T22:33:14Z
W-02,P-04692,67,4,81,2026-06-25T16:33:09Z
W-07,P-04692,1497,219,57,2026-06-17T04:07:03Z
W-06,P-04693,1419,315,80,2026-06-06T18:30:20Z
W-04,P-04693,1181,231,257,2026-06-01T15:00:27Z
W-03,P-04693,587,115,172,2026-06-07T16:04:39Z
W-01,P-04694,128,31,147,2026-06-16T16:26:15Z
W-07,P-04695,1655,269,63,2026-06-23T06:03:16Z
W-02,P-04695,961,230,188,2026-06-09T08:38:47Z
W-04,P-04696,1338,69,232,2026-06-18T05:28:57Z
W-01,P-04697,942,39,290,2026-06-28T02:57:06Z
W-03,P-04697,1317,131,79,2026-06-04T16:09:07Z
W-04,P-04697,1372,153,266,2026-06-01T18:57:36Z
W-05,P-04698,1305,263,270,2026-06-18T15:13:25Z
W-01,P-04699,868,53,167,2026-06-08T01:52:43Z
W-03,P-04699,1170,68,281,2026-06-04T04:01:18Z
W-04,P-04700,850,188,69,2026-06-18T22:37:17Z
W-05,P-04700,397,13,240,2026-06-10T12:42:42Z
W-07,P-04701,1209,122,167,2026-06-08T22:45:02Z
W-03,P-04701,1576,178,240,2026-06-17T07:52:34Z
W-04,P-04701,1808,217,256,2026-06-14T20:33:22Z
W-03,P-04702,1671,319,148,2026-06-06T03:35:07Z
W-05,P-04702,224,20,83,2026-06-03T21:18:18Z
W-03,P-04703,313,15,173,2026-06-17T01:29:12Z
W-04,P-04704,568,80,199,2026-06-02T20:24:38Z
W-03,P-04704,887,146,107,2026-06-22T16:22:47Z
W-08,P-04704,1837,69,97,2026-06-15T07:11:32Z
W-08,P-04705,647,77,160,2026-06-24T06:48:57Z
W-04,P-04705,1048,200,169,2026-06-17T18:46:21Z
W-03,P-04705,1733,199,146,2026-06-15T22:31:22Z
W-08,P-04706,1473,309,181,2026-06-30T07:42:15Z
W-02,P-04706,55,3,296,2026-06-19T14:38:23Z
W-04,P-04706,1925,99,241,2026-06-06T04:35:27Z
W-01,P-04707,517,8,247,2026-06-21T20:49:45Z
W-08,P-04707,1906,174,243,2026-06-08T01:50:34Z
W-08,P-04708,626,118,203,2026-06-16T23:29:27Z
W-07,P-04709,432,13,297,2026-06-03T13:17:59Z
W-02,P-04709,327,65,167,2026-06-28T09:41:49Z
W-04,P-04710,1397,86,297,2026-06-08T04:59:17Z
W-02,P-04710,1099,140,54,2026-06-29T23:06:54Z
W-07,P-04710,314,42,285,2026-06-06T15:54:23Z
W-02,P-04711,743,174,252,2026-06-30T05:27:35Z
W-08,P-04712,1534,268,210,2026-06-22T18:01:32Z
W-01,P-04712,1331,86,288,2026-06-09T03:41:10Z
W-06,P-04713,1858,14,77,2026-06-02T16:45:18Z
W-01,P-04713,502,16,105,2026-06-10T01:12:38Z
W-08,P-04714,57,7,76,2026-06-20T03:46:20Z
W-02,P-04714,1586,97,150,2026-06-27T10:58:13Z
W-07,P-04715,902,130,62,2026-06-07T17:02:40Z
W-02,P-04715,1615,46,54,2026-06-30T11:05:05Z
W-08,P-04715,1567,69,160,2026-06-06T12:57:10Z
W-06,P-04716,508,109,178,2026-06-14T19:39:54Z
W-07,P-04716,1943,389,163,2026-06-07T13:11:50Z
W-05,P-04717,580,35,226,2026-06-14T04:30:44Z
W-06,P-04718,693,99,289,2026-06-19T21:11:59Z
W-01,P-04719,941,168,156,2026-06-05T14:53:54Z
W-03,P-04719,892,150,83,2026-06-23T22:56:07Z
W-08,P-04719,289,47,91,2026-06-01T20:25:32Z
W-01,P-04720,1021,215,228,2026-06-15T10:40:01Z
W-08,P-04721,331,71,177,2026-06-24T11:09:07Z
W-03,P-04721,1200,55,242,2026-06-15T11:53:23Z
W-07,P-04722,1987,240,157,2026-06-15T11:01:27Z
W-08,P-04722,402,83,109,2026-06-27T12:36:45Z
W-08,P-04723,759,78,112,2026-06-08T02:20:42Z
W-05,P-04724,20,4,269,2026-06-20T06:08:39Z
W-06,P-04724,265,45,91,2026-06-14T00:16:25Z
W-02,P-04725,268,48,217,2026-06-26T11:55:21Z
W-01,P-04725,3,0,160,2026-06-19T09:35:41Z
W-04,P-04725,692,26,253,2026-06-19T07:07:31Z
W-07,P-04726,346,61,91,2026-06-24T09:33:52Z
W-01,P-04726,1135,227,58,2026-06-08T23:24:41Z
W-05,P-04727,1612,189,127,2026-06-19T12:45:51Z
W-08,P-04727,470,4,68,2026-06-21T14:50:21Z
W-06,P-04727,94,18,200,2026-06-02T22:19:58Z
W-08,P-04728,376,49,180,2026-06-12T20:21:59Z
W-02,P-04728,1148,214,210,2026-06-03T02:37:04Z
W-01,P-04729,1872,286,71,2026-06-05T09:33:15Z
W-02,P-04729,1192,80,248,2026-06-10T14:06:33Z
W-06,P-04729,1543,303,259,2026-06-05T10:55:15Z
W-02,P-04730,628,97,269,2026-06-19T00:25:51Z
W-06,P-04730,1200,175,57,2026-06-09T19:27:30Z
W-07,P-04731,1050,148,212,2026-06-07T00:52:15Z
W-02,P-04731,952,197,245,2026-06-30T00:29:27Z
W-04,P-04731,1118,165,151,2026-06-26T00:15:54Z
W-05,P-04732,1133,179,259,2026-06-26T00:35:34Z
W-04,P-04732,1949,3,177,2026-06-08T12:59:19Z
W-03,P-04733,1018,161,77,2026-06-21T05:49:50Z
W-06,P-04733,956,54,94,2026-06-10T14:09:29Z
W-01,P-04733,811,112,105,2026-06-02T19:53:36Z
W-03,P-04734,1243,58,176,2026-06-11T16:44:35Z
W-04,P-04734,1082,264,154,2026-06-29T14:49:20Z
W-06,P-04735,477,107,153,2026-06-16T19:40:37Z
W-07,P-04736,313,57,186,2026-06-05T13:31:40Z
W-04,P-04737,1056,186,125,2026-06-25T20:18:44Z
W-01,P-04737,1039,195,215,2026-06-16T09:35:39Z
W-06,P-04738,482,92,184,2026-06-03T18:20:14Z
W-08,P-04739,1009,31,245,2026-06-14T20:03:54Z
W-07,P-04740,856,147,225,2026-06-21T23:35:15Z
W-08,P-04740,1088,262,176,2026-06-16T12:00:30Z
W-01,P-04740,666,95,122,2026-06-10T06:19:36Z
W-01,P-04741,1588,56,180,2026-06-24T04:17:45Z
W-04,P-04741,573,27,233,2026-06-17T01:27:14Z
W-05,P-04742,694,18,278,2026-06-05T01:47:52Z
W-06,P-04742,742,179,119,2026-06-17T21:40:40Z
W-08,P-04742,1349,227,162,2026-06-27T02:17:15Z
W-01,P-04743,1963,314,261,2026-06-26T20:34:31Z
W-02,P-04743,1141,245,64,2026-06-28T08:53:13Z
W-05,P-04744,547,20,114,2026-06-18T18:18:04Z
W-08,P-04744,662,90,99,2026-06-04T15:14:49Z
W-08,P-04745,907,186,115,2026-06-07T23:24:41Z
W-06,P-04745,1695,373,92,2026-06-19T20:30:09Z
W-02,P-04746,1474,187,138,2026-06-22T04:46:24Z
W-07,P-04746,1655,331,115,2026-06-07T21:38:45Z
W-07,P-04747,284,35,288,2026-06-23T10:22:57Z
W-01,P-04748,1919,411,54,2026-06-21T02:17:42Z
W-06,P-04748,1068,185,132,2026-06-01T19:49:02Z
W-05,P-04748,903,80,89,2026-06-30T14:59:53Z
W-02,P-04749,761,31,286,2026-06-01T00:23:06Z
W-04,P-04749,1062,139,199,2026-06-08T22:45:40Z
W-06,P-04749,912,40,130,2026-06-19T05:55:22Z
W-01,P-04750,999,97,290,2026-06-17T20:44:39Z
W-01,P-04751,1482,301,277,2026-06-05T19:08:18Z
W-02,P-04752,291,27,131,2026-06-08T23:44:22Z
W-07,P-04752,1320,216,108,2026-06-25T04:40:57Z
W-03,P-04752,1213,284,108,2026-06-11T02:10:50Z
W-06,P-04753,1217,121,123,2026-06-18T17:12:58Z
W-05,P-04753,1189,2,222,2026-06-17T14:08:56Z
W-07,P-04754,1589,354,144,2026-06-09T16:08:25Z
W-01,P-04754,403,4,169,2026-06-09T20:53:33Z
W-02,P-04755,1988,48,259,2026-06-30T01:08:17Z
W-04,P-04756,932,160,159,2026-06-19T02:15:57Z
W-05,P-04757,1263,138,168,2026-06-05T10:59:51Z
W-08,P-04758,1040,171,217,2026-06-29T14:50:51Z
W-06,P-04758,1112,75,268,2026-06-11T08:10:44Z
W-03,P-04759,1311,208,287,2026-06-15T06:27:43Z
W-02,P-04760,1289,300,147,2026-06-17T10:08:59Z
W-01,P-04760,459,5,68,2026-06-14T10:41:07Z
W-02,P-04761,504,99,270,2026-06-28T17:27:41Z
W-08,P-04761,196,30,182,2026-06-05T09:33:58Z
W-05,P-04762,1401,344,253,2026-06-28T09:41:45Z
W-02,P-04762,1743,430,116,2026-06-17T07:28:58Z
W-07,P-04763,28,7,61,2026-06-13T14:33:34Z
W-01,P-04763,925,185,191,2026-06-20T04:51:20Z
W-04,P-04764,456,76,137,2026-06-17T21:46:17Z
W-06,P-04764,1116,102,265,2026-06-18T22:38:11Z
W-08,P-04764,1083,196,100,2026-06-09T01:38:43Z
W-04,P-04765,344,10,81,2026-06-21T04:04:32Z
W-05,P-04765,1034,113,77,2026-06-18T11:56:24Z
W-08,P-04765,1416,241,126,2026-06-30T06:48:42Z
W-06,P-04766,1919,112,65,2026-06-09T09:41:06Z
W-05,P-04766,342,48,282,2026-06-09T15:28:35Z
W-06,P-04767,1482,266,276,2026-06-16T15:15:23Z
W-04,P-04767,248,19,227,2026-06-21T17:15:43Z
W-05,P-04767,261,14,167,2026-06-08T00:48:21Z
W-04,P-04768,626,85,239,2026-06-14T09:37:56Z
W-08,P-04768,127,2,243,2026-06-07T00:22:55Z
W-05,P-04769,1535,112,194,2026-06-06T15:12:44Z
W-04,P-04769,1702,148,197,2026-06-20T19:37:55Z
W-01,P-04770,372,23,75,2026-06-29T16:06:52Z
W-02,P-04771,1680,201,169,2026-06-28T02:35:05Z
W-01,P-04772,1954,478,78,2026-06-18T02:19:55Z
W-05,P-04772,1397,164,124,2026-06-08T10:45:23Z
W-08,P-04772,580,43,255,2026-06-03T15:22:26Z
W-04,P-04773,647,90,277,2026-06-15T04:31:59Z
W-07,P-04774,780,195,225,2026-06-30T08:55:52Z
W-06,P-04774,717,95,156,2026-06-15T17:02:20Z
W-07,P-04775,331,76,109,2026-06-30T14:48:47Z
W-05,P-04775,1163,161,116,2026-06-27T11:31:22Z
W-01,P-04776,1036,88,240,2026-06-28T20:23:39Z
W-04,P-04777,1323,47,118,2026-06-01T09:12:24Z
W-07,P-04778,584,125,172,2026-06-12T01:58:26Z
W-04,P-04778,1492,298,210,2026-06-05T06:09:27Z
W-06,P-04778,62,2,200,2026-06-28T09:40:24Z
W-07,P-04779,583,87,83,2026-06-30T14:25:32Z
W-05,P-04779,1196,76,222,2026-06-28T06:43:42Z
W-03,P-04780,978,163,174,2026-06-26T21:47:44Z
W-04,P-04780,1612,357,219,2026-06-22T18:27:59Z
W-06,P-04780,1133,241,108,2026-06-09T16:01:16Z
W-03,P-04781,1461,182,290,2026-06-17T20:24:21Z
W-01,P-04782,1032,65,123,2026-06-09T12:39:10Z
W-02,P-04783,1242,17,56,2026-06-22T02:18:04Z
W-08,P-04783,1412,107,149,2026-06-20T02:08:30Z
W-02,P-04784,339,41,220,2026-06-28T19:40:39Z
W-03,P-04784,868,192,72,2026-06-06T12:03:46Z
W-04,P-04784,1826,225,252,2026-06-10T13:47:03Z
W-02,P-04785,531,35,90,2026-06-08T01:21:20Z
W-08,P-04785,1719,273,206,2026-06-18T17:29:11Z
W-06,P-04785,164,8,67,2026-06-10T03:13:34Z
W-03,P-04786,1383,12,81,2026-06-29T16:35:27Z
W-01,P-04786,148,30,172,2026-06-03T09:04:35Z
W-05,P-04786,1957,13,232,2026-06-08T12:53:32Z
W-08,P-04787,1315,6,190,2026-06-12T10:35:20Z
W-01,P-04787,1079,102,94,2026-06-14T05:31:09Z
W-04,P-04787,965,88,288,2026-06-05T23:42:43Z
W-01,P-04788,1657,65,102,2026-06-29T20:19:38Z
W-04,P-04788,1052,121,126,2026-06-02T22:51:24Z
W-01,P-04789,806,93,213,2026-06-01T03:04:11Z
W-07,P-04789,161,33,127,2026-06-18T06:09:58Z
W-05,P-04789,1905,21,276,2026-06-27T18:05:58Z
W-04,P-04790,1630,191,279,2026-06-16T18:13:23Z
W-06,P-04790,81,2,103,2026-06-10T20:21:03Z
W-04,P-04791,1292,38,165,2026-06-05T21:16:23Z
W-02,P-04791,1574,371,272,2026-06-22T13:50:07Z
W-07,P-04792,786,0,136,2026-06-22T18:39:48Z
W-06,P-04792,1385,345,202,2026-06-12T03:33:14Z
W-06,P-04793,1827,34,232,2026-06-13T04:56:01Z
W-03,P-04793,827,110,127,2026-06-20T15:04:00Z
W-06,P-04794,1488,368,132,2026-06-06T04:46:11Z
W-07,P-04795,75,4,248,2026-06-28T12:15:15Z
W-05,P-04795,1805,69,180,2026-06-13T21:59:34Z
W-03,P-04796,859,175,138,2026-06-15T04:53:22Z
W-01,P-04796,1955,415,50,2026-06-26T17:37:36Z
W-04,P-04796,131,12,104,2026-06-14T14:36:08Z
W-03,P-04797,142,32,128,2026-06-11T13:47:51Z
W-05,P-04797,1273,189,187,2026-06-15T01:40:34Z
W-07,P-04798,859,111,106,2026-06-21T06:40:38Z
W-02,P-04798,1211,137,215,2026-06-22T07:41:56Z
W-07,P-04799,1732,299,107,2026-06-07T10:07:36Z
W-02,P-04799,1679,211,152,2026-06-02T11:02:49Z
W-03,P-04799,368,7,114,2026-06-01T14:31:44Z
W-04,P-04800,1576,311,173,2026-06-17T01:51:25Z
W-06,P-04800,1091,14,77,2026-06-18T04:04:42Z
W-02,P-04801,450,60,103,2026-06-01T20:27:28Z
W-03,P-04801,306,74,82,2026-06-07T04:36:37Z
W-01,P-04802,171,38,157,2026-06-04T22:26:01Z
W-07,P-04803,1117,108,286,2026-06-06T15:46:38Z
W-05,P-04804,698,128,98,2026-06-05T06:51:47Z
W-07,P-04805,1261,201,148,2026-06-04T06:17:59Z
W-08,P-04806,1774,52,153,2026-06-13T17:47:26Z
W-02,P-04807,115,17,171,2026-06-15T02:19:20Z
W-03,P-04807,1394,231,270,2026-06-27T08:24:07Z
W-04,P-04807,1467,123,155,2026-06-04T15:46:53Z
W-05,P-04808,462,57,240,2026-06-28T05:14:48Z
W-08,P-04808,771,72,229,2026-06-01T07:45:48Z
W-07,P-04809,9,2,110,2026-06-09T12:03:06Z
W-05,P-04809,389,70,248,2026-06-30T08:10:36Z
W-03,P-04809,1209,135,94,2026-06-05T09:04:02Z
W-06,P-04810,1008,10,99,2026-06-25T05:35:19Z
W-03,P-04810,942,2,264,2026-06-12T02:06:10Z
W-01,P-04811,1222,246,62,2026-06-14T20:43:16Z
W-05,P-04812,788,191,98,2026-06-11T22:16:45Z
W-08,P-04812,94,8,140,2026-06-20T07:51:47Z
W-08,P-04813,1417,224,85,2026-06-13T20:38:55Z
W-05,P-04814,236,50,72,2026-06-17T20:10:27Z
W-05,P-04815,1853,29,288,2026-06-25T12:03:07Z
W-03,P-04815,35,4,214,2026-06-02T00:09:00Z
W-05,P-04816,684,17,247,2026-06-07T11:40:35Z
W-06,P-04817,631,7,83,2026-06-26T16:25:00Z
W-01,P-04817,1304,272,70,2026-06-16T16:57:26Z
W-05,P-04817,134,20,65,2026-06-16T00:41:39Z
W-06,P-04818,1927,201,164,2026-06-20T06:43:28Z
W-05,P-04818,1275,101,67,2026-06-02T23:06:41Z
W-04,P-04818,1390,239,132,2026-06-06T19:20:03Z
W-07,P-04819,1428,193,60,2026-06-21T05:31:29Z
W-01,P-04820,25,1,143,2026-06-27T17:47:32Z
W-03,P-04821,397,62,51,2026-06-03T11:34:38Z
W-01,P-04821,128,30,141,2026-06-08T15:52:05Z
W-07,P-04822,534,22,255,2026-06-25T19:27:57Z
W-02,P-04822,1468,290,289,2026-06-15T05:00:07Z
W-03,P-04822,1932,426,60,2026-06-14T22:31:50Z
W-02,P-04823,162,0,109,2026-06-11T09:03:34Z
W-05,P-04824,255,11,161,2026-06-08T21:34:03Z
W-03,P-04824,1651,327,142,2026-06-29T19:03:43Z
W-07,P-04825,928,19,108,2026-06-11T11:03:37Z
W-02,P-04825,1392,123,64,2026-06-26T06:50:17Z
W-07,P-04826,1292,51,300,2026-06-17T07:43:01Z
W-05,P-04826,128,2,281,2026-06-19T16:04:46Z
W-01,P-04826,870,204,259,2026-06-03T17:54:07Z
W-08,P-04827,1188,175,134,2026-06-29T11:21:16Z
W-02,P-04827,304,41,71,2026-06-16T00:14:16Z
W-06,P-04827,1879,143,194,2026-06-08T12:14:29Z
W-04,P-04828,548,93,199,2026-06-06T13:01:33Z
W-03,P-04828,486,37,147,2026-06-10T01:37:04Z
W-06,P-04829,1122,42,177,2026-06-09T01:09:57Z
W-05,P-04829,62,1,167,2026-06-22T16:09:25Z
W-07,P-04829,1686,391,124,2026-06-21T12:42:28Z
W-08,P-04830,1260,62,296,2026-06-15T20:15:34Z
W-06,P-04830,829,143,234,2026-06-24T18:38:19Z
W-04,P-04830,770,13,164,2026-06-24T20:36:02Z
W-07,P-04831,262,28,50,2026-06-29T18:42:53Z
W-06,P-04831,1850,202,152,2026-06-29T03:55:59Z
W-06,P-04832,154,24,131,2026-06-26T05:53:01Z
W-04,P-04832,59,5,296,2026-06-11T19:21:08Z
W-03,P-04832,575,3,211,2026-06-19T01:03:12Z
W-03,P-04833,1599,255,91,2026-06-07T19:40:38Z
W-05,P-04834,101,15,110,2026-06-04T06:32:07Z
W-06,P-04834,1467,313,78,2026-06-17T15:27:52Z
W-02,P-04834,878,115,108,2026-06-09T13:40:51Z
W-01,P-04835,94,20,131,2026-06-04T10:14:13Z
W-07,P-04836,710,165,232,2026-06-09T21:07:12Z
W-01,P-04836,1174,178,101,2026-06-30T21:23:46Z
W-08,P-04836,1538,232,243,2026-06-06T20:36:48Z
W-01,P-04837,3,0,159,2026-06-03T13:43:35Z
W-06,P-04837,606,137,193,2026-06-23T21:17:37Z
W-01,P-04838,1782,284,252,2026-06-06T20:44:23Z
W-03,P-04839,1997,249,235,2026-06-25T10:47:04Z
W-05,P-04839,222,11,250,2026-06-04T21:44:39Z
W-07,P-04839,200,0,300,2026-06-22T06:02:23Z
W-01,P-04840,1903,123,144,2026-06-05T06:06:21Z
W-04,P-04841,1748,429,81,2026-06-04T05:47:45Z
W-07,P-04841,1040,59,243,2026-06-18T01:17:44Z
W-01,P-04841,1300,213,283,2026-06-08T07:15:14Z
W-04,P-04842,81,6,221,2026-06-16T21:37:26Z
W-05,P-04842,425,64,58,2026-06-11T19:47:18Z
W-01,P-04843,1353,29,285,2026-06-11T18:33:51Z
W-06,P-04843,787,82,105,2026-06-01T23:17:25Z
W-03,P-04844,887,173,267,2026-06-29T21:47:10Z
W-03,P-04845,1308,230,204,2026-06-15T04:00:48Z
W-05,P-04846,876,3,177,2026-06-29T02:43:28Z
W-02,P-04847,137,24,135,2026-06-30T23:20:46Z
W-06,P-04847,1902,455,122,2026-06-05T16:14:07Z
W-06,P-04848,1688,356,120,2026-06-24T21:46:10Z
W-07,P-04848,1110,224,199,2026-06-21T20:34:12Z
W-01,P-04848,1547,39,256,2026-06-15T08:05:58Z
W-06,P-04849,367,10,283,2026-06-08T15:34:45Z
W-07,P-04850,1770,122,190,2026-06-27T09:28:09Z
W-01,P-04850,299,37,212,2026-06-30T05:30:27Z
W-06,P-04850,739,127,144,2026-06-09T21:19:35Z
W-01,P-04851,466,95,227,2026-06-15T17:47:32Z
W-02,P-04851,511,19,139,2026-06-13T15:54:39Z
W-08,P-04851,1663,78,87,2026-06-25T17:37:44Z
W-07,P-04852,1790,28,298,2026-06-26T17:35:40Z
W-05,P-04852,1959,380,224,2026-06-05T03:10:06Z
W-08,P-04852,1972,22,282,2026-06-29T00:20:14Z
W-08,P-04853,903,29,51,2026-06-20T11:05:09Z
W-03,P-04853,930,30,152,2026-06-12T07:27:13Z
W-01,P-04854,876,34,191,2026-06-30T11:49:25Z
W-04,P-04854,83,9,99,2026-06-04T09:03:04Z
W-07,P-04855,1099,84,228,2026-06-05T16:26:27Z
W-04,P-04855,1562,15,236,2026-06-23T17:48:57Z
W-07,P-04856,1028,104,184,2026-06-27T06:47:24Z
W-08,P-04856,1191,283,120,2026-06-12T02:06:00Z
W-07,P-04857,1225,293,166,2026-06-10T13:54:50Z
W-04,P-04857,1932,258,160,2026-06-12T08:54:18Z
W-04,P-04858,1910,409,181,2026-06-04T17:25:59Z
W-08,P-04859,468,1,135,2026-06-21T16:21:30Z
W-02,P-04859,402,58,175,2026-06-27T21:36:27Z
W-06,P-04859,89,20,266,2026-06-14T10:06:44Z
W-06,P-04860,1023,231,180,2026-06-01T18:44:53Z
W-02,P-04860,754,145,121,2026-06-18T18:02:26Z
W-04,P-04861,1930,479,74,2026-06-08T09:49:51Z
W-01,P-04861,349,14,268,2026-06-22T09:47:00Z
W-07,P-04861,1031,125,133,2026-06-08T18:16:05Z
W-04,P-04862,181,20,54,2026-06-30T21:32:38Z
W-02,P-04862,1355,106,262,2026-06-06T14:46:27Z
W-01,P-04863,789,59,154,2026-06-17T08:52:59Z
W-02,P-04863,13,3,130,2026-06-27T22:22:22Z
W-06,P-04863,1293,319,251,2026-06-08T19:07:37Z
W-03,P-04864,1744,17,104,2026-06-03T08:23:49Z
W-08,P-04865,861,77,74,2026-06-13T10:32:21Z
W-07,P-04865,933,223,83,2026-06-05T01:38:39Z
W-01,P-04865,960,42,136,2026-06-07T11:49:35Z
W-04,P-04866,1823,144,165,2026-06-04T19:37:51Z
W-08,P-04866,692,58,111,2026-06-23T03:41:22Z
W-08,P-04867,1282,167,118,2026-06-06T21:47:42Z
W-03,P-04867,76,9,116,2026-06-27T00:14:56Z
W-06,P-04868,1494,279,138,2026-06-23T02:56:02Z
W-03,P-04868,709,158,162,2026-06-05T10:06:19Z
W-08,P-04869,635,9,295,2026-06-09T22:03:45Z
W-08,P-04870,799,7,93,2026-06-26T04:57:29Z
W-03,P-04870,1007,207,177,2026-06-20T14:31:39Z
W-05,P-04871,1441,158,209,2026-06-24T20:22:13Z
W-03,P-04872,1334,214,279,2026-06-19T15:21:39Z
W-02,P-04872,1809,69,200,2026-06-18T06:05:57Z
W-01,P-04872,36,9,84,2026-06-16T08:30:55Z
W-02,P-04873,401,29,171,2026-06-27T11:02:22Z
W-06,P-04873,1459,217,245,2026-06-22T03:49:33Z
W-07,P-04874,52,3,245,2026-06-22T16:16:05Z
W-04,P-04874,1075,36,211,2026-06-06T15:46:43Z
W-03,P-04875,881,199,83,2026-06-16T13:31:54Z
W-02,P-04875,674,1,120,2026-06-27T07:44:57Z
W-04,P-04875,288,28,152,2026-06-05T21:17:14Z
W-05,P-04876,1220,16,145,2026-06-22T01:00:41Z
W-01,P-04877,479,16,270,2026-06-14T21:49:24Z
W-04,P-04877,1121,42,109,2026-06-26T23:46:00Z
W-07,P-04878,594,66,83,2026-06-25T22:55:23Z
W-02,P-04879,676,162,168,2026-06-23T22:52:47Z
W-02,P-04880,283,37,182,2026-06-22T16:16:15Z
W-02,P-04881,877,11,242,2026-06-09T14:36:28Z
W-06,P-04881,1367,11,265,2026-06-04T15:23:51Z
W-08,P-04881,217,13,165,2026-06-13T20:46:19Z
W-04,P-04882,1971,321,102,2026-06-18T21:33:19Z
W-04,P-04883,1126,124,254,2026-06-24T21:08:44Z
W-03,P-04883,827,191,194,2026-06-22T05:15:29Z
W-06,P-04883,1832,52,199,2026-06-05T05:55:32Z
W-03,P-04884,1415,107,96,2026-06-05T02:04:01Z
W-06,P-04884,767,183,110,2026-06-16T20:59:12Z
W-02,P-04884,860,213,69,2026-06-29T15:25:40Z
W-02,P-04885,354,80,228,2026-06-05T14:52:03Z
W-06,P-04885,816,144,294,2026-06-15T03:22:12Z
W-05,P-04885,1831,32,268,2026-06-07T21:32:21Z
W-02,P-04886,914,0,238,2026-06-20T10:22:24Z
W-03,P-04887,406,82,236,2026-06-29T10:30:42Z
W-04,P-04887,1169,209,56,2026-06-16T03:04:20Z
W-07,P-04888,123,23,180,2026-06-20T22:23:15Z
W-05,P-04888,67,13,120,2026-06-26T00:12:17Z
W-03,P-04888,1530,368,215,2026-06-03T13:04:11Z
W-01,P-04889,1420,2,220,2026-06-21T20:10:17Z
W-07,P-04889,284,29,178,2026-06-24T18:25:28Z
W-08,P-04889,1886,414,262,2026-06-28T04:11:36Z
W-07,P-04890,273,27,163,2026-06-13T13:00:49Z
W-02,P-04891,1041,176,192,2026-06-29T03:30:04Z
W-02,P-04892,1569,119,131,2026-06-03T11:10:08Z
W-05,P-04893,1239,163,147,2026-06-22T16:15:14Z
W-07,P-04893,236,31,191,2026-06-11T20:16:17Z
W-01,P-04894,731,117,129,2026-06-20T03:22:57Z
W-03,P-04894,977,207,251,2026-06-23T00:27:25Z
W-01,P-04895,161,24,66,2026-06-29T10:44:44Z
W-05,P-04896,1127,72,180,2026-06-16T22:18:19Z
W-03,P-04897,978,130,189,2026-06-03T03:49:27Z
W-06,P-04898,1416,254,197,2026-06-17T06:44:56Z
W-01,P-04898,1368,280,184,2026-06-04T23:41:50Z
W-02,P-04898,636,156,185,2026-06-19T18:49:12Z
W-08,P-04899,1441,153,172,2026-06-11T13:38:28Z
W-01,P-04899,1392,154,101,2026-06-30T21:36:57Z
W-03,P-04899,1893,424,249,2026-06-19T04:54:11Z
W-02,P-04900,1217,171,53,2026-06-10T06:40:33Z
W-04,P-04900,591,65,199,2026-06-07T04:45:31Z
W-07,P-04901,1412,213,123,2026-06-19T05:35:51Z
W-01,P-04901,1212,42,225,2026-06-23T19:06:19Z
W-07,P-04902,530,3,143,2026-06-26T10:00:26Z
W-06,P-04902,1030,103,121,2026-06-10T13:46:28Z
W-04,P-04903,498,100,56,2026-06-24T00:25:06Z
W-03,P-04903,1317,17,258,2026-06-01T07:37:38Z
W-05,P-04903,1231,134,66,2026-06-05T13:35:14Z
W-06,P-04904,390,53,115,2026-06-22T06:45:45Z
W-02,P-04905,228,38,197,2026-06-29T00:09:41Z
W-04,P-04905,1612,304,123,2026-06-13T17:23:13Z
W-01,P-04905,495,35,129,2026-06-07T21:39:37Z
W-08,P-04906,1513,326,180,2026-06-04T14:58:39Z
W-07,P-04906,1753,364,257,2026-06-01T22:45:51Z
W-04,P-04906,1800,18,83,2026-06-20T01:17:41Z
W-08,P-04907,1815,44,137,2026-06-16T14:04:50Z
W-06,P-04907,1237,34,222,2026-06-14T13:26:38Z
W-04,P-04908,295,13,210,2026-06-29T05:55:41Z
W-05,P-04908,673,97,264,2026-06-11T09:46:33Z
W-03,P-04908,1478,15,153,2026-06-27T15:28:29Z
W-07,P-04909,1538,234,121,2026-06-11T09:39:22Z
W-01,P-04910,778,158,52,2026-06-30T09:55:14Z
W-05,P-04910,99,4,171,2026-06-17T14:57:08Z
W-03,P-04911,1879,273,282,2026-06-05T02:29:47Z
W-04,P-04911,202,50,180,2026-06-11T22:40:51Z
W-07,P-04911,1382,151,165,2026-06-29T05:25:08Z
W-03,P-04912,1027,147,189,2026-06-20T06:52:15Z
W-01,P-04913,1302,302,201,2026-06-04T06:40:17Z
W-03,P-04913,1709,334,114,2026-06-12T07:04:05Z
W-08,P-04914,14,1,85,2026-06-30T19:45:06Z
W-05,P-04915,1831,123,120,2026-06-28T19:44:46Z
W-05,P-04916,1056,225,182,2026-06-08T10:49:40Z
W-01,P-04916,1792,210,125,2026-06-29T19:02:02Z
W-07,P-04917,230,19,254,2026-06-09T04:59:22Z
W-05,P-04917,1325,232,191,2026-06-02T09:32:21Z
W-03,P-04917,484,121,110,2026-06-11T02:20:24Z
W-04,P-04918,647,153,224,2026-06-26T04:59:04Z
W-03,P-04918,648,71,71,2026-06-15T06:02:20Z
W-02,P-04918,607,46,150,2026-06-13T13:45:06Z
W-08,P-04919,1018,196,287,2026-06-15T16:50:37Z
W-04,P-04920,1603,68,236,2026-06-24T19:16:28Z
W-03,P-04920,874,67,119,2026-06-20T15:36:00Z
W-01,P-04921,1772,430,95,2026-06-27T08:39:39Z
W-05,P-04921,63,15,100,2026-06-17T07:43:47Z
W-06,P-04921,1496,212,164,2026-06-11T12:38:57Z
W-06,P-04922,1383,86,287,2026-06-12T16:23:33Z
W-04,P-04922,1129,102,126,2026-06-09T12:32:23Z
W-07,P-04922,1325,258,299,2026-06-27T04:28:04Z
W-04,P-04923,144,4,162,2026-06-03T09:25:36Z
W-04,P-04924,1812,276,198,2026-06-20T11:08:16Z
W-06,P-04924,536,118,222,2026-06-20T23:38:14Z
W-05,P-04924,1615,141,221,2026-06-09T06:43:49Z
W-02,P-04925,1902,122,243,2026-06-09T16:19:30Z
W-04,P-04925,172,22,155,2026-06-24T08:19:39Z
W-03,P-04925,737,67,122,2026-06-11T20:28:40Z
W-01,P-04926,106,3,265,2026-06-15T23:32:57Z
W-01,P-04927,413,12,59,2026-06-10T02:39:21Z
W-05,P-04927,707,75,213,2026-06-30T00:00:20Z
W-08,P-04928,1101,149,116,2026-06-15T05:56:34Z
W-04,P-04929,1905,41,173,2026-06-14T16:48:35Z
W-01,P-04929,758,102,96,2026-06-22T06:02:27Z
W-06,P-04930,1002,239,197,2026-06-18T20:43:08Z
W-08,P-04930,1395,301,105,2026-06-03T03:41:46Z
W-02,P-04931,592,130,270,2026-06-09T00:01:27Z
W-06,P-04931,1661,403,292,2026-06-27T22:04:10Z
W-07,P-04932,616,108,282,2026-06-15T09:24:06Z
W-03,P-04932,1719,17,242,2026-06-06T04:47:39Z
W-06,P-04933,1128,42,56,2026-06-12T09:18:37Z
W-08,P-04933,494,1,218,2026-06-14T21:04:31Z
W-01,P-04934,462,47,97,2026-06-30T01:43:24Z
W-05,P-04935,1248,43,241,2026-06-30T00:43:58Z
W-02,P-04935,1682,400,114,2026-06-13T22:27:42Z
W-08,P-04936,1833,164,80,2026-06-08T02:38:05Z
W-05,P-04936,576,133,288,2026-06-19T04:05:10Z
W-01,P-04937,1,0,186,2026-06-11T17:54:03Z
W-08,P-04937,855,127,130,2026-06-29T02:54:10Z
W-04,P-04938,1082,237,298,2026-06-14T10:25:19Z
W-07,P-04939,686,145,282,2026-06-18T01:45:27Z
W-05,P-04939,1067,185,146,2026-06-20T03:27:55Z
W-05,P-04940,420,34,175,2026-06-29T07:06:19Z
W-01,P-04941,207,4,74,2026-06-28T09:30:02Z
W-07,P-04941,1495,19,252,2026-06-08T22:46:42Z
W-05,P-04942,771,170,258,2026-06-13T19:18:43Z
W-06,P-04942,1644,276,298,2026-06-14T16:24:41Z
W-08,P-04943,953,139,257,2026-06-18T14:04:15Z
W-02,P-04944,1433,317,241,2026-06-01T06:36:11Z
W-04,P-04944,1964,83,74,2026-06-29T16:55:45Z
W-01,P-04945,462,32,192,2026-06-04T18:19:11Z
W-07,P-04945,1455,304,220,2026-06-09T13:03:47Z
W-02,P-04946,986,101,259,2026-06-08T18:33:36Z
W-06,P-04946,333,13,223,2026-06-06T19:35:41Z
W-01,P-04946,1010,195,184,2026-06-10T22:56:25Z
W-08,P-04947,1281,289,287,2026-06-30T03:00:36Z
W-01,P-04947,1526,330,144,2026-06-15T04:26:35Z
W-04,P-04947,409,74,116,2026-06-23T07:30:45Z
W-04,P-04948,1540,2,241,2026-06-30T03:38:30Z
W-03,P-04948,1388,157,92,2026-06-09T01:32:09Z
W-03,P-04949,1444,20,159,2026-06-09T06:43:33Z
W-05,P-04949,1638,35,145,2026-06-10T01:28:14Z
W-08,P-04950,1825,117,243,2026-06-03T04:04:21Z
W-04,P-04950,1854,31,168,2026-06-29T05:20:45Z
W-03,P-04951,209,46,201,2026-06-09T23:40:04Z
W-02,P-04952,998,123,207,2026-06-15T04:00:42Z
W-06,P-04953,789,158,295,2026-06-23T14:38:55Z
W-06,P-04954,1790,303,232,2026-06-05T21:38:51Z
W-08,P-04954,1872,20,61,2026-06-26T11:50:47Z
W-02,P-04955,1867,361,173,2026-06-05T02:09:57Z
W-05,P-04955,1163,203,224,2026-06-15T20:13:56Z
W-01,P-04956,1071,171,110,2026-06-24T20:46:42Z
W-03,P-04956,98,16,67,2026-06-24T00:47:00Z
W-01,P-04957,314,76,59,2026-06-25T22:07:31Z
W-04,P-04957,1954,263,248,2026-06-25T17:28:25Z
W-05,P-04957,155,7,193,2026-06-17T06:45:06Z
W-01,P-04958,1366,117,87,2026-06-04T02:58:12Z
W-02,P-04959,1749,354,186,2026-06-28T03:56:00Z
W-06,P-04959,842,71,163,2026-06-26T00:27:59Z
W-05,P-04960,1008,98,262,2026-06-06T20:08:53Z
W-06,P-04961,99,4,141,2026-06-24T03:03:34Z
W-07,P-04962,1721,38,281,2026-06-13T11:03:24Z
W-03,P-04962,1740,422,116,2026-06-03T22:05:41Z
W-05,P-04963,1858,227,92,2026-06-16T00:43:56Z
W-01,P-04963,227,47,235,2026-06-12T08:13:50Z
W-07,P-04963,685,48,124,2026-06-07T05:13:00Z
W-05,P-04964,651,37,103,2026-06-29T02:27:48Z
W-07,P-04964,1586,223,214,2026-06-11T09:09:59Z
W-04,P-04965,350,78,180,2026-06-24T17:21:01Z
W-08,P-04965,867,74,268,2026-06-18T21:06:06Z
W-06,P-04965,1864,431,145,2026-06-17T22:57:34Z
W-04,P-04966,1251,208,153,2026-06-30T00:50:34Z
W-02,P-04967,811,147,108,2026-06-06T01:03:56Z
W-07,P-04968,518,108,171,2026-06-09T22:45:57Z
W-08,P-04969,106,10,286,2026-06-01T07:49:49Z
W-05,P-04969,1416,345,187,2026-06-23T20:50:04Z
W-04,P-04969,354,81,88,2026-06-24T10:53:19Z
W-05,P-04970,758,58,102,2026-06-27T07:45:12Z
W-07,P-04970,681,164,79,2026-06-02T13:51:19Z
W-08,P-04971,216,27,225,2026-06-07T00:36:34Z
W-01,P-04971,831,178,239,2026-06-18T14:08:40Z
W-04,P-04971,1356,195,217,2026-06-29T16:40:52Z
W-04,P-04972,1869,81,297,2026-06-04T09:53:32Z
W-01,P-04973,1143,138,131,2026-06-03T10:33:52Z
W-06,P-04973,485,15,154,2026-06-20T07:13:17Z
W-07,P-04974,932,98,92,2026-06-09T01:14:19Z
W-07,P-04975,1233,84,82,2026-06-03T08:30:21Z
W-03,P-04976,1719,102,214,2026-06-21T01:35:28Z
W-02,P-04977,1672,206,86,2026-06-08T18:04:25Z
W-01,P-04978,849,96,50,2026-06-27T08:42:52Z
W-08,P-04978,1544,152,298,2026-06-23T13:34:19Z
W-05,P-04978,1850,117,103,2026-06-17T18:16:30Z
W-06,P-04979,240,21,54,2026-06-27T12:10:33Z
W-04,P-04980,1542,164,56,2026-06-16T02:56:48Z
W-01,P-04980,1789,129,79,2026-06-13T21:28:13Z
W-05,P-04981,432,95,116,2026-06-08T01:07:37Z
W-03,P-04981,584,26,120,2026-06-26T03:55:43Z
W-01,P-04982,18,2,264,2026-06-02T01:15:35Z
W-06,P-04982,1370,127,287,2026-06-14T12:53:03Z
W-02,P-04983,1167,138,253,2026-06-26T19:24:38Z
W-05,P-04984,655,32,180,2026-06-23T22:01:24Z
W-01,P-04985,6,1,298,2026-06-04T09:53:30Z
W-06,P-04985,1968,490,103,2026-06-20T10:06:35Z
W-03,P-04986,11,2,227,2026-06-09T18:44:00Z
W-08,P-04986,1296,169,178,2026-06-20T03:36:56Z
W-04,P-04986,67,14,285,2026-06-12T22:58:38Z
W-03,P-04987,402,35,184,2026-06-17T23:58:07Z
W-04,P-04988,832,200,178,2026-06-13T10:27:40Z
W-06,P-04988,441,14,54,2026-06-16T09:44:58Z
W-03,P-04989,1602,314,202,2026-06-16T03:53:40Z
W-07,P-04990,1481,89,235,2026-06-03T18:00:18Z
W-04,P-04990,131,29,150,2026-06-30T15:54:04Z
W-01,P-04990,1998,113,115,2026-06-15T00:21:53Z
W-05,P-04991,403,55,83,2026-06-28T15:32:26Z
W-08,P-04991,283,58,128,2026-06-20T08:01:22Z
W-05,P-04992,161,27,95,2026-06-05T22:22:51Z
W-07,P-04993,94,19,296,2026-06-03T01:17:40Z
W-06,P-04993,671,109,53,2026-06-01T18:07:32Z
W-02,P-04993,1270,105,224,2026-06-23T15:16:38Z
W-02,P-04994,927,22,73,2026-06-29T21:55:14Z
W-06,P-04995,1827,194,261,2026-06-12T04:46:20Z
W-02,P-04996,623,152,167,2026-06-20T15:52:36Z
W-05,P-04996,1221,174,66,2026-06-19T09:48:44Z
W-08,P-04996,391,9,189,2026-06-14T18:28:11Z
W-05,P-04997,715,155,104,2026-06-01T10:01:09Z
W-04,P-04997,66,0,225,2026-06-12T21:21:11Z
W-06,P-04997,904,210,55,2026-06-21T04:34:22Z
W-07,P-04998,1892,91,69,2026-06-17T04:24:49Z
W-04,P-04998,502,117,87,2026-06-01T01:13:28Z
W-06,P-04998,557,72,53,2026-06-18T04:21:13Z
W-05,P-04999,366,3,100,2026-06-07T14:28:20Z
W-03,P-04999,1095,61,142,2026-06-16T07:33:06Z
W-03,P-05000,195,48,72,2026-06-14T01:57:53Z
W-07,P-05000,1734,33,171,2026-06-22T01:11:07Z
W-01,P-05000,1958,365,168,2026-06-27T13:51:46Z
