part_id,sku,name,category,subcategory,unit_price_cents,weight_grams,warehouse_id,active,created_at,updated_at
P-00001,NR-ACT-00001,Modular Servo Motor BN-137,Actuators,Servo Motor,183295,400,W-03,true,2021-11-08T18:38:01Z,2022-02-05T20:57:42Z
P-00002,NR-CBL-00002,High-Torque Cable Chain CA-174,Cabling and Connectors,Cable Chain,9582,2240,W-08,true,2022-01-20T00:30:39Z,2022-06-27T16:49:14Z
P-00003,NR-CTL-00003,Heavy-Duty Motion Controller DN-211,Controllers,Motion Controller,501383,4944,W-01,true,2024-12-09T13:26:21Z,2025-03-14T04:10:06Z
P-00004,NR-DRV-00004,Rapid-Cycle Harmonic Reducer EA-248,Drivetrain,Harmonic Reducer,147486,11624,W-07,true,2024-07-31T13:37:33Z,2025-02-18T17:26:19Z
P-00005,NR-EFF-00005,Low-Backlash Parallel Gripper FN-285,End Effectors,Parallel Gripper,335651,2041,W-01,true,2023-09-16T07:08:58Z,2023-10-03T02:52:53Z
P-00006,NR-FRM-00006,Compact Aluminum Extrusion GA-322,Frames and Structure,Aluminum Extrusion,55348,55459,W-06,true,2024-02-27T03:15:53Z,2024-07-31T18:04:43Z
P-00007,NR-PWR-00007,Quiet-Drive Battery Pack HN-359,Power Systems,Battery Pack,77371,9649,W-07,false,2023-02-05T19:02:06Z,2023-11-18T02:44:16Z
P-00008,NR-SEN-00008,Sealed LIDAR Unit IA-396,Sensors,LIDAR Unit,118046,1010,W-02,true,2024-06-17T17:14:23Z,2025-05-13T16:42:00Z
P-00009,NR-ACT-00009,Industrial Linear Actuator JN-433,Actuators,Linear Actuator,285510,14736,W-05,true,2021-01-18T02:50:31Z,2021-09-10T06:43:36Z
P-00010,NR-CBL-00010,Precision M12 Connector KA-470,Cabling and Connectors,M12 Connector,12856,2312,W-06,true,2024-11-10T01:35:22Z,2025-08-12T14:10:39Z
P-00011,NR-CTL-00011,Modular PLC Module LN-507,Controllers,PLC Module,701545,4084,W-01,true,2021-09-03T22:23:36Z,2022-06-08T19:17:35Z
P-00012,NR-DRV-00012,High-Torque Planetary Gearbox MA-544,Drivetrain,Planetary Gearbox,7147,7520,W-08,true,2024-01-03T01:57:43Z,2024-11-01T11:43:37Z
P-00013,NR-EFF-00013,Heavy-Duty Vacuum Gripper NN-581,End Effectors,Vacuum Gripper,179391,5924,W-02,true,2024-01-23T06:03:32Z,2024-10-12T18:54:10Z
P-00014,NR-FRM-00014,Rapid-Cycle Base Plate OA-618,Frames and Structure,Base Plate,3668,37660,W-05,true,2024-03-30T16:04:17Z,2024-11-20T23:05:37Z
P-00015,NR-PWR-00015,Low-Backlash Power Supply Unit PN-655,Power Systems,Power Supply Unit,147913,8326,W-05,true,2023-01-03T20:12:03Z,2023-05-23T22:37:33Z
P-00016,NR-SEN-00016,Compact Force-Torque Sensor QA-692,Sensors,Force-Torque Sensor,8000,847,W-05,true,2022-05-19T10:27:06Z,2023-02-13T19:25:00Z
P-00017,NR-ACT-00017,Quiet-Drive Rotary Actuator RN-729,Actuators,Rotary Actuator,55986,6054,W-05,true,2024-08-16T14:01:29Z,2024-12-18T05:20:56Z
P-00018,NR-CBL-00018,Sealed Servo Cable SA-766,Cabling and Connectors,Servo Cable,8273,3471,W-06,true,2023-01-11T01:57:51Z,2023-09-19T11:24:44Z
P-00019,NR-CTL-00019,Industrial Edge Compute Node TN-803,Controllers,Edge Compute Node,500904,300,W-05,true,2024-09-30T04:56:30Z,2025-02-12T08:29:55Z
P-00020,NR-DRV-00020,Precision Timing Belt UA-840,Drivetrain,Timing Belt,166419,3917,W-03,true,2021-04-07T04:47:33Z,2021-10-18T18:08:59Z
P-00021,NR-EFF-00021,Modular Welding Torch VN-877,End Effectors,Welding Torch,433507,9855,W-01,true,2022-08-05T11:44:23Z,2022-08-28T08:54:13Z
P-00022,NR-FRM-00022,High-Torque Gantry Beam WA-914,Frames and Structure,Gantry Beam,56221,24199,W-02,true,2023-09-18T03:50:12Z,2024-02-20T07:09:22Z
P-00023,NR-PWR-00023,Heavy-Duty Motor Driver XN-951,Power Systems,Motor Driver,151313,13974,W-02,true,2024-02-27T21:30:11Z,2024-07-02T19:04:18Z
P-00024,NR-SEN-00024,Rapid-Cycle Proximity Sensor YA-988,Sensors,Proximity Sensor,72053,2191,W-04,true,2021-02-07T15:50:47Z,2021-04-23T09:15:30Z
P-00025,NR-ACT-00025,Low-Backlash Stepper Motor ZN-125,Actuators,Stepper Motor,289539,20625,W-04,true,2022-09-26T20:21:46Z,2022-11-21T17:53:23Z
P-00026,NR-CBL-00026,Compact EtherCAT Cable AA-162,Cabling and Connectors,EtherCAT Cable,4646,3276,W-06,true,2021-11-19T07:13:13Z,2022-11-22T06:14:27Z
P-00027,NR-CTL-00027,Quiet-Drive IO Expansion Board BN-199,Controllers,IO Expansion Board,257108,4639,W-04,true,2022-11-13T18:33:36Z,2023-10-11T19:57:23Z
P-00028,NR-DRV-00028,Sealed Ball Screw CA-236,Drivetrain,Ball Screw,54595,2173,W-06,true,2023-03-15T12:21:39Z,2023-11-02T03:42:53Z
P-00029,NR-EFF-00029,Industrial Tool Changer DN-273,End Effectors,Tool Changer,370982,8137,W-08,true,2022-05-30T01:35:03Z,2022-06-16T13:48:23Z
P-00030,NR-FRM-00030,Precision Mounting Bracket EA-310,Frames and Structure,Mounting Bracket,48530,60000,W-07,true,2022-07-10T23:40:22Z,2022-09-01T18:24:18Z
P-00031,NR-PWR-00031,Modular DC-DC Converter FN-347,Power Systems,DC-DC Converter,152477,7226,W-02,true,2023-06-13T18:49:18Z,2023-12-18T06:48:50Z
P-00032,NR-SEN-00032,High-Torque Rotary Encoder GA-384,Sensors,Rotary Encoder,256168,157,W-05,true,2021-03-29T23:59:52Z,2021-06-24T02:50:51Z
P-00033,NR-ACT-00033,Heavy-Duty Servo Motor HN-421,Actuators,Servo Motor,15000,4891,W-08,true,2021-02-20T03:17:20Z,2021-11-09T16:54:32Z
P-00034,NR-CBL-00034,Rapid-Cycle Cable Chain IA-458,Cabling and Connectors,Cable Chain,5485,2321,W-07,true,2023-04-30T20:53:40Z,2024-01-11T21:15:16Z
P-00035,NR-CTL-00035,Low-Backlash Motion Controller JN-495,Controllers,Motion Controller,749337,3178,W-02,true,2021-04-24T06:21:09Z,2021-05-21T17:32:57Z
P-00036,NR-DRV-00036,Compact Harmonic Reducer KA-532,Drivetrain,Harmonic Reducer,159335,8726,W-03,true,2023-08-10T09:08:38Z,2023-10-11T23:30:55Z
P-00037,NR-EFF-00037,Quiet-Drive Parallel Gripper LN-569,End Effectors,Parallel Gripper,361345,3878,W-02,true,2021-03-06T20:12:59Z,2021-05-26T16:03:29Z
P-00038,NR-FRM-00038,Sealed Aluminum Extrusion MA-606,Frames and Structure,Aluminum Extrusion,63633,34177,W-08,true,2022-04-17T08:15:21Z,2022-10-11T05:55:09Z
P-00039,NR-PWR-00039,Industrial Battery Pack NN-643,Power Systems,Battery Pack,147983,9301,W-01,true,2024-08-29T10:06:09Z,2025-06-20T02:24:52Z
P-00040,NR-SEN-00040,Precision Thermal Camera Module OA-680,Sensors,Thermal Camera Module,104455,468,W-08,true,2024-04-04T10:40:33Z,2025-01-22T10:42:42Z
P-00041,NR-ACT-00041,Modular Linear Actuator PN-717,Actuators,Linear Actuator,193758,5809,W-02,true,2021-06-29T13:15:14Z,2022-06-04T17:17:12Z
P-00042,NR-CBL-00042,High-Torque M12 Connector QA-754,Cabling and Connectors,M12 Connector,11398,2936,W-04,true,2022-06-18T00:39:03Z,2023-05-23T02:03:48Z
P-00043,NR-CTL-00043,Heavy-Duty PLC Module RN-791,Controllers,PLC Module,602939,3860,W-03,true,2021-12-19T19:52:00Z,2022-11-05T15:57:55Z
P-00044,NR-DRV-00044,Rapid-Cycle Planetary Gearbox SA-828,Drivetrain,Planetary Gearbox,175143,100,W-05,false,2021-01-24T03:27:30Z,2021-08-06T06:20:58Z
P-00045,NR-EFF-00045,Low-Backlash Vacuum Gripper TN-865,End Effectors,Vacuum Gripper,273751,4982,W-02,true,2022-03-15T23:56:30Z,2022-04-18T22:55:51Z
P-00046,NR-FRM-00046,Compact Base Plate UA-902,Frames and Structure,Base Plate,30615,48835,W-06,false,2021-07-21T12:10:19Z,2022-05-26T12:02:56Z
P-00047,NR-PWR-00047,Quiet-Drive Power Supply Unit VN-939,Power Systems,Power Supply Unit,96483,9403,W-07,true,2024-12-28T16:58:28Z,2025-06-06T14:30:03Z
P-00048,NR-SEN-00048,Sealed LIDAR Unit WA-976,Sensors,LIDAR Unit,35052,1807,W-06,true,2024-08-27T00:53:57Z,2025-02-14T03:21:06Z
P-00049,NR-ACT-00049,Industrial Rotary Actuator XN-113,Actuators,Rotary Actuator,145899,12792,W-01,true,2022-03-31T16:01:42Z,2022-10-07T08:21:15Z
P-00050,NR-CBL-00050,Precision Servo Cable YA-150,Cabling and Connectors,Servo Cable,4791,1872,W-08,true,2024-10-30T18:17:28Z,2025-09-14T20:47:21Z
P-00051,NR-CTL-00051,Modular Edge Compute Node ZN-187,Controllers,Edge Compute Node,378309,1734,W-06,true,2024-11-17T19:39:33Z,2025-03-04T07:58:31Z
P-00052,NR-DRV-00052,High-Torque Timing Belt AA-224,Drivetrain,Timing Belt,234696,3755,W-01,true,2021-11-24T10:03:41Z,2022-02-27T18:15:03Z
P-00053,NR-EFF-00053,Heavy-Duty Welding Torch BN-261,End Effectors,Welding Torch,98156,9994,W-02,true,2022-01-01T05:21:31Z,2022-12-09T04:43:27Z
P-00054,NR-FRM-00054,Rapid-Cycle Gantry Beam CA-298,Frames and Structure,Gantry Beam,28385,17021,W-04,true,2024-07-23T04:27:49Z,2024-08-18T09:43:28Z
P-00055,NR-PWR-00055,Low-Backlash Motor Driver DN-335,Power Systems,Motor Driver,117121,14979,W-02,true,2021-05-12T06:08:18Z,2021-06-27T15:24:02Z
P-00056,NR-SEN-00056,Compact Force-Torque Sensor EA-372,Sensors,Force-Torque Sensor,135796,2934,W-08,true,2022-08-18T07:55:16Z,2023-06-13T02:33:49Z
P-00057,NR-ACT-00057,Quiet-Drive Stepper Motor FN-409,Actuators,Stepper Motor,159708,12526,W-02,true,2022-11-01T16:00:44Z,2022-12-12T06:12:09Z
P-00058,NR-CBL-00058,Sealed EtherCAT Cable GA-446,Cabling and Connectors,EtherCAT Cable,7155,1792,W-04,true,2024-11-14T17:16:20Z,2025-08-02T20:50:07Z
P-00059,NR-CTL-00059,Industrial IO Expansion Board HN-483,Controllers,IO Expansion Board,884561,2434,W-05,true,2022-06-14T15:19:40Z,2023-05-17T19:05:27Z
P-00060,NR-DRV-00060,Precision Ball Screw IA-520,Drivetrain,Ball Screw,277883,2688,W-05,true,2023-05-10T12:18:05Z,2024-03-06T23:12:23Z
P-00061,NR-EFF-00061,Modular Tool Changer JN-557,End Effectors,Tool Changer,500000,4051,W-04,true,2024-12-28T02:16:57Z,2025-12-23T02:35:45Z
P-00062,NR-FRM-00062,High-Torque Mounting Bracket KA-594,Frames and Structure,Mounting Bracket,13411,41167,W-07,true,2022-08-16T07:33:36Z,2023-08-14T07:16:07Z
P-00063,NR-PWR-00063,Heavy-Duty DC-DC Converter LN-631,Power Systems,DC-DC Converter,123679,200,W-08,true,2022-03-13T01:15:33Z,2022-10-12T04:18:43Z
P-00064,NR-SEN-00064,Rapid-Cycle Proximity Sensor MA-668,Sensors,Proximity Sensor,201558,2099,W-05,true,2022-09-05T23:47:57Z,2022-10-05T23:28:15Z
P-00065,NR-ACT-00065,Low-Backlash Servo Motor NN-705,Actuators,Servo Motor,155437,7802,W-08,true,2024-06-12T16:39:48Z,2024-06-22T06:40:52Z
P-00066,NR-CBL-00066,Compact Cable Chain OA-742,Cabling and Connectors,Cable Chain,11033,2915,W-04,true,2024-08-09T16:32:42Z,2024-12-26T13:19:39Z
P-00067,NR-CTL-00067,Quiet-Drive Motion Controller PN-779,Controllers,Motion Controller,424190,4790,W-02,true,2022-07-12T06:11:13Z,2023-07-20T05:54:40Z
P-00068,NR-DRV-00068,Sealed Harmonic Reducer QA-816,Drivetrain,Harmonic Reducer,106894,3932,W-03,true,2024-12-29T10:16:41Z,2025-03-01T05:08:22Z
P-00069,NR-EFF-00069,Industrial Parallel Gripper RN-853,End Effectors,Parallel Gripper,227182,10086,W-05,false,2022-11-16T04:46:31Z,2023-04-04T20:33:47Z
P-00070,NR-FRM-00070,Precision Aluminum Extrusion SA-890,Frames and Structure,Aluminum Extrusion,39276,56366,W-07,true,2021-07-17T15:11:52Z,2022-01-10T06:35:37Z
P-00071,NR-PWR-00071,Modular Battery Pack TN-927,Power Systems,Battery Pack,103918,7267,W-06,true,2023-10-14T21:17:16Z,2023-11-13T19:00:46Z
P-00072,NR-SEN-00072,High-Torque Rotary Encoder UA-964,Sensors,Rotary Encoder,188838,2708,W-08,true,2021-03-07T04:13:03Z,2021-08-31T05:33:31Z
P-00073,NR-ACT-00073,Heavy-Duty Linear Actuator VN-101,Actuators,Linear Actuator,392283,14388,W-08,false,2021-01-26T00:55:44Z,2021-10-27T11:34:17Z
P-00074,NR-CBL-00074,Rapid-Cycle M12 Connector WA-138,Cabling and Connectors,M12 Connector,6573,1929,W-02,true,2021-05-01T08:37:54Z,2022-05-30T02:38:23Z
P-00075,NR-CTL-00075,Low-Backlash PLC Module XN-175,Controllers,PLC Module,216965,5549,W-05,true,2023-06-06T00:46:54Z,2024-03-20T11:25:18Z
P-00076,NR-DRV-00076,Compact Planetary Gearbox YA-212,Drivetrain,Planetary Gearbox,240012,2600,W-06,true,2024-09-22T14:10:18Z,2025-04-30T11:14:50Z
P-00077,NR-EFF-00077,Quiet-Drive Vacuum Gripper ZN-249,End Effectors,Vacuum Gripper,322794,8136,W-05,true,2022-09-27T00:28:14Z,2023-07-15T01:40:32Z
P-00078,NR-FRM-00078,Sealed Base Plate AA-286,Frames and Structure,Base Plate,2000,37591,W-03,true,2021-03-11T07:12:10Z,2021-10-23T05:27:41Z
P-00079,NR-PWR-00079,Industrial Power Supply Unit BN-323,Power Systems,Power Supply Unit,249762,4941,W-06,true,2021-11-25T12:31:57Z,2022-07-26T17:14:49Z
P-00080,NR-SEN-00080,Precision Thermal Camera Module CA-360,Sensors,Thermal Camera Module,27091,1659,W-06,true,2022-08-12T12:10:02Z,2022-09-06T19:51:59Z
P-00081,NR-ACT-00081,Modular Rotary Actuator DN-397,Actuators,Rotary Actuator,198307,8630,W-05,false,2024-12-24T06:38:02Z,2025-06-16T17:07:38Z
P-00082,NR-CBL-00082,High-Torque Servo Cable EA-434,Cabling and Connectors,Servo Cable,300,610,W-05,true,2021-07-08T08:14:35Z,2021-08-17T06:59:44Z
P-00083,NR-CTL-00083,Heavy-Duty Edge Compute Node FN-471,Controllers,Edge Compute Node,211506,2660,W-01,true,2021-10-30T23:00:23Z,2022-06-15T14:08:22Z
P-00084,NR-DRV-00084,Rapid-Cycle Timing Belt GA-508,Drivetrain,Timing Belt,243100,5786,W-02,true,2022-05-05T01:12:18Z,2022-08-02T16:43:56Z
P-00085,NR-EFF-00085,Low-Backlash Welding Torch HN-545,End Effectors,Welding Torch,208459,3063,W-06,true,2022-07-01T18:56:14Z,2023-07-29T12:48:51Z
P-00086,NR-FRM-00086,Compact Gantry Beam IA-582,Frames and Structure,Gantry Beam,57404,36769,W-02,true,2022-11-29T10:44:27Z,2023-10-20T18:40:30Z
P-00087,NR-PWR-00087,Quiet-Drive Motor Driver JN-619,Power Systems,Motor Driver,142069,17379,W-08,true,2022-01-16T12:10:17Z,2022-11-29T02:42:40Z
P-00088,NR-SEN-00088,Sealed LIDAR Unit KA-656,Sensors,LIDAR Unit,104384,619,W-05,true,2022-06-15T14:43:11Z,2023-02-14T09:12:08Z
P-00089,NR-ACT-00089,Industrial Stepper Motor LN-693,Actuators,Stepper Motor,314709,14936,W-06,true,2023-09-10T18:08:49Z,2024-02-11T15:04:37Z
P-00090,NR-CBL-00090,Precision EtherCAT Cable MA-730,Cabling and Connectors,EtherCAT Cable,13726,804,W-07,true,2022-10-13T07:29:37Z,2023-05-05T21:10:49Z
P-00091,NR-CTL-00091,Modular IO Expansion Board NN-767,Controllers,IO Expansion Board,496052,1237,W-01,true,2021-07-16T08:27:25Z,2021-08-11T19:40:24Z
P-00092,NR-DRV-00092,High-Torque Ball Screw OA-804,Drivetrain,Ball Screw,187518,6841,W-07,false,2021-07-25T15:24:01Z,2022-08-29T13:46:39Z
P-00093,NR-EFF-00093,Heavy-Duty Tool Changer PN-841,End Effectors,Tool Changer,438877,1149,W-06,true,2022-09-17T23:29:01Z,2023-03-24T12:09:23Z
P-00094,NR-FRM-00094,Rapid-Cycle Mounting Bracket QA-878,Frames and Structure,Mounting Bracket,38677,22973,W-08,true,2023-08-16T21:37:03Z,2023-11-08T14:37:45Z
P-00095,NR-PWR-00095,Low-Backlash DC-DC Converter RN-915,Power Systems,DC-DC Converter,146124,9050,W-03,true,2024-11-15T16:23:45Z,2025-09-29T06:22:23Z
P-00096,NR-SEN-00096,Compact Force-Torque Sensor SA-952,Sensors,Force-Torque Sensor,72353,716,W-07,true,2023-01-12T03:48:09Z,2023-04-26T17:01:53Z
P-00097,NR-ACT-00097,Quiet-Drive Servo Motor TN-989,Actuators,Servo Motor,214387,2585,W-05,true,2021-01-13T02:11:56Z,2021-10-27T09:08:53Z
P-00098,NR-CBL-00098,Sealed Cable Chain UA-126,Cabling and Connectors,Cable Chain,5791,1031,W-04,true,2023-03-02T04:29:14Z,2023-10-05T03:00:31Z
P-00099,NR-CTL-00099,Industrial Motion Controller VN-163,Controllers,Motion Controller,555375,4316,W-06,true,2021-03-17T00:18:18Z,2022-04-15T18:21:34Z
P-00100,NR-DRV-00100,Precision Harmonic Reducer WA-200,Drivetrain,Harmonic Reducer,228547,4287,W-02,true,2024-03-22T10:11:54Z,2024-08-08T00:06:36Z
P-00101,NR-EFF-00101,Modular Parallel Gripper XN-237,End Effectors,Parallel Gripper,289338,5825,W-03,true,2022-03-09T06:08:38Z,2022-11-08T10:22:36Z
P-00102,NR-FRM-00102,High-Torque Aluminum Extrusion YA-274,Frames and Structure,Aluminum Extrusion,53947,37375,W-04,true,2023-01-26T23:05:41Z,2024-01-02T21:05:45Z
P-00103,NR-PWR-00103,Heavy-Duty Battery Pack ZN-311,Power Systems,Battery Pack,133652,11773,W-02,false,2024-03-16T11:21:11Z,2024-06-06T21:33:46Z
P-00104,NR-SEN-00104,Rapid-Cycle Proximity Sensor AA-348,Sensors,Proximity Sensor,250233,1174,W-03,true,2023-05-08T18:08:42Z,2024-06-06T20:57:58Z
P-00105,NR-ACT-00105,Low-Backlash Linear Actuator BN-385,Actuators,Linear Actuator,233282,9928,W-04,false,2023-04-19T14:18:42Z,2023-09-18T03:50:53Z
P-00106,NR-CBL-00106,Compact M12 Connector CA-422,Cabling and Connectors,M12 Connector,14591,2083,W-07,true,2022-03-14T19:39:51Z,2023-02-09T02:14:53Z
P-00107,NR-CTL-00107,Quiet-Drive PLC Module DN-459,Controllers,PLC Module,432699,2028,W-01,true,2021-06-20T06:44:19Z,2021-09-21T10:35:35Z
P-00108,NR-DRV-00108,Sealed Planetary Gearbox EA-496,Drivetrain,Planetary Gearbox,92017,8906,W-01,true,2021-08-01T12:56:45Z,2022-03-05T19:41:22Z
P-00109,NR-EFF-00109,Industrial Vacuum Gripper FN-533,End Effectors,Vacuum Gripper,247980,4610,W-05,true,2024-03-02T04:40:39Z,2024-08-21T23:17:33Z
P-00110,NR-FRM-00110,Precision Base Plate GA-570,Frames and Structure,Base Plate,38539,17142,W-08,true,2023-09-07T15:21:52Z,2024-10-09T23:28:17Z
P-00111,NR-PWR-00111,Modular Power Supply Unit HN-607,Power Systems,Power Supply Unit,116198,7559,W-03,true,2021-03-01T14:02:48Z,2022-02-01T04:47:28Z
P-00112,NR-SEN-00112,High-Torque Rotary Encoder IA-644,Sensors,Rotary Encoder,246109,2563,W-06,true,2023-05-18T02:05:47Z,2023-06-14T18:24:10Z
P-00113,NR-ACT-00113,Heavy-Duty Rotary Actuator JN-681,Actuators,Rotary Actuator,377565,8818,W-07,true,2022-08-08T10:05:24Z,2023-01-26T11:05:36Z
P-00114,NR-CBL-00114,Rapid-Cycle Servo Cable KA-718,Cabling and Connectors,Servo Cable,6313,1310,W-01,true,2021-10-18T15:46:28Z,2022-11-08T11:25:32Z
P-00115,NR-CTL-00115,Low-Backlash Edge Compute Node LN-755,Controllers,Edge Compute Node,432894,6066,W-03,false,2024-08-24T13:07:17Z,2025-02-06T21:53:42Z
P-00116,NR-DRV-00116,Compact Timing Belt MA-792,Drivetrain,Timing Belt,210086,7577,W-08,true,2021-03-02T07:02:36Z,2022-01-21T02:05:54Z
P-00117,NR-EFF-00117,Quiet-Drive Welding Torch NN-829,End Effectors,Welding Torch,190844,2296,W-03,true,2023-01-23T05:31:01Z,2023-06-12T02:09:33Z
P-00118,NR-FRM-00118,Sealed Gantry Beam OA-866,Frames and Structure,Gantry Beam,67904,10458,W-07,true,2023-02-01T12:47:59Z,2023-12-03T04:07:30Z
P-00119,NR-PWR-00119,Industrial Motor Driver PN-903,Power Systems,Motor Driver,64846,5886,W-02,true,2021-06-24T13:21:39Z,2022-02-02T16:29:13Z
P-00120,NR-SEN-00120,Precision Thermal Camera Module QA-940,Sensors,Thermal Camera Module,84448,2220,W-04,true,2021-06-29T22:03:07Z,2021-11-13T18:33:15Z
P-00121,NR-ACT-00121,Modular Stepper Motor RN-977,Actuators,Stepper Motor,139519,12240,W-05,true,2022-09-11T09:50:42Z,2022-12-19T21:00:59Z
P-00122,NR-CBL-00122,High-Torque EtherCAT Cable SA-114,Cabling and Connectors,EtherCAT Cable,8276,870,W-06,true,2023-12-04T13:29:26Z,2024-06-03T23:35:56Z
P-00123,NR-CTL-00123,Heavy-Duty IO Expansion Board TN-151,Controllers,IO Expansion Board,632410,4960,W-05,true,2024-05-01T01:56:21Z,2025-03-14T18:21:37Z
P-00124,NR-DRV-00124,Rapid-Cycle Ball Screw UA-188,Drivetrain,Ball Screw,315178,9937,W-01,true,2022-10-01T19:43:53Z,2023-08-01T19:33:12Z
P-00125,NR-EFF-00125,Low-Backlash Tool Changer VN-225,End Effectors,Tool Changer,301725,3169,W-04,true,2022-02-21T19:35:29Z,2023-03-05T22:04:04Z
P-00126,NR-FRM-00126,Compact Mounting Bracket WA-262,Frames and Structure,Mounting Bracket,38571,16820,W-03,true,2022-09-29T14:52:54Z,2023-03-20T12:23:59Z
P-00127,NR-PWR-00127,Quiet-Drive DC-DC Converter XN-299,Power Systems,DC-DC Converter,94300,7918,W-01,true,2021-06-21T08:51:51Z,2022-03-04T10:37:21Z
P-00128,NR-SEN-00128,Sealed LIDAR Unit YA-336,Sensors,LIDAR Unit,216581,2547,W-01,true,2021-05-21T04:51:53Z,2022-02-04T01:48:17Z
P-00129,NR-ACT-00129,Industrial Servo Motor ZN-373,Actuators,Servo Motor,390567,6371,W-05,true,2023-03-17T16:38:10Z,2023-08-28T03:57:29Z
P-00130,NR-CBL-00130,Precision Cable Chain AA-410,Cabling and Connectors,Cable Chain,6067,2510,W-01,true,2022-09-07T10:17:19Z,2023-03-04T13:23:34Z
P-00131,NR-CTL-00131,Modular Motion Controller BN-447,Controllers,Motion Controller,430073,5899,W-07,true,2021-12-01T22:42:48Z,2022-06-13T02:53:13Z
P-00132,NR-DRV-00132,High-Torque Harmonic Reducer CA-484,Drivetrain,Harmonic Reducer,199676,7178,W-05,true,2023-03-29T23:24:27Z,2023-06-17T14:31:56Z
P-00133,NR-EFF-00133,Heavy-Duty Parallel Gripper DN-521,End Effectors,Parallel Gripper,38142,6025,W-08,true,2022-04-14T07:29:00Z,2022-05-03T03:25:51Z
P-00134,NR-FRM-00134,Rapid-Cycle Aluminum Extrusion EA-558,Frames and Structure,Aluminum Extrusion,45204,55642,W-06,true,2024-03-10T22:52:20Z,2024-06-14T23:44:29Z
P-00135,NR-PWR-00135,Low-Backlash Battery Pack FN-595,Power Systems,Battery Pack,150507,5099,W-04,true,2024-02-25T08:48:01Z,2024-09-22T01:56:24Z
P-00136,NR-SEN-00136,Compact Force-Torque Sensor GA-632,Sensors,Force-Torque Sensor,172846,1498,W-07,true,2024-02-28T16:04:21Z,2024-06-25T14:42:58Z
P-00137,NR-ACT-00137,Quiet-Drive Linear Actuator HN-669,Actuators,Linear Actuator,352027,15263,W-02,true,2023-07-30T21:49:07Z,2024-03-29T09:27:23Z
P-00138,NR-CBL-00138,Sealed M12 Connector IA-706,Cabling and Connectors,M12 Connector,8488,980,W-07,true,2022-12-14T21:14:32Z,2023-05-21T07:13:23Z
P-00139,NR-CTL-00139,Industrial PLC Module JN-743,Controllers,PLC Module,900000,8014,W-01,true,2022-10-30T06:12:34Z,2023-01-10T13:01:05Z
P-00140,NR-DRV-00140,Precision Planetary Gearbox KA-780,Drivetrain,Planetary Gearbox,193233,11296,W-01,true,2024-11-11T00:13:55Z,2025-12-09T11:49:09Z
P-00141,NR-EFF-00141,Modular Vacuum Gripper LN-817,End Effectors,Vacuum Gripper,255772,6626,W-07,true,2022-08-03T00:40:02Z,2022-10-26T03:36:20Z
P-00142,NR-FRM-00142,High-Torque Base Plate MA-854,Frames and Structure,Base Plate,16532,36021,W-03,true,2021-12-27T13:53:41Z,2022-12-09T20:10:06Z
P-00143,NR-PWR-00143,Heavy-Duty Power Supply Unit NN-891,Power Systems,Power Supply Unit,73602,13279,W-02,true,2024-06-11T19:05:15Z,2024-08-15T18:08:54Z
P-00144,NR-SEN-00144,Rapid-Cycle Proximity Sensor OA-928,Sensors,Proximity Sensor,190707,2060,W-08,true,2021-05-11T07:36:01Z,2021-08-29T02:11:34Z
P-00145,NR-ACT-00145,Low-Backlash Rotary Actuator PN-965,Actuators,Rotary Actuator,62201,17088,W-07,true,2023-02-06T11:56:48Z,2023-08-21T06:00:42Z
P-00146,NR-CBL-00146,Compact Servo Cable QA-102,Cabling and Connectors,Servo Cable,2515,2866,W-01,true,2023-12-07T07:41:32Z,2024-10-18T02:02:25Z
P-00147,NR-CTL-00147,Quiet-Drive Edge Compute Node RN-139,Controllers,Edge Compute Node,581947,3407,W-05,true,2024-05-19T12:24:23Z,2025-06-03T02:56:09Z
P-00148,NR-DRV-00148,Sealed Timing Belt SA-176,Drivetrain,Timing Belt,106514,6637,W-08,true,2024-01-07T04:31:15Z,2025-01-16T08:13:30Z
P-00149,NR-EFF-00149,Industrial Welding Torch TN-213,End Effectors,Welding Torch,13672,5544,W-01,true,2022-10-24T07:19:18Z,2022-12-23T12:06:33Z
P-00150,NR-FRM-00150,Precision Gantry Beam UA-250,Frames and Structure,Gantry Beam,17710,47863,W-05,true,2021-07-08T17:00:59Z,2021-11-14T19:09:09Z
P-00151,NR-PWR-00151,Modular Motor Driver VN-287,Power Systems,Motor Driver,167655,17597,W-07,true,2022-10-21T22:39:34Z,2023-11-10T13:34:05Z
P-00152,NR-SEN-00152,High-Torque Rotary Encoder WA-324,Sensors,Rotary Encoder,216882,3138,W-08,true,2024-09-20T01:05:57Z,2025-08-10T19:55:50Z
P-00153,NR-ACT-00153,Heavy-Duty Stepper Motor XN-361,Actuators,Stepper Motor,158876,13877,W-02,false,2024-01-24T09:25:12Z,2024-08-21T23:13:57Z
P-00154,NR-CBL-00154,Rapid-Cycle EtherCAT Cable YA-398,Cabling and Connectors,EtherCAT Cable,2622,1810,W-04,true,2021-09-15T18:54:11Z,2022-01-03T16:58:56Z
P-00155,NR-CTL-00155,Low-Backlash IO Expansion Board ZN-435,Controllers,IO Expansion Board,379410,7851,W-07,true,2022-01-26T06:52:56Z,2023-01-27T23:39:04Z
P-00156,NR-DRV-00156,Compact Ball Screw AA-472,Drivetrain,Ball Screw,6000,9569,W-07,true,2024-01-16T20:10:04Z,2025-01-18T21:45:09Z
P-00157,NR-EFF-00157,Quiet-Drive Tool Changer BN-509,End Effectors,Tool Changer,381871,6264,W-02,true,2021-01-09T16:52:25Z,2021-09-08T22:00:07Z
P-00158,NR-FRM-00158,Sealed Mounting Bracket CA-546,Frames and Structure,Mounting Bracket,37096,20790,W-04,true,2022-05-30T05:53:03Z,2022-08-11T19:29:30Z
P-00159,NR-PWR-00159,Industrial DC-DC Converter DN-583,Power Systems,DC-DC Converter,191369,10974,W-08,true,2023-09-16T12:36:22Z,2024-03-10T02:06:05Z
P-00160,NR-SEN-00160,Precision Thermal Camera Module EA-620,Sensors,Thermal Camera Module,147080,1883,W-04,true,2024-06-28T23:56:34Z,2025-05-26T00:14:46Z
P-00161,NR-ACT-00161,Modular Servo Motor FN-657,Actuators,Servo Motor,152374,8864,W-02,true,2023-05-22T15:46:57Z,2023-10-27T00:17:55Z
P-00162,NR-CBL-00162,High-Torque Cable Chain GA-694,Cabling and Connectors,Cable Chain,9517,2273,W-02,true,2022-02-13T11:01:29Z,2022-05-03T22:26:50Z
P-00163,NR-CTL-00163,Heavy-Duty Motion Controller HN-731,Controllers,Motion Controller,648500,6539,W-08,true,2024-04-14T05:27:04Z,2024-11-15T13:31:57Z
P-00164,NR-DRV-00164,Rapid-Cycle Harmonic Reducer IA-768,Drivetrain,Harmonic Reducer,315535,6283,W-04,true,2021-01-05T03:34:26Z,2021-07-04T05:13:03Z
P-00165,NR-EFF-00165,Low-Backlash Parallel Gripper JN-805,End Effectors,Parallel Gripper,308489,5986,W-02,true,2023-01-09T14:34:57Z,2023-01-09T19:11:04Z
P-00166,NR-FRM-00166,Compact Aluminum Extrusion KA-842,Frames and Structure,Aluminum Extrusion,22553,58594,W-03,true,2024-06-07T23:52:45Z,2025-05-15T12:16:35Z
P-00167,NR-PWR-00167,Quiet-Drive Battery Pack LN-879,Power Systems,Battery Pack,65769,11370,W-02,true,2021-07-02T05:07:49Z,2022-01-05T05:27:44Z
P-00168,NR-SEN-00168,Sealed LIDAR Unit MA-916,Sensors,LIDAR Unit,87958,1450,W-07,true,2022-07-06T11:02:50Z,2023-03-05T14:42:32Z
P-00169,NR-ACT-00169,Industrial Linear Actuator NN-953,Actuators,Linear Actuator,282698,7197,W-05,true,2024-08-01T07:09:52Z,2025-01-14T10:32:15Z
P-00170,NR-CBL-00170,Precision M12 Connector OA-990,Cabling and Connectors,M12 Connector,15000,1338,W-03,true,2024-07-28T16:51:02Z,2025-07-03T07:39:19Z
P-00171,NR-CTL-00171,Modular PLC Module PN-127,Controllers,PLC Module,226728,3713,W-06,true,2023-05-17T16:12:32Z,2024-04-19T20:54:08Z
P-00172,NR-DRV-00172,High-Torque Planetary Gearbox QA-164,Drivetrain,Planetary Gearbox,146923,5645,W-02,true,2024-04-12T07:26:53Z,2025-01-06T01:11:53Z
P-00173,NR-EFF-00173,Heavy-Duty Vacuum Gripper RN-201,End Effectors,Vacuum Gripper,243552,4039,W-03,true,2021-10-06T01:48:44Z,2021-10-14T08:45:38Z
P-00174,NR-FRM-00174,Rapid-Cycle Base Plate SA-238,Frames and Structure,Base Plate,47160,43520,W-06,true,2022-04-28T04:12:14Z,2023-01-08T06:59:04Z
P-00175,NR-PWR-00175,Low-Backlash Power Supply Unit TN-275,Power Systems,Power Supply Unit,176287,11479,W-02,true,2021-01-21T04:28:12Z,2021-08-21T06:04:39Z
P-00176,NR-SEN-00176,Compact Force-Torque Sensor UA-312,Sensors,Force-Torque Sensor,211244,1908,W-08,true,2023-12-17T10:05:05Z,2024-06-30T23:03:14Z
P-00177,NR-ACT-00177,Quiet-Drive Rotary Actuator VN-349,Actuators,Rotary Actuator,226851,13032,W-04,true,2024-12-11T22:29:47Z,2025-12-12T15:01:03Z
P-00178,NR-CBL-00178,Sealed Servo Cable WA-386,Cabling and Connectors,Servo Cable,12847,1980,W-06,true,2024-03-10T23:38:25Z,2024-05-30T16:14:22Z
P-00179,NR-CTL-00179,Industrial Edge Compute Node XN-423,Controllers,Edge Compute Node,513901,4775,W-04,true,2021-10-02T19:35:45Z,2022-01-13T01:41:46Z
P-00180,NR-DRV-00180,Precision Timing Belt YA-460,Drivetrain,Timing Belt,319421,11060,W-06,true,2023-09-18T06:54:29Z,2023-11-05T16:44:20Z
P-00181,NR-EFF-00181,Modular Welding Torch ZN-497,End Effectors,Welding Torch,159960,11456,W-04,false,2021-10-29T15:38:37Z,2021-11-11T14:28:40Z
P-00182,NR-FRM-00182,High-Torque Gantry Beam AA-534,Frames and Structure,Gantry Beam,26548,49531,W-08,true,2021-09-20T20:44:17Z,2022-07-02T08:15:19Z
P-00183,NR-PWR-00183,Heavy-Duty Motor Driver BN-571,Power Systems,Motor Driver,5000,8016,W-04,true,2023-11-04T06:29:51Z,2023-12-22T00:37:52Z
P-00184,NR-SEN-00184,Rapid-Cycle Proximity Sensor CA-608,Sensors,Proximity Sensor,279111,2406,W-03,true,2021-05-11T10:34:48Z,2021-09-22T11:48:06Z
P-00185,NR-ACT-00185,Low-Backlash Stepper Motor DN-645,Actuators,Stepper Motor,150650,12709,W-07,true,2022-09-28T18:00:08Z,2023-02-10T02:21:48Z
P-00186,NR-CBL-00186,Compact EtherCAT Cable EA-682,Cabling and Connectors,EtherCAT Cable,2990,564,W-07,true,2023-05-21T19:10:07Z,2024-02-18T04:24:24Z
P-00187,NR-CTL-00187,Quiet-Drive IO Expansion Board FN-719,Controllers,IO Expansion Board,643578,6292,W-03,true,2022-12-21T06:05:29Z,2023-02-27T17:32:57Z
P-00188,NR-DRV-00188,Sealed Ball Screw GA-756,Drivetrain,Ball Screw,205911,8632,W-06,true,2023-07-08T07:36:52Z,2023-07-23T22:26:34Z
P-00189,NR-EFF-00189,Industrial Tool Changer HN-793,End Effectors,Tool Changer,277654,879,W-03,true,2022-12-17T03:03:30Z,2023-02-18T06:07:58Z
P-00190,NR-FRM-00190,Precision Mounting Bracket IA-830,Frames and Structure,Mounting Bracket,74481,5405,W-07,true,2023-09-25T19:19:40Z,2024-02-21T05:25:48Z
P-00191,NR-PWR-00191,Modular DC-DC Converter JN-867,Power Systems,DC-DC Converter,125867,1816,W-02,true,2024-01-02T14:22:48Z,2024-08-12T13:52:29Z
P-00192,NR-SEN-00192,High-Torque Rotary Encoder KA-904,Sensors,Rotary Encoder,171553,2192,W-06,true,2024-07-21T13:19:08Z,2024-12-14T18:27:55Z
P-00193,NR-ACT-00193,Heavy-Duty Servo Motor LN-941,Actuators,Servo Motor,222150,14762,W-08,true,2022-11-14T21:24:48Z,2023-06-08T08:53:32Z
P-00194,NR-CBL-00194,Rapid-Cycle Cable Chain MA-978,Cabling and Connectors,Cable Chain,10528,2517,W-04,true,2023-09-25T01:00:15Z,2024-09-08T07:31:08Z
P-00195,NR-CTL-00195,Low-Backlash Motion Controller NN-115,Controllers,Motion Controller,622213,1739,W-04,true,2024-07-20T16:46:24Z,2025-05-16T06:22:57Z
P-00196,NR-DRV-00196,Compact Harmonic Reducer OA-152,Drivetrain,Harmonic Reducer,240282,11557,W-03,true,2024-06-13T16:51:12Z,2025-01-23T22:24:23Z
P-00197,NR-EFF-00197,Quiet-Drive Parallel Gripper PN-189,End Effectors,Parallel Gripper,305196,10506,W-04,true,2024-04-16T10:46:38Z,2024-09-27T02:55:11Z
P-00198,NR-FRM-00198,Sealed Aluminum Extrusion QA-226,Frames and Structure,Aluminum Extrusion,39870,46931,W-03,true,2023-03-15T04:16:07Z,2023-08-06T23:29:31Z
P-00199,NR-PWR-00199,Industrial Battery Pack RN-263,Power Systems,Battery Pack,59595,9874,W-03,true,2022-08-11T01:30:42Z,2022-09-06T08:31:02Z
P-00200,NR-SEN-00200,Precision Thermal Camera Module SA-300,Sensors,Thermal Camera Module,138927,2129,W-06,true,2021-01-13T06:28:12Z,2021-05-16T13:47:37Z
P-00201,NR-ACT-00201,Modular Linear Actuator TN-337,Actuators,Linear Actuator,146048,13510,W-05,true,2022-07-11T03:22:35Z,2023-03-06T00:46:04Z
P-00202,NR-CBL-00202,High-Torque M12 Connector UA-374,Cabling and Connectors,M12 Connector,10059,3076,W-07,true,2023-08-16T20:58:25Z,2024-08-05T09:44:15Z
P-00203,NR-CTL-00203,Heavy-Duty PLC Module VN-411,Controllers,PLC Module,182192,2792,W-08,true,2022-01-14T09:38:45Z,2022-07-29T13:58:50Z
P-00204,NR-DRV-00204,Rapid-Cycle Planetary Gearbox WA-448,Drivetrain,Planetary Gearbox,158587,2571,W-04,true,2022-04-12T07:16:18Z,2022-05-13T11:19:47Z
P-00205,NR-EFF-00205,Low-Backlash Vacuum Gripper XN-485,End Effectors,Vacuum Gripper,500000,4966,W-01,true,2024-04-17T11:30:45Z,2024-11-12T16:45:54Z
P-00206,NR-FRM-00206,Compact Base Plate YA-522,Frames and Structure,Base Plate,59914,25957,W-03,true,2021-09-16T11:16:20Z,2022-05-07T22:32:27Z
P-00207,NR-PWR-00207,Quiet-Drive Power Supply Unit ZN-559,Power Systems,Power Supply Unit,247632,1559,W-01,false,2023-06-02T08:08:15Z,2023-09-18T17:31:23Z
P-00208,NR-SEN-00208,Sealed LIDAR Unit AA-596,Sensors,LIDAR Unit,199017,2332,W-01,false,2022-04-26T10:33:11Z,2022-08-14T07:34:34Z
P-00209,NR-ACT-00209,Industrial Rotary Actuator BN-633,Actuators,Rotary Actuator,270805,5527,W-06,true,2023-10-21T02:42:30Z,2024-02-12T16:08:24Z
P-00210,NR-CBL-00210,Precision Servo Cable CA-670,Cabling and Connectors,Servo Cable,8342,2588,W-03,true,2022-01-02T21:33:43Z,2022-06-09T19:45:30Z
P-00211,NR-CTL-00211,Modular Edge Compute Node DN-707,Controllers,Edge Compute Node,138961,6005,W-04,true,2024-08-06T16:48:10Z,2025-05-24T09:28:26Z
P-00212,NR-DRV-00212,High-Torque Timing Belt EA-744,Drivetrain,Timing Belt,228643,7618,W-06,true,2023-12-03T21:15:15Z,2024-10-04T22:49:41Z
P-00213,NR-EFF-00213,Heavy-Duty Welding Torch FN-781,End Effectors,Welding Torch,169406,150,W-06,true,2024-01-03T01:56:34Z,2024-07-09T14:58:54Z
P-00214,NR-FRM-00214,Rapid-Cycle Gantry Beam GA-818,Frames and Structure,Gantry Beam,41717,23595,W-05,true,2024-12-23T21:06:34Z,2025-04-06T14:13:10Z
P-00215,NR-PWR-00215,Low-Backlash Motor Driver HN-855,Power Systems,Motor Driver,83414,11430,W-02,true,2024-02-09T14:14:44Z,2025-01-04T09:13:20Z
P-00216,NR-SEN-00216,Compact Force-Torque Sensor IA-892,Sensors,Force-Torque Sensor,79999,1148,W-06,true,2024-02-25T05:11:53Z,2024-03-17T02:34:51Z
P-00217,NR-ACT-00217,Quiet-Drive Stepper Motor JN-929,Actuators,Stepper Motor,258849,18478,W-07,true,2022-06-12T22:33:42Z,2023-07-07T10:22:39Z
P-00218,NR-CBL-00218,Sealed EtherCAT Cable KA-966,Cabling and Connectors,EtherCAT Cable,9891,777,W-05,true,2023-09-30T20:51:54Z,2024-03-27T13:44:43Z
P-00219,NR-CTL-00219,Industrial IO Expansion Board LN-103,Controllers,IO Expansion Board,553786,5720,W-05,true,2021-05-25T05:42:43Z,2022-02-13T00:03:57Z
P-00220,NR-DRV-00220,Precision Ball Screw MA-140,Drivetrain,Ball Screw,137585,9111,W-07,true,2022-08-24T21:31:39Z,2023-09-02T05:31:52Z
P-00221,NR-EFF-00221,Modular Tool Changer NN-177,End Effectors,Tool Changer,500000,7697,W-06,true,2022-09-11T14:34:25Z,2022-12-03T06:34:58Z
P-00222,NR-FRM-00222,High-Torque Mounting Bracket OA-214,Frames and Structure,Mounting Bracket,33096,31600,W-04,true,2022-09-21T07:52:00Z,2022-09-30T19:44:51Z
P-00223,NR-PWR-00223,Heavy-Duty DC-DC Converter PN-251,Power Systems,DC-DC Converter,144579,11079,W-04,true,2021-01-19T00:03:23Z,2022-01-31T14:21:04Z
P-00224,NR-SEN-00224,Rapid-Cycle Proximity Sensor QA-288,Sensors,Proximity Sensor,92217,697,W-07,true,2022-04-16T14:57:46Z,2023-03-12T17:11:11Z
P-00225,NR-ACT-00225,Low-Backlash Servo Motor RN-325,Actuators,Servo Motor,224123,18846,W-03,true,2024-04-28T05:55:19Z,2025-05-01T01:28:59Z
P-00226,NR-CBL-00226,Compact Cable Chain SA-362,Cabling and Connectors,Cable Chain,5975,136,W-04,true,2021-10-05T19:37:19Z,2022-08-31T04:46:07Z
P-00227,NR-CTL-00227,Quiet-Drive Motion Controller TN-399,Controllers,Motion Controller,251612,4226,W-03,true,2022-06-08T16:35:01Z,2022-12-25T23:00:19Z
P-00228,NR-DRV-00228,Sealed Harmonic Reducer UA-436,Drivetrain,Harmonic Reducer,228892,14003,W-04,true,2022-12-23T23:37:37Z,2023-07-30T19:09:20Z
P-00229,NR-EFF-00229,Industrial Parallel Gripper VN-473,End Effectors,Parallel Gripper,493792,7551,W-07,true,2024-10-13T06:30:31Z,2025-07-27T02:41:34Z
P-00230,NR-FRM-00230,Precision Aluminum Extrusion WA-510,Frames and Structure,Aluminum Extrusion,40741,43745,W-07,true,2021-02-06T13:16:29Z,2021-09-02T02:54:21Z
P-00231,NR-PWR-00231,Modular Battery Pack XN-547,Power Systems,Battery Pack,152419,12868,W-06,true,2022-04-08T10:26:22Z,2022-05-06T02:21:09Z
P-00232,NR-SEN-00232,High-Torque Rotary Encoder YA-584,Sensors,Rotary Encoder,97422,1300,W-01,true,2022-09-08T11:56:59Z,2023-03-20T14:41:15Z
P-00233,NR-ACT-00233,Heavy-Duty Linear Actuator ZN-621,Actuators,Linear Actuator,293420,17158,W-06,true,2023-09-11T04:58:07Z,2024-09-28T11:32:55Z
P-00234,NR-CBL-00234,Rapid-Cycle M12 Connector AA-658,Cabling and Connectors,M12 Connector,4976,2340,W-06,true,2022-01-15T04:44:01Z,2023-01-06T06:17:37Z
P-00235,NR-CTL-00235,Low-Backlash PLC Module BN-695,Controllers,PLC Module,650719,5138,W-02,true,2024-01-30T09:36:00Z,2024-04-17T22:39:50Z
P-00236,NR-DRV-00236,Compact Planetary Gearbox CA-732,Drivetrain,Planetary Gearbox,6000,14602,W-06,true,2023-09-17T03:25:39Z,2024-05-08T16:51:14Z
P-00237,NR-EFF-00237,Quiet-Drive Vacuum Gripper DN-769,End Effectors,Vacuum Gripper,231961,6369,W-04,true,2024-02-28T17:18:01Z,2024-04-30T07:14:51Z
P-00238,NR-FRM-00238,Sealed Base Plate EA-806,Frames and Structure,Base Plate,51788,16696,W-04,true,2023-06-06T20:30:46Z,2023-12-26T13:27:11Z
P-00239,NR-PWR-00239,Industrial Power Supply Unit FN-843,Power Systems,Power Supply Unit,212151,8903,W-01,true,2021-03-17T20:33:35Z,2022-01-02T12:49:53Z
P-00240,NR-SEN-00240,Precision Thermal Camera Module GA-880,Sensors,Thermal Camera Module,108478,1493,W-07,true,2023-12-07T02:41:04Z,2024-04-29T08:38:04Z
P-00241,NR-ACT-00241,Modular Rotary Actuator HN-917,Actuators,Rotary Actuator,205252,19142,W-02,true,2023-11-20T13:26:10Z,2024-06-28T20:35:24Z
P-00242,NR-CBL-00242,High-Torque Servo Cable IA-954,Cabling and Connectors,Servo Cable,7116,3014,W-07,true,2023-10-18T22:40:07Z,2024-01-27T17:41:59Z
P-00243,NR-CTL-00243,Heavy-Duty Edge Compute Node JN-991,Controllers,Edge Compute Node,424722,7044,W-07,true,2021-12-16T06:04:30Z,2021-12-30T06:58:43Z
P-00244,NR-DRV-00244,Rapid-Cycle Timing Belt KA-128,Drivetrain,Timing Belt,162515,5003,W-01,true,2023-08-05T12:57:09Z,2024-07-28T07:58:54Z
P-00245,NR-EFF-00245,Low-Backlash Welding Torch LN-165,End Effectors,Welding Torch,106991,3868,W-05,true,2023-01-09T19:45:38Z,2023-01-19T14:01:50Z
P-00246,NR-FRM-00246,Compact Gantry Beam MA-202,Frames and Structure,Gantry Beam,31563,41141,W-02,true,2024-08-20T04:41:59Z,2025-09-11T18:15:40Z
P-00247,NR-PWR-00247,Quiet-Drive Motor Driver NN-239,Power Systems,Motor Driver,150694,15774,W-04,true,2021-02-20T02:58:57Z,2021-04-22T04:21:05Z
P-00248,NR-SEN-00248,Sealed LIDAR Unit OA-276,Sensors,LIDAR Unit,90445,942,W-06,true,2024-03-07T23:52:02Z,2024-12-19T18:05:41Z
P-00249,NR-ACT-00249,Industrial Stepper Motor PN-313,Actuators,Stepper Motor,172123,19688,W-03,true,2021-02-15T22:14:49Z,2021-06-17T00:26:34Z
P-00250,NR-CBL-00250,Precision EtherCAT Cable QA-350,Cabling and Connectors,EtherCAT Cable,6079,1579,W-04,true,2022-10-08T06:58:23Z,2022-10-26T11:20:10Z
P-00251,NR-CTL-00251,Modular IO Expansion Board RN-387,Controllers,IO Expansion Board,464059,2872,W-01,false,2022-08-06T23:36:50Z,2022-11-17T06:37:52Z
P-00252,NR-DRV-00252,High-Torque Ball Screw SA-424,Drivetrain,Ball Screw,26571,13832,W-06,true,2021-12-06T03:00:52Z,2022-05-19T06:01:41Z
P-00253,NR-EFF-00253,Heavy-Duty Tool Changer TN-461,End Effectors,Tool Changer,414121,5884,W-02,true,2024-04-06T07:09:31Z,2025-02-11T20:30:44Z
P-00254,NR-FRM-00254,Rapid-Cycle Mounting Bracket UA-498,Frames and Structure,Mounting Bracket,23726,25962,W-06,true,2023-07-20T21:36:17Z,2024-02-22T12:17:58Z
P-00255,NR-PWR-00255,Low-Backlash DC-DC Converter VN-535,Power Systems,DC-DC Converter,102922,12931,W-07,true,2023-12-03T23:23:44Z,2024-08-06T19:09:09Z
P-00256,NR-SEN-00256,Compact Force-Torque Sensor WA-572,Sensors,Force-Torque Sensor,63986,1746,W-04,true,2023-02-08T16:43:09Z,2024-02-04T00:42:06Z
P-00257,NR-ACT-00257,Quiet-Drive Servo Motor XN-609,Actuators,Servo Motor,176622,22000,W-06,true,2021-10-03T22:24:02Z,2022-08-10T15:57:15Z
P-00258,NR-CBL-00258,Sealed Cable Chain YA-646,Cabling and Connectors,Cable Chain,6566,3199,W-04,true,2023-10-17T08:33:33Z,2024-02-28T03:55:01Z
P-00259,NR-CTL-00259,Industrial Motion Controller ZN-683,Controllers,Motion Controller,422030,3745,W-08,false,2022-09-30T08:51:42Z,2023-02-24T01:44:45Z
P-00260,NR-DRV-00260,Precision Harmonic Reducer AA-720,Drivetrain,Harmonic Reducer,99805,3638,W-07,true,2023-02-21T22:40:03Z,2023-04-25T11:24:16Z
P-00261,NR-EFF-00261,Modular Parallel Gripper BN-757,End Effectors,Parallel Gripper,93821,3259,W-08,true,2022-01-24T06:28:00Z,2022-06-02T13:29:05Z
P-00262,NR-FRM-00262,High-Torque Aluminum Extrusion CA-794,Frames and Structure,Aluminum Extrusion,21020,23159,W-04,false,2021-02-05T07:02:41Z,2021-12-04T16:51:24Z
P-00263,NR-PWR-00263,Heavy-Duty Battery Pack DN-831,Power Systems,Battery Pack,11756,6247,W-08,true,2024-01-29T05:38:04Z,2024-08-02T02:47:43Z
P-00264,NR-SEN-00264,Rapid-Cycle Proximity Sensor EA-868,Sensors,Proximity Sensor,231758,3500,W-04,true,2022-04-01T03:09:27Z,2022-05-21T11:21:21Z
P-00265,NR-ACT-00265,Low-Backlash Linear Actuator FN-905,Actuators,Linear Actuator,290867,8935,W-03,true,2023-11-29T01:06:20Z,2024-11-07T15:24:01Z
P-00266,NR-CBL-00266,Compact M12 Connector GA-942,Cabling and Connectors,M12 Connector,14196,1889,W-06,true,2021-06-22T16:14:39Z,2022-03-06T23:21:49Z
P-00267,NR-CTL-00267,Quiet-Drive PLC Module HN-979,Controllers,PLC Module,794816,1222,W-05,true,2021-04-19T11:54:31Z,2021-04-24T20:13:22Z
P-00268,NR-DRV-00268,Sealed Planetary Gearbox IA-116,Drivetrain,Planetary Gearbox,176861,1911,W-03,true,2023-01-01T10:40:13Z,2023-10-27T17:28:24Z
P-00269,NR-EFF-00269,Industrial Vacuum Gripper JN-153,End Effectors,Vacuum Gripper,370035,7391,W-04,true,2023-04-15T17:32:28Z,2023-07-18T16:48:30Z
P-00270,NR-FRM-00270,Precision Base Plate KA-190,Frames and Structure,Base Plate,35316,10388,W-03,true,2024-07-09T20:53:58Z,2024-08-25T07:23:46Z
P-00271,NR-PWR-00271,Modular Power Supply Unit LN-227,Power Systems,Power Supply Unit,111033,13423,W-06,true,2024-01-19T05:42:08Z,2025-02-19T13:51:58Z
P-00272,NR-SEN-00272,High-Torque Rotary Encoder MA-264,Sensors,Rotary Encoder,99920,1083,W-02,true,2024-08-08T21:04:22Z,2025-02-28T18:24:38Z
P-00273,NR-ACT-00273,Heavy-Duty Rotary Actuator NN-301,Actuators,Rotary Actuator,239641,4097,W-05,true,2022-07-24T06:47:13Z,2023-06-09T23:40:16Z
P-00274,NR-CBL-00274,Rapid-Cycle Servo Cable OA-338,Cabling and Connectors,Servo Cable,6523,1545,W-02,true,2021-11-23T08:32:09Z,2022-06-16T19:19:00Z
P-00275,NR-CTL-00275,Low-Backlash Edge Compute Node PN-375,Controllers,Edge Compute Node,719459,6436,W-03,true,2024-01-07T12:31:33Z,2025-01-23T08:11:02Z
P-00276,NR-DRV-00276,Compact Timing Belt QA-412,Drivetrain,Timing Belt,180274,1285,W-02,true,2022-11-22T18:34:34Z,2023-08-06T14:32:52Z
P-00277,NR-EFF-00277,Quiet-Drive Welding Torch RN-449,End Effectors,Welding Torch,299202,1606,W-04,true,2024-03-28T16:10:08Z,2024-07-15T10:20:57Z
P-00278,NR-FRM-00278,Sealed Gantry Beam SA-486,Frames and Structure,Gantry Beam,50616,40087,W-06,true,2023-05-26T10:16:22Z,2024-03-03T03:56:33Z
P-00279,NR-PWR-00279,Industrial Motor Driver TN-523,Power Systems,Motor Driver,115680,5389,W-08,true,2022-04-19T09:34:53Z,2023-04-23T13:31:58Z
P-00280,NR-SEN-00280,Precision Thermal Camera Module UA-560,Sensors,Thermal Camera Module,128896,497,W-03,true,2023-12-16T18:33:16Z,2024-03-25T14:57:27Z
P-00281,NR-ACT-00281,Modular Stepper Motor VN-597,Actuators,Stepper Motor,287241,14774,W-02,true,2021-12-21T01:24:00Z,2022-01-11T19:26:43Z
P-00282,NR-CBL-00282,High-Torque EtherCAT Cable WA-634,Cabling and Connectors,EtherCAT Cable,10530,941,W-01,true,2022-02-07T23:55:20Z,2022-11-17T20:23:24Z
P-00283,NR-CTL-00283,Heavy-Duty IO Expansion Board XN-671,Controllers,IO Expansion Board,397238,1110,W-08,true,2024-10-30T02:34:53Z,2025-03-11T11:15:22Z
P-00284,NR-DRV-00284,Rapid-Cycle Ball Screw YA-708,Drivetrain,Ball Screw,299724,6626,W-02,true,2022-08-11T04:04:07Z,2023-08-23T01:42:20Z
P-00285,NR-EFF-00285,Low-Backlash Tool Changer ZN-745,End Effectors,Tool Changer,107299,1262,W-07,true,2024-10-25T15:33:54Z,2025-08-16T16:53:57Z
P-00286,NR-FRM-00286,Compact Mounting Bracket AA-782,Frames and Structure,Mounting Bracket,80000,33469,W-08,true,2021-11-17T16:14:26Z,2022-05-10T21:40:54Z
P-00287,NR-PWR-00287,Quiet-Drive DC-DC Converter BN-819,Power Systems,DC-DC Converter,176776,14033,W-07,true,2022-07-08T19:20:16Z,2023-07-31T05:27:42Z
P-00288,NR-SEN-00288,Sealed LIDAR Unit CA-856,Sensors,LIDAR Unit,8000,2247,W-01,true,2024-08-06T19:41:37Z,2025-01-31T04:50:36Z
P-00289,NR-ACT-00289,Industrial Servo Motor DN-893,Actuators,Servo Motor,226902,6074,W-04,true,2021-06-03T13:01:22Z,2022-02-14T11:37:44Z
P-00290,NR-CBL-00290,Precision Cable Chain EA-930,Cabling and Connectors,Cable Chain,4728,1968,W-08,false,2021-03-28T22:53:30Z,2022-03-10T20:43:53Z
P-00291,NR-CTL-00291,Modular Motion Controller FN-967,Controllers,Motion Controller,311645,3981,W-06,true,2021-10-11T18:58:39Z,2022-04-20T03:43:52Z
P-00292,NR-DRV-00292,High-Torque Harmonic Reducer GA-104,Drivetrain,Harmonic Reducer,196549,13417,W-07,true,2023-08-05T06:17:59Z,2024-02-27T16:29:14Z
P-00293,NR-EFF-00293,Heavy-Duty Parallel Gripper HN-141,End Effectors,Parallel Gripper,204211,5658,W-03,true,2024-11-26T05:38:34Z,2025-01-14T16:31:03Z
P-00294,NR-FRM-00294,Rapid-Cycle Aluminum Extrusion IA-178,Frames and Structure,Aluminum Extrusion,49642,25838,W-07,true,2021-12-20T13:01:49Z,2022-06-28T00:24:45Z
P-00295,NR-PWR-00295,Low-Backlash Battery Pack JN-215,Power Systems,Battery Pack,58111,6089,W-05,true,2024-10-01T13:56:52Z,2024-11-10T06:12:00Z
P-00296,NR-SEN-00296,Compact Force-Torque Sensor KA-252,Sensors,Force-Torque Sensor,110609,2880,W-04,true,2022-11-18T11:09:15Z,2023-01-22T05:35:08Z
P-00297,NR-ACT-00297,Quiet-Drive Linear Actuator LN-289,Actuators,Linear Actuator,183176,11571,W-07,true,2022-04-11T23:21:18Z,2022-04-19T10:21:29Z
P-00298,NR-CBL-00298,Sealed M12 Connector MA-326,Cabling and Connectors,M12 Connector,1288,1031,W-08,true,2022-11-19T14:52:58Z,2023-04-19T22:11:41Z
P-00299,NR-CTL-00299,Industrial PLC Module NN-363,Controllers,PLC Module,199194,3012,W-01,false,2022-01-27T01:50:14Z,2022-12-09T08:00:54Z
P-00300,NR-DRV-00300,Precision Planetary Gearbox OA-400,Drivetrain,Planetary Gearbox,97457,4969,W-07,true,2023-01-21T17:58:17Z,2024-02-25T03:21:30Z
P-00301,NR-EFF-00301,Modular Vacuum Gripper PN-437,End Effectors,Vacuum Gripper,217873,10244,W-04,true,2022-01-22T20:12:47Z,2022-10-14T19:33:58Z
P-00302,NR-FRM-00302,High-Torque Base Plate QA-474,Frames and Structure,Base Plate,37039,49103,W-07,true,2021-06-23T03:54:17Z,2021-11-11T15:59:28Z
P-00303,NR-PWR-00303,Heavy-Duty Power Supply Unit RN-511,Power Systems,Power Supply Unit,73951,9404,W-05,true,2021-10-05T17:58:01Z,2021-11-25T16:05:02Z
P-00304,NR-SEN-00304,Rapid-Cycle Proximity Sensor SA-548,Sensors,Proximity Sensor,161152,466,W-02,true,2022-11-20T11:37:53Z,2023-08-13T11:01:16Z
P-00305,NR-ACT-00305,Low-Backlash Rotary Actuator TN-585,Actuators,Rotary Actuator,144904,6082,W-06,true,2021-06-18T21:03:57Z,2021-12-15T22:10:59Z
P-00306,NR-CBL-00306,Compact Servo Cable UA-622,Cabling and Connectors,Servo Cable,8643,3151,W-04,true,2023-01-04T00:47:56Z,2023-03-24T23:18:46Z
P-00307,NR-CTL-00307,Quiet-Drive Edge Compute Node VN-659,Controllers,Edge Compute Node,262713,300,W-05,true,2021-08-29T03:49:05Z,2022-05-07T15:14:35Z
P-00308,NR-DRV-00308,Sealed Timing Belt WA-696,Drivetrain,Timing Belt,259375,12834,W-07,true,2023-08-06T19:02:33Z,2023-12-06T20:12:27Z
P-00309,NR-EFF-00309,Industrial Welding Torch XN-733,End Effectors,Welding Torch,187394,9250,W-07,true,2024-05-10T06:40:49Z,2025-03-30T02:25:49Z
P-00310,NR-FRM-00310,Precision Gantry Beam YA-770,Frames and Structure,Gantry Beam,43871,18669,W-07,true,2024-08-23T02:50:56Z,2025-04-15T22:42:03Z
P-00311,NR-PWR-00311,Modular Motor Driver ZN-807,Power Systems,Motor Driver,91456,11860,W-03,true,2022-05-05T20:58:30Z,2023-04-20T04:08:14Z
P-00312,NR-SEN-00312,High-Torque Rotary Encoder AA-844,Sensors,Rotary Encoder,120499,2807,W-07,true,2022-09-20T17:14:08Z,2022-11-02T16:14:26Z
P-00313,NR-ACT-00313,Heavy-Duty Stepper Motor BN-881,Actuators,Stepper Motor,332132,10213,W-06,false,2024-04-06T13:38:40Z,2024-11-05T13:14:21Z
P-00314,NR-CBL-00314,Rapid-Cycle EtherCAT Cable CA-918,Cabling and Connectors,EtherCAT Cable,13344,2195,W-02,true,2022-02-02T13:44:13Z,2022-09-19T13:08:57Z
P-00315,NR-CTL-00315,Low-Backlash IO Expansion Board DN-955,Controllers,IO Expansion Board,486240,4236,W-08,true,2022-05-21T22:25:18Z,2022-10-23T20:28:44Z
P-00316,NR-DRV-00316,Compact Ball Screw EA-992,Drivetrain,Ball Screw,213042,2613,W-04,true,2021-06-15T23:04:54Z,2021-08-12T18:29:59Z
P-00317,NR-EFF-00317,Quiet-Drive Tool Changer FN-129,End Effectors,Tool Changer,259685,8701,W-07,true,2023-07-11T02:24:55Z,2024-07-10T01:27:34Z
P-00318,NR-FRM-00318,Sealed Mounting Bracket GA-166,Frames and Structure,Mounting Bracket,80000,19560,W-01,true,2024-11-12T21:46:34Z,2025-11-26T04:53:05Z
P-00319,NR-PWR-00319,Industrial DC-DC Converter HN-203,Power Systems,DC-DC Converter,127674,18000,W-04,true,2021-03-29T04:06:09Z,2021-12-20T08:20:35Z
P-00320,NR-SEN-00320,Precision Thermal Camera Module IA-240,Sensors,Thermal Camera Module,142577,2585,W-05,true,2021-07-28T14:29:51Z,2021-09-24T01:44:52Z
P-00321,NR-ACT-00321,Modular Servo Motor JN-277,Actuators,Servo Motor,147671,19525,W-02,true,2024-09-19T15:14:26Z,2025-01-14T11:15:52Z
P-00322,NR-CBL-00322,High-Torque Cable Chain KA-314,Cabling and Connectors,Cable Chain,3592,1307,W-08,true,2022-05-25T06:50:23Z,2022-12-13T18:59:47Z
P-00323,NR-CTL-00323,Heavy-Duty Motion Controller LN-351,Controllers,Motion Controller,84453,3251,W-02,true,2024-04-11T00:10:18Z,2024-06-02T19:51:22Z
P-00324,NR-DRV-00324,Rapid-Cycle Harmonic Reducer MA-388,Drivetrain,Harmonic Reducer,269700,3358,W-02,false,2022-07-16T03:36:57Z,2023-06-27T10:40:57Z
P-00325,NR-EFF-00325,Low-Backlash Parallel Gripper NN-425,End Effectors,Parallel Gripper,253540,4014,W-05,true,2022-12-17T20:00:24Z,2023-09-25T03:58:29Z
P-00326,NR-FRM-00326,Compact Aluminum Extrusion OA-462,Frames and Structure,Aluminum Extrusion,26379,49657,W-07,true,2024-03-07T10:25:21Z,2024-03-25T09:45:06Z
P-00327,NR-PWR-00327,Quiet-Drive Battery Pack PN-499,Power Systems,Battery Pack,183363,14023,W-04,true,2023-01-26T12:43:22Z,2023-03-04T20:05:13Z
P-00328,NR-SEN-00328,Sealed LIDAR Unit QA-536,Sensors,LIDAR Unit,166638,1495,W-06,true,2022-11-11T04:15:18Z,2022-12-06T02:20:39Z
P-00329,NR-ACT-00329,Industrial Linear Actuator RN-573,Actuators,Linear Actuator,446448,8457,W-01,true,2023-02-04T07:26:33Z,2023-09-11T20:21:13Z
P-00330,NR-CBL-00330,Precision M12 Connector SA-610,Cabling and Connectors,M12 Connector,3002,1364,W-08,true,2023-05-18T06:35:01Z,2023-08-13T12:39:30Z
P-00331,NR-CTL-00331,Modular PLC Module TN-647,Controllers,PLC Module,78665,3878,W-03,true,2022-12-29T16:57:44Z,2023-05-26T23:21:44Z
P-00332,NR-DRV-00332,High-Torque Planetary Gearbox UA-684,Drivetrain,Planetary Gearbox,179759,1191,W-03,true,2022-12-25T11:07:11Z,2023-12-10T23:44:55Z
P-00333,NR-EFF-00333,Heavy-Duty Vacuum Gripper VN-721,End Effectors,Vacuum Gripper,500000,150,W-02,true,2021-04-24T10:35:55Z,2021-09-12T13:14:38Z
P-00334,NR-FRM-00334,Rapid-Cycle Base Plate WA-758,Frames and Structure,Base Plate,30360,19392,W-01,true,2022-09-16T15:44:23Z,2023-05-02T20:49:32Z
P-00335,NR-PWR-00335,Low-Backlash Power Supply Unit XN-795,Power Systems,Power Supply Unit,242374,9433,W-06,true,2022-05-16T19:21:29Z,2023-04-13T14:00:16Z
P-00336,NR-SEN-00336,Compact Force-Torque Sensor YA-832,Sensors,Force-Torque Sensor,238048,3148,W-06,true,2023-10-13T08:26:51Z,2024-03-16T22:53:53Z
P-00337,NR-ACT-00337,Quiet-Drive Rotary Actuator ZN-869,Actuators,Rotary Actuator,250252,4196,W-01,true,2024-01-16T13:34:12Z,2024-05-14T02:19:45Z
P-00338,NR-CBL-00338,Sealed Servo Cable AA-906,Cabling and Connectors,Servo Cable,8430,2528,W-03,true,2021-02-10T17:43:11Z,2021-03-13T09:10:09Z
P-00339,NR-CTL-00339,Industrial Edge Compute Node BN-943,Controllers,Edge Compute Node,512683,1985,W-03,true,2022-05-05T20:35:14Z,2022-10-31T14:02:02Z
P-00340,NR-DRV-00340,Precision Timing Belt CA-980,Drivetrain,Timing Belt,146509,5454,W-07,true,2022-02-26T02:31:05Z,2022-08-26T01:33:30Z
P-00341,NR-EFF-00341,Modular Welding Torch DN-117,End Effectors,Welding Torch,333961,5267,W-05,true,2024-09-25T08:42:03Z,2025-09-01T20:12:07Z
P-00342,NR-FRM-00342,High-Torque Gantry Beam EA-154,Frames and Structure,Gantry Beam,74926,55522,W-03,true,2024-03-01T16:10:55Z,2024-08-10T16:28:33Z
P-00343,NR-PWR-00343,Heavy-Duty Motor Driver FN-191,Power Systems,Motor Driver,78794,12405,W-04,true,2024-04-12T16:21:25Z,2025-02-02T05:28:55Z
P-00344,NR-SEN-00344,Rapid-Cycle Proximity Sensor GA-228,Sensors,Proximity Sensor,122223,1521,W-03,true,2023-06-18T08:43:06Z,2023-09-20T21:26:26Z
P-00345,NR-ACT-00345,Low-Backlash Stepper Motor HN-265,Actuators,Stepper Motor,271323,14362,W-03,true,2022-07-11T17:45:38Z,2023-03-14T20:49:26Z
P-00346,NR-CBL-00346,Compact EtherCAT Cable IA-302,Cabling and Connectors,EtherCAT Cable,5475,2353,W-08,true,2022-07-14T00:29:47Z,2023-07-20T06:40:11Z
P-00347,NR-CTL-00347,Quiet-Drive IO Expansion Board JN-339,Controllers,IO Expansion Board,458960,5709,W-01,true,2022-08-14T08:30:46Z,2023-07-06T14:08:25Z
P-00348,NR-DRV-00348,Sealed Ball Screw KA-376,Drivetrain,Ball Screw,40464,11860,W-02,true,2022-04-27T12:57:22Z,2022-06-17T06:20:26Z
P-00349,NR-EFF-00349,Industrial Tool Changer LN-413,End Effectors,Tool Changer,37356,8386,W-04,true,2023-12-26T07:09:01Z,2024-02-29T21:26:23Z
P-00350,NR-FRM-00350,Precision Mounting Bracket MA-450,Frames and Structure,Mounting Bracket,20183,8268,W-02,true,2022-03-03T18:09:34Z,2022-11-09T20:21:59Z
P-00351,NR-PWR-00351,Modular DC-DC Converter NN-487,Power Systems,DC-DC Converter,241476,11526,W-08,true,2021-07-18T18:15:30Z,2021-11-16T17:48:13Z
P-00352,NR-SEN-00352,High-Torque Rotary Encoder OA-524,Sensors,Rotary Encoder,206331,2517,W-01,true,2024-05-31T10:54:17Z,2024-11-10T10:20:14Z
P-00353,NR-ACT-00353,Heavy-Duty Servo Motor PN-561,Actuators,Servo Motor,339286,5287,W-01,true,2024-07-02T21:00:39Z,2024-11-02T04:42:03Z
P-00354,NR-CBL-00354,Rapid-Cycle Cable Chain QA-598,Cabling and Connectors,Cable Chain,5659,2305,W-01,true,2024-06-12T18:54:25Z,2024-10-31T20:27:00Z
P-00355,NR-CTL-00355,Low-Backlash Motion Controller RN-635,Controllers,Motion Controller,133116,8361,W-04,true,2021-11-14T00:32:17Z,2022-07-09T17:59:59Z
P-00356,NR-DRV-00356,Compact Harmonic Reducer SA-672,Drivetrain,Harmonic Reducer,109648,9598,W-01,true,2021-02-14T05:44:36Z,2021-03-06T07:15:00Z
P-00357,NR-EFF-00357,Quiet-Drive Parallel Gripper TN-709,End Effectors,Parallel Gripper,129074,11486,W-08,true,2021-08-13T05:24:55Z,2022-06-25T20:38:32Z
P-00358,NR-FRM-00358,Sealed Aluminum Extrusion UA-746,Frames and Structure,Aluminum Extrusion,59167,34418,W-05,true,2021-01-24T04:56:46Z,2021-10-22T00:33:32Z
P-00359,NR-PWR-00359,Industrial Battery Pack VN-783,Power Systems,Battery Pack,149002,7922,W-07,true,2023-01-09T22:59:06Z,2024-01-05T16:38:58Z
P-00360,NR-SEN-00360,Precision Thermal Camera Module WA-820,Sensors,Thermal Camera Module,296969,1584,W-08,true,2023-07-27T03:34:35Z,2023-07-27T17:01:42Z
P-00361,NR-ACT-00361,Modular Linear Actuator XN-857,Actuators,Linear Actuator,186401,16832,W-08,true,2023-10-17T15:24:23Z,2024-07-27T14:21:44Z
P-00362,NR-CBL-00362,High-Torque M12 Connector YA-894,Cabling and Connectors,M12 Connector,12911,1608,W-08,true,2024-03-09T02:15:51Z,2024-08-08T13:19:15Z
P-00363,NR-CTL-00363,Heavy-Duty PLC Module ZN-931,Controllers,PLC Module,647533,6509,W-04,true,2021-05-08T16:13:38Z,2021-07-21T07:13:32Z
P-00364,NR-DRV-00364,Rapid-Cycle Planetary Gearbox AA-968,Drivetrain,Planetary Gearbox,163695,4579,W-06,true,2022-01-25T09:40:52Z,2022-06-17T19:22:23Z
P-00365,NR-EFF-00365,Low-Backlash Vacuum Gripper BN-105,End Effectors,Vacuum Gripper,242023,3587,W-07,true,2023-03-19T15:54:28Z,2023-10-12T20:02:18Z
P-00366,NR-FRM-00366,Compact Base Plate CA-142,Frames and Structure,Base Plate,41643,22359,W-01,true,2021-08-14T14:13:52Z,2021-09-10T04:14:13Z
P-00367,NR-PWR-00367,Quiet-Drive Power Supply Unit DN-179,Power Systems,Power Supply Unit,126075,1119,W-06,true,2021-10-10T23:52:55Z,2021-10-22T02:51:30Z
P-00368,NR-SEN-00368,Sealed LIDAR Unit EA-216,Sensors,LIDAR Unit,165982,1941,W-04,true,2022-05-17T00:52:43Z,2022-05-26T03:12:56Z
P-00369,NR-ACT-00369,Industrial Rotary Actuator FN-253,Actuators,Rotary Actuator,120039,8482,W-01,true,2024-09-12T18:16:22Z,2025-07-24T20:15:52Z
P-00370,NR-CBL-00370,Precision Servo Cable GA-290,Cabling and Connectors,Servo Cable,5208,2210,W-03,true,2021-07-03T00:36:55Z,2022-02-04T23:14:29Z
P-00371,NR-CTL-00371,Modular Edge Compute Node HN-327,Controllers,Edge Compute Node,315321,2483,W-07,true,2024-10-18T11:48:45Z,2025-03-12T05:03:28Z
P-00372,NR-DRV-00372,High-Torque Timing Belt IA-364,Drivetrain,Timing Belt,172821,14302,W-04,true,2022-12-10T20:41:37Z,2023-02-23T19:38:51Z
P-00373,NR-EFF-00373,Heavy-Duty Welding Torch JN-401,End Effectors,Welding Torch,199745,3714,W-04,true,2022-07-22T15:55:43Z,2023-06-18T22:44:07Z
P-00374,NR-FRM-00374,Rapid-Cycle Gantry Beam KA-438,Frames and Structure,Gantry Beam,9411,500,W-05,true,2022-12-12T14:21:16Z,2023-03-08T22:05:51Z
P-00375,NR-PWR-00375,Low-Backlash Motor Driver LN-475,Power Systems,Motor Driver,197902,13920,W-08,true,2022-04-22T22:55:23Z,2023-04-09T11:20:34Z
P-00376,NR-SEN-00376,Compact Force-Torque Sensor MA-512,Sensors,Force-Torque Sensor,8000,2740,W-02,false,2023-02-24T01:27:51Z,2023-07-15T21:36:20Z
P-00377,NR-ACT-00377,Quiet-Drive Stepper Motor NN-549,Actuators,Stepper Motor,25382,18915,W-07,true,2023-11-24T05:39:05Z,2024-05-14T13:22:02Z
P-00378,NR-CBL-00378,Sealed EtherCAT Cable OA-586,Cabling and Connectors,EtherCAT Cable,8046,1349,W-04,true,2024-04-26T14:11:05Z,2024-08-22T11:24:17Z
P-00379,NR-CTL-00379,Industrial IO Expansion Board PN-623,Controllers,IO Expansion Board,214205,3620,W-02,true,2022-07-18T08:48:04Z,2023-01-13T08:12:26Z
P-00380,NR-DRV-00380,Precision Ball Screw QA-660,Drivetrain,Ball Screw,75921,100,W-07,true,2021-06-05T13:25:04Z,2021-10-12T05:05:15Z
P-00381,NR-EFF-00381,Modular Tool Changer RN-697,End Effectors,Tool Changer,94559,1679,W-03,true,2024-03-12T19:11:36Z,2024-07-08T21:37:51Z
P-00382,NR-FRM-00382,High-Torque Mounting Bracket SA-734,Frames and Structure,Mounting Bracket,2000,20847,W-01,true,2022-03-09T12:18:05Z,2022-04-16T12:05:25Z
P-00383,NR-PWR-00383,Heavy-Duty DC-DC Converter TN-771,Power Systems,DC-DC Converter,250000,6338,W-02,true,2023-03-22T12:11:46Z,2024-02-12T17:07:43Z
P-00384,NR-SEN-00384,Rapid-Cycle Proximity Sensor UA-808,Sensors,Proximity Sensor,218406,1158,W-03,true,2022-04-12T00:33:27Z,2022-04-12T07:08:57Z
P-00385,NR-ACT-00385,Low-Backlash Servo Motor VN-845,Actuators,Servo Motor,384673,15042,W-08,true,2024-02-14T09:23:20Z,2024-04-06T06:54:25Z
P-00386,NR-CBL-00386,Compact Cable Chain WA-882,Cabling and Connectors,Cable Chain,11168,2377,W-01,true,2021-09-06T22:39:47Z,2022-03-14T06:30:07Z
P-00387,NR-CTL-00387,Quiet-Drive Motion Controller XN-919,Controllers,Motion Controller,362521,5459,W-08,true,2021-10-28T09:24:16Z,2022-05-09T11:08:47Z
P-00388,NR-DRV-00388,Sealed Harmonic Reducer YA-956,Drivetrain,Harmonic Reducer,194624,6320,W-01,true,2022-09-16T14:47:16Z,2022-12-21T12:27:42Z
P-00389,NR-EFF-00389,Industrial Parallel Gripper ZN-993,End Effectors,Parallel Gripper,230541,2185,W-02,true,2021-08-10T05:22:16Z,2022-03-12T04:30:34Z
P-00390,NR-FRM-00390,Precision Aluminum Extrusion AA-130,Frames and Structure,Aluminum Extrusion,41190,28065,W-04,true,2023-03-26T09:07:10Z,2023-06-14T01:56:58Z
P-00391,NR-PWR-00391,Modular Battery Pack BN-167,Power Systems,Battery Pack,138724,3144,W-01,true,2022-04-10T04:53:58Z,2022-07-16T04:32:32Z
P-00392,NR-SEN-00392,High-Torque Rotary Encoder CA-204,Sensors,Rotary Encoder,57164,1456,W-03,true,2024-03-17T16:29:15Z,2024-12-07T20:13:10Z
P-00393,NR-ACT-00393,Heavy-Duty Linear Actuator DN-241,Actuators,Linear Actuator,420683,1883,W-04,true,2024-10-16T07:14:25Z,2025-05-02T17:13:03Z
P-00394,NR-CBL-00394,Rapid-Cycle M12 Connector EA-278,Cabling and Connectors,M12 Connector,10777,2733,W-01,true,2023-12-11T02:38:12Z,2024-12-23T14:38:37Z
P-00395,NR-CTL-00395,Low-Backlash PLC Module FN-315,Controllers,PLC Module,470790,3100,W-03,true,2024-02-11T17:57:51Z,2024-11-19T08:22:28Z
P-00396,NR-DRV-00396,Compact Planetary Gearbox GA-352,Drivetrain,Planetary Gearbox,187159,14794,W-04,true,2022-11-03T19:55:22Z,2023-09-27T08:29:53Z
P-00397,NR-EFF-00397,Quiet-Drive Vacuum Gripper HN-389,End Effectors,Vacuum Gripper,309135,6561,W-04,true,2024-02-12T19:26:26Z,2024-09-14T01:56:55Z
P-00398,NR-FRM-00398,Sealed Base Plate IA-426,Frames and Structure,Base Plate,64035,18264,W-08,true,2024-07-23T03:23:02Z,2025-02-03T07:00:21Z
P-00399,NR-PWR-00399,Industrial Power Supply Unit JN-463,Power Systems,Power Supply Unit,152868,8903,W-07,true,2023-01-25T06:34:11Z,2023-08-01T19:38:59Z
P-00400,NR-SEN-00400,Precision Thermal Camera Module KA-500,Sensors,Thermal Camera Module,109678,1447,W-07,true,2021-06-11T12:06:46Z,2022-06-25T10:31:08Z
P-00401,NR-ACT-00401,Modular Rotary Actuator LN-537,Actuators,Rotary Actuator,40095,7370,W-02,true,2024-09-14T02:37:12Z,2025-07-08T06:33:46Z
P-00402,NR-CBL-00402,High-Torque Servo Cable MA-574,Cabling and Connectors,Servo Cable,9344,2129,W-08,true,2021-07-02T11:43:27Z,2022-01-03T19:49:02Z
P-00403,NR-CTL-00403,Heavy-Duty Edge Compute Node NN-611,Controllers,Edge Compute Node,253020,7145,W-08,true,2024-01-21T19:45:17Z,2024-02-21T18:53:26Z
P-00404,NR-DRV-00404,Rapid-Cycle Timing Belt OA-648,Drivetrain,Timing Belt,91034,12923,W-04,true,2023-03-24T02:06:23Z,2023-04-22T00:59:08Z
P-00405,NR-EFF-00405,Low-Backlash Welding Torch PN-685,End Effectors,Welding Torch,463724,4083,W-06,true,2021-02-09T19:56:59Z,2021-07-27T15:13:06Z
P-00406,NR-FRM-00406,Compact Gantry Beam QA-722,Frames and Structure,Gantry Beam,37064,28907,W-08,true,2024-12-01T05:03:14Z,2025-10-17T07:58:23Z
P-00407,NR-PWR-00407,Quiet-Drive Motor Driver RN-759,Power Systems,Motor Driver,159206,2287,W-02,true,2023-11-28T00:31:18Z,2024-08-21T06:04:24Z
P-00408,NR-SEN-00408,Sealed LIDAR Unit SA-796,Sensors,LIDAR Unit,40335,3500,W-05,true,2021-03-16T06:04:48Z,2021-11-23T07:25:46Z
P-00409,NR-ACT-00409,Industrial Stepper Motor TN-833,Actuators,Stepper Motor,15000,15501,W-08,true,2021-09-07T11:18:28Z,2022-02-17T02:27:10Z
P-00410,NR-CBL-00410,Precision EtherCAT Cable UA-870,Cabling and Connectors,EtherCAT Cable,805,1289,W-04,true,2024-03-16T05:46:25Z,2024-12-11T23:00:50Z
P-00411,NR-CTL-00411,Modular IO Expansion Board VN-907,Controllers,IO Expansion Board,488491,3338,W-01,true,2022-06-03T11:35:47Z,2023-03-03T17:42:40Z
P-00412,NR-DRV-00412,High-Torque Ball Screw WA-944,Drivetrain,Ball Screw,72962,3467,W-08,true,2022-04-21T02:21:41Z,2022-07-08T18:41:45Z
P-00413,NR-EFF-00413,Heavy-Duty Tool Changer XN-981,End Effectors,Tool Changer,300766,5412,W-06,true,2023-02-12T08:41:13Z,2023-07-06T23:33:36Z
P-00414,NR-FRM-00414,Rapid-Cycle Mounting Bracket YA-118,Frames and Structure,Mounting Bracket,41540,20261,W-02,true,2024-06-05T22:02:11Z,2025-05-11T22:38:37Z
P-00415,NR-PWR-00415,Low-Backlash DC-DC Converter ZN-155,Power Systems,DC-DC Converter,208951,4556,W-08,true,2021-06-23T04:17:53Z,2021-11-17T14:14:07Z
P-00416,NR-SEN-00416,Compact Force-Torque Sensor AA-192,Sensors,Force-Torque Sensor,14895,827,W-05,true,2023-04-17T03:34:37Z,2023-09-02T08:01:27Z
P-00417,NR-ACT-00417,Quiet-Drive Servo Motor BN-229,Actuators,Servo Motor,98064,16181,W-07,true,2024-01-11T12:48:55Z,2024-11-20T19:47:50Z
P-00418,NR-CBL-00418,Sealed Cable Chain CA-266,Cabling and Connectors,Cable Chain,8885,1556,W-04,true,2022-09-09T08:09:48Z,2022-12-21T16:03:53Z
P-00419,NR-CTL-00419,Industrial Motion Controller DN-303,Controllers,Motion Controller,552551,4166,W-06,true,2021-05-08T17:04:14Z,2022-01-15T05:48:59Z
P-00420,NR-DRV-00420,Precision Harmonic Reducer EA-340,Drivetrain,Harmonic Reducer,270971,7535,W-05,true,2021-08-29T19:15:33Z,2022-03-30T11:02:34Z
P-00421,NR-EFF-00421,Modular Parallel Gripper FN-377,End Effectors,Parallel Gripper,341151,6423,W-03,true,2021-12-17T19:39:05Z,2022-11-24T20:28:49Z
P-00422,NR-FRM-00422,High-Torque Aluminum Extrusion GA-414,Frames and Structure,Aluminum Extrusion,32859,21936,W-03,true,2021-02-02T06:30:32Z,2022-02-12T15:22:33Z
P-00423,NR-PWR-00423,Heavy-Duty Battery Pack HN-451,Power Systems,Battery Pack,160760,5180,W-01,true,2024-08-10T04:10:52Z,2025-06-16T13:34:43Z
P-00424,NR-SEN-00424,Rapid-Cycle Proximity Sensor IA-488,Sensors,Proximity Sensor,47398,457,W-07,true,2024-01-03T21:23:52Z,2024-10-12T14:16:12Z
P-00425,NR-ACT-00425,Low-Backlash Linear Actuator JN-525,Actuators,Linear Actuator,260521,7211,W-01,true,2024-12-08T17:21:29Z,2025-06-09T00:35:29Z
P-00426,NR-CBL-00426,Compact M12 Connector KA-562,Cabling and Connectors,M12 Connector,6176,2852,W-01,true,2024-07-09T09:29:35Z,2025-01-17T03:57:21Z
P-00427,NR-CTL-00427,Quiet-Drive PLC Module LN-599,Controllers,PLC Module,543739,1905,W-03,false,2024-05-03T05:47:19Z,2025-06-01T09:24:49Z
P-00428,NR-DRV-00428,Sealed Planetary Gearbox MA-636,Drivetrain,Planetary Gearbox,150454,3094,W-06,true,2023-07-28T10:10:00Z,2024-01-21T09:07:18Z
P-00429,NR-EFF-00429,Industrial Vacuum Gripper NN-673,End Effectors,Vacuum Gripper,218626,1447,W-03,true,2023-06-12T01:55:58Z,2023-07-23T09:40:47Z
P-00430,NR-FRM-00430,Precision Base Plate OA-710,Frames and Structure,Base Plate,20719,34197,W-01,true,2021-09-24T04:03:44Z,2021-10-11T08:19:08Z
P-00431,NR-PWR-00431,Modular Power Supply Unit PN-747,Power Systems,Power Supply Unit,54620,7005,W-06,true,2023-01-11T09:55:18Z,2023-05-06T06:36:25Z
P-00432,NR-SEN-00432,High-Torque Rotary Encoder QA-784,Sensors,Rotary Encoder,216882,2079,W-05,true,2024-10-24T17:01:17Z,2024-11-15T03:05:36Z
P-00433,NR-ACT-00433,Heavy-Duty Rotary Actuator RN-821,Actuators,Rotary Actuator,203863,5089,W-06,false,2021-12-01T07:23:30Z,2022-11-17T11:21:54Z
P-00434,NR-CBL-00434,Rapid-Cycle Servo Cable SA-858,Cabling and Connectors,Servo Cable,5564,3439,W-03,true,2023-06-05T05:49:20Z,2024-07-03T18:47:18Z
P-00435,NR-CTL-00435,Low-Backlash Edge Compute Node TN-895,Controllers,Edge Compute Node,577699,4247,W-07,true,2023-08-05T23:19:40Z,2023-09-16T02:46:38Z
P-00436,NR-DRV-00436,Compact Timing Belt UA-932,Drivetrain,Timing Belt,158896,4139,W-06,true,2021-04-21T07:34:16Z,2021-06-09T17:41:48Z
P-00437,NR-EFF-00437,Quiet-Drive Welding Torch VN-969,End Effectors,Welding Torch,60120,5182,W-03,true,2023-07-24T10:29:41Z,2023-12-10T17:38:59Z
P-00438,NR-FRM-00438,Sealed Gantry Beam WA-106,Frames and Structure,Gantry Beam,43447,27126,W-02,true,2022-05-31T10:01:55Z,2022-08-08T15:04:59Z
P-00439,NR-PWR-00439,Industrial Motor Driver XN-143,Power Systems,Motor Driver,179184,11623,W-04,true,2022-08-16T07:32:52Z,2023-08-19T19:08:44Z
P-00440,NR-SEN-00440,Precision Thermal Camera Module YA-180,Sensors,Thermal Camera Module,197154,2371,W-02,true,2021-10-03T14:21:34Z,2022-09-02T20:52:04Z
P-00441,NR-ACT-00441,Modular Stepper Motor ZN-217,Actuators,Stepper Motor,325280,6822,W-06,true,2021-11-08T15:10:55Z,2022-05-03T16:03:41Z
P-00442,NR-CBL-00442,High-Torque EtherCAT Cable AA-254,Cabling and Connectors,EtherCAT Cable,4499,3163,W-08,true,2024-03-13T21:42:33Z,2024-05-25T22:30:57Z
P-00443,NR-CTL-00443,Heavy-Duty IO Expansion Board BN-291,Controllers,IO Expansion Board,418584,4584,W-02,false,2021-04-02T21:07:48Z,2022-01-17T17:05:38Z
P-00444,NR-DRV-00444,Rapid-Cycle Ball Screw CA-328,Drivetrain,Ball Screw,182175,7673,W-05,true,2022-08-21T16:39:03Z,2023-04-16T13:49:24Z
P-00445,NR-EFF-00445,Low-Backlash Tool Changer DN-365,End Effectors,Tool Changer,500000,7186,W-05,true,2021-09-25T19:16:31Z,2022-02-19T04:50:10Z
P-00446,NR-FRM-00446,Compact Mounting Bracket EA-402,Frames and Structure,Mounting Bracket,26016,17039,W-06,false,2021-05-31T15:08:46Z,2021-09-28T18:25:32Z
P-00447,NR-PWR-00447,Quiet-Drive DC-DC Converter FN-439,Power Systems,DC-DC Converter,62684,5691,W-05,true,2024-09-28T12:32:49Z,2025-02-13T09:14:16Z
P-00448,NR-SEN-00448,Sealed LIDAR Unit GA-476,Sensors,LIDAR Unit,20173,1689,W-08,true,2021-03-02T05:36:35Z,2021-06-03T15:50:55Z
P-00449,NR-ACT-00449,Industrial Servo Motor HN-513,Actuators,Servo Motor,265559,6831,W-08,true,2023-11-28T01:16:50Z,2024-04-16T04:29:33Z
P-00450,NR-CBL-00450,Precision Cable Chain IA-550,Cabling and Connectors,Cable Chain,5772,1681,W-08,true,2023-07-27T12:14:11Z,2023-11-25T02:21:17Z
P-00451,NR-CTL-00451,Modular Motion Controller JN-587,Controllers,Motion Controller,900000,4568,W-01,true,2023-05-02T06:11:28Z,2024-02-28T06:48:10Z
P-00452,NR-DRV-00452,High-Torque Harmonic Reducer KA-624,Drivetrain,Harmonic Reducer,221857,100,W-06,true,2022-07-23T02:02:32Z,2022-11-09T21:34:55Z
P-00453,NR-EFF-00453,Heavy-Duty Parallel Gripper LN-661,End Effectors,Parallel Gripper,269966,11527,W-03,true,2021-03-06T14:36:07Z,2021-12-09T22:11:49Z
P-00454,NR-FRM-00454,Rapid-Cycle Aluminum Extrusion MA-698,Frames and Structure,Aluminum Extrusion,80000,45468,W-02,true,2024-11-14T02:53:00Z,2025-01-29T20:16:58Z
P-00455,NR-PWR-00455,Low-Backlash Battery Pack NN-735,Power Systems,Battery Pack,142918,7511,W-03,true,2023-05-25T14:02:17Z,2024-03-26T18:10:38Z
P-00456,NR-SEN-00456,Compact Force-Torque Sensor OA-772,Sensors,Force-Torque Sensor,158557,516,W-05,true,2022-11-27T19:05:33Z,2023-04-30T14:51:14Z
P-00457,NR-ACT-00457,Quiet-Drive Linear Actuator PN-809,Actuators,Linear Actuator,191810,18502,W-02,true,2021-05-08T23:40:49Z,2022-05-24T22:37:01Z
P-00458,NR-CBL-00458,Sealed M12 Connector QA-846,Cabling and Connectors,M12 Connector,9355,2074,W-06,true,2022-04-21T04:41:18Z,2023-05-12T16:53:48Z
P-00459,NR-CTL-00459,Industrial PLC Module RN-883,Controllers,PLC Module,837507,4469,W-02,true,2021-03-06T16:10:25Z,2021-07-30T18:13:06Z
P-00460,NR-DRV-00460,Precision Planetary Gearbox SA-920,Drivetrain,Planetary Gearbox,247588,6502,W-07,true,2024-02-23T09:30:02Z,2024-03-31T15:27:56Z
P-00461,NR-EFF-00461,Modular Vacuum Gripper TN-957,End Effectors,Vacuum Gripper,217784,5878,W-04,true,2022-07-01T10:46:20Z,2022-08-11T04:14:10Z
P-00462,NR-FRM-00462,High-Torque Base Plate UA-994,Frames and Structure,Base Plate,54232,10047,W-01,true,2023-03-25T23:33:20Z,2023-08-11T11:07:27Z
P-00463,NR-PWR-00463,Heavy-Duty Power Supply Unit VN-131,Power Systems,Power Supply Unit,35033,8730,W-06,true,2021-06-03T05:57:57Z,2022-05-24T09:25:14Z
P-00464,NR-SEN-00464,Rapid-Cycle Proximity Sensor WA-168,Sensors,Proximity Sensor,300000,1195,W-06,true,2021-11-13T07:03:54Z,2022-12-02T23:39:50Z
P-00465,NR-ACT-00465,Low-Backlash Rotary Actuator XN-205,Actuators,Rotary Actuator,274261,18639,W-04,true,2022-08-16T14:55:50Z,2023-01-23T15:36:18Z
P-00466,NR-CBL-00466,Compact Servo Cable YA-242,Cabling and Connectors,Servo Cable,9130,1714,W-03,true,2022-01-09T10:17:28Z,2022-09-23T07:55:51Z
P-00467,NR-CTL-00467,Quiet-Drive Edge Compute Node ZN-279,Controllers,Edge Compute Node,900000,4022,W-05,true,2024-07-25T10:58:29Z,2025-06-02T16:01:43Z
P-00468,NR-DRV-00468,Sealed Timing Belt AA-316,Drivetrain,Timing Belt,223669,8121,W-08,true,2022-02-06T01:50:43Z,2022-12-31T12:09:55Z
P-00469,NR-EFF-00469,Industrial Welding Torch BN-353,End Effectors,Welding Torch,173346,1851,W-04,true,2024-09-26T23:36:13Z,2025-04-26T17:30:51Z
P-00470,NR-FRM-00470,Precision Gantry Beam CA-390,Frames and Structure,Gantry Beam,38646,31401,W-01,true,2024-08-01T23:40:53Z,2024-12-27T04:09:08Z
P-00471,NR-PWR-00471,Modular Motor Driver DN-427,Power Systems,Motor Driver,156358,4395,W-06,true,2022-09-07T08:08:00Z,2022-10-09T19:19:46Z
P-00472,NR-SEN-00472,High-Torque Rotary Encoder EA-464,Sensors,Rotary Encoder,127469,867,W-04,true,2021-06-27T16:24:34Z,2021-09-25T05:21:16Z
P-00473,NR-ACT-00473,Heavy-Duty Stepper Motor FN-501,Actuators,Stepper Motor,336732,19234,W-05,true,2022-05-24T13:33:27Z,2022-10-01T13:29:58Z
P-00474,NR-CBL-00474,Rapid-Cycle EtherCAT Cable GA-538,Cabling and Connectors,EtherCAT Cable,10303,1738,W-05,true,2022-03-21T23:13:06Z,2022-10-29T02:30:03Z
P-00475,NR-CTL-00475,Low-Backlash IO Expansion Board HN-575,Controllers,IO Expansion Board,567322,3315,W-03,true,2024-10-07T17:32:50Z,2025-03-13T17:27:03Z
P-00476,NR-DRV-00476,Compact Ball Screw IA-612,Drivetrain,Ball Screw,282090,6091,W-04,true,2023-03-17T00:50:56Z,2023-04-13T18:15:19Z
P-00477,NR-EFF-00477,Quiet-Drive Tool Changer JN-649,End Effectors,Tool Changer,197165,6351,W-03,true,2022-08-26T20:04:08Z,2023-01-17T02:59:39Z
P-00478,NR-FRM-00478,Sealed Mounting Bracket KA-686,Frames and Structure,Mounting Bracket,66949,41724,W-04,true,2023-08-14T20:49:23Z,2024-05-28T22:56:08Z
P-00479,NR-PWR-00479,Industrial DC-DC Converter LN-723,Power Systems,DC-DC Converter,96041,10036,W-06,true,2023-02-22T08:17:16Z,2023-07-19T02:55:59Z
P-00480,NR-SEN-00480,Precision Thermal Camera Module MA-760,Sensors,Thermal Camera Module,167638,376,W-01,true,2021-08-26T05:27:40Z,2022-05-18T08:38:22Z
P-00481,NR-ACT-00481,Modular Servo Motor NN-797,Actuators,Servo Motor,284973,8029,W-06,true,2021-11-08T16:44:52Z,2021-12-22T12:38:41Z
P-00482,NR-CBL-00482,High-Torque Cable Chain OA-834,Cabling and Connectors,Cable Chain,6006,2367,W-03,true,2021-12-16T21:23:30Z,2022-05-08T18:42:48Z
P-00483,NR-CTL-00483,Heavy-Duty Motion Controller PN-871,Controllers,Motion Controller,324510,3239,W-01,true,2022-11-16T08:10:02Z,2023-01-09T05:33:28Z
P-00484,NR-DRV-00484,Rapid-Cycle Harmonic Reducer QA-908,Drivetrain,Harmonic Reducer,242626,3341,W-01,true,2021-08-11T16:58:36Z,2022-04-15T08:36:14Z
P-00485,NR-EFF-00485,Low-Backlash Parallel Gripper RN-945,End Effectors,Parallel Gripper,429444,7645,W-06,true,2021-01-28T03:01:24Z,2021-06-09T02:28:22Z
P-00486,NR-FRM-00486,Compact Aluminum Extrusion SA-982,Frames and Structure,Aluminum Extrusion,38214,17318,W-03,true,2021-06-11T05:40:06Z,2021-12-09T17:26:35Z
P-00487,NR-PWR-00487,Quiet-Drive Battery Pack TN-119,Power Systems,Battery Pack,132567,9113,W-06,true,2024-04-09T03:02:34Z,2024-07-11T01:19:58Z
P-00488,NR-SEN-00488,Sealed LIDAR Unit UA-156,Sensors,LIDAR Unit,231054,610,W-01,true,2021-04-25T20:05:13Z,2021-05-11T05:03:42Z
P-00489,NR-ACT-00489,Industrial Linear Actuator VN-193,Actuators,Linear Actuator,90580,1644,W-02,true,2023-08-15T23:58:29Z,2024-06-11T09:50:12Z
P-00490,NR-CBL-00490,Precision M12 Connector WA-230,Cabling and Connectors,M12 Connector,1850,2520,W-06,true,2022-06-21T03:59:05Z,2023-06-09T13:30:23Z
P-00491,NR-CTL-00491,Modular PLC Module XN-267,Controllers,PLC Module,25000,5258,W-01,true,2022-07-14T10:48:41Z,2023-01-04T07:29:18Z
P-00492,NR-DRV-00492,High-Torque Planetary Gearbox YA-304,Drivetrain,Planetary Gearbox,253408,11728,W-07,false,2022-08-27T10:31:54Z,2023-03-15T05:17:28Z
P-00493,NR-EFF-00493,Heavy-Duty Vacuum Gripper ZN-341,End Effectors,Vacuum Gripper,341529,4157,W-08,true,2022-04-11T19:30:14Z,2022-08-01T15:33:21Z
P-00494,NR-FRM-00494,Rapid-Cycle Base Plate AA-378,Frames and Structure,Base Plate,60331,34289,W-06,false,2021-07-14T05:14:26Z,2022-04-14T08:32:40Z
P-00495,NR-PWR-00495,Low-Backlash Power Supply Unit BN-415,Power Systems,Power Supply Unit,143762,13483,W-04,true,2022-12-04T15:24:23Z,2023-11-14T10:10:10Z
P-00496,NR-SEN-00496,Compact Force-Torque Sensor CA-452,Sensors,Force-Torque Sensor,231847,1476,W-06,true,2022-09-12T15:26:18Z,2022-12-25T00:52:32Z
P-00497,NR-ACT-00497,Quiet-Drive Rotary Actuator DN-489,Actuators,Rotary Actuator,220172,7584,W-07,true,2023-06-02T22:59:17Z,2023-11-01T02:37:51Z
P-00498,NR-CBL-00498,Sealed Servo Cable EA-526,Cabling and Connectors,Servo Cable,13276,1487,W-04,true,2023-05-02T14:34:58Z,2024-03-14T16:07:59Z
P-00499,NR-CTL-00499,Industrial Edge Compute Node FN-563,Controllers,Edge Compute Node,330208,5968,W-08,true,2021-06-18T18:46:20Z,2022-06-05T02:37:28Z
P-00500,NR-DRV-00500,Precision Timing Belt GA-600,Drivetrain,Timing Belt,127418,14246,W-03,true,2021-12-04T08:59:16Z,2022-08-23T15:51:28Z
P-00501,NR-EFF-00501,Modular Welding Torch HN-637,End Effectors,Welding Torch,187214,5523,W-06,true,2022-11-02T18:04:03Z,2023-03-22T19:23:13Z
P-00502,NR-FRM-00502,High-Torque Gantry Beam IA-674,Frames and Structure,Gantry Beam,45013,29108,W-06,true,2023-11-03T03:19:17Z,2024-03-15T23:59:11Z
P-00503,NR-PWR-00503,Heavy-Duty Motor Driver JN-711,Power Systems,Motor Driver,112695,16387,W-08,true,2023-06-13T08:07:53Z,2023-11-13T23:34:20Z
P-00504,NR-SEN-00504,Rapid-Cycle Proximity Sensor KA-748,Sensors,Proximity Sensor,191210,2377,W-04,true,2021-07-22T19:26:46Z,2022-08-04T19:54:42Z
P-00505,NR-ACT-00505,Low-Backlash Stepper Motor LN-785,Actuators,Stepper Motor,130305,22000,W-04,true,2024-05-07T12:04:46Z,2024-06-27T06:27:37Z
P-00506,NR-CBL-00506,Compact EtherCAT Cable MA-822,Cabling and Connectors,EtherCAT Cable,8066,2072,W-07,true,2021-05-20T17:27:58Z,2022-01-19T01:41:14Z
P-00507,NR-CTL-00507,Quiet-Drive IO Expansion Board NN-859,Controllers,IO Expansion Board,649265,3798,W-04,false,2022-04-23T18:44:11Z,2022-06-14T01:29:45Z
P-00508,NR-DRV-00508,Sealed Ball Screw OA-896,Drivetrain,Ball Screw,55247,13740,W-04,true,2023-12-30T00:13:45Z,2024-05-14T02:31:45Z
P-00509,NR-EFF-00509,Industrial Tool Changer PN-933,End Effectors,Tool Changer,240994,7403,W-02,true,2021-08-25T03:36:02Z,2021-12-29T22:55:36Z
P-00510,NR-FRM-00510,Precision Mounting Bracket QA-970,Frames and Structure,Mounting Bracket,20293,39566,W-01,true,2023-05-09T00:01:37Z,2024-05-07T17:24:10Z
P-00511,NR-PWR-00511,Modular DC-DC Converter RN-107,Power Systems,DC-DC Converter,112077,5661,W-01,false,2023-10-29T06:50:00Z,2024-02-20T04:31:05Z
P-00512,NR-SEN-00512,High-Torque Rotary Encoder SA-144,Sensors,Rotary Encoder,181762,1550,W-01,true,2022-08-15T18:48:48Z,2023-08-18T00:41:17Z
P-00513,NR-ACT-00513,Heavy-Duty Servo Motor TN-181,Actuators,Servo Motor,184214,13469,W-04,true,2024-06-24T15:26:59Z,2025-04-02T02:46:52Z
P-00514,NR-CBL-00514,Rapid-Cycle Cable Chain UA-218,Cabling and Connectors,Cable Chain,12071,1448,W-01,true,2021-01-31T20:18:36Z,2022-02-17T19:30:42Z
P-00515,NR-CTL-00515,Low-Backlash Motion Controller VN-255,Controllers,Motion Controller,729668,3723,W-07,false,2024-10-09T02:46:08Z,2025-07-23T11:28:31Z
P-00516,NR-DRV-00516,Compact Harmonic Reducer WA-292,Drivetrain,Harmonic Reducer,220035,8391,W-01,true,2024-11-25T03:26:22Z,2025-03-21T06:03:37Z
P-00517,NR-EFF-00517,Quiet-Drive Parallel Gripper XN-329,End Effectors,Parallel Gripper,474587,10523,W-03,false,2022-05-14T04:30:35Z,2022-12-27T06:17:55Z
P-00518,NR-FRM-00518,Sealed Aluminum Extrusion YA-366,Frames and Structure,Aluminum Extrusion,29586,500,W-04,true,2024-05-26T16:43:21Z,2025-06-14T23:31:44Z
P-00519,NR-PWR-00519,Industrial Battery Pack ZN-403,Power Systems,Battery Pack,250000,10037,W-04,false,2022-07-22T08:14:18Z,2023-02-03T15:12:06Z
P-00520,NR-SEN-00520,Precision Thermal Camera Module AA-440,Sensors,Thermal Camera Module,175092,2420,W-01,true,2024-11-08T03:17:33Z,2025-03-17T18:11:49Z
P-00521,NR-ACT-00521,Modular Linear Actuator BN-477,Actuators,Linear Actuator,308585,12480,W-08,true,2022-11-04T13:32:01Z,2023-07-24T17:19:19Z
P-00522,NR-CBL-00522,High-Torque M12 Connector CA-514,Cabling and Connectors,M12 Connector,13572,2422,W-06,true,2022-06-02T04:06:53Z,2022-06-26T12:57:53Z
P-00523,NR-CTL-00523,Heavy-Duty PLC Module DN-551,Controllers,PLC Module,875034,9000,W-02,true,2021-01-30T20:16:52Z,2021-09-22T23:12:47Z
P-00524,NR-DRV-00524,Rapid-Cycle Planetary Gearbox EA-588,Drivetrain,Planetary Gearbox,41580,13052,W-03,true,2023-12-17T02:13:33Z,2024-07-14T00:40:44Z
P-00525,NR-EFF-00525,Low-Backlash Vacuum Gripper FN-625,End Effectors,Vacuum Gripper,218691,3543,W-06,true,2022-06-16T11:28:55Z,2022-09-27T06:28:50Z
P-00526,NR-FRM-00526,Compact Base Plate GA-662,Frames and Structure,Base Plate,70097,21927,W-06,true,2022-02-19T06:16:21Z,2022-04-24T23:12:40Z
P-00527,NR-PWR-00527,Quiet-Drive Power Supply Unit HN-699,Power Systems,Power Supply Unit,244907,3935,W-07,true,2024-11-19T19:50:47Z,2025-07-25T07:14:25Z
P-00528,NR-SEN-00528,Sealed LIDAR Unit IA-736,Sensors,LIDAR Unit,254071,349,W-01,true,2024-06-06T10:18:29Z,2024-08-28T13:51:26Z
P-00529,NR-ACT-00529,Industrial Rotary Actuator JN-773,Actuators,Rotary Actuator,235502,14568,W-05,true,2024-05-30T00:29:05Z,2024-11-30T01:27:56Z
P-00530,NR-CBL-00530,Precision Servo Cable KA-810,Cabling and Connectors,Servo Cable,8973,46,W-07,true,2024-02-19T02:50:29Z,2024-11-10T02:03:18Z
P-00531,NR-CTL-00531,Modular Edge Compute Node LN-847,Controllers,Edge Compute Node,670313,2454,W-04,true,2024-09-15T14:15:33Z,2025-09-08T11:30:14Z
P-00532,NR-DRV-00532,High-Torque Timing Belt MA-884,Drivetrain,Timing Belt,125579,5101,W-06,true,2021-03-29T06:02:08Z,2021-07-14T23:52:10Z
P-00533,NR-EFF-00533,Heavy-Duty Welding Torch NN-921,End Effectors,Welding Torch,318255,10735,W-01,true,2024-01-21T18:27:53Z,2024-04-01T21:45:00Z
P-00534,NR-FRM-00534,Rapid-Cycle Gantry Beam OA-958,Frames and Structure,Gantry Beam,75524,30885,W-06,true,2024-01-19T18:55:16Z,2024-03-21T11:16:02Z
P-00535,NR-PWR-00535,Low-Backlash Motor Driver PN-995,Power Systems,Motor Driver,62437,13168,W-01,true,2021-11-03T11:52:04Z,2022-11-23T04:56:09Z
P-00536,NR-SEN-00536,Compact Force-Torque Sensor QA-132,Sensors,Force-Torque Sensor,117069,1419,W-05,true,2023-07-09T08:21:08Z,2023-08-25T22:26:22Z
P-00537,NR-ACT-00537,Quiet-Drive Stepper Motor RN-169,Actuators,Stepper Motor,111404,13471,W-05,true,2021-11-04T03:33:16Z,2022-05-27T15:06:22Z
P-00538,NR-CBL-00538,Sealed EtherCAT Cable SA-206,Cabling and Connectors,EtherCAT Cable,10490,2984,W-02,true,2023-12-28T20:49:18Z,2024-02-25T17:27:31Z
P-00539,NR-CTL-00539,Industrial IO Expansion Board TN-243,Controllers,IO Expansion Board,623440,8561,W-05,true,2023-09-14T21:35:09Z,2024-05-02T08:50:17Z
P-00540,NR-DRV-00540,Precision Ball Screw UA-280,Drivetrain,Ball Screw,95883,4912,W-01,true,2022-01-25T20:05:11Z,2022-10-20T14:51:38Z
P-00541,NR-EFF-00541,Modular Tool Changer VN-317,End Effectors,Tool Changer,241240,2446,W-04,true,2021-09-08T12:21:50Z,2021-10-28T17:35:22Z
P-00542,NR-FRM-00542,High-Torque Mounting Bracket WA-354,Frames and Structure,Mounting Bracket,62074,36804,W-03,true,2024-06-24T06:11:47Z,2025-05-24T07:44:39Z
P-00543,NR-PWR-00543,Heavy-Duty DC-DC Converter XN-391,Power Systems,DC-DC Converter,218784,12743,W-05,true,2024-03-02T04:20:53Z,2024-05-09T17:06:21Z
P-00544,NR-SEN-00544,Rapid-Cycle Proximity Sensor YA-428,Sensors,Proximity Sensor,101746,3119,W-06,true,2023-07-30T14:55:54Z,2023-09-19T19:00:06Z
P-00545,NR-ACT-00545,Low-Backlash Servo Motor ZN-465,Actuators,Servo Motor,73533,7533,W-01,true,2024-02-27T22:56:50Z,2025-03-07T03:09:43Z
P-00546,NR-CBL-00546,Compact Cable Chain AA-502,Cabling and Connectors,Cable Chain,5517,2617,W-06,true,2024-03-03T06:28:14Z,2024-07-29T01:38:27Z
P-00547,NR-CTL-00547,Quiet-Drive Motion Controller BN-539,Controllers,Motion Controller,480840,5967,W-07,true,2024-09-28T23:49:58Z,2025-09-22T13:25:48Z
P-00548,NR-DRV-00548,Sealed Harmonic Reducer CA-576,Drivetrain,Harmonic Reducer,108900,13482,W-03,true,2024-10-28T16:29:19Z,2025-10-24T09:23:37Z
P-00549,NR-EFF-00549,Industrial Parallel Gripper DN-613,End Effectors,Parallel Gripper,190220,6560,W-06,true,2021-02-08T00:40:25Z,2021-05-27T07:52:29Z
P-00550,NR-FRM-00550,Precision Aluminum Extrusion EA-650,Frames and Structure,Aluminum Extrusion,45551,16089,W-05,true,2021-01-22T16:05:59Z,2021-12-26T01:33:12Z
P-00551,NR-PWR-00551,Modular Battery Pack FN-687,Power Systems,Battery Pack,150682,2767,W-08,true,2021-10-13T16:38:51Z,2022-03-31T05:42:17Z
P-00552,NR-SEN-00552,High-Torque Rotary Encoder GA-724,Sensors,Rotary Encoder,214199,2248,W-03,true,2021-11-04T04:53:46Z,2021-11-21T01:03:11Z
P-00553,NR-ACT-00553,Heavy-Duty Linear Actuator HN-761,Actuators,Linear Actuator,168660,11253,W-08,true,2023-01-26T19:19:51Z,2024-02-18T11:55:00Z
P-00554,NR-CBL-00554,Rapid-Cycle M12 Connector IA-798,Cabling and Connectors,M12 Connector,300,2996,W-01,true,2023-11-01T06:25:14Z,2023-12-17T16:26:07Z
P-00555,NR-CTL-00555,Low-Backlash PLC Module JN-835,Controllers,PLC Module,399868,5470,W-07,true,2023-08-03T05:05:04Z,2024-03-14T22:26:05Z
P-00556,NR-DRV-00556,Compact Planetary Gearbox KA-872,Drivetrain,Planetary Gearbox,243553,11047,W-04,true,2022-10-09T18:28:55Z,2023-10-25T18:11:34Z
P-00557,NR-EFF-00557,Quiet-Drive Vacuum Gripper LN-909,End Effectors,Vacuum Gripper,359770,6281,W-02,true,2022-04-28T12:27:06Z,2023-03-27T17:32:36Z
P-00558,NR-FRM-00558,Sealed Base Plate MA-946,Frames and Structure,Base Plate,20857,17272,W-07,true,2022-08-03T23:40:18Z,2022-11-11T12:15:12Z
P-00559,NR-PWR-00559,Industrial Power Supply Unit NN-983,Power Systems,Power Supply Unit,16557,17730,W-07,true,2022-07-29T18:55:02Z,2023-06-18T16:22:17Z
P-00560,NR-SEN-00560,Precision Thermal Camera Module OA-120,Sensors,Thermal Camera Module,158291,3500,W-04,true,2024-11-03T01:39:17Z,2025-07-03T19:46:02Z
P-00561,NR-ACT-00561,Modular Rotary Actuator PN-157,Actuators,Rotary Actuator,76303,2527,W-03,true,2023-05-13T03:44:28Z,2024-02-01T19:55:05Z
P-00562,NR-CBL-00562,High-Torque Servo Cable QA-194,Cabling and Connectors,Servo Cable,4734,1587,W-02,true,2022-05-15T22:47:40Z,2022-11-09T18:17:50Z
P-00563,NR-CTL-00563,Heavy-Duty Edge Compute Node RN-231,Controllers,Edge Compute Node,384453,1770,W-05,true,2022-12-31T17:38:38Z,2023-01-15T19:14:08Z
P-00564,NR-DRV-00564,Rapid-Cycle Timing Belt SA-268,Drivetrain,Timing Belt,109144,14629,W-03,true,2023-08-27T17:45:14Z,2024-05-03T13:50:11Z
P-00565,NR-EFF-00565,Low-Backlash Welding Torch TN-305,End Effectors,Welding Torch,379176,7758,W-04,true,2022-08-29T04:27:49Z,2023-01-26T05:37:54Z
P-00566,NR-FRM-00566,Compact Gantry Beam UA-342,Frames and Structure,Gantry Beam,45021,18689,W-05,true,2024-04-23T04:58:03Z,2024-06-08T01:12:12Z
P-00567,NR-PWR-00567,Quiet-Drive Motor Driver VN-379,Power Systems,Motor Driver,84543,9619,W-06,true,2024-07-05T08:08:38Z,2025-07-15T03:35:09Z
P-00568,NR-SEN-00568,Sealed LIDAR Unit WA-416,Sensors,LIDAR Unit,35793,1186,W-06,true,2022-05-04T01:02:32Z,2022-10-06T10:23:59Z
P-00569,NR-ACT-00569,Industrial Stepper Motor XN-453,Actuators,Stepper Motor,302877,4248,W-05,true,2021-04-05T01:57:01Z,2021-09-03T11:57:09Z
P-00570,NR-CBL-00570,Precision EtherCAT Cable YA-490,Cabling and Connectors,EtherCAT Cable,3344,1831,W-02,true,2022-10-20T02:15:34Z,2022-10-28T13:42:41Z
P-00571,NR-CTL-00571,Modular IO Expansion Board ZN-527,Controllers,IO Expansion Board,418420,6053,W-06,true,2023-10-10T06:42:44Z,2024-09-01T14:36:38Z
P-00572,NR-DRV-00572,High-Torque Ball Screw AA-564,Drivetrain,Ball Screw,262655,9527,W-07,true,2022-08-17T10:43:03Z,2022-12-17T09:00:26Z
P-00573,NR-EFF-00573,Heavy-Duty Tool Changer BN-601,End Effectors,Tool Changer,83375,3298,W-01,true,2022-12-10T06:47:45Z,2023-07-12T14:51:59Z
P-00574,NR-FRM-00574,Rapid-Cycle Mounting Bracket CA-638,Frames and Structure,Mounting Bracket,49582,49483,W-07,true,2021-07-19T16:09:27Z,2022-03-27T09:39:17Z
P-00575,NR-PWR-00575,Low-Backlash DC-DC Converter DN-675,Power Systems,DC-DC Converter,157814,8476,W-03,true,2022-07-27T22:40:50Z,2022-11-15T01:08:42Z
P-00576,NR-SEN-00576,Compact Force-Torque Sensor EA-712,Sensors,Force-Torque Sensor,107527,3034,W-01,true,2023-10-02T00:51:58Z,2024-06-09T14:30:20Z
P-00577,NR-ACT-00577,Quiet-Drive Servo Motor FN-749,Actuators,Servo Motor,155882,14130,W-04,true,2022-05-19T08:07:24Z,2022-06-18T22:14:49Z
P-00578,NR-CBL-00578,Sealed Cable Chain GA-786,Cabling and Connectors,Cable Chain,8575,1778,W-01,true,2024-12-10T23:09:13Z,2025-02-01T16:48:06Z
P-00579,NR-CTL-00579,Industrial Motion Controller HN-823,Controllers,Motion Controller,527307,5428,W-04,true,2022-01-01T01:56:31Z,2022-03-13T10:19:31Z
P-00580,NR-DRV-00580,Precision Harmonic Reducer IA-860,Drivetrain,Harmonic Reducer,184742,100,W-02,true,2022-06-18T17:20:00Z,2022-08-11T18:20:01Z
P-00581,NR-EFF-00581,Modular Parallel Gripper JN-897,End Effectors,Parallel Gripper,101416,6251,W-06,true,2022-09-08T03:35:00Z,2023-01-06T12:41:40Z
P-00582,NR-FRM-00582,High-Torque Aluminum Extrusion KA-934,Frames and Structure,Aluminum Extrusion,32939,28333,W-06,true,2021-06-29T00:47:58Z,2022-01-17T13:37:09Z
P-00583,NR-PWR-00583,Heavy-Duty Battery Pack LN-971,Power Systems,Battery Pack,130457,10602,W-06,true,2024-08-02T09:20:07Z,2025-01-24T13:19:49Z
P-00584,NR-SEN-00584,Rapid-Cycle Proximity Sensor MA-108,Sensors,Proximity Sensor,132761,1796,W-04,true,2024-09-14T05:57:49Z,2024-12-30T04:22:35Z
P-00585,NR-ACT-00585,Low-Backlash Linear Actuator NN-145,Actuators,Linear Actuator,136453,11182,W-02,true,2024-04-04T05:16:33Z,2024-11-15T04:32:44Z
P-00586,NR-CBL-00586,Compact M12 Connector OA-182,Cabling and Connectors,M12 Connector,2186,2077,W-05,true,2021-03-04T08:09:20Z,2021-08-06T18:44:41Z
P-00587,NR-CTL-00587,Quiet-Drive PLC Module PN-219,Controllers,PLC Module,335913,3854,W-01,true,2023-12-27T05:54:11Z,2024-02-27T20:54:26Z
P-00588,NR-DRV-00588,Sealed Planetary Gearbox QA-256,Drivetrain,Planetary Gearbox,106187,5799,W-07,true,2021-08-25T12:30:34Z,2021-08-31T05:31:20Z
P-00589,NR-EFF-00589,Industrial Vacuum Gripper RN-293,End Effectors,Vacuum Gripper,429255,3589,W-04,true,2022-08-05T10:56:13Z,2023-09-06T06:25:24Z
P-00590,NR-FRM-00590,Precision Base Plate SA-330,Frames and Structure,Base Plate,12721,48458,W-07,true,2022-05-24T01:36:32Z,2022-12-12T06:43:57Z
P-00591,NR-PWR-00591,Modular Power Supply Unit TN-367,Power Systems,Power Supply Unit,58145,13129,W-05,true,2023-07-27T07:11:02Z,2024-08-27T19:55:21Z
P-00592,NR-SEN-00592,High-Torque Rotary Encoder UA-404,Sensors,Rotary Encoder,160195,1179,W-02,true,2024-06-03T22:59:51Z,2024-08-25T20:34:54Z
P-00593,NR-ACT-00593,Heavy-Duty Rotary Actuator VN-441,Actuators,Rotary Actuator,222503,400,W-07,true,2024-02-17T20:58:41Z,2024-10-06T19:28:04Z
P-00594,NR-CBL-00594,Rapid-Cycle Servo Cable WA-478,Cabling and Connectors,Servo Cable,10389,709,W-03,true,2021-03-26T10:58:09Z,2021-09-20T22:56:20Z
P-00595,NR-CTL-00595,Low-Backlash Edge Compute Node XN-515,Controllers,Edge Compute Node,47598,2807,W-06,true,2021-02-06T23:47:43Z,2021-10-05T16:46:45Z
P-00596,NR-DRV-00596,Compact Timing Belt YA-552,Drivetrain,Timing Belt,339298,8093,W-02,true,2024-01-24T09:23:13Z,2024-11-21T04:53:19Z
P-00597,NR-EFF-00597,Quiet-Drive Welding Torch ZN-589,End Effectors,Welding Torch,229573,2854,W-06,true,2021-09-14T17:14:17Z,2022-10-01T14:51:34Z
P-00598,NR-FRM-00598,Sealed Gantry Beam AA-626,Frames and Structure,Gantry Beam,14923,32740,W-06,true,2021-06-16T15:00:06Z,2021-06-16T20:02:54Z
P-00599,NR-PWR-00599,Industrial Motor Driver BN-663,Power Systems,Motor Driver,178686,4158,W-06,true,2024-12-15T22:51:25Z,2024-12-15T23:02:01Z
P-00600,NR-SEN-00600,Precision Thermal Camera Module CA-700,Sensors,Thermal Camera Module,130421,2566,W-03,true,2022-07-26T17:53:23Z,2023-01-09T23:32:01Z
P-00601,NR-ACT-00601,Modular Stepper Motor DN-737,Actuators,Stepper Motor,56297,400,W-01,true,2022-10-11T13:02:40Z,2022-10-28T22:30:31Z
P-00602,NR-CBL-00602,High-Torque EtherCAT Cable EA-774,Cabling and Connectors,EtherCAT Cable,7361,2259,W-08,true,2022-02-13T03:07:20Z,2023-02-03T00:52:15Z
P-00603,NR-CTL-00603,Heavy-Duty IO Expansion Board FN-811,Controllers,IO Expansion Board,876284,2717,W-05,true,2023-09-17T02:15:40Z,2023-10-10T16:21:15Z
P-00604,NR-DRV-00604,Rapid-Cycle Ball Screw GA-848,Drivetrain,Ball Screw,323630,1648,W-07,true,2021-05-14T17:51:51Z,2021-11-13T02:54:21Z
P-00605,NR-EFF-00605,Low-Backlash Tool Changer HN-885,End Effectors,Tool Changer,10000,7789,W-04,true,2023-12-28T21:08:37Z,2025-01-04T11:51:56Z
P-00606,NR-FRM-00606,Compact Mounting Bracket IA-922,Frames and Structure,Mounting Bracket,68584,39087,W-06,true,2023-11-20T06:23:25Z,2024-09-08T10:06:09Z
P-00607,NR-PWR-00607,Quiet-Drive DC-DC Converter JN-959,Power Systems,DC-DC Converter,198084,10074,W-05,true,2021-01-21T14:42:23Z,2021-02-24T19:33:15Z
P-00608,NR-SEN-00608,Sealed LIDAR Unit KA-996,Sensors,LIDAR Unit,51671,25,W-05,true,2024-01-22T17:26:50Z,2025-01-28T21:50:43Z
P-00609,NR-ACT-00609,Industrial Servo Motor LN-133,Actuators,Servo Motor,257616,15272,W-08,false,2021-10-20T03:45:03Z,2022-04-20T13:05:05Z
P-00610,NR-CBL-00610,Precision Cable Chain MA-170,Cabling and Connectors,Cable Chain,5170,315,W-07,true,2024-07-21T17:41:20Z,2025-06-24T21:05:54Z
P-00611,NR-CTL-00611,Modular Motion Controller NN-207,Controllers,Motion Controller,144774,3423,W-05,true,2024-02-28T11:22:28Z,2024-04-05T05:00:30Z
P-00612,NR-DRV-00612,High-Torque Harmonic Reducer OA-244,Drivetrain,Harmonic Reducer,169583,9110,W-02,true,2023-01-04T23:09:05Z,2023-05-12T06:22:13Z
P-00613,NR-EFF-00613,Heavy-Duty Parallel Gripper PN-281,End Effectors,Parallel Gripper,70417,10637,W-02,true,2023-09-21T03:21:37Z,2024-06-16T11:57:08Z
P-00614,NR-FRM-00614,Rapid-Cycle Aluminum Extrusion QA-318,Frames and Structure,Aluminum Extrusion,19570,41061,W-08,true,2022-06-24T17:23:40Z,2023-02-06T21:02:56Z
P-00615,NR-PWR-00615,Low-Backlash Battery Pack RN-355,Power Systems,Battery Pack,182399,14421,W-05,true,2022-09-26T12:50:49Z,2023-07-03T09:51:48Z
P-00616,NR-SEN-00616,Compact Force-Torque Sensor SA-392,Sensors,Force-Torque Sensor,184133,1673,W-05,true,2022-06-01T23:50:06Z,2023-03-07T13:54:14Z
P-00617,NR-ACT-00617,Quiet-Drive Linear Actuator TN-429,Actuators,Linear Actuator,159805,6518,W-06,true,2022-06-18T12:53:03Z,2023-07-16T19:59:09Z
P-00618,NR-CBL-00618,Sealed M12 Connector UA-466,Cabling and Connectors,M12 Connector,15000,609,W-01,true,2023-04-20T04:31:38Z,2023-08-22T00:28:47Z
P-00619,NR-CTL-00619,Industrial PLC Module VN-503,Controllers,PLC Module,631991,2363,W-05,true,2022-09-08T17:00:20Z,2022-11-11T04:48:46Z
P-00620,NR-DRV-00620,Precision Planetary Gearbox WA-540,Drivetrain,Planetary Gearbox,256964,671,W-05,true,2023-06-13T22:52:30Z,2023-06-17T02:11:43Z
P-00621,NR-EFF-00621,Modular Vacuum Gripper XN-577,End Effectors,Vacuum Gripper,250409,9819,W-02,true,2023-11-29T13:46:00Z,2024-08-15T16:45:00Z
P-00622,NR-FRM-00622,High-Torque Base Plate YA-614,Frames and Structure,Base Plate,23735,31146,W-08,true,2022-09-06T13:11:43Z,2023-07-08T15:30:46Z
P-00623,NR-PWR-00623,Heavy-Duty Power Supply Unit ZN-651,Power Systems,Power Supply Unit,138500,13160,W-04,true,2021-06-15T07:52:20Z,2021-12-07T17:21:55Z
P-00624,NR-SEN-00624,Rapid-Cycle Proximity Sensor AA-688,Sensors,Proximity Sensor,103018,1024,W-04,true,2024-10-19T12:17:44Z,2025-11-15T09:03:49Z
P-00625,NR-ACT-00625,Low-Backlash Rotary Actuator BN-725,Actuators,Rotary Actuator,271744,5194,W-05,true,2022-04-22T05:14:00Z,2022-10-27T01:20:01Z
P-00626,NR-CBL-00626,Compact Servo Cable CA-762,Cabling and Connectors,Servo Cable,7763,1158,W-02,true,2021-05-31T01:01:57Z,2021-10-26T09:39:11Z
P-00627,NR-CTL-00627,Quiet-Drive Edge Compute Node DN-799,Controllers,Edge Compute Node,516886,4730,W-03,true,2024-07-09T17:16:28Z,2024-09-03T03:04:36Z
P-00628,NR-DRV-00628,Sealed Timing Belt EA-836,Drivetrain,Timing Belt,264162,9221,W-06,true,2022-07-10T09:05:55Z,2023-05-19T09:34:41Z
P-00629,NR-EFF-00629,Industrial Welding Torch FN-873,End Effectors,Welding Torch,419916,6340,W-05,true,2021-11-20T19:31:11Z,2022-07-14T18:30:45Z
P-00630,NR-FRM-00630,Precision Gantry Beam GA-910,Frames and Structure,Gantry Beam,17552,38870,W-02,true,2023-07-11T17:10:35Z,2023-08-13T05:46:50Z
P-00631,NR-PWR-00631,Modular Motor Driver HN-947,Power Systems,Motor Driver,55019,200,W-05,true,2021-02-18T05:16:01Z,2021-09-04T21:23:32Z
P-00632,NR-SEN-00632,High-Torque Rotary Encoder IA-984,Sensors,Rotary Encoder,109719,118,W-07,true,2024-04-10T19:45:15Z,2024-06-25T22:44:01Z
P-00633,NR-ACT-00633,Heavy-Duty Stepper Motor JN-121,Actuators,Stepper Motor,104577,14552,W-01,true,2023-11-30T20:59:25Z,2024-12-15T17:00:08Z
P-00634,NR-CBL-00634,Rapid-Cycle EtherCAT Cable KA-158,Cabling and Connectors,EtherCAT Cable,11241,1972,W-06,true,2021-05-15T21:12:20Z,2022-05-19T17:27:26Z
P-00635,NR-CTL-00635,Low-Backlash IO Expansion Board LN-195,Controllers,IO Expansion Board,461197,5605,W-05,true,2024-01-17T15:49:05Z,2024-03-30T16:12:35Z
P-00636,NR-DRV-00636,Compact Ball Screw MA-232,Drivetrain,Ball Screw,40753,9289,W-08,true,2022-12-31T00:00:28Z,2023-01-26T16:11:30Z
P-00637,NR-EFF-00637,Quiet-Drive Tool Changer NN-269,End Effectors,Tool Changer,186318,9445,W-07,true,2022-09-30T20:32:31Z,2022-12-13T14:36:30Z
P-00638,NR-FRM-00638,Sealed Mounting Bracket OA-306,Frames and Structure,Mounting Bracket,51201,30754,W-03,true,2022-11-22T09:33:01Z,2023-01-15T01:39:37Z
P-00639,NR-PWR-00639,Industrial DC-DC Converter PN-343,Power Systems,DC-DC Converter,59185,9035,W-04,true,2023-04-13T02:57:40Z,2023-05-20T23:04:20Z
P-00640,NR-SEN-00640,Precision Thermal Camera Module QA-380,Sensors,Thermal Camera Module,153264,2197,W-08,true,2022-12-03T17:33:48Z,2023-07-19T14:44:22Z
P-00641,NR-ACT-00641,Modular Servo Motor RN-417,Actuators,Servo Motor,251277,9975,W-01,true,2023-12-03T22:02:03Z,2024-04-02T03:38:39Z
P-00642,NR-CBL-00642,High-Torque Cable Chain SA-454,Cabling and Connectors,Cable Chain,9090,1926,W-06,true,2021-01-09T20:13:54Z,2021-11-06T16:05:43Z
P-00643,NR-CTL-00643,Heavy-Duty Motion Controller TN-491,Controllers,Motion Controller,526372,757,W-04,true,2021-03-10T03:45:59Z,2021-10-30T22:36:40Z
P-00644,NR-DRV-00644,Rapid-Cycle Harmonic Reducer UA-528,Drivetrain,Harmonic Reducer,210186,10646,W-04,true,2022-11-22T18:21:55Z,2023-02-20T22:25:52Z
P-00645,NR-EFF-00645,Low-Backlash Parallel Gripper VN-565,End Effectors,Parallel Gripper,308880,7041,W-08,true,2022-07-24T14:39:31Z,2023-06-23T13:56:41Z
P-00646,NR-FRM-00646,Compact Aluminum Extrusion WA-602,Frames and Structure,Aluminum Extrusion,64601,32586,W-08,true,2021-06-15T04:11:57Z,2022-05-06T07:55:37Z
P-00647,NR-PWR-00647,Quiet-Drive Battery Pack XN-639,Power Systems,Battery Pack,78645,9692,W-04,true,2021-05-16T12:39:11Z,2021-12-06T15:08:41Z
P-00648,NR-SEN-00648,Sealed LIDAR Unit YA-676,Sensors,LIDAR Unit,231631,870,W-08,true,2024-11-29T01:02:08Z,2025-06-05T23:12:28Z
P-00649,NR-ACT-00649,Industrial Linear Actuator ZN-713,Actuators,Linear Actuator,417374,5096,W-05,true,2021-05-15T04:23:15Z,2021-10-07T06:25:07Z
P-00650,NR-CBL-00650,Precision M12 Connector AA-750,Cabling and Connectors,M12 Connector,5608,1072,W-04,true,2023-01-13T08:38:53Z,2023-03-06T06:14:32Z
P-00651,NR-CTL-00651,Modular PLC Module BN-787,Controllers,PLC Module,776844,4071,W-08,true,2021-03-03T18:12:08Z,2021-08-31T03:37:27Z
P-00652,NR-DRV-00652,High-Torque Planetary Gearbox CA-824,Drivetrain,Planetary Gearbox,199395,10558,W-03,true,2021-04-04T04:44:16Z,2022-05-05T11:28:51Z
P-00653,NR-EFF-00653,Heavy-Duty Vacuum Gripper DN-861,End Effectors,Vacuum Gripper,269202,4667,W-04,true,2021-01-14T18:13:52Z,2021-09-07T08:58:32Z
P-00654,NR-FRM-00654,Rapid-Cycle Base Plate EA-898,Frames and Structure,Base Plate,48735,24735,W-06,true,2024-05-29T15:50:38Z,2024-11-11T12:54:37Z
P-00655,NR-PWR-00655,Low-Backlash Power Supply Unit FN-935,Power Systems,Power Supply Unit,153627,13779,W-05,true,2021-09-25T20:12:28Z,2022-07-24T02:23:46Z
P-00656,NR-SEN-00656,Compact Force-Torque Sensor GA-972,Sensors,Force-Torque Sensor,57113,1363,W-02,true,2021-07-17T05:14:49Z,2022-08-17T05:52:24Z
P-00657,NR-ACT-00657,Quiet-Drive Rotary Actuator HN-109,Actuators,Rotary Actuator,344825,18428,W-03,true,2021-04-23T18:21:17Z,2021-08-29T17:11:42Z
P-00658,NR-CBL-00658,Sealed Servo Cable IA-146,Cabling and Connectors,Servo Cable,7763,3673,W-04,true,2024-07-10T05:10:09Z,2025-01-30T01:56:08Z
P-00659,NR-CTL-00659,Industrial Edge Compute Node JN-183,Controllers,Edge Compute Node,158423,6666,W-02,true,2024-04-27T16:04:13Z,2025-02-28T04:29:06Z
P-00660,NR-DRV-00660,Precision Timing Belt KA-220,Drivetrain,Timing Belt,304415,8511,W-02,true,2023-08-01T01:35:30Z,2024-01-22T14:41:44Z
P-00661,NR-EFF-00661,Modular Welding Torch LN-257,End Effectors,Welding Torch,254441,4528,W-06,true,2024-03-19T12:28:40Z,2024-07-19T16:29:06Z
P-00662,NR-FRM-00662,High-Torque Gantry Beam MA-294,Frames and Structure,Gantry Beam,42287,48277,W-02,true,2022-11-04T05:46:24Z,2022-11-28T06:03:08Z
P-00663,NR-PWR-00663,Heavy-Duty Motor Driver NN-331,Power Systems,Motor Driver,59211,11937,W-08,true,2021-03-04T01:23:23Z,2021-12-16T01:45:46Z
P-00664,NR-SEN-00664,Rapid-Cycle Proximity Sensor OA-368,Sensors,Proximity Sensor,143849,2457,W-06,true,2023-04-12T13:05:35Z,2023-12-22T14:27:03Z
P-00665,NR-ACT-00665,Low-Backlash Stepper Motor PN-405,Actuators,Stepper Motor,419470,6044,W-03,true,2022-08-23T18:37:19Z,2022-12-08T09:28:14Z
P-00666,NR-CBL-00666,Compact EtherCAT Cable QA-442,Cabling and Connectors,EtherCAT Cable,6074,2088,W-06,false,2023-04-08T13:57:13Z,2023-05-27T11:08:07Z
P-00667,NR-CTL-00667,Quiet-Drive IO Expansion Board RN-479,Controllers,IO Expansion Board,460769,6368,W-06,true,2023-07-13T10:05:56Z,2024-08-15T06:45:59Z
P-00668,NR-DRV-00668,Sealed Ball Screw SA-516,Drivetrain,Ball Screw,205292,15000,W-02,true,2023-05-30T06:33:57Z,2023-10-25T20:01:59Z
P-00669,NR-EFF-00669,Industrial Tool Changer TN-553,End Effectors,Tool Changer,194208,8138,W-05,true,2022-10-02T07:17:42Z,2023-05-06T15:19:26Z
P-00670,NR-FRM-00670,Precision Mounting Bracket UA-590,Frames and Structure,Mounting Bracket,39212,45811,W-06,true,2024-10-15T10:07:30Z,2025-01-31T14:26:56Z
P-00671,NR-PWR-00671,Modular DC-DC Converter VN-627,Power Systems,DC-DC Converter,157652,2667,W-01,true,2022-07-16T13:12:35Z,2023-03-22T23:44:22Z
P-00672,NR-SEN-00672,High-Torque Rotary Encoder WA-664,Sensors,Rotary Encoder,176963,2691,W-03,true,2024-01-28T17:47:41Z,2024-09-11T03:01:25Z
P-00673,NR-ACT-00673,Heavy-Duty Servo Motor XN-701,Actuators,Servo Motor,184950,8396,W-01,true,2023-10-03T19:42:16Z,2024-10-23T19:37:47Z
P-00674,NR-CBL-00674,Rapid-Cycle Cable Chain YA-738,Cabling and Connectors,Cable Chain,5059,2708,W-03,true,2022-12-15T03:42:50Z,2023-09-06T07:51:38Z
P-00675,NR-CTL-00675,Low-Backlash Motion Controller ZN-775,Controllers,Motion Controller,643493,7010,W-06,true,2022-08-08T23:14:58Z,2023-06-10T06:48:35Z
P-00676,NR-DRV-00676,Compact Harmonic Reducer AA-812,Drivetrain,Harmonic Reducer,233642,7599,W-01,true,2022-12-08T10:42:09Z,2023-07-11T16:03:55Z
P-00677,NR-EFF-00677,Quiet-Drive Parallel Gripper BN-849,End Effectors,Parallel Gripper,127350,5858,W-04,true,2022-10-27T10:05:01Z,2023-11-11T16:08:09Z
P-00678,NR-FRM-00678,Sealed Aluminum Extrusion CA-886,Frames and Structure,Aluminum Extrusion,22675,20715,W-01,true,2021-08-06T01:24:49Z,2021-12-24T17:27:01Z
P-00679,NR-PWR-00679,Industrial Battery Pack DN-923,Power Systems,Battery Pack,201635,14346,W-06,true,2021-04-20T04:13:39Z,2021-11-21T14:31:06Z
P-00680,NR-SEN-00680,Precision Thermal Camera Module EA-960,Sensors,Thermal Camera Module,224538,2434,W-03,true,2024-12-09T02:22:47Z,2025-11-02T20:35:25Z
P-00681,NR-ACT-00681,Modular Linear Actuator FN-997,Actuators,Linear Actuator,296568,22000,W-04,true,2022-06-09T10:51:35Z,2023-01-10T17:45:14Z
P-00682,NR-CBL-00682,High-Torque M12 Connector GA-134,Cabling and Connectors,M12 Connector,7068,2728,W-02,true,2023-06-06T10:08:50Z,2023-12-30T14:27:44Z
P-00683,NR-CTL-00683,Heavy-Duty PLC Module HN-171,Controllers,PLC Module,646193,3760,W-05,true,2023-05-11T03:48:51Z,2024-01-12T03:51:42Z
P-00684,NR-DRV-00684,Rapid-Cycle Planetary Gearbox IA-208,Drivetrain,Planetary Gearbox,182094,5269,W-03,true,2023-08-16T09:12:14Z,2023-08-29T22:19:10Z
P-00685,NR-EFF-00685,Low-Backlash Vacuum Gripper JN-245,End Effectors,Vacuum Gripper,306389,5709,W-04,true,2021-07-13T12:03:20Z,2021-09-25T19:43:41Z
P-00686,NR-FRM-00686,Compact Base Plate KA-282,Frames and Structure,Base Plate,41476,45437,W-06,true,2021-09-15T07:36:07Z,2022-01-28T02:40:47Z
P-00687,NR-PWR-00687,Quiet-Drive Power Supply Unit LN-319,Power Systems,Power Supply Unit,170595,7317,W-06,true,2022-04-25T05:29:55Z,2023-03-29T06:05:21Z
P-00688,NR-SEN-00688,Sealed LIDAR Unit MA-356,Sensors,LIDAR Unit,67326,1198,W-07,true,2021-12-27T16:19:30Z,2022-03-15T15:17:39Z
P-00689,NR-ACT-00689,Industrial Rotary Actuator NN-393,Actuators,Rotary Actuator,296460,6667,W-03,true,2024-02-23T06:02:44Z,2024-12-17T21:11:19Z
P-00690,NR-CBL-00690,Precision Servo Cable OA-430,Cabling and Connectors,Servo Cable,11268,663,W-07,true,2022-02-27T02:34:44Z,2022-08-05T10:27:22Z
P-00691,NR-CTL-00691,Modular Edge Compute Node PN-467,Controllers,Edge Compute Node,649924,2939,W-07,true,2023-02-15T05:16:01Z,2024-03-15T10:51:31Z
P-00692,NR-DRV-00692,High-Torque Timing Belt QA-504,Drivetrain,Timing Belt,55308,2826,W-08,true,2023-12-29T18:45:18Z,2024-02-27T20:47:35Z
P-00693,NR-EFF-00693,Heavy-Duty Welding Torch RN-541,End Effectors,Welding Torch,102112,3354,W-06,true,2022-09-20T14:26:49Z,2023-02-28T11:38:49Z
P-00694,NR-FRM-00694,Rapid-Cycle Gantry Beam SA-578,Frames and Structure,Gantry Beam,44643,43856,W-07,true,2022-03-28T13:17:29Z,2022-09-23T21:29:42Z
P-00695,NR-PWR-00695,Low-Backlash Motor Driver TN-615,Power Systems,Motor Driver,36263,15368,W-06,true,2023-05-26T01:41:09Z,2023-12-01T15:32:03Z
P-00696,NR-SEN-00696,Compact Force-Torque Sensor UA-652,Sensors,Force-Torque Sensor,137699,1510,W-01,true,2022-06-21T05:23:52Z,2023-03-27T11:20:49Z
P-00697,NR-ACT-00697,Quiet-Drive Stepper Motor VN-689,Actuators,Stepper Motor,139849,15467,W-03,true,2021-05-19T23:20:39Z,2022-04-24T16:22:09Z
P-00698,NR-CBL-00698,Sealed EtherCAT Cable WA-726,Cabling and Connectors,EtherCAT Cable,7568,2723,W-04,true,2022-02-08T16:14:56Z,2023-02-15T08:42:31Z
P-00699,NR-CTL-00699,Industrial IO Expansion Board XN-763,Controllers,IO Expansion Board,546488,5931,W-05,true,2022-08-16T13:15:58Z,2023-05-26T17:22:40Z
P-00700,NR-DRV-00700,Precision Ball Screw YA-800,Drivetrain,Ball Screw,237164,8346,W-07,true,2023-12-17T03:08:23Z,2024-01-25T00:25:13Z
P-00701,NR-EFF-00701,Modular Tool Changer ZN-837,End Effectors,Tool Changer,254632,9691,W-04,true,2022-04-01T09:31:44Z,2022-07-20T09:46:43Z
P-00702,NR-FRM-00702,High-Torque Mounting Bracket AA-874,Frames and Structure,Mounting Bracket,50928,20917,W-05,true,2022-04-30T01:13:42Z,2022-09-06T11:24:51Z
P-00703,NR-PWR-00703,Heavy-Duty DC-DC Converter BN-911,Power Systems,DC-DC Converter,83385,8684,W-07,true,2023-06-09T12:24:45Z,2023-10-24T04:14:42Z
P-00704,NR-SEN-00704,Rapid-Cycle Proximity Sensor CA-948,Sensors,Proximity Sensor,134416,2713,W-07,true,2022-01-02T23:51:37Z,2022-01-16T08:09:08Z
P-00705,NR-ACT-00705,Low-Backlash Servo Motor DN-985,Actuators,Servo Motor,257943,7871,W-05,true,2021-06-07T16:34:42Z,2022-01-02T15:55:27Z
P-00706,NR-CBL-00706,Compact Cable Chain EA-122,Cabling and Connectors,Cable Chain,8596,1434,W-08,true,2023-05-10T17:41:18Z,2024-02-21T07:03:10Z
P-00707,NR-CTL-00707,Quiet-Drive Motion Controller FN-159,Controllers,Motion Controller,441400,3415,W-04,true,2021-01-14T14:05:34Z,2021-09-24T09:26:23Z
P-00708,NR-DRV-00708,Sealed Harmonic Reducer GA-196,Drivetrain,Harmonic Reducer,268179,2540,W-05,true,2024-10-22T01:59:08Z,2024-12-05T05:44:51Z
P-00709,NR-EFF-00709,Industrial Parallel Gripper HN-233,End Effectors,Parallel Gripper,196828,7183,W-07,true,2021-07-25T12:09:55Z,2022-01-29T09:59:04Z
P-00710,NR-FRM-00710,Precision Aluminum Extrusion IA-270,Frames and Structure,Aluminum Extrusion,64868,8710,W-07,true,2022-12-08T17:32:51Z,2023-04-23T18:29:13Z
P-00711,NR-PWR-00711,Modular Battery Pack JN-307,Power Systems,Battery Pack,103541,2283,W-08,true,2024-03-18T02:18:23Z,2024-04-19T22:20:32Z
P-00712,NR-SEN-00712,High-Torque Rotary Encoder KA-344,Sensors,Rotary Encoder,218850,2108,W-01,true,2023-04-02T14:33:43Z,2024-04-17T04:00:48Z
P-00713,NR-ACT-00713,Heavy-Duty Linear Actuator LN-381,Actuators,Linear Actuator,184550,6337,W-02,true,2022-12-26T20:51:44Z,2023-09-27T18:41:52Z
P-00714,NR-CBL-00714,Rapid-Cycle M12 Connector MA-418,Cabling and Connectors,M12 Connector,8743,729,W-05,true,2023-03-25T04:23:29Z,2024-02-04T20:03:56Z
P-00715,NR-CTL-00715,Low-Backlash PLC Module NN-455,Controllers,PLC Module,678038,8374,W-04,true,2021-11-18T09:31:50Z,2022-01-14T10:07:26Z
P-00716,NR-DRV-00716,Compact Planetary Gearbox OA-492,Drivetrain,Planetary Gearbox,111343,5457,W-01,true,2024-11-05T13:43:19Z,2025-09-21T21:39:27Z
P-00717,NR-EFF-00717,Quiet-Drive Vacuum Gripper PN-529,End Effectors,Vacuum Gripper,178517,7756,W-08,true,2021-11-05T16:10:44Z,2021-11-18T03:12:53Z
P-00718,NR-FRM-00718,Sealed Base Plate QA-566,Frames and Structure,Base Plate,48230,55346,W-05,true,2023-07-07T04:49:21Z,2023-10-23T19:43:27Z
P-00719,NR-PWR-00719,Industrial Power Supply Unit RN-603,Power Systems,Power Supply Unit,96728,6060,W-01,true,2024-10-30T21:12:24Z,2025-04-25T06:07:33Z
P-00720,NR-SEN-00720,Precision Thermal Camera Module SA-640,Sensors,Thermal Camera Module,199842,1385,W-07,true,2022-12-24T16:05:18Z,2023-10-09T06:36:05Z
P-00721,NR-ACT-00721,Modular Rotary Actuator TN-677,Actuators,Rotary Actuator,322175,7142,W-02,false,2022-01-17T03:54:27Z,2022-05-10T04:55:21Z
P-00722,NR-CBL-00722,High-Torque Servo Cable UA-714,Cabling and Connectors,Servo Cable,14286,644,W-03,true,2022-06-29T13:38:30Z,2023-06-25T19:32:12Z
P-00723,NR-CTL-00723,Heavy-Duty Edge Compute Node VN-751,Controllers,Edge Compute Node,847289,2201,W-08,true,2022-04-02T15:17:20Z,2023-01-03T04:45:45Z
P-00724,NR-DRV-00724,Rapid-Cycle Timing Belt WA-788,Drivetrain,Timing Belt,225054,3295,W-05,true,2024-09-11T08:50:15Z,2025-09-18T18:35:31Z
P-00725,NR-EFF-00725,Low-Backlash Welding Torch XN-825,End Effectors,Welding Torch,355117,7172,W-04,true,2021-09-15T18:53:34Z,2021-09-24T08:59:41Z
P-00726,NR-FRM-00726,Compact Gantry Beam YA-862,Frames and Structure,Gantry Beam,51939,29835,W-07,true,2023-03-03T11:47:12Z,2023-08-20T08:32:04Z
P-00727,NR-PWR-00727,Quiet-Drive Motor Driver ZN-899,Power Systems,Motor Driver,87289,5962,W-05,true,2024-05-25T10:39:15Z,2025-05-17T23:05:59Z
P-00728,NR-SEN-00728,Sealed LIDAR Unit AA-936,Sensors,LIDAR Unit,116867,2396,W-06,true,2023-03-15T03:03:52Z,2023-06-18T21:30:06Z
P-00729,NR-ACT-00729,Industrial Stepper Motor BN-973,Actuators,Stepper Motor,368890,5117,W-02,true,2021-02-26T03:59:25Z,2022-03-26T03:32:23Z
P-00730,NR-CBL-00730,Precision EtherCAT Cable CA-110,Cabling and Connectors,EtherCAT Cable,15000,3079,W-05,true,2024-01-15T13:57:33Z,2024-12-22T05:34:15Z
P-00731,NR-CTL-00731,Modular IO Expansion Board DN-147,Controllers,IO Expansion Board,426373,1582,W-04,true,2024-11-22T09:28:45Z,2025-04-23T21:24:53Z
P-00732,NR-DRV-00732,High-Torque Ball Screw EA-184,Drivetrain,Ball Screw,248542,9576,W-03,true,2021-03-10T08:56:21Z,2021-10-31T15:35:46Z
P-00733,NR-EFF-00733,Heavy-Duty Tool Changer FN-221,End Effectors,Tool Changer,320241,6195,W-06,true,2022-10-11T16:50:53Z,2023-02-06T11:44:34Z
P-00734,NR-FRM-00734,Rapid-Cycle Mounting Bracket GA-258,Frames and Structure,Mounting Bracket,18346,38794,W-06,true,2021-04-13T21:10:07Z,2021-08-18T19:00:20Z
P-00735,NR-PWR-00735,Low-Backlash DC-DC Converter HN-295,Power Systems,DC-DC Converter,157900,6390,W-05,true,2021-12-07T08:25:59Z,2022-12-06T02:18:03Z
P-00736,NR-SEN-00736,Compact Force-Torque Sensor IA-332,Sensors,Force-Torque Sensor,191828,1496,W-08,true,2023-11-06T21:40:47Z,2024-10-28T21:21:42Z
P-00737,NR-ACT-00737,Quiet-Drive Servo Motor JN-369,Actuators,Servo Motor,270158,6619,W-01,true,2022-02-05T22:02:42Z,2022-10-20T16:52:23Z
P-00738,NR-CBL-00738,Sealed Cable Chain KA-406,Cabling and Connectors,Cable Chain,5436,1352,W-01,true,2024-07-21T16:25:40Z,2025-02-23T08:42:18Z
P-00739,NR-CTL-00739,Industrial Motion Controller LN-443,Controllers,Motion Controller,593782,1107,W-05,true,2021-02-04T12:36:55Z,2022-01-07T12:36:03Z
P-00740,NR-DRV-00740,Precision Harmonic Reducer MA-480,Drivetrain,Harmonic Reducer,101715,7895,W-01,true,2024-01-31T02:59:44Z,2024-12-10T11:19:11Z
P-00741,NR-EFF-00741,Modular Parallel Gripper NN-517,End Effectors,Parallel Gripper,410521,7330,W-04,true,2021-08-18T20:47:41Z,2022-02-08T13:28:14Z
P-00742,NR-FRM-00742,High-Torque Aluminum Extrusion OA-554,Frames and Structure,Aluminum Extrusion,48669,21581,W-06,true,2021-08-27T01:52:54Z,2021-11-11T15:52:02Z
P-00743,NR-PWR-00743,Heavy-Duty Battery Pack PN-591,Power Systems,Battery Pack,103891,4102,W-04,true,2022-10-14T08:19:16Z,2023-06-28T14:34:53Z
P-00744,NR-SEN-00744,Rapid-Cycle Proximity Sensor QA-628,Sensors,Proximity Sensor,137485,2379,W-08,true,2023-10-27T18:02:41Z,2023-12-18T06:21:00Z
P-00745,NR-ACT-00745,Low-Backlash Linear Actuator RN-665,Actuators,Linear Actuator,271281,400,W-04,true,2024-06-20T03:40:13Z,2025-05-21T19:51:37Z
P-00746,NR-CBL-00746,Compact M12 Connector SA-702,Cabling and Connectors,M12 Connector,10009,2935,W-07,true,2022-07-30T08:46:15Z,2022-10-30T04:40:14Z
P-00747,NR-CTL-00747,Quiet-Drive PLC Module TN-739,Controllers,PLC Module,372470,6996,W-01,true,2022-09-08T16:48:01Z,2023-02-21T22:34:55Z
P-00748,NR-DRV-00748,Sealed Planetary Gearbox UA-776,Drivetrain,Planetary Gearbox,39395,11612,W-01,true,2024-06-03T19:02:03Z,2024-10-09T20:53:20Z
P-00749,NR-EFF-00749,Industrial Vacuum Gripper VN-813,End Effectors,Vacuum Gripper,169825,9503,W-06,true,2021-06-06T08:52:14Z,2021-08-09T03:13:47Z
P-00750,NR-FRM-00750,Precision Base Plate WA-850,Frames and Structure,Base Plate,68719,42277,W-05,true,2023-02-05T07:15:58Z,2023-04-18T00:08:35Z
P-00751,NR-PWR-00751,Modular Power Supply Unit XN-887,Power Systems,Power Supply Unit,227187,5931,W-08,false,2021-01-04T05:49:07Z,2022-01-05T05:46:30Z
P-00752,NR-SEN-00752,High-Torque Rotary Encoder YA-924,Sensors,Rotary Encoder,171175,2180,W-06,true,2024-11-27T04:38:10Z,2025-08-31T16:16:05Z
P-00753,NR-ACT-00753,Heavy-Duty Rotary Actuator ZN-961,Actuators,Rotary Actuator,209073,9202,W-06,true,2022-05-28T20:34:34Z,2022-08-14T12:10:35Z
P-00754,NR-CBL-00754,Rapid-Cycle Servo Cable AA-998,Cabling and Connectors,Servo Cable,12364,2324,W-07,true,2024-06-30T01:07:18Z,2024-11-26T08:53:12Z
P-00755,NR-CTL-00755,Low-Backlash Edge Compute Node BN-135,Controllers,Edge Compute Node,577205,300,W-01,true,2023-07-11T18:26:34Z,2024-02-23T03:03:45Z
P-00756,NR-DRV-00756,Compact Timing Belt CA-172,Drivetrain,Timing Belt,99354,4530,W-01,true,2022-12-20T05:09:23Z,2023-07-10T03:34:34Z
P-00757,NR-EFF-00757,Quiet-Drive Welding Torch DN-209,End Effectors,Welding Torch,371469,10356,W-01,true,2021-12-14T15:34:01Z,2022-07-23T00:03:46Z
P-00758,NR-FRM-00758,Sealed Gantry Beam EA-246,Frames and Structure,Gantry Beam,78358,36064,W-05,true,2024-06-12T17:05:04Z,2025-05-30T04:27:12Z
P-00759,NR-PWR-00759,Industrial Motor Driver FN-283,Power Systems,Motor Driver,81383,13215,W-02,true,2024-06-19T11:54:24Z,2025-04-27T00:50:28Z
P-00760,NR-SEN-00760,Precision Thermal Camera Module GA-320,Sensors,Thermal Camera Module,8000,2751,W-05,true,2021-11-24T01:46:18Z,2022-05-30T00:23:45Z
P-00761,NR-ACT-00761,Modular Stepper Motor HN-357,Actuators,Stepper Motor,67978,13227,W-04,true,2023-07-02T22:24:49Z,2023-10-02T08:50:19Z
P-00762,NR-CBL-00762,High-Torque EtherCAT Cable IA-394,Cabling and Connectors,EtherCAT Cable,15000,4000,W-01,true,2021-04-25T02:07:19Z,2021-11-30T11:50:32Z
P-00763,NR-CTL-00763,Heavy-Duty IO Expansion Board JN-431,Controllers,IO Expansion Board,505092,1358,W-05,true,2022-11-08T06:27:32Z,2023-09-22T15:11:11Z
P-00764,NR-DRV-00764,Rapid-Cycle Ball Screw KA-468,Drivetrain,Ball Screw,266735,11280,W-01,true,2021-11-22T20:51:44Z,2022-11-25T10:28:36Z
P-00765,NR-EFF-00765,Low-Backlash Tool Changer LN-505,End Effectors,Tool Changer,190186,3731,W-06,true,2021-04-13T14:43:19Z,2021-05-21T14:30:40Z
P-00766,NR-FRM-00766,Compact Mounting Bracket MA-542,Frames and Structure,Mounting Bracket,78450,35956,W-07,true,2024-06-16T04:53:48Z,2025-07-07T17:08:54Z
P-00767,NR-PWR-00767,Quiet-Drive DC-DC Converter NN-579,Power Systems,DC-DC Converter,5000,11736,W-03,true,2024-06-21T06:31:38Z,2025-03-02T04:32:14Z
P-00768,NR-SEN-00768,Sealed LIDAR Unit OA-616,Sensors,LIDAR Unit,150607,401,W-06,false,2024-03-13T10:28:36Z,2024-08-03T07:46:29Z
P-00769,NR-ACT-00769,Industrial Servo Motor PN-653,Actuators,Servo Motor,422453,11641,W-08,true,2023-01-27T08:43:53Z,2023-10-14T05:18:44Z
P-00770,NR-CBL-00770,Precision Cable Chain QA-690,Cabling and Connectors,Cable Chain,12206,3666,W-02,true,2023-02-09T12:16:17Z,2023-09-13T08:00:00Z
P-00771,NR-CTL-00771,Modular Motion Controller RN-727,Controllers,Motion Controller,754315,2739,W-08,true,2021-01-15T07:56:17Z,2021-10-22T12:23:11Z
P-00772,NR-DRV-00772,High-Torque Harmonic Reducer SA-764,Drivetrain,Harmonic Reducer,140899,1060,W-02,true,2021-06-12T11:40:05Z,2022-06-22T11:40:54Z
P-00773,NR-EFF-00773,Heavy-Duty Parallel Gripper TN-801,End Effectors,Parallel Gripper,298678,150,W-03,true,2022-06-01T13:09:59Z,2023-06-28T18:41:49Z
P-00774,NR-FRM-00774,Rapid-Cycle Aluminum Extrusion UA-838,Frames and Structure,Aluminum Extrusion,38150,44896,W-06,true,2024-02-10T23:45:42Z,2024-03-12T14:42:04Z
P-00775,NR-PWR-00775,Low-Backlash Battery Pack VN-875,Power Systems,Battery Pack,33775,11080,W-02,true,2024-03-20T01:16:52Z,2025-03-09T13:52:18Z
P-00776,NR-SEN-00776,Compact Force-Torque Sensor WA-912,Sensors,Force-Torque Sensor,217098,1978,W-07,true,2024-05-15T01:52:15Z,2024-07-02T20:31:08Z
P-00777,NR-ACT-00777,Quiet-Drive Linear Actuator XN-949,Actuators,Linear Actuator,15000,12966,W-03,true,2023-08-04T16:14:05Z,2024-01-31T01:21:57Z
P-00778,NR-CBL-00778,Sealed M12 Connector YA-986,Cabling and Connectors,M12 Connector,13825,1125,W-02,true,2022-04-12T11:20:35Z,2022-05-12T12:57:30Z
P-00779,NR-CTL-00779,Industrial PLC Module ZN-123,Controllers,PLC Module,594834,1698,W-06,true,2021-01-07T15:45:25Z,2021-07-04T16:44:35Z
P-00780,NR-DRV-00780,Precision Planetary Gearbox AA-160,Drivetrain,Planetary Gearbox,350000,9863,W-04,true,2021-01-04T11:54:05Z,2021-12-04T11:52:58Z
P-00781,NR-EFF-00781,Modular Vacuum Gripper BN-197,End Effectors,Vacuum Gripper,301562,6423,W-04,true,2024-10-29T07:33:46Z,2025-09-18T00:26:24Z
P-00782,NR-FRM-00782,High-Torque Base Plate CA-234,Frames and Structure,Base Plate,80000,33321,W-07,true,2023-10-28T10:08:44Z,2023-12-07T04:30:08Z
P-00783,NR-PWR-00783,Heavy-Duty Power Supply Unit DN-271,Power Systems,Power Supply Unit,46820,9223,W-02,true,2024-08-21T13:25:48Z,2025-02-19T23:02:31Z
P-00784,NR-SEN-00784,Rapid-Cycle Proximity Sensor EA-308,Sensors,Proximity Sensor,218696,1374,W-06,true,2023-10-17T05:16:31Z,2024-03-20T18:20:16Z
P-00785,NR-ACT-00785,Low-Backlash Rotary Actuator FN-345,Actuators,Rotary Actuator,347258,11710,W-01,true,2023-01-16T10:38:45Z,2023-02-01T12:21:07Z
P-00786,NR-CBL-00786,Compact Servo Cable GA-382,Cabling and Connectors,Servo Cable,14543,3354,W-03,true,2022-03-31T02:21:13Z,2022-10-16T18:54:17Z
P-00787,NR-CTL-00787,Quiet-Drive Edge Compute Node HN-419,Controllers,Edge Compute Node,52217,7042,W-05,true,2022-07-16T11:04:23Z,2022-09-30T06:32:57Z
P-00788,NR-DRV-00788,Sealed Timing Belt IA-456,Drivetrain,Timing Belt,184722,4488,W-06,true,2021-08-30T16:01:06Z,2021-12-02T23:50:25Z
P-00789,NR-EFF-00789,Industrial Welding Torch JN-493,End Effectors,Welding Torch,261032,5882,W-03,true,2024-04-11T16:20:09Z,2024-11-07T10:27:11Z
P-00790,NR-FRM-00790,Precision Gantry Beam KA-530,Frames and Structure,Gantry Beam,50337,28664,W-02,true,2023-02-17T10:36:56Z,2024-02-13T20:23:04Z
P-00791,NR-PWR-00791,Modular Motor Driver LN-567,Power Systems,Motor Driver,57486,8754,W-02,true,2022-07-08T10:18:01Z,2022-09-17T21:51:56Z
P-00792,NR-SEN-00792,High-Torque Rotary Encoder MA-604,Sensors,Rotary Encoder,110304,2448,W-04,true,2022-01-24T18:57:44Z,2022-02-07T22:44:53Z
P-00793,NR-ACT-00793,Heavy-Duty Stepper Motor NN-641,Actuators,Stepper Motor,360758,7209,W-05,false,2021-09-10T02:41:21Z,2022-01-01T08:50:21Z
P-00794,NR-CBL-00794,Rapid-Cycle EtherCAT Cable OA-678,Cabling and Connectors,EtherCAT Cable,5207,3019,W-02,true,2024-12-07T11:49:57Z,2025-09-06T10:04:43Z
P-00795,NR-CTL-00795,Low-Backlash IO Expansion Board PN-715,Controllers,IO Expansion Board,883758,5443,W-08,true,2023-03-08T00:23:34Z,2024-01-14T14:46:46Z
P-00796,NR-DRV-00796,Compact Ball Screw QA-752,Drivetrain,Ball Screw,191086,9901,W-04,true,2024-03-07T13:33:24Z,2024-04-28T12:40:24Z
P-00797,NR-EFF-00797,Quiet-Drive Tool Changer RN-789,End Effectors,Tool Changer,455141,5343,W-07,true,2022-12-13T06:00:14Z,2023-10-10T01:20:39Z
P-00798,NR-FRM-00798,Sealed Mounting Bracket SA-826,Frames and Structure,Mounting Bracket,32799,43077,W-03,true,2021-10-20T04:09:01Z,2021-10-23T01:31:42Z
P-00799,NR-PWR-00799,Industrial DC-DC Converter TN-863,Power Systems,DC-DC Converter,117229,8743,W-03,true,2022-10-08T12:13:06Z,2022-10-14T06:52:08Z
P-00800,NR-SEN-00800,Precision Thermal Camera Module UA-900,Sensors,Thermal Camera Module,296643,1434,W-02,true,2021-05-30T02:17:42Z,2021-08-28T13:53:54Z
P-00801,NR-ACT-00801,Modular Servo Motor VN-937,Actuators,Servo Motor,129719,7829,W-01,true,2024-06-13T13:54:27Z,2024-07-08T19:22:49Z
P-00802,NR-CBL-00802,High-Torque Cable Chain WA-974,Cabling and Connectors,Cable Chain,8829,619,W-02,true,2024-07-01T04:31:01Z,2025-05-27T19:01:58Z
P-00803,NR-CTL-00803,Heavy-Duty Motion Controller XN-111,Controllers,Motion Controller,345823,8793,W-02,true,2023-10-30T18:25:21Z,2024-02-14T02:47:11Z
P-00804,NR-DRV-00804,Rapid-Cycle Harmonic Reducer YA-148,Drivetrain,Harmonic Reducer,125272,1091,W-07,true,2024-08-13T00:29:29Z,2025-06-29T01:17:02Z
P-00805,NR-EFF-00805,Low-Backlash Parallel Gripper ZN-185,End Effectors,Parallel Gripper,500000,5131,W-05,true,2022-04-25T01:25:51Z,2022-12-13T22:28:59Z
P-00806,NR-FRM-00806,Compact Aluminum Extrusion AA-222,Frames and Structure,Aluminum Extrusion,37257,32141,W-07,true,2024-01-11T17:50:20Z,2024-03-24T00:54:21Z
P-00807,NR-PWR-00807,Quiet-Drive Battery Pack BN-259,Power Systems,Battery Pack,224242,1568,W-07,true,2021-05-28T19:43:11Z,2021-12-20T00:45:42Z
P-00808,NR-SEN-00808,Sealed LIDAR Unit CA-296,Sensors,LIDAR Unit,161211,1006,W-02,true,2021-11-26T19:30:28Z,2022-01-27T01:10:14Z
P-00809,NR-ACT-00809,Industrial Linear Actuator DN-333,Actuators,Linear Actuator,242637,15515,W-05,true,2023-05-03T17:50:09Z,2023-12-20T14:09:52Z
P-00810,NR-CBL-00810,Precision M12 Connector EA-370,Cabling and Connectors,M12 Connector,12126,1193,W-08,true,2024-03-14T15:50:55Z,2024-04-15T07:14:57Z
P-00811,NR-CTL-00811,Modular PLC Module FN-407,Controllers,PLC Module,292385,8777,W-03,true,2022-02-22T22:50:36Z,2022-04-04T09:11:25Z
P-00812,NR-DRV-00812,High-Torque Planetary Gearbox GA-444,Drivetrain,Planetary Gearbox,202971,8806,W-05,true,2023-01-11T22:59:41Z,2023-02-13T23:42:55Z
P-00813,NR-EFF-00813,Heavy-Duty Vacuum Gripper HN-481,End Effectors,Vacuum Gripper,141199,6613,W-01,true,2023-07-07T20:37:41Z,2024-01-16T03:46:29Z
P-00814,NR-FRM-00814,Rapid-Cycle Base Plate IA-518,Frames and Structure,Base Plate,51303,34701,W-04,true,2021-01-27T04:02:43Z,2022-01-27T11:21:53Z
P-00815,NR-PWR-00815,Low-Backlash Power Supply Unit JN-555,Power Systems,Power Supply Unit,146450,15946,W-08,true,2024-07-01T04:55:45Z,2025-08-01T02:08:09Z
P-00816,NR-SEN-00816,Compact Force-Torque Sensor KA-592,Sensors,Force-Torque Sensor,159355,2649,W-05,true,2024-02-08T18:49:39Z,2024-07-03T11:00:43Z
P-00817,NR-ACT-00817,Quiet-Drive Rotary Actuator LN-629,Actuators,Rotary Actuator,152420,11383,W-02,true,2023-11-02T23:10:25Z,2024-08-30T16:14:28Z
P-00818,NR-CBL-00818,Sealed Servo Cable MA-666,Cabling and Connectors,Servo Cable,9242,3147,W-04,true,2023-07-07T17:30:24Z,2024-05-22T09:13:28Z
P-00819,NR-CTL-00819,Industrial Edge Compute Node NN-703,Controllers,Edge Compute Node,615077,3697,W-05,true,2024-10-13T21:29:15Z,2025-01-18T17:06:34Z
P-00820,NR-DRV-00820,Precision Timing Belt OA-740,Drivetrain,Timing Belt,160349,4795,W-04,true,2021-06-28T00:59:50Z,2022-05-09T00:54:11Z
P-00821,NR-EFF-00821,Modular Welding Torch PN-777,End Effectors,Welding Torch,84078,3424,W-02,true,2024-06-19T04:45:22Z,2024-09-20T09:17:37Z
P-00822,NR-FRM-00822,High-Torque Gantry Beam QA-814,Frames and Structure,Gantry Beam,55436,27945,W-03,true,2022-01-24T08:31:31Z,2022-03-01T12:32:42Z
P-00823,NR-PWR-00823,Heavy-Duty Motor Driver RN-851,Power Systems,Motor Driver,116572,2391,W-08,false,2022-03-06T14:29:47Z,2022-06-02T01:45:54Z
P-00824,NR-SEN-00824,Rapid-Cycle Proximity Sensor SA-888,Sensors,Proximity Sensor,59384,1192,W-02,true,2021-01-22T09:00:25Z,2021-12-09T10:31:05Z
P-00825,NR-ACT-00825,Low-Backlash Stepper Motor TN-925,Actuators,Stepper Motor,290357,13485,W-06,true,2023-10-04T13:49:27Z,2024-01-08T07:15:42Z
P-00826,NR-CBL-00826,Compact EtherCAT Cable UA-962,Cabling and Connectors,EtherCAT Cable,9862,1355,W-05,true,2023-03-18T00:43:26Z,2023-10-17T16:17:58Z
P-00827,NR-CTL-00827,Quiet-Drive IO Expansion Board VN-999,Controllers,IO Expansion Board,324911,5157,W-04,true,2022-07-03T15:26:14Z,2022-11-26T16:01:26Z
P-00828,NR-DRV-00828,Sealed Ball Screw WA-136,Drivetrain,Ball Screw,294304,2182,W-08,true,2022-03-02T11:38:13Z,2023-02-05T06:18:40Z
P-00829,NR-EFF-00829,Industrial Tool Changer XN-173,End Effectors,Tool Changer,264136,6145,W-07,true,2024-04-28T20:26:44Z,2024-06-14T03:19:36Z
P-00830,NR-FRM-00830,Precision Mounting Bracket YA-210,Frames and Structure,Mounting Bracket,40749,12118,W-06,true,2024-10-01T01:29:28Z,2025-05-12T03:28:20Z
P-00831,NR-PWR-00831,Modular DC-DC Converter ZN-247,Power Systems,DC-DC Converter,158933,11885,W-04,true,2023-01-06T03:26:27Z,2023-02-25T20:37:42Z
P-00832,NR-SEN-00832,High-Torque Rotary Encoder AA-284,Sensors,Rotary Encoder,96224,1347,W-04,true,2023-12-06T10:33:51Z,2024-07-07T12:24:38Z
P-00833,NR-ACT-00833,Heavy-Duty Servo Motor BN-321,Actuators,Servo Motor,381652,400,W-08,true,2021-12-09T15:17:01Z,2022-11-14T22:36:19Z
P-00834,NR-CBL-00834,Rapid-Cycle Cable Chain CA-358,Cabling and Connectors,Cable Chain,8214,1900,W-02,true,2022-08-21T10:14:35Z,2023-02-07T10:19:45Z
P-00835,NR-CTL-00835,Low-Backlash Motion Controller DN-395,Controllers,Motion Controller,738616,4416,W-04,true,2024-01-26T09:52:32Z,2024-11-09T10:43:25Z
P-00836,NR-DRV-00836,Compact Harmonic Reducer EA-432,Drivetrain,Harmonic Reducer,47654,6763,W-01,true,2023-03-14T07:47:22Z,2023-11-10T06:39:24Z
P-00837,NR-EFF-00837,Quiet-Drive Parallel Gripper FN-469,End Effectors,Parallel Gripper,254439,5475,W-01,true,2022-03-16T08:02:43Z,2022-09-28T03:30:24Z
P-00838,NR-FRM-00838,Sealed Aluminum Extrusion GA-506,Frames and Structure,Aluminum Extrusion,53032,6944,W-05,true,2023-04-01T17:29:16Z,2023-04-04T08:19:29Z
P-00839,NR-PWR-00839,Industrial Battery Pack HN-543,Power Systems,Battery Pack,134713,9812,W-04,true,2021-01-03T06:27:07Z,2022-01-11T21:18:02Z
P-00840,NR-SEN-00840,Precision Thermal Camera Module IA-580,Sensors,Thermal Camera Module,166175,2152,W-05,true,2022-10-22T23:30:24Z,2023-05-06T01:36:43Z
P-00841,NR-ACT-00841,Modular Linear Actuator JN-617,Actuators,Linear Actuator,203677,7142,W-07,true,2023-11-07T13:18:23Z,2024-08-10T18:10:18Z
P-00842,NR-CBL-00842,High-Torque M12 Connector KA-654,Cabling and Connectors,M12 Connector,11068,2644,W-02,true,2022-05-20T10:15:17Z,2022-06-25T00:05:33Z
P-00843,NR-CTL-00843,Heavy-Duty PLC Module LN-691,Controllers,PLC Module,591309,3057,W-05,true,2023-02-06T01:59:06Z,2023-08-01T20:20:25Z
P-00844,NR-DRV-00844,Rapid-Cycle Planetary Gearbox MA-728,Drivetrain,Planetary Gearbox,77709,9566,W-06,true,2024-10-23T18:30:59Z,2025-02-07T04:18:07Z
P-00845,NR-EFF-00845,Low-Backlash Vacuum Gripper NN-765,End Effectors,Vacuum Gripper,283814,11979,W-03,true,2023-04-12T01:31:35Z,2023-06-07T10:57:44Z
P-00846,NR-FRM-00846,Compact Base Plate OA-802,Frames and Structure,Base Plate,80000,57315,W-02,true,2021-12-09T21:29:28Z,2022-05-25T12:41:23Z
P-00847,NR-PWR-00847,Quiet-Drive Power Supply Unit PN-839,Power Systems,Power Supply Unit,132941,11069,W-02,true,2023-07-02T15:34:24Z,2024-05-15T10:27:42Z
P-00848,NR-SEN-00848,Sealed LIDAR Unit QA-876,Sensors,LIDAR Unit,197100,2245,W-08,true,2021-05-26T05:17:50Z,2022-02-14T22:32:09Z
P-00849,NR-ACT-00849,Industrial Rotary Actuator RN-913,Actuators,Rotary Actuator,365176,7768,W-05,true,2024-05-13T22:19:43Z,2024-11-17T06:48:32Z
P-00850,NR-CBL-00850,Precision Servo Cable SA-950,Cabling and Connectors,Servo Cable,13051,2422,W-01,true,2023-12-17T23:52:17Z,2023-12-22T22:22:01Z
P-00851,NR-CTL-00851,Modular Edge Compute Node TN-987,Controllers,Edge Compute Node,689418,3522,W-05,true,2024-10-10T15:12:55Z,2025-06-24T12:43:56Z
P-00852,NR-DRV-00852,High-Torque Timing Belt UA-124,Drivetrain,Timing Belt,260321,10143,W-08,true,2022-03-08T08:17:11Z,2022-03-08T10:01:06Z
P-00853,NR-EFF-00853,Heavy-Duty Welding Torch VN-161,End Effectors,Welding Torch,153203,7288,W-05,true,2023-05-15T03:52:38Z,2023-09-19T18:32:45Z
P-00854,NR-FRM-00854,Rapid-Cycle Gantry Beam WA-198,Frames and Structure,Gantry Beam,49707,31383,W-03,true,2021-10-27T02:35:02Z,2022-03-09T18:10:05Z
P-00855,NR-PWR-00855,Low-Backlash Motor Driver XN-235,Power Systems,Motor Driver,147138,6178,W-06,true,2021-11-01T06:02:34Z,2022-04-12T15:24:26Z
P-00856,NR-SEN-00856,Compact Force-Torque Sensor YA-272,Sensors,Force-Torque Sensor,173718,2449,W-01,true,2021-12-17T11:54:58Z,2022-03-31T23:27:29Z
P-00857,NR-ACT-00857,Quiet-Drive Stepper Motor ZN-309,Actuators,Stepper Motor,404015,12907,W-07,true,2024-03-21T07:41:48Z,2024-11-09T00:31:36Z
P-00858,NR-CBL-00858,Sealed EtherCAT Cable AA-346,Cabling and Connectors,EtherCAT Cable,9633,1091,W-08,true,2021-09-05T02:31:02Z,2022-09-08T01:29:07Z
P-00859,NR-CTL-00859,Industrial IO Expansion Board BN-383,Controllers,IO Expansion Board,365834,5574,W-02,true,2023-11-30T05:45:33Z,2024-10-21T17:46:30Z
P-00860,NR-DRV-00860,Precision Ball Screw CA-420,Drivetrain,Ball Screw,291535,11542,W-08,true,2022-10-07T18:17:29Z,2022-12-30T23:45:15Z
P-00861,NR-EFF-00861,Modular Tool Changer DN-457,End Effectors,Tool Changer,80800,7910,W-02,true,2023-03-20T04:46:05Z,2023-12-01T13:19:57Z
P-00862,NR-FRM-00862,High-Torque Mounting Bracket EA-494,Frames and Structure,Mounting Bracket,49626,24550,W-06,false,2022-10-23T00:54:36Z,2023-03-05T17:44:21Z
P-00863,NR-PWR-00863,Heavy-Duty DC-DC Converter FN-531,Power Systems,DC-DC Converter,43932,4016,W-02,true,2023-07-31T19:48:20Z,2024-01-14T03:47:48Z
P-00864,NR-SEN-00864,Rapid-Cycle Proximity Sensor GA-568,Sensors,Proximity Sensor,270837,1067,W-01,true,2022-04-05T02:18:51Z,2023-01-21T18:37:42Z
P-00865,NR-ACT-00865,Low-Backlash Servo Motor HN-605,Actuators,Servo Motor,249678,5221,W-05,true,2021-06-29T04:28:01Z,2021-10-05T15:47:51Z
P-00866,NR-CBL-00866,Compact Cable Chain IA-642,Cabling and Connectors,Cable Chain,9806,1584,W-08,true,2022-09-06T00:01:01Z,2022-12-20T00:39:57Z
P-00867,NR-CTL-00867,Quiet-Drive Motion Controller JN-679,Controllers,Motion Controller,592706,5096,W-05,true,2022-01-09T13:51:09Z,2022-02-18T00:03:12Z
P-00868,NR-DRV-00868,Sealed Harmonic Reducer KA-716,Drivetrain,Harmonic Reducer,60643,7280,W-06,true,2023-05-08T22:23:25Z,2023-07-12T20:12:30Z
P-00869,NR-EFF-00869,Industrial Parallel Gripper LN-753,End Effectors,Parallel Gripper,174196,9192,W-04,true,2023-05-03T16:45:08Z,2023-08-17T11:19:49Z
P-00870,NR-FRM-00870,Precision Aluminum Extrusion MA-790,Frames and Structure,Aluminum Extrusion,43757,26313,W-02,true,2021-11-15T22:09:09Z,2022-03-04T10:34:51Z
P-00871,NR-PWR-00871,Modular Battery Pack NN-827,Power Systems,Battery Pack,141599,6130,W-07,true,2023-08-29T15:43:31Z,2024-08-07T05:40:59Z
P-00872,NR-SEN-00872,High-Torque Rotary Encoder OA-864,Sensors,Rotary Encoder,259077,2364,W-02,true,2022-05-15T23:09:17Z,2023-05-08T22:56:19Z
P-00873,NR-ACT-00873,Heavy-Duty Linear Actuator PN-901,Actuators,Linear Actuator,277193,14932,W-01,true,2024-04-04T03:08:32Z,2024-04-13T02:04:11Z
P-00874,NR-CBL-00874,Rapid-Cycle M12 Connector QA-938,Cabling and Connectors,M12 Connector,8841,311,W-07,true,2024-01-29T06:45:00Z,2024-02-21T20:28:00Z
P-00875,NR-CTL-00875,Low-Backlash PLC Module RN-975,Controllers,PLC Module,576115,5305,W-03,true,2021-10-23T19:26:50Z,2022-11-01T05:50:01Z
P-00876,NR-DRV-00876,Compact Planetary Gearbox SA-112,Drivetrain,Planetary Gearbox,215427,7057,W-02,true,2023-09-07T23:38:40Z,2023-09-28T01:21:37Z
P-00877,NR-EFF-00877,Quiet-Drive Vacuum Gripper TN-149,End Effectors,Vacuum Gripper,184719,150,W-05,true,2021-06-28T21:23:05Z,2022-07-25T09:00:00Z
P-00878,NR-FRM-00878,Sealed Base Plate UA-186,Frames and Structure,Base Plate,21124,10549,W-07,true,2023-04-28T19:58:31Z,2023-08-21T17:50:38Z
P-00879,NR-PWR-00879,Industrial Power Supply Unit VN-223,Power Systems,Power Supply Unit,62656,5661,W-05,true,2023-03-23T05:51:11Z,2023-05-21T17:51:10Z
P-00880,NR-SEN-00880,Precision Thermal Camera Module WA-260,Sensors,Thermal Camera Module,233628,3076,W-05,true,2024-05-09T14:19:18Z,2024-06-11T13:49:49Z
P-00881,NR-ACT-00881,Modular Rotary Actuator XN-297,Actuators,Rotary Actuator,184539,16788,W-02,true,2021-03-10T13:53:51Z,2021-04-17T12:35:10Z
P-00882,NR-CBL-00882,High-Torque Servo Cable YA-334,Cabling and Connectors,Servo Cable,10509,2018,W-02,true,2023-09-17T00:42:01Z,2024-06-08T06:31:09Z
P-00883,NR-CTL-00883,Heavy-Duty Edge Compute Node ZN-371,Controllers,Edge Compute Node,760359,6495,W-06,true,2022-09-22T10:19:48Z,2023-07-12T19:33:46Z
P-00884,NR-DRV-00884,Rapid-Cycle Timing Belt AA-408,Drivetrain,Timing Belt,119806,6496,W-07,true,2023-03-06T20:54:32Z,2023-08-30T20:14:34Z
P-00885,NR-EFF-00885,Low-Backlash Welding Torch BN-445,End Effectors,Welding Torch,372467,5908,W-08,true,2024-06-30T06:39:21Z,2024-11-09T12:04:42Z
P-00886,NR-FRM-00886,Compact Gantry Beam CA-482,Frames and Structure,Gantry Beam,45142,16170,W-03,true,2021-03-03T04:02:36Z,2022-03-03T01:10:35Z
P-00887,NR-PWR-00887,Quiet-Drive Motor Driver DN-519,Power Systems,Motor Driver,167019,10093,W-04,true,2023-08-13T03:21:50Z,2024-08-04T10:49:34Z
P-00888,NR-SEN-00888,Sealed LIDAR Unit EA-556,Sensors,LIDAR Unit,59433,730,W-01,true,2024-04-24T12:49:35Z,2024-09-15T01:07:20Z
P-00889,NR-ACT-00889,Industrial Stepper Motor FN-593,Actuators,Stepper Motor,259584,12557,W-04,true,2024-09-06T02:54:27Z,2025-07-07T08:17:16Z
P-00890,NR-CBL-00890,Precision EtherCAT Cable GA-630,Cabling and Connectors,EtherCAT Cable,7570,3228,W-07,true,2024-02-14T02:50:46Z,2024-09-02T00:38:53Z
P-00891,NR-CTL-00891,Modular IO Expansion Board HN-667,Controllers,IO Expansion Board,767955,3913,W-01,true,2024-12-17T02:27:34Z,2025-06-28T12:26:30Z
P-00892,NR-DRV-00892,High-Torque Ball Screw IA-704,Drivetrain,Ball Screw,94586,7193,W-08,true,2021-04-10T16:16:44Z,2022-02-15T03:23:21Z
P-00893,NR-EFF-00893,Heavy-Duty Tool Changer JN-741,End Effectors,Tool Changer,247069,7782,W-01,true,2022-09-14T12:09:43Z,2023-05-01T18:10:38Z
P-00894,NR-FRM-00894,Rapid-Cycle Mounting Bracket KA-778,Frames and Structure,Mounting Bracket,37440,12388,W-07,true,2021-09-04T08:46:14Z,2021-09-20T10:49:16Z
P-00895,NR-PWR-00895,Low-Backlash DC-DC Converter LN-815,Power Systems,DC-DC Converter,130423,13738,W-08,true,2024-02-01T14:28:47Z,2025-01-01T06:50:01Z
P-00896,NR-SEN-00896,Compact Force-Torque Sensor MA-852,Sensors,Force-Torque Sensor,168140,2491,W-05,true,2024-09-18T20:21:35Z,2024-10-20T12:31:57Z
P-00897,NR-ACT-00897,Quiet-Drive Servo Motor NN-889,Actuators,Servo Motor,271993,7167,W-02,true,2024-03-11T12:56:57Z,2024-12-26T18:34:07Z
P-00898,NR-CBL-00898,Sealed Cable Chain OA-926,Cabling and Connectors,Cable Chain,8004,10,W-07,true,2024-05-10T03:20:21Z,2024-11-04T01:40:56Z
P-00899,NR-CTL-00899,Industrial Motion Controller PN-963,Controllers,Motion Controller,424619,2596,W-04,true,2024-09-06T10:59:12Z,2024-09-24T12:39:39Z
P-00900,NR-DRV-00900,Precision Harmonic Reducer QA-100,Drivetrain,Harmonic Reducer,130615,3889,W-01,true,2022-03-11T15:14:21Z,2022-10-23T08:25:48Z
P-00901,NR-EFF-00901,Modular Parallel Gripper RN-137,End Effectors,Parallel Gripper,10000,5462,W-08,true,2024-02-10T05:27:21Z,2024-05-04T20:42:50Z
P-00902,NR-FRM-00902,High-Torque Aluminum Extrusion SA-174,Frames and Structure,Aluminum Extrusion,24173,44201,W-05,true,2022-03-04T20:53:37Z,2022-11-17T09:27:23Z
P-00903,NR-PWR-00903,Heavy-Duty Battery Pack TN-211,Power Systems,Battery Pack,122456,6738,W-06,true,2022-06-13T01:28:19Z,2022-07-12T05:17:11Z
P-00904,NR-SEN-00904,Rapid-Cycle Proximity Sensor UA-248,Sensors,Proximity Sensor,128274,2964,W-05,true,2024-11-24T17:04:16Z,2025-05-11T14:05:27Z
P-00905,NR-ACT-00905,Low-Backlash Linear Actuator VN-285,Actuators,Linear Actuator,279726,20086,W-01,true,2023-03-29T10:37:30Z,2023-10-15T14:49:11Z
P-00906,NR-CBL-00906,Compact M12 Connector WA-322,Cabling and Connectors,M12 Connector,1143,928,W-08,true,2021-12-11T16:14:31Z,2022-03-31T12:25:43Z
P-00907,NR-CTL-00907,Quiet-Drive PLC Module XN-359,Controllers,PLC Module,495224,3762,W-01,true,2024-01-26T10:12:47Z,2024-05-01T13:37:01Z
P-00908,NR-DRV-00908,Sealed Planetary Gearbox YA-396,Drivetrain,Planetary Gearbox,65086,6149,W-08,true,2021-05-23T00:20:08Z,2021-10-23T19:08:22Z
P-00909,NR-EFF-00909,Industrial Vacuum Gripper ZN-433,End Effectors,Vacuum Gripper,189174,6149,W-05,false,2021-03-02T21:53:50Z,2022-01-12T18:20:43Z
P-00910,NR-FRM-00910,Precision Base Plate AA-470,Frames and Structure,Base Plate,60131,11390,W-04,true,2023-08-09T12:21:34Z,2024-09-04T16:07:29Z
P-00911,NR-PWR-00911,Modular Power Supply Unit BN-507,Power Systems,Power Supply Unit,5000,9338,W-04,true,2023-02-17T18:50:02Z,2023-12-31T01:32:43Z
P-00912,NR-SEN-00912,High-Torque Rotary Encoder CA-544,Sensors,Rotary Encoder,175052,398,W-01,true,2021-10-15T02:55:03Z,2022-03-26T05:26:01Z
P-00913,NR-ACT-00913,Heavy-Duty Rotary Actuator DN-581,Actuators,Rotary Actuator,392310,400,W-04,true,2022-06-04T18:21:45Z,2023-04-23T02:56:46Z
P-00914,NR-CBL-00914,Rapid-Cycle Servo Cable EA-618,Cabling and Connectors,Servo Cable,9115,2342,W-07,true,2022-08-10T02:25:57Z,2023-04-26T09:53:02Z
P-00915,NR-CTL-00915,Low-Backlash Edge Compute Node FN-655,Controllers,Edge Compute Node,126874,5237,W-06,true,2024-07-02T13:11:22Z,2024-10-03T12:34:36Z
P-00916,NR-DRV-00916,Compact Timing Belt GA-692,Drivetrain,Timing Belt,350000,5544,W-05,true,2023-11-23T12:44:22Z,2024-05-07T12:25:44Z
P-00917,NR-EFF-00917,Quiet-Drive Welding Torch HN-729,End Effectors,Welding Torch,124339,8630,W-05,true,2021-04-01T00:20:52Z,2021-05-30T05:47:13Z
P-00918,NR-FRM-00918,Sealed Gantry Beam IA-766,Frames and Structure,Gantry Beam,38193,35538,W-04,true,2023-09-21T02:24:06Z,2024-04-30T21:24:55Z
P-00919,NR-PWR-00919,Industrial Motor Driver JN-803,Power Systems,Motor Driver,166971,11437,W-01,true,2023-01-12T12:46:54Z,2023-10-05T21:50:18Z
P-00920,NR-SEN-00920,Precision Thermal Camera Module KA-840,Sensors,Thermal Camera Module,204988,780,W-07,true,2024-06-19T23:24:16Z,2024-10-20T10:44:14Z
P-00921,NR-ACT-00921,Modular Stepper Motor LN-877,Actuators,Stepper Motor,371153,8553,W-06,true,2022-12-03T01:22:58Z,2023-07-04T16:07:15Z
P-00922,NR-CBL-00922,High-Torque EtherCAT Cable MA-914,Cabling and Connectors,EtherCAT Cable,5698,2898,W-08,true,2021-02-26T16:10:47Z,2021-10-12T23:46:29Z
P-00923,NR-CTL-00923,Heavy-Duty IO Expansion Board NN-951,Controllers,IO Expansion Board,648033,6615,W-02,true,2023-09-07T09:55:19Z,2023-09-23T22:07:44Z
P-00924,NR-DRV-00924,Rapid-Cycle Ball Screw OA-988,Drivetrain,Ball Screw,191667,4222,W-04,true,2022-10-28T21:57:29Z,2023-10-02T01:51:58Z
P-00925,NR-EFF-00925,Low-Backlash Tool Changer PN-125,End Effectors,Tool Changer,452635,5047,W-01,true,2021-07-20T01:30:24Z,2022-06-16T08:20:27Z
P-00926,NR-FRM-00926,Compact Mounting Bracket QA-162,Frames and Structure,Mounting Bracket,41702,27468,W-03,true,2024-09-20T23:59:32Z,2024-11-03T00:29:21Z
P-00927,NR-PWR-00927,Quiet-Drive DC-DC Converter RN-199,Power Systems,DC-DC Converter,86552,8719,W-04,true,2023-08-02T14:32:06Z,2023-10-10T06:03:10Z
P-00928,NR-SEN-00928,Sealed LIDAR Unit SA-236,Sensors,LIDAR Unit,205431,422,W-07,true,2022-12-09T19:04:16Z,2023-02-04T05:54:48Z
P-00929,NR-ACT-00929,Industrial Servo Motor TN-273,Actuators,Servo Motor,155548,19270,W-05,false,2024-04-07T10:00:08Z,2024-09-24T05:04:39Z
P-00930,NR-CBL-00930,Precision Cable Chain UA-310,Cabling and Connectors,Cable Chain,7565,2914,W-07,true,2023-03-02T19:43:19Z,2023-07-23T06:37:06Z
P-00931,NR-CTL-00931,Modular Motion Controller VN-347,Controllers,Motion Controller,365831,5057,W-01,true,2023-05-23T01:25:21Z,2023-09-10T19:36:02Z
P-00932,NR-DRV-00932,High-Torque Harmonic Reducer WA-384,Drivetrain,Harmonic Reducer,6000,163,W-01,true,2021-03-04T16:03:10Z,2021-06-02T15:15:13Z
P-00933,NR-EFF-00933,Heavy-Duty Parallel Gripper XN-421,End Effectors,Parallel Gripper,267941,12000,W-08,true,2022-11-27T01:23:59Z,2023-04-26T19:06:41Z
P-00934,NR-FRM-00934,Rapid-Cycle Aluminum Extrusion YA-458,Frames and Structure,Aluminum Extrusion,33109,39399,W-05,true,2021-11-26T06:28:10Z,2022-05-26T19:50:16Z
P-00935,NR-PWR-00935,Low-Backlash Battery Pack ZN-495,Power Systems,Battery Pack,75722,4241,W-07,true,2023-11-03T04:31:20Z,2024-08-17T00:18:50Z
P-00936,NR-SEN-00936,Compact Force-Torque Sensor AA-532,Sensors,Force-Torque Sensor,46830,2163,W-01,true,2023-05-27T20:39:37Z,2023-07-17T05:21:50Z
P-00937,NR-ACT-00937,Quiet-Drive Linear Actuator BN-569,Actuators,Linear Actuator,261816,7015,W-06,true,2024-01-16T04:11:10Z,2025-01-02T02:43:48Z
P-00938,NR-CBL-00938,Sealed M12 Connector CA-606,Cabling and Connectors,M12 Connector,12503,1937,W-01,true,2023-07-18T17:28:37Z,2024-06-09T12:36:00Z
P-00939,NR-CTL-00939,Industrial PLC Module DN-643,Controllers,PLC Module,492250,1829,W-08,true,2023-10-18T06:12:18Z,2024-06-04T11:43:08Z
P-00940,NR-DRV-00940,Precision Planetary Gearbox EA-680,Drivetrain,Planetary Gearbox,237555,2877,W-04,true,2023-03-23T05:29:24Z,2023-11-07T18:53:42Z
P-00941,NR-EFF-00941,Modular Vacuum Gripper FN-717,End Effectors,Vacuum Gripper,386158,10173,W-06,true,2023-06-03T12:57:16Z,2023-12-13T07:45:10Z
P-00942,NR-FRM-00942,High-Torque Base Plate GA-754,Frames and Structure,Base Plate,56185,45564,W-07,true,2023-02-17T09:41:42Z,2023-10-15T20:55:56Z
P-00943,NR-PWR-00943,Heavy-Duty Power Supply Unit HN-791,Power Systems,Power Supply Unit,29092,5764,W-01,false,2024-10-15T09:43:32Z,2025-03-12T06:35:11Z
P-00944,NR-SEN-00944,Rapid-Cycle Proximity Sensor IA-828,Sensors,Proximity Sensor,262448,2807,W-04,true,2021-08-08T11:45:20Z,2022-07-08T09:11:55Z
P-00945,NR-ACT-00945,Low-Backlash Rotary Actuator JN-865,Actuators,Rotary Actuator,117658,15116,W-04,true,2023-12-23T21:52:16Z,2024-01-10T17:53:20Z
P-00946,NR-CBL-00946,Compact Servo Cable KA-902,Cabling and Connectors,Servo Cable,11801,1934,W-05,true,2022-12-12T04:57:41Z,2023-11-01T15:31:18Z
P-00947,NR-CTL-00947,Quiet-Drive Edge Compute Node LN-939,Controllers,Edge Compute Node,516144,4556,W-01,true,2021-12-02T09:35:27Z,2022-07-30T19:07:18Z
P-00948,NR-DRV-00948,Sealed Timing Belt MA-976,Drivetrain,Timing Belt,6000,2994,W-08,true,2021-12-09T09:00:31Z,2022-08-19T09:57:08Z
P-00949,NR-EFF-00949,Industrial Welding Torch NN-113,End Effectors,Welding Torch,174982,2547,W-05,true,2024-10-27T19:19:27Z,2025-02-12T09:34:52Z
P-00950,NR-FRM-00950,Precision Gantry Beam OA-150,Frames and Structure,Gantry Beam,27227,14309,W-03,true,2022-03-19T06:26:18Z,2022-03-21T15:42:32Z
P-00951,NR-PWR-00951,Modular Motor Driver PN-187,Power Systems,Motor Driver,250000,2306,W-07,false,2024-11-02T14:15:44Z,2025-10-05T19:22:17Z
P-00952,NR-SEN-00952,High-Torque Rotary Encoder QA-224,Sensors,Rotary Encoder,103966,2683,W-03,true,2024-03-31T10:37:35Z,2025-01-04T01:41:33Z
P-00953,NR-ACT-00953,Heavy-Duty Stepper Motor RN-261,Actuators,Stepper Motor,173640,10360,W-08,true,2023-05-06T08:22:33Z,2024-02-27T09:27:36Z
P-00954,NR-CBL-00954,Rapid-Cycle EtherCAT Cable SA-298,Cabling and Connectors,EtherCAT Cable,4619,1599,W-08,true,2021-12-03T12:37:49Z,2021-12-15T03:00:12Z
P-00955,NR-CTL-00955,Low-Backlash IO Expansion Board TN-335,Controllers,IO Expansion Board,94238,3152,W-03,true,2023-12-02T03:40:12Z,2024-03-24T08:02:31Z
P-00956,NR-DRV-00956,Compact Ball Screw UA-372,Drivetrain,Ball Screw,194140,827,W-02,true,2024-12-06T02:43:45Z,2025-03-09T11:09:26Z
P-00957,NR-EFF-00957,Quiet-Drive Tool Changer VN-409,End Effectors,Tool Changer,254029,8009,W-04,true,2021-08-20T09:20:04Z,2022-02-23T06:27:30Z
P-00958,NR-FRM-00958,Sealed Mounting Bracket WA-446,Frames and Structure,Mounting Bracket,12373,16847,W-07,true,2021-03-05T00:15:49Z,2021-03-27T21:19:40Z
P-00959,NR-PWR-00959,Industrial DC-DC Converter XN-483,Power Systems,DC-DC Converter,145684,6784,W-01,true,2023-11-04T06:16:09Z,2024-12-07T10:02:00Z
P-00960,NR-SEN-00960,Precision Thermal Camera Module YA-520,Sensors,Thermal Camera Module,87449,2109,W-07,true,2021-03-27T16:10:29Z,2021-06-26T09:11:06Z
P-00961,NR-ACT-00961,Modular Servo Motor ZN-557,Actuators,Servo Motor,325180,3272,W-07,true,2023-11-05T04:35:27Z,2024-04-03T08:34:37Z
P-00962,NR-CBL-00962,High-Torque Cable Chain AA-594,Cabling and Connectors,Cable Chain,8954,1176,W-07,true,2021-04-13T20:57:04Z,2022-01-30T07:01:35Z
P-00963,NR-CTL-00963,Heavy-Duty Motion Controller BN-631,Controllers,Motion Controller,166047,4129,W-06,true,2023-09-06T10:57:29Z,2023-11-02T06:48:41Z
P-00964,NR-DRV-00964,Rapid-Cycle Harmonic Reducer CA-668,Drivetrain,Harmonic Reducer,225474,4994,W-04,true,2021-10-03T06:05:32Z,2022-03-04T09:55:25Z
P-00965,NR-EFF-00965,Low-Backlash Parallel Gripper DN-705,End Effectors,Parallel Gripper,462377,856,W-06,true,2021-03-20T03:17:20Z,2021-12-31T06:02:12Z
P-00966,NR-FRM-00966,Compact Aluminum Extrusion EA-742,Frames and Structure,Aluminum Extrusion,43910,42095,W-03,true,2022-11-16T12:36:21Z,2023-10-26T09:02:15Z
P-00967,NR-PWR-00967,Quiet-Drive Battery Pack FN-779,Power Systems,Battery Pack,77909,6522,W-06,true,2022-11-29T12:52:06Z,2023-03-18T01:38:01Z
P-00968,NR-SEN-00968,Sealed LIDAR Unit GA-816,Sensors,LIDAR Unit,135408,305,W-07,true,2023-07-16T08:07:23Z,2023-10-30T21:35:16Z
P-00969,NR-ACT-00969,Industrial Linear Actuator HN-853,Actuators,Linear Actuator,154987,16898,W-05,true,2023-02-04T10:35:52Z,2024-02-07T17:11:45Z
P-00970,NR-CBL-00970,Precision M12 Connector IA-890,Cabling and Connectors,M12 Connector,15000,951,W-01,true,2024-12-19T13:34:00Z,2025-02-09T10:41:56Z
P-00971,NR-CTL-00971,Modular PLC Module JN-927,Controllers,PLC Module,482998,2960,W-08,true,2023-11-15T00:07:10Z,2024-06-06T03:02:57Z
P-00972,NR-DRV-00972,High-Torque Planetary Gearbox KA-964,Drivetrain,Planetary Gearbox,229715,8555,W-08,true,2021-05-19T13:07:35Z,2021-08-30T14:11:37Z
P-00973,NR-EFF-00973,Heavy-Duty Vacuum Gripper LN-101,End Effectors,Vacuum Gripper,357018,5344,W-02,true,2024-11-23T16:13:16Z,2025-10-01T09:13:28Z
P-00974,NR-FRM-00974,Rapid-Cycle Base Plate MA-138,Frames and Structure,Base Plate,59972,42027,W-04,true,2021-11-15T07:51:39Z,2022-03-22T22:07:44Z
P-00975,NR-PWR-00975,Low-Backlash Power Supply Unit NN-175,Power Systems,Power Supply Unit,116671,7480,W-08,true,2021-06-24T22:46:44Z,2021-12-11T22:49:52Z
P-00976,NR-SEN-00976,Compact Force-Torque Sensor OA-212,Sensors,Force-Torque Sensor,154114,1122,W-06,true,2023-02-10T02:49:41Z,2023-11-05T01:26:45Z
P-00977,NR-ACT-00977,Quiet-Drive Rotary Actuator PN-249,Actuators,Rotary Actuator,182215,13666,W-03,true,2023-11-04T12:13:37Z,2024-06-21T23:38:26Z
P-00978,NR-CBL-00978,Sealed Servo Cable QA-286,Cabling and Connectors,Servo Cable,5920,3256,W-01,true,2022-05-17T19:09:28Z,2022-06-23T21:56:47Z
P-00979,NR-CTL-00979,Industrial Edge Compute Node RN-323,Controllers,Edge Compute Node,601517,6339,W-02,false,2021-05-27T19:49:15Z,2022-04-27T17:13:15Z
P-00980,NR-DRV-00980,Precision Timing Belt SA-360,Drivetrain,Timing Belt,133584,15000,W-08,true,2023-11-26T12:37:12Z,2024-06-07T19:18:19Z
P-00981,NR-EFF-00981,Modular Welding Torch TN-397,End Effectors,Welding Torch,315846,3476,W-01,true,2024-11-06T22:26:27Z,2025-11-01T17:12:33Z
P-00982,NR-FRM-00982,High-Torque Gantry Beam UA-434,Frames and Structure,Gantry Beam,39690,12773,W-05,true,2021-04-27T18:51:36Z,2021-05-08T16:05:27Z
P-00983,NR-PWR-00983,Heavy-Duty Motor Driver VN-471,Power Systems,Motor Driver,171517,3610,W-05,true,2023-07-04T23:15:12Z,2023-11-23T15:17:12Z
P-00984,NR-SEN-00984,Rapid-Cycle Proximity Sensor WA-508,Sensors,Proximity Sensor,192301,2104,W-07,true,2023-04-29T09:01:06Z,2024-01-18T13:38:30Z
P-00985,NR-ACT-00985,Low-Backlash Stepper Motor XN-545,Actuators,Stepper Motor,220243,4951,W-03,true,2022-10-24T19:11:43Z,2023-04-22T17:04:08Z
P-00986,NR-CBL-00986,Compact EtherCAT Cable YA-582,Cabling and Connectors,EtherCAT Cable,10880,1125,W-08,true,2021-10-03T07:06:50Z,2022-06-07T15:17:46Z
P-00987,NR-CTL-00987,Quiet-Drive IO Expansion Board ZN-619,Controllers,IO Expansion Board,295660,5725,W-01,false,2021-02-05T14:28:13Z,2022-02-23T09:24:51Z
P-00988,NR-DRV-00988,Sealed Ball Screw AA-656,Drivetrain,Ball Screw,203431,2708,W-03,true,2024-12-11T04:59:42Z,2025-03-13T15:13:18Z
P-00989,NR-EFF-00989,Industrial Tool Changer BN-693,End Effectors,Tool Changer,72912,7397,W-06,true,2023-02-11T05:32:04Z,2023-08-13T11:57:34Z
P-00990,NR-FRM-00990,Precision Mounting Bracket CA-730,Frames and Structure,Mounting Bracket,60094,19711,W-05,true,2021-01-25T00:27:31Z,2021-11-04T14:09:38Z
P-00991,NR-PWR-00991,Modular DC-DC Converter DN-767,Power Systems,DC-DC Converter,132926,4795,W-08,true,2024-07-29T22:50:48Z,2024-12-09T17:24:15Z
P-00992,NR-SEN-00992,High-Torque Rotary Encoder EA-804,Sensors,Rotary Encoder,197518,2871,W-06,true,2021-05-14T21:21:48Z,2022-03-16T10:03:53Z
P-00993,NR-ACT-00993,Heavy-Duty Servo Motor FN-841,Actuators,Servo Motor,163391,4054,W-04,true,2023-04-18T10:09:17Z,2024-03-30T20:06:05Z
P-00994,NR-CBL-00994,Rapid-Cycle Cable Chain GA-878,Cabling and Connectors,Cable Chain,12817,1419,W-05,true,2024-02-12T21:11:36Z,2024-04-09T11:26:33Z
P-00995,NR-CTL-00995,Low-Backlash Motion Controller HN-915,Controllers,Motion Controller,91268,4116,W-04,true,2023-06-06T10:11:27Z,2023-09-22T04:34:05Z
P-00996,NR-DRV-00996,Compact Harmonic Reducer IA-952,Drivetrain,Harmonic Reducer,137513,10867,W-04,true,2021-03-03T06:14:11Z,2021-09-27T19:45:54Z
P-00997,NR-EFF-00997,Quiet-Drive Parallel Gripper JN-989,End Effectors,Parallel Gripper,270877,10197,W-04,true,2024-09-10T12:16:50Z,2024-09-23T01:38:30Z
P-00998,NR-FRM-00998,Sealed Aluminum Extrusion KA-126,Frames and Structure,Aluminum Extrusion,50719,27998,W-03,true,2024-05-25T05:57:14Z,2024-06-20T14:06:04Z
P-00999,NR-PWR-00999,Industrial Battery Pack LN-163,Power Systems,Battery Pack,217126,7047,W-01,true,2023-04-23T09:45:01Z,2024-03-24T20:16:03Z
P-01000,NR-SEN-01000,Precision Thermal Camera Module MA-200,Sensors,Thermal Camera Module,251370,1579,W-05,true,2022-03-30T09:36:47Z,2022-07-09T08:46:05Z
P-01001,NR-ACT-01001,Modular Linear Actuator NN-237,Actuators,Linear Actuator,188312,18231,W-05,true,2022-03-17T12:06:15Z,2022-12-11T20:32:24Z
P-01002,NR-CBL-01002,High-Torque M12 Connector OA-274,Cabling and Connectors,M12 Connector,3243,2378,W-06,false,2024-03-12T21:48:39Z,2024-04-09T17:09:41Z
P-01003,NR-CTL-01003,Heavy-Duty PLC Module PN-311,Controllers,PLC Module,382924,2440,W-07,true,2022-01-01T11:54:30Z,2022-11-09T11:16:08Z
P-01004,NR-DRV-01004,Rapid-Cycle Planetary Gearbox QA-348,Drivetrain,Planetary Gearbox,85263,8923,W-07,true,2023-08-15T06:35:34Z,2024-07-31T08:36:11Z
P-01005,NR-EFF-01005,Low-Backlash Vacuum Gripper RN-385,End Effectors,Vacuum Gripper,221772,11169,W-01,true,2023-10-29T00:14:18Z,2024-10-21T09:28:08Z
P-01006,NR-FRM-01006,Compact Base Plate SA-422,Frames and Structure,Base Plate,16975,30837,W-01,true,2024-08-24T08:09:42Z,2025-07-29T08:27:03Z
P-01007,NR-PWR-01007,Quiet-Drive Power Supply Unit TN-459,Power Systems,Power Supply Unit,30034,8841,W-08,true,2021-07-21T03:38:40Z,2022-03-26T19:02:39Z
P-01008,NR-SEN-01008,Sealed LIDAR Unit UA-496,Sensors,LIDAR Unit,106006,1704,W-01,true,2023-04-07T15:38:31Z,2023-12-10T20:19:25Z
P-01009,NR-ACT-01009,Industrial Rotary Actuator VN-533,Actuators,Rotary Actuator,230859,11022,W-06,true,2024-05-15T23:00:30Z,2024-11-16T09:59:12Z
P-01010,NR-CBL-01010,Precision Servo Cable WA-570,Cabling and Connectors,Servo Cable,3804,3135,W-07,true,2024-09-10T01:27:49Z,2025-06-16T23:00:35Z
P-01011,NR-CTL-01011,Modular Edge Compute Node XN-607,Controllers,Edge Compute Node,470108,2488,W-07,true,2023-06-04T05:04:16Z,2023-07-03T23:19:45Z
P-01012,NR-DRV-01012,High-Torque Timing Belt YA-644,Drivetrain,Timing Belt,221589,7917,W-01,true,2021-10-01T06:17:45Z,2022-06-24T09:24:34Z
P-01013,NR-EFF-01013,Heavy-Duty Welding Torch ZN-681,End Effectors,Welding Torch,313130,4202,W-02,true,2022-09-03T18:33:55Z,2023-08-27T14:22:16Z
P-01014,NR-FRM-01014,Rapid-Cycle Gantry Beam AA-718,Frames and Structure,Gantry Beam,30280,24797,W-08,true,2023-08-08T18:10:30Z,2024-03-24T05:47:13Z
P-01015,NR-PWR-01015,Low-Backlash Motor Driver BN-755,Power Systems,Motor Driver,145623,12179,W-08,true,2024-02-23T13:21:29Z,2024-09-19T16:35:16Z
P-01016,NR-SEN-01016,Compact Force-Torque Sensor CA-792,Sensors,Force-Torque Sensor,187804,176,W-04,true,2021-10-30T06:00:49Z,2022-01-18T07:59:08Z
P-01017,NR-ACT-01017,Quiet-Drive Stepper Motor DN-829,Actuators,Stepper Motor,197508,13930,W-05,true,2024-11-23T22:50:53Z,2025-08-05T14:59:12Z
P-01018,NR-CBL-01018,Sealed EtherCAT Cable EA-866,Cabling and Connectors,EtherCAT Cable,10063,3561,W-06,true,2022-06-18T09:02:27Z,2023-04-16T13:57:11Z
P-01019,NR-CTL-01019,Industrial IO Expansion Board FN-903,Controllers,IO Expansion Board,604088,7124,W-08,true,2021-12-11T07:47:24Z,2022-06-01T23:12:40Z
P-01020,NR-DRV-01020,Precision Ball Screw GA-940,Drivetrain,Ball Screw,112878,11795,W-02,true,2024-08-29T15:54:30Z,2025-09-25T12:07:13Z
P-01021,NR-EFF-01021,Modular Tool Changer HN-977,End Effectors,Tool Changer,406527,8962,W-05,true,2023-10-01T05:56:44Z,2024-10-15T13:20:58Z
P-01022,NR-FRM-01022,High-Torque Mounting Bracket IA-114,Frames and Structure,Mounting Bracket,2000,25833,W-08,true,2022-05-13T18:55:18Z,2023-05-27T15:34:59Z
P-01023,NR-PWR-01023,Heavy-Duty DC-DC Converter JN-151,Power Systems,DC-DC Converter,134760,5475,W-02,true,2021-10-29T14:47:32Z,2022-06-24T18:35:27Z
P-01024,NR-SEN-01024,Rapid-Cycle Proximity Sensor KA-188,Sensors,Proximity Sensor,128420,1445,W-02,true,2021-06-25T20:17:09Z,2022-07-04T14:49:38Z
P-01025,NR-ACT-01025,Low-Backlash Servo Motor LN-225,Actuators,Servo Motor,179456,9311,W-07,true,2023-12-31T16:36:09Z,2024-09-15T19:38:21Z
P-01026,NR-CBL-01026,Compact Cable Chain MA-262,Cabling and Connectors,Cable Chain,5117,1615,W-07,true,2022-07-20T19:14:35Z,2022-12-31T01:23:29Z
P-01027,NR-CTL-01027,Quiet-Drive Motion Controller NN-299,Controllers,Motion Controller,388389,5225,W-06,true,2022-05-23T14:47:15Z,2023-02-02T04:47:28Z
P-01028,NR-DRV-01028,Sealed Harmonic Reducer OA-336,Drivetrain,Harmonic Reducer,195742,10036,W-07,true,2024-10-08T12:09:39Z,2025-03-24T02:07:35Z
P-01029,NR-EFF-01029,Industrial Parallel Gripper PN-373,End Effectors,Parallel Gripper,312330,3006,W-01,true,2022-10-25T03:45:17Z,2023-10-07T14:31:54Z
P-01030,NR-FRM-01030,Precision Aluminum Extrusion QA-410,Frames and Structure,Aluminum Extrusion,44556,26591,W-07,false,2021-08-21T12:43:01Z,2021-11-14T06:34:33Z
P-01031,NR-PWR-01031,Modular Battery Pack RN-447,Power Systems,Battery Pack,105581,16558,W-07,true,2022-07-04T16:50:19Z,2022-11-19T10:24:41Z
P-01032,NR-SEN-01032,High-Torque Rotary Encoder SA-484,Sensors,Rotary Encoder,56763,2085,W-02,true,2023-03-25T13:44:02Z,2024-03-26T20:59:59Z
P-01033,NR-ACT-01033,Heavy-Duty Linear Actuator TN-521,Actuators,Linear Actuator,95185,8426,W-06,true,2021-01-11T10:46:59Z,2021-08-10T11:18:11Z
P-01034,NR-CBL-01034,Rapid-Cycle M12 Connector UA-558,Cabling and Connectors,M12 Connector,5922,2564,W-04,true,2024-10-14T20:30:42Z,2025-01-29T03:34:34Z
P-01035,NR-CTL-01035,Low-Backlash PLC Module VN-595,Controllers,PLC Module,718949,3549,W-08,true,2022-05-20T00:33:55Z,2023-06-17T09:16:50Z
P-01036,NR-DRV-01036,Compact Planetary Gearbox WA-632,Drivetrain,Planetary Gearbox,53739,10709,W-04,true,2024-09-01T23:47:10Z,2025-01-10T03:53:15Z
P-01037,NR-EFF-01037,Quiet-Drive Vacuum Gripper XN-669,End Effectors,Vacuum Gripper,378842,9613,W-05,false,2024-10-19T11:49:37Z,2025-05-24T16:12:18Z
P-01038,NR-FRM-01038,Sealed Base Plate YA-706,Frames and Structure,Base Plate,23834,26769,W-01,false,2024-05-22T11:29:30Z,2025-01-23T22:54:03Z
P-01039,NR-PWR-01039,Industrial Power Supply Unit ZN-743,Power Systems,Power Supply Unit,155025,795,W-02,true,2021-07-20T05:37:21Z,2022-03-13T18:41:29Z
P-01040,NR-SEN-01040,Precision Thermal Camera Module AA-780,Sensors,Thermal Camera Module,300000,1264,W-02,true,2022-10-28T00:59:45Z,2023-07-13T03:25:10Z
P-01041,NR-ACT-01041,Modular Rotary Actuator BN-817,Actuators,Rotary Actuator,450000,13192,W-04,true,2021-03-08T14:29:36Z,2021-07-07T17:29:02Z
P-01042,NR-CBL-01042,High-Torque Servo Cable CA-854,Cabling and Connectors,Servo Cable,8780,1092,W-02,true,2024-09-26T13:24:49Z,2025-03-25T19:52:36Z
P-01043,NR-CTL-01043,Heavy-Duty Edge Compute Node DN-891,Controllers,Edge Compute Node,606675,5355,W-03,true,2024-09-11T03:28:16Z,2025-05-15T15:48:20Z
P-01044,NR-DRV-01044,Rapid-Cycle Timing Belt EA-928,Drivetrain,Timing Belt,186242,7715,W-02,true,2023-03-22T13:37:33Z,2023-08-28T02:09:46Z
P-01045,NR-EFF-01045,Low-Backlash Welding Torch FN-965,End Effectors,Welding Torch,168724,3755,W-02,true,2022-03-18T00:54:45Z,2022-11-08T14:08:02Z
P-01046,NR-FRM-01046,Compact Gantry Beam GA-102,Frames and Structure,Gantry Beam,35939,47849,W-01,true,2023-08-22T01:52:06Z,2024-09-06T03:51:48Z
P-01047,NR-PWR-01047,Quiet-Drive Motor Driver HN-139,Power Systems,Motor Driver,224657,18000,W-01,true,2024-10-28T08:15:23Z,2025-10-05T22:16:55Z
P-01048,NR-SEN-01048,Sealed LIDAR Unit IA-176,Sensors,LIDAR Unit,142377,1052,W-07,true,2021-01-10T21:19:07Z,2021-04-21T15:47:00Z
P-01049,NR-ACT-01049,Industrial Stepper Motor JN-213,Actuators,Stepper Motor,145148,16039,W-06,true,2022-03-24T06:11:04Z,2022-09-02T17:02:17Z
P-01050,NR-CBL-01050,Precision EtherCAT Cable KA-250,Cabling and Connectors,EtherCAT Cable,8976,1887,W-02,true,2021-09-26T13:12:23Z,2021-12-17T18:36:07Z
P-01051,NR-CTL-01051,Modular IO Expansion Board LN-287,Controllers,IO Expansion Board,450940,3240,W-03,true,2023-08-01T06:54:47Z,2023-11-20T12:35:22Z
P-01052,NR-DRV-01052,High-Torque Ball Screw MA-324,Drivetrain,Ball Screw,267528,3846,W-01,true,2021-04-02T15:06:04Z,2022-01-20T13:48:16Z
P-01053,NR-EFF-01053,Heavy-Duty Tool Changer NN-361,End Effectors,Tool Changer,236263,150,W-03,true,2023-01-31T11:17:38Z,2023-06-04T20:43:16Z
P-01054,NR-FRM-01054,Rapid-Cycle Mounting Bracket OA-398,Frames and Structure,Mounting Bracket,48056,48335,W-08,true,2021-09-14T09:51:02Z,2022-09-15T18:14:38Z
P-01055,NR-PWR-01055,Low-Backlash DC-DC Converter PN-435,Power Systems,DC-DC Converter,48546,13049,W-05,true,2021-10-08T15:41:12Z,2022-07-07T13:47:40Z
P-01056,NR-SEN-01056,Compact Force-Torque Sensor QA-472,Sensors,Force-Torque Sensor,90286,1857,W-06,true,2022-02-17T15:24:57Z,2023-02-28T10:43:23Z
P-01057,NR-ACT-01057,Quiet-Drive Servo Motor RN-509,Actuators,Servo Motor,274004,13557,W-04,true,2023-08-19T23:30:32Z,2023-10-29T01:35:37Z
P-01058,NR-CBL-01058,Sealed Cable Chain SA-546,Cabling and Connectors,Cable Chain,1312,1886,W-06,true,2023-10-19T16:00:28Z,2024-04-23T22:13:53Z
P-01059,NR-CTL-01059,Industrial Motion Controller TN-583,Controllers,Motion Controller,434523,2496,W-04,true,2021-07-07T20:35:18Z,2022-07-06T23:08:26Z
P-01060,NR-DRV-01060,Precision Harmonic Reducer UA-620,Drivetrain,Harmonic Reducer,220865,11225,W-08,true,2024-05-07T21:22:39Z,2024-10-23T15:34:56Z
P-01061,NR-EFF-01061,Modular Parallel Gripper VN-657,End Effectors,Parallel Gripper,414727,4131,W-02,false,2024-12-09T15:01:51Z,2025-01-01T08:35:56Z
P-01062,NR-FRM-01062,High-Torque Aluminum Extrusion WA-694,Frames and Structure,Aluminum Extrusion,35496,38385,W-06,true,2024-10-01T10:53:27Z,2025-02-11T10:09:06Z
P-01063,NR-PWR-01063,Heavy-Duty Battery Pack XN-731,Power Systems,Battery Pack,223119,7097,W-03,true,2023-06-29T00:58:12Z,2023-08-26T13:50:08Z
P-01064,NR-SEN-01064,Rapid-Cycle Proximity Sensor YA-768,Sensors,Proximity Sensor,119927,1270,W-03,true,2021-09-16T17:56:58Z,2022-05-27T06:17:58Z
P-01065,NR-ACT-01065,Low-Backlash Linear Actuator ZN-805,Actuators,Linear Actuator,135848,4296,W-07,true,2024-08-22T06:46:12Z,2025-01-27T02:26:27Z
P-01066,NR-CBL-01066,Compact M12 Connector AA-842,Cabling and Connectors,M12 Connector,3931,4000,W-03,true,2023-01-30T19:05:23Z,2024-01-25T10:32:48Z
P-01067,NR-CTL-01067,Quiet-Drive PLC Module BN-879,Controllers,PLC Module,425889,300,W-05,true,2022-09-03T15:09:06Z,2023-04-16T18:12:46Z
P-01068,NR-DRV-01068,Sealed Planetary Gearbox CA-916,Drivetrain,Planetary Gearbox,178307,8290,W-02,true,2022-01-30T09:56:17Z,2023-02-21T07:31:08Z
P-01069,NR-EFF-01069,Industrial Vacuum Gripper DN-953,End Effectors,Vacuum Gripper,104287,3012,W-02,true,2023-07-27T16:06:56Z,2024-07-02T11:51:57Z
P-01070,NR-FRM-01070,Precision Base Plate EA-990,Frames and Structure,Base Plate,66367,30576,W-02,true,2021-03-28T02:51:38Z,2021-12-10T07:11:35Z
P-01071,NR-PWR-01071,Modular Power Supply Unit FN-127,Power Systems,Power Supply Unit,130405,18000,W-05,true,2024-11-15T15:59:43Z,2025-12-07T05:48:45Z
P-01072,NR-SEN-01072,High-Torque Rotary Encoder GA-164,Sensors,Rotary Encoder,144115,1170,W-06,true,2023-05-18T07:23:21Z,2023-11-23T01:44:40Z
P-01073,NR-ACT-01073,Heavy-Duty Rotary Actuator HN-201,Actuators,Rotary Actuator,250187,12143,W-05,true,2022-07-20T22:21:34Z,2023-05-25T09:25:50Z
P-01074,NR-CBL-01074,Rapid-Cycle Servo Cable IA-238,Cabling and Connectors,Servo Cable,6879,413,W-07,true,2021-09-27T03:50:13Z,2021-10-26T09:48:58Z
P-01075,NR-CTL-01075,Low-Backlash Edge Compute Node JN-275,Controllers,Edge Compute Node,590180,3507,W-01,true,2024-12-30T19:33:27Z,2025-12-27T11:00:29Z
P-01076,NR-DRV-01076,Compact Timing Belt KA-312,Drivetrain,Timing Belt,76575,7033,W-04,true,2021-11-24T03:12:18Z,2022-09-09T05:22:59Z
P-01077,NR-EFF-01077,Quiet-Drive Welding Torch LN-349,End Effectors,Welding Torch,197827,3656,W-03,true,2022-09-05T14:16:32Z,2022-10-22T21:10:47Z
P-01078,NR-FRM-01078,Sealed Gantry Beam MA-386,Frames and Structure,Gantry Beam,54284,500,W-03,true,2022-03-09T01:26:41Z,2022-10-29T17:03:45Z
P-01079,NR-PWR-01079,Industrial Motor Driver NN-423,Power Systems,Motor Driver,132721,13492,W-07,true,2024-08-21T11:37:51Z,2025-04-27T14:32:54Z
P-01080,NR-SEN-01080,Precision Thermal Camera Module OA-460,Sensors,Thermal Camera Module,174908,1966,W-03,false,2024-09-16T14:45:46Z,2024-11-28T07:01:11Z
P-01081,NR-ACT-01081,Modular Stepper Motor PN-497,Actuators,Stepper Motor,293688,11639,W-06,true,2024-02-08T15:40:47Z,2024-11-05T03:29:04Z
P-01082,NR-CBL-01082,High-Torque EtherCAT Cable QA-534,Cabling and Connectors,EtherCAT Cable,6817,1628,W-02,true,2023-10-13T13:44:30Z,2024-11-13T18:34:26Z
P-01083,NR-CTL-01083,Heavy-Duty IO Expansion Board RN-571,Controllers,IO Expansion Board,568289,7452,W-05,true,2023-06-15T15:18:40Z,2024-05-03T10:21:57Z
P-01084,NR-DRV-01084,Rapid-Cycle Ball Screw SA-608,Drivetrain,Ball Screw,213678,7473,W-04,true,2021-06-28T21:51:14Z,2021-10-19T16:16:50Z
P-01085,NR-EFF-01085,Low-Backlash Tool Changer TN-645,End Effectors,Tool Changer,116032,8587,W-02,true,2021-09-02T12:28:01Z,2021-12-03T05:37:22Z
P-01086,NR-FRM-01086,Compact Mounting Bracket UA-682,Frames and Structure,Mounting Bracket,70634,5163,W-02,true,2024-03-15T05:11:35Z,2024-07-01T16:10:44Z
P-01087,NR-PWR-01087,Quiet-Drive DC-DC Converter VN-719,Power Systems,DC-DC Converter,206400,11103,W-07,true,2022-08-18T07:41:34Z,2023-06-27T02:29:44Z
P-01088,NR-SEN-01088,Sealed LIDAR Unit WA-756,Sensors,LIDAR Unit,281862,2935,W-01,true,2024-01-27T01:50:00Z,2024-02-20T20:48:57Z
P-01089,NR-ACT-01089,Industrial Servo Motor XN-793,Actuators,Servo Motor,68002,14054,W-03,true,2021-11-04T12:09:37Z,2022-04-19T19:04:21Z
P-01090,NR-CBL-01090,Precision Cable Chain YA-830,Cabling and Connectors,Cable Chain,12308,2304,W-05,true,2021-11-20T17:47:10Z,2021-12-01T03:44:57Z
P-01091,NR-CTL-01091,Modular Motion Controller ZN-867,Controllers,Motion Controller,333721,2622,W-06,true,2021-06-10T23:35:25Z,2021-10-05T04:55:43Z
P-01092,NR-DRV-01092,High-Torque Harmonic Reducer AA-904,Drivetrain,Harmonic Reducer,184308,4529,W-06,true,2021-02-05T06:40:08Z,2021-12-08T21:58:13Z
P-01093,NR-EFF-01093,Heavy-Duty Parallel Gripper BN-941,End Effectors,Parallel Gripper,207418,4919,W-05,true,2023-06-15T10:51:04Z,2024-02-24T03:50:54Z
P-01094,NR-FRM-01094,Rapid-Cycle Aluminum Extrusion CA-978,Frames and Structure,Aluminum Extrusion,52051,29291,W-07,true,2021-01-27T14:05:22Z,2021-06-27T00:03:34Z
P-01095,NR-PWR-01095,Low-Backlash Battery Pack DN-115,Power Systems,Battery Pack,109626,5049,W-03,true,2024-07-28T08:16:26Z,2024-09-17T14:55:50Z
P-01096,NR-SEN-01096,Compact Force-Torque Sensor EA-152,Sensors,Force-Torque Sensor,198180,445,W-01,true,2021-11-30T09:32:42Z,2022-08-25T13:15:44Z
P-01097,NR-ACT-01097,Quiet-Drive Linear Actuator FN-189,Actuators,Linear Actuator,348525,17197,W-03,true,2024-04-21T00:54:36Z,2024-07-05T12:15:14Z
P-01098,NR-CBL-01098,Sealed M12 Connector GA-226,Cabling and Connectors,M12 Connector,8185,3092,W-01,true,2022-10-21T10:43:30Z,2023-07-27T07:16:10Z
P-01099,NR-CTL-01099,Industrial PLC Module HN-263,Controllers,PLC Module,203202,3817,W-08,true,2024-12-06T09:57:51Z,2025-03-17T15:33:31Z
P-01100,NR-DRV-01100,Precision Planetary Gearbox IA-300,Drivetrain,Planetary Gearbox,182760,8397,W-06,true,2024-04-24T09:22:08Z,2024-08-23T16:35:57Z
P-01101,NR-EFF-01101,Modular Vacuum Gripper JN-337,End Effectors,Vacuum Gripper,500000,7519,W-08,true,2022-07-17T01:43:24Z,2022-11-19T20:45:43Z
P-01102,NR-FRM-01102,High-Torque Base Plate KA-374,Frames and Structure,Base Plate,16308,32712,W-07,true,2023-07-20T14:49:45Z,2023-09-06T09:37:05Z
P-01103,NR-PWR-01103,Heavy-Duty Power Supply Unit LN-411,Power Systems,Power Supply Unit,35746,11589,W-07,true,2024-09-01T00:21:28Z,2024-09-18T09:33:30Z
P-01104,NR-SEN-01104,Rapid-Cycle Proximity Sensor MA-448,Sensors,Proximity Sensor,121172,2002,W-05,true,2024-10-31T20:11:19Z,2025-01-22T23:33:10Z
P-01105,NR-ACT-01105,Low-Backlash Rotary Actuator NN-485,Actuators,Rotary Actuator,186105,14712,W-06,true,2023-11-30T06:05:48Z,2023-12-06T03:21:03Z
P-01106,NR-CBL-01106,Compact Servo Cable OA-522,Cabling and Connectors,Servo Cable,8668,3550,W-03,true,2021-04-02T02:32:53Z,2021-07-07T23:01:31Z
P-01107,NR-CTL-01107,Quiet-Drive Edge Compute Node PN-559,Controllers,Edge Compute Node,669154,4868,W-08,false,2023-05-27T19:24:41Z,2024-05-12T11:29:22Z
P-01108,NR-DRV-01108,Sealed Timing Belt QA-596,Drivetrain,Timing Belt,54722,13339,W-01,true,2022-07-31T03:42:25Z,2023-07-10T02:19:33Z
P-01109,NR-EFF-01109,Industrial Welding Torch RN-633,End Effectors,Welding Torch,75536,3315,W-05,true,2022-10-23T11:29:25Z,2023-03-06T10:47:49Z
P-01110,NR-FRM-01110,Precision Gantry Beam SA-670,Frames and Structure,Gantry Beam,54982,26468,W-04,true,2024-06-12T10:15:45Z,2024-12-24T11:05:50Z
P-01111,NR-PWR-01111,Modular Motor Driver TN-707,Power Systems,Motor Driver,123099,9178,W-06,true,2024-04-09T20:14:48Z,2024-07-10T21:25:31Z
P-01112,NR-SEN-01112,High-Torque Rotary Encoder UA-744,Sensors,Rotary Encoder,179665,764,W-01,true,2024-06-06T05:27:53Z,2025-04-22T16:22:40Z
P-01113,NR-ACT-01113,Heavy-Duty Stepper Motor VN-781,Actuators,Stepper Motor,185315,10375,W-02,true,2021-05-20T18:43:23Z,2022-06-04T14:02:57Z
P-01114,NR-CBL-01114,Rapid-Cycle EtherCAT Cable WA-818,Cabling and Connectors,EtherCAT Cable,9979,3027,W-07,true,2024-06-15T22:05:14Z,2025-03-27T09:22:05Z
P-01115,NR-CTL-01115,Low-Backlash IO Expansion Board XN-855,Controllers,IO Expansion Board,345243,5047,W-02,true,2021-06-18T01:18:10Z,2022-03-11T06:02:52Z
P-01116,NR-DRV-01116,Compact Ball Screw YA-892,Drivetrain,Ball Screw,150823,3563,W-08,true,2022-09-27T17:13:16Z,2023-09-14T13:03:57Z
P-01117,NR-EFF-01117,Quiet-Drive Tool Changer ZN-929,End Effectors,Tool Changer,287732,6662,W-03,true,2021-03-16T06:03:10Z,2021-10-25T17:38:28Z
P-01118,NR-FRM-01118,Sealed Mounting Bracket AA-966,Frames and Structure,Mounting Bracket,25581,44265,W-07,true,2021-11-06T21:41:42Z,2022-09-14T01:44:22Z
P-01119,NR-PWR-01119,Industrial DC-DC Converter BN-103,Power Systems,DC-DC Converter,170903,15287,W-06,true,2022-11-07T21:33:29Z,2023-03-29T01:10:25Z
P-01120,NR-SEN-01120,Precision Thermal Camera Module CA-140,Sensors,Thermal Camera Module,69791,3161,W-06,true,2023-12-29T16:56:31Z,2024-11-27T07:07:15Z
P-01121,NR-ACT-01121,Modular Servo Motor DN-177,Actuators,Servo Motor,127706,7607,W-07,true,2021-01-09T11:48:45Z,2021-09-25T17:36:01Z
P-01122,NR-CBL-01122,High-Torque Cable Chain EA-214,Cabling and Connectors,Cable Chain,9377,3416,W-02,true,2021-09-01T05:53:31Z,2022-08-08T14:19:21Z
P-01123,NR-CTL-01123,Heavy-Duty Motion Controller FN-251,Controllers,Motion Controller,830907,2694,W-08,true,2021-08-20T07:53:59Z,2021-10-20T15:19:30Z
P-01124,NR-DRV-01124,Rapid-Cycle Harmonic Reducer GA-288,Drivetrain,Harmonic Reducer,159093,8630,W-08,true,2023-12-23T14:24:07Z,2024-12-26T13:06:25Z
P-01125,NR-EFF-01125,Low-Backlash Parallel Gripper HN-325,End Effectors,Parallel Gripper,296889,6196,W-04,true,2022-10-24T02:09:32Z,2023-01-09T21:24:37Z
P-01126,NR-FRM-01126,Compact Aluminum Extrusion IA-362,Frames and Structure,Aluminum Extrusion,34510,42616,W-03,true,2024-05-20T03:36:11Z,2024-08-18T14:56:20Z
P-01127,NR-PWR-01127,Quiet-Drive Battery Pack JN-399,Power Systems,Battery Pack,205037,10953,W-05,true,2022-01-27T23:02:44Z,2022-02-25T23:18:49Z
P-01128,NR-SEN-01128,Sealed LIDAR Unit KA-436,Sensors,LIDAR Unit,259704,1918,W-04,true,2023-05-08T13:20:34Z,2023-06-30T07:55:25Z
P-01129,NR-ACT-01129,Industrial Linear Actuator LN-473,Actuators,Linear Actuator,292508,4923,W-08,true,2022-05-05T09:48:09Z,2022-11-15T00:54:52Z
P-01130,NR-CBL-01130,Precision M12 Connector MA-510,Cabling and Connectors,M12 Connector,4800,644,W-04,true,2021-03-07T16:56:37Z,2021-09-22T04:12:47Z
P-01131,NR-CTL-01131,Modular PLC Module NN-547,Controllers,PLC Module,264100,3006,W-06,true,2023-07-18T20:34:13Z,2024-08-07T19:33:58Z
P-01132,NR-DRV-01132,High-Torque Planetary Gearbox OA-584,Drivetrain,Planetary Gearbox,255840,5944,W-04,true,2023-10-04T16:11:40Z,2023-11-24T06:05:38Z
P-01133,NR-EFF-01133,Heavy-Duty Vacuum Gripper PN-621,End Effectors,Vacuum Gripper,306876,9828,W-01,true,2022-08-17T18:14:27Z,2023-04-02T00:59:55Z
P-01134,NR-FRM-01134,Rapid-Cycle Base Plate QA-658,Frames and Structure,Base Plate,75141,49690,W-04,true,2023-01-24T08:26:55Z,2023-09-04T00:05:08Z
P-01135,NR-PWR-01135,Low-Backlash Power Supply Unit RN-695,Power Systems,Power Supply Unit,194950,7593,W-02,true,2024-07-14T18:48:39Z,2024-11-27T02:02:55Z
P-01136,NR-SEN-01136,Compact Force-Torque Sensor SA-732,Sensors,Force-Torque Sensor,159988,834,W-04,true,2023-03-12T15:03:41Z,2023-10-23T04:23:08Z
P-01137,NR-ACT-01137,Quiet-Drive Rotary Actuator TN-769,Actuators,Rotary Actuator,24519,5278,W-03,true,2021-04-15T01:46:36Z,2021-11-06T05:12:47Z
P-01138,NR-CBL-01138,Sealed Servo Cable UA-806,Cabling and Connectors,Servo Cable,9632,2916,W-01,true,2022-12-27T21:01:53Z,2023-02-05T11:22:56Z
P-01139,NR-CTL-01139,Industrial Edge Compute Node VN-843,Controllers,Edge Compute Node,59452,4256,W-04,true,2022-10-01T01:34:07Z,2022-11-12T17:23:51Z
P-01140,NR-DRV-01140,Precision Timing Belt WA-880,Drivetrain,Timing Belt,246445,2944,W-05,true,2023-10-23T22:59:33Z,2024-05-12T12:15:51Z
P-01141,NR-EFF-01141,Modular Welding Torch XN-917,End Effectors,Welding Torch,489139,9927,W-01,true,2023-11-30T02:16:26Z,2025-01-01T12:27:09Z
P-01142,NR-FRM-01142,High-Torque Gantry Beam YA-954,Frames and Structure,Gantry Beam,7527,12786,W-02,true,2024-10-26T03:14:35Z,2025-01-21T02:16:02Z
P-01143,NR-PWR-01143,Heavy-Duty Motor Driver ZN-991,Power Systems,Motor Driver,184978,11516,W-06,true,2023-04-15T23:31:12Z,2024-05-11T04:13:39Z
P-01144,NR-SEN-01144,Rapid-Cycle Proximity Sensor AA-128,Sensors,Proximity Sensor,21384,165,W-01,true,2024-08-15T14:30:52Z,2024-10-09T10:46:07Z
P-01145,NR-ACT-01145,Low-Backlash Stepper Motor BN-165,Actuators,Stepper Motor,450000,8917,W-08,true,2021-08-03T17:59:05Z,2021-12-06T13:57:14Z
P-01146,NR-CBL-01146,Compact EtherCAT Cable CA-202,Cabling and Connectors,EtherCAT Cable,7848,913,W-04,true,2024-02-20T13:57:48Z,2024-08-19T15:58:02Z
P-01147,NR-CTL-01147,Quiet-Drive IO Expansion Board DN-239,Controllers,IO Expansion Board,249929,3637,W-07,true,2021-01-18T22:01:10Z,2021-06-01T23:03:04Z
P-01148,NR-DRV-01148,Sealed Ball Screw EA-276,Drivetrain,Ball Screw,196165,7871,W-05,true,2022-05-13T09:51:07Z,2023-05-16T00:20:31Z
P-01149,NR-EFF-01149,Industrial Tool Changer FN-313,End Effectors,Tool Changer,139818,1256,W-02,true,2022-08-14T16:44:38Z,2022-10-19T19:38:43Z
P-01150,NR-FRM-01150,Precision Mounting Bracket GA-350,Frames and Structure,Mounting Bracket,34929,44637,W-04,true,2023-03-05T15:40:06Z,2024-03-27T18:27:34Z
P-01151,NR-PWR-01151,Modular DC-DC Converter HN-387,Power Systems,DC-DC Converter,90043,3813,W-08,true,2022-10-20T20:16:27Z,2023-11-16T20:18:58Z
P-01152,NR-SEN-01152,High-Torque Rotary Encoder IA-424,Sensors,Rotary Encoder,222803,2896,W-07,true,2023-11-08T05:42:23Z,2024-11-12T20:09:38Z
P-01153,NR-ACT-01153,Heavy-Duty Servo Motor JN-461,Actuators,Servo Motor,214686,9713,W-04,true,2021-12-23T06:18:46Z,2022-03-24T20:23:19Z
P-01154,NR-CBL-01154,Rapid-Cycle Cable Chain KA-498,Cabling and Connectors,Cable Chain,7296,3765,W-05,true,2022-10-26T13:17:36Z,2022-11-29T17:54:28Z
P-01155,NR-CTL-01155,Low-Backlash Motion Controller LN-535,Controllers,Motion Controller,185521,4747,W-05,true,2022-03-18T08:40:00Z,2022-09-08T10:45:56Z
P-01156,NR-DRV-01156,Compact Harmonic Reducer MA-572,Drivetrain,Harmonic Reducer,136152,10690,W-06,true,2022-12-16T22:58:19Z,2023-10-22T05:10:42Z
P-01157,NR-EFF-01157,Quiet-Drive Parallel Gripper NN-609,End Effectors,Parallel Gripper,327834,9926,W-06,true,2022-03-16T16:29:43Z,2023-01-02T23:30:28Z
P-01158,NR-FRM-01158,Sealed Aluminum Extrusion OA-646,Frames and Structure,Aluminum Extrusion,30017,37755,W-07,true,2022-10-29T21:46:17Z,2022-11-18T19:22:55Z
P-01159,NR-PWR-01159,Industrial Battery Pack PN-683,Power Systems,Battery Pack,120302,14402,W-08,true,2021-01-19T01:02:52Z,2021-05-17T20:13:42Z
P-01160,NR-SEN-01160,Precision Thermal Camera Module QA-720,Sensors,Thermal Camera Module,122547,1612,W-03,true,2024-12-21T00:19:49Z,2025-09-23T04:39:39Z
P-01161,NR-ACT-01161,Modular Linear Actuator RN-757,Actuators,Linear Actuator,161363,9258,W-02,true,2023-04-30T06:53:49Z,2023-08-05T10:08:29Z
P-01162,NR-CBL-01162,High-Torque M12 Connector SA-794,Cabling and Connectors,M12 Connector,15000,2010,W-02,true,2022-09-14T13:56:52Z,2023-10-09T08:20:29Z
P-01163,NR-CTL-01163,Heavy-Duty PLC Module TN-831,Controllers,PLC Module,471250,5274,W-08,true,2022-02-06T14:45:21Z,2022-12-10T13:36:13Z
P-01164,NR-DRV-01164,Rapid-Cycle Planetary Gearbox UA-868,Drivetrain,Planetary Gearbox,6000,9010,W-04,true,2021-04-16T20:48:39Z,2022-03-12T21:47:24Z
P-01165,NR-EFF-01165,Low-Backlash Vacuum Gripper VN-905,End Effectors,Vacuum Gripper,484551,6849,W-01,true,2021-11-30T03:20:32Z,2022-02-25T20:48:43Z
P-01166,NR-FRM-01166,Compact Base Plate WA-942,Frames and Structure,Base Plate,12938,17317,W-06,true,2024-03-19T14:44:52Z,2024-07-24T09:51:25Z
P-01167,NR-PWR-01167,Quiet-Drive Power Supply Unit XN-979,Power Systems,Power Supply Unit,250000,9019,W-04,true,2021-11-28T10:01:59Z,2022-12-02T10:43:57Z
P-01168,NR-SEN-01168,Sealed LIDAR Unit YA-116,Sensors,LIDAR Unit,124719,25,W-06,true,2022-01-22T05:25:32Z,2022-02-25T05:44:46Z
P-01169,NR-ACT-01169,Industrial Rotary Actuator ZN-153,Actuators,Rotary Actuator,315907,8866,W-05,true,2024-04-26T07:31:01Z,2024-05-13T08:20:16Z
P-01170,NR-CBL-01170,Precision Servo Cable AA-190,Cabling and Connectors,Servo Cable,10583,1499,W-03,true,2023-02-09T21:00:27Z,2023-06-02T05:22:39Z
P-01171,NR-CTL-01171,Modular Edge Compute Node BN-227,Controllers,Edge Compute Node,439346,7651,W-08,true,2021-02-19T00:51:29Z,2021-07-19T03:16:23Z
P-01172,NR-DRV-01172,High-Torque Timing Belt CA-264,Drivetrain,Timing Belt,155528,4735,W-03,true,2021-04-09T03:30:21Z,2022-04-09T05:48:08Z
P-01173,NR-EFF-01173,Heavy-Duty Welding Torch DN-301,End Effectors,Welding Torch,259963,2668,W-01,true,2021-07-16T22:35:58Z,2022-02-02T20:57:54Z
P-01174,NR-FRM-01174,Rapid-Cycle Gantry Beam EA-338,Frames and Structure,Gantry Beam,19912,19384,W-03,true,2024-11-10T20:01:56Z,2024-11-13T01:11:20Z
P-01175,NR-PWR-01175,Low-Backlash Motor Driver FN-375,Power Systems,Motor Driver,172998,5411,W-08,true,2021-05-04T16:25:42Z,2022-04-13T15:46:07Z
P-01176,NR-SEN-01176,Compact Force-Torque Sensor GA-412,Sensors,Force-Torque Sensor,142484,2801,W-02,true,2024-07-28T11:34:34Z,2025-04-08T01:00:30Z
P-01177,NR-ACT-01177,Quiet-Drive Stepper Motor HN-449,Actuators,Stepper Motor,57407,2769,W-02,true,2023-04-29T01:11:13Z,2024-03-21T23:17:15Z
P-01178,NR-CBL-01178,Sealed EtherCAT Cable IA-486,Cabling and Connectors,EtherCAT Cable,4250,1176,W-02,true,2023-06-23T17:56:32Z,2024-04-26T04:42:10Z
P-01179,NR-CTL-01179,Industrial IO Expansion Board JN-523,Controllers,IO Expansion Board,371337,2056,W-06,true,2022-08-16T02:45:53Z,2023-04-15T17:23:47Z
P-01180,NR-DRV-01180,Precision Ball Screw KA-560,Drivetrain,Ball Screw,113119,619,W-02,true,2022-02-10T18:56:43Z,2022-10-12T08:02:47Z
P-01181,NR-EFF-01181,Modular Tool Changer LN-597,End Effectors,Tool Changer,267867,5185,W-01,true,2024-01-28T04:20:15Z,2024-06-16T10:37:09Z
P-01182,NR-FRM-01182,High-Torque Mounting Bracket MA-634,Frames and Structure,Mounting Bracket,68747,38413,W-02,false,2022-01-18T18:19:38Z,2022-11-11T01:48:52Z
P-01183,NR-PWR-01183,Heavy-Duty DC-DC Converter NN-671,Power Systems,DC-DC Converter,141675,8238,W-07,true,2021-05-03T02:39:22Z,2022-03-27T06:17:39Z
P-01184,NR-SEN-01184,Rapid-Cycle Proximity Sensor OA-708,Sensors,Proximity Sensor,143303,1479,W-07,true,2022-05-04T09:14:04Z,2022-11-13T10:35:44Z
P-01185,NR-ACT-01185,Low-Backlash Servo Motor PN-745,Actuators,Servo Motor,87701,15713,W-06,true,2023-06-19T20:42:29Z,2024-01-07T17:41:41Z
P-01186,NR-CBL-01186,Compact Cable Chain QA-782,Cabling and Connectors,Cable Chain,5319,3196,W-05,true,2021-03-18T08:30:33Z,2021-04-06T14:18:54Z
P-01187,NR-CTL-01187,Quiet-Drive Motion Controller RN-819,Controllers,Motion Controller,198878,2889,W-06,true,2022-04-10T00:50:30Z,2022-10-21T09:14:19Z
P-01188,NR-DRV-01188,Sealed Harmonic Reducer SA-856,Drivetrain,Harmonic Reducer,208948,10349,W-03,false,2023-11-27T02:01:46Z,2024-06-26T21:13:55Z
P-01189,NR-EFF-01189,Industrial Parallel Gripper TN-893,End Effectors,Parallel Gripper,299534,1329,W-06,true,2022-09-30T15:04:09Z,2022-11-08T11:10:49Z
P-01190,NR-FRM-01190,Precision Aluminum Extrusion UA-930,Frames and Structure,Aluminum Extrusion,31310,44344,W-05,true,2024-05-13T00:05:12Z,2025-01-09T08:44:20Z
P-01191,NR-PWR-01191,Modular Battery Pack VN-967,Power Systems,Battery Pack,78981,17281,W-05,true,2022-06-13T01:00:52Z,2022-07-05T17:02:50Z
P-01192,NR-SEN-01192,High-Torque Rotary Encoder WA-104,Sensors,Rotary Encoder,39036,1105,W-05,true,2021-12-09T21:30:38Z,2022-05-08T06:00:34Z
P-01193,NR-ACT-01193,Heavy-Duty Linear Actuator XN-141,Actuators,Linear Actuator,270889,1619,W-04,true,2022-01-12T17:40:31Z,2022-10-26T18:12:27Z
P-01194,NR-CBL-01194,Rapid-Cycle M12 Connector YA-178,Cabling and Connectors,M12 Connector,7459,3019,W-05,true,2024-08-20T02:10:24Z,2025-01-10T06:14:49Z
P-01195,NR-CTL-01195,Low-Backlash PLC Module ZN-215,Controllers,PLC Module,487858,2696,W-06,true,2022-09-08T22:13:58Z,2023-05-26T08:28:58Z
P-01196,NR-DRV-01196,Compact Planetary Gearbox AA-252,Drivetrain,Planetary Gearbox,114850,5465,W-05,true,2024-12-18T16:19:29Z,2025-11-14T04:08:18Z
P-01197,NR-EFF-01197,Quiet-Drive Vacuum Gripper BN-289,End Effectors,Vacuum Gripper,297093,7684,W-02,true,2021-10-09T05:48:27Z,2022-09-25T06:19:30Z
P-01198,NR-FRM-01198,Sealed Base Plate CA-326,Frames and Structure,Base Plate,4767,43643,W-02,true,2021-07-28T16:25:47Z,2022-03-31T03:11:39Z
P-01199,NR-PWR-01199,Industrial Power Supply Unit DN-363,Power Systems,Power Supply Unit,81373,6209,W-07,true,2022-03-13T09:51:07Z,2022-05-30T00:23:49Z
P-01200,NR-SEN-01200,Precision Thermal Camera Module EA-400,Sensors,Thermal Camera Module,288229,2808,W-05,true,2023-03-15T05:44:53Z,2024-01-10T19:09:28Z
P-01201,NR-ACT-01201,Modular Rotary Actuator FN-437,Actuators,Rotary Actuator,244538,11175,W-04,true,2023-07-04T16:25:30Z,2024-05-07T07:54:33Z
P-01202,NR-CBL-01202,High-Torque Servo Cable GA-474,Cabling and Connectors,Servo Cable,3387,2142,W-01,true,2021-05-03T22:15:36Z,2021-09-15T05:08:50Z
P-01203,NR-CTL-01203,Heavy-Duty Edge Compute Node HN-511,Controllers,Edge Compute Node,62895,2535,W-07,true,2024-05-05T09:02:51Z,2024-05-15T22:56:31Z
P-01204,NR-DRV-01204,Rapid-Cycle Timing Belt IA-548,Drivetrain,Timing Belt,240344,6299,W-07,false,2022-09-27T15:47:55Z,2023-04-20T00:45:08Z
P-01205,NR-EFF-01205,Low-Backlash Welding Torch JN-585,End Effectors,Welding Torch,360148,2698,W-06,true,2024-02-09T17:01:58Z,2024-05-05T20:30:09Z
P-01206,NR-FRM-01206,Compact Gantry Beam KA-622,Frames and Structure,Gantry Beam,46655,27861,W-07,true,2024-03-26T04:29:40Z,2025-04-02T00:30:56Z
P-01207,NR-PWR-01207,Quiet-Drive Motor Driver LN-659,Power Systems,Motor Driver,91959,13049,W-04,true,2023-04-07T21:12:27Z,2023-05-15T05:44:19Z
P-01208,NR-SEN-01208,Sealed LIDAR Unit MA-696,Sensors,LIDAR Unit,88202,1957,W-03,true,2022-02-16T05:44:29Z,2023-03-22T12:26:30Z
P-01209,NR-ACT-01209,Industrial Stepper Motor NN-733,Actuators,Stepper Motor,258385,13715,W-07,true,2024-09-26T22:26:40Z,2025-04-11T14:45:58Z
P-01210,NR-CBL-01210,Precision EtherCAT Cable OA-770,Cabling and Connectors,EtherCAT Cable,3675,3275,W-03,true,2023-11-16T20:25:09Z,2024-10-15T05:58:53Z
P-01211,NR-CTL-01211,Modular IO Expansion Board PN-807,Controllers,IO Expansion Board,453575,7812,W-06,true,2022-06-10T21:39:22Z,2022-10-02T00:37:10Z
P-01212,NR-DRV-01212,High-Torque Ball Screw QA-844,Drivetrain,Ball Screw,291680,2297,W-06,true,2021-10-28T16:01:59Z,2022-02-25T09:51:18Z
P-01213,NR-EFF-01213,Heavy-Duty Tool Changer RN-881,End Effectors,Tool Changer,500000,2655,W-04,true,2023-08-14T00:32:00Z,2024-08-29T14:09:41Z
P-01214,NR-FRM-01214,Rapid-Cycle Mounting Bracket SA-918,Frames and Structure,Mounting Bracket,29774,11387,W-04,true,2024-10-31T22:04:01Z,2025-09-06T04:00:31Z
P-01215,NR-PWR-01215,Low-Backlash DC-DC Converter TN-955,Power Systems,DC-DC Converter,131559,5793,W-02,true,2023-11-21T00:59:33Z,2024-03-29T06:07:25Z
P-01216,NR-SEN-01216,Compact Force-Torque Sensor UA-992,Sensors,Force-Torque Sensor,135809,1777,W-07,true,2024-06-27T06:40:58Z,2024-08-22T19:19:30Z
P-01217,NR-ACT-01217,Quiet-Drive Servo Motor VN-129,Actuators,Servo Motor,313836,8177,W-04,true,2021-04-05T09:58:33Z,2021-05-27T16:00:30Z
P-01218,NR-CBL-01218,Sealed Cable Chain WA-166,Cabling and Connectors,Cable Chain,4801,1391,W-02,true,2022-02-01T00:28:34Z,2022-10-14T12:34:22Z
P-01219,NR-CTL-01219,Industrial Motion Controller XN-203,Controllers,Motion Controller,430914,3254,W-08,true,2024-05-16T14:42:06Z,2024-11-10T21:43:10Z
P-01220,NR-DRV-01220,Precision Harmonic Reducer YA-240,Drivetrain,Harmonic Reducer,128980,11717,W-07,true,2024-10-20T11:03:51Z,2025-04-16T16:05:04Z
P-01221,NR-EFF-01221,Modular Parallel Gripper ZN-277,End Effectors,Parallel Gripper,211885,7943,W-04,true,2024-08-25T14:32:10Z,2024-11-14T06:11:50Z
P-01222,NR-FRM-01222,High-Torque Aluminum Extrusion AA-314,Frames and Structure,Aluminum Extrusion,10227,28075,W-01,true,2023-02-24T17:35:55Z,2023-10-05T08:19:00Z
P-01223,NR-PWR-01223,Heavy-Duty Battery Pack BN-351,Power Systems,Battery Pack,104786,8952,W-04,true,2021-09-25T13:56:40Z,2022-04-30T04:09:44Z
P-01224,NR-SEN-01224,Rapid-Cycle Proximity Sensor CA-388,Sensors,Proximity Sensor,149804,3500,W-06,true,2022-10-27T02:15:40Z,2022-12-07T15:20:05Z
P-01225,NR-ACT-01225,Low-Backlash Linear Actuator DN-425,Actuators,Linear Actuator,266779,7903,W-01,true,2023-01-09T01:26:17Z,2023-06-26T22:51:49Z
P-01226,NR-CBL-01226,Compact M12 Connector EA-462,Cabling and Connectors,M12 Connector,1524,2541,W-08,true,2023-12-03T00:53:48Z,2024-08-07T23:25:23Z
P-01227,NR-CTL-01227,Quiet-Drive PLC Module FN-499,Controllers,PLC Module,479281,7572,W-04,true,2023-02-20T08:33:49Z,2024-03-24T10:06:47Z
P-01228,NR-DRV-01228,Sealed Planetary Gearbox GA-536,Drivetrain,Planetary Gearbox,85177,1119,W-03,true,2023-06-02T04:47:31Z,2024-04-27T18:16:13Z
P-01229,NR-EFF-01229,Industrial Vacuum Gripper HN-573,End Effectors,Vacuum Gripper,404629,5805,W-02,true,2024-04-02T08:26:36Z,2024-05-19T16:05:26Z
P-01230,NR-FRM-01230,Precision Base Plate IA-610,Frames and Structure,Base Plate,21453,60000,W-02,true,2021-07-26T08:49:00Z,2022-08-02T16:23:08Z
P-01231,NR-PWR-01231,Modular Power Supply Unit JN-647,Power Systems,Power Supply Unit,220269,14304,W-08,true,2021-12-28T06:08:13Z,2022-01-25T13:13:34Z
P-01232,NR-SEN-01232,High-Torque Rotary Encoder KA-684,Sensors,Rotary Encoder,207658,156,W-07,true,2021-09-29T21:34:28Z,2022-04-25T21:43:16Z
P-01233,NR-ACT-01233,Heavy-Duty Rotary Actuator LN-721,Actuators,Rotary Actuator,282006,13891,W-07,true,2021-09-10T19:09:52Z,2022-03-12T16:33:56Z
P-01234,NR-CBL-01234,Rapid-Cycle Servo Cable MA-758,Cabling and Connectors,Servo Cable,8129,3768,W-01,false,2023-10-01T15:17:08Z,2024-10-23T23:23:11Z
P-01235,NR-CTL-01235,Low-Backlash Edge Compute Node NN-795,Controllers,Edge Compute Node,900000,5568,W-04,true,2023-05-31T03:40:47Z,2023-11-10T08:02:45Z
P-01236,NR-DRV-01236,Compact Timing Belt OA-832,Drivetrain,Timing Belt,281201,7082,W-05,true,2023-05-16T08:10:27Z,2023-10-28T01:50:21Z
P-01237,NR-EFF-01237,Quiet-Drive Welding Torch PN-869,End Effectors,Welding Torch,285745,7383,W-01,true,2021-12-24T07:44:47Z,2022-05-09T19:34:30Z
P-01238,NR-FRM-01238,Sealed Gantry Beam QA-906,Frames and Structure,Gantry Beam,43707,28518,W-01,true,2022-08-13T09:08:51Z,2022-11-10T09:42:48Z
P-01239,NR-PWR-01239,Industrial Motor Driver RN-943,Power Systems,Motor Driver,141959,9407,W-05,true,2021-07-09T01:24:21Z,2021-07-17T18:15:54Z
P-01240,NR-SEN-01240,Precision Thermal Camera Module SA-980,Sensors,Thermal Camera Module,25298,1288,W-04,true,2024-05-22T21:04:43Z,2024-08-03T01:36:52Z
P-01241,NR-ACT-01241,Modular Stepper Motor TN-117,Actuators,Stepper Motor,173948,22000,W-07,true,2022-03-26T12:14:03Z,2022-11-29T12:52:40Z
P-01242,NR-CBL-01242,High-Torque EtherCAT Cable UA-154,Cabling and Connectors,EtherCAT Cable,4554,850,W-08,true,2024-03-19T00:48:28Z,2024-04-24T19:44:57Z
P-01243,NR-CTL-01243,Heavy-Duty IO Expansion Board VN-191,Controllers,IO Expansion Board,502141,2945,W-04,true,2022-04-26T12:39:32Z,2023-03-09T22:46:59Z
P-01244,NR-DRV-01244,Rapid-Cycle Ball Screw WA-228,Drivetrain,Ball Screw,254540,3853,W-06,true,2021-11-05T10:41:40Z,2021-11-18T13:45:53Z
P-01245,NR-EFF-01245,Low-Backlash Tool Changer XN-265,End Effectors,Tool Changer,57954,7393,W-02,true,2024-06-23T17:45:08Z,2025-01-26T09:42:51Z
P-01246,NR-FRM-01246,Compact Mounting Bracket YA-302,Frames and Structure,Mounting Bracket,80000,17477,W-01,true,2021-04-26T18:47:13Z,2022-01-09T04:40:10Z
P-01247,NR-PWR-01247,Quiet-Drive DC-DC Converter ZN-339,Power Systems,DC-DC Converter,220411,9933,W-04,true,2024-10-25T06:21:46Z,2025-08-24T03:15:37Z
P-01248,NR-SEN-01248,Sealed LIDAR Unit AA-376,Sensors,LIDAR Unit,125690,1942,W-01,true,2022-09-03T11:37:52Z,2023-06-18T14:59:03Z
P-01249,NR-ACT-01249,Industrial Servo Motor BN-413,Actuators,Servo Motor,218453,13389,W-05,true,2024-10-17T09:03:13Z,2025-04-09T23:32:40Z
P-01250,NR-CBL-01250,Precision Cable Chain CA-450,Cabling and Connectors,Cable Chain,7856,2000,W-06,true,2021-06-06T05:34:49Z,2022-04-12T00:11:06Z
P-01251,NR-CTL-01251,Modular Motion Controller DN-487,Controllers,Motion Controller,89689,1418,W-06,true,2022-12-31T05:45:35Z,2023-02-01T19:54:26Z
P-01252,NR-DRV-01252,High-Torque Harmonic Reducer EA-524,Drivetrain,Harmonic Reducer,163179,7457,W-08,true,2023-05-02T15:40:24Z,2023-10-06T18:51:27Z
P-01253,NR-EFF-01253,Heavy-Duty Parallel Gripper FN-561,End Effectors,Parallel Gripper,236495,7644,W-06,true,2023-08-01T20:06:41Z,2024-07-23T10:36:15Z
P-01254,NR-FRM-01254,Rapid-Cycle Aluminum Extrusion GA-598,Frames and Structure,Aluminum Extrusion,46199,12460,W-01,true,2023-03-19T20:27:34Z,2023-06-19T17:58:43Z
P-01255,NR-PWR-01255,Low-Backlash Battery Pack HN-635,Power Systems,Battery Pack,5000,11592,W-05,true,2021-04-23T20:30:29Z,2022-01-31T15:31:57Z
P-01256,NR-SEN-01256,Compact Force-Torque Sensor IA-672,Sensors,Force-Torque Sensor,283124,2061,W-07,true,2022-12-06T12:59:02Z,2023-02-04T18:19:45Z
P-01257,NR-ACT-01257,Quiet-Drive Linear Actuator JN-709,Actuators,Linear Actuator,22388,6342,W-04,true,2022-01-03T18:35:18Z,2022-04-12T00:47:51Z
P-01258,NR-CBL-01258,Sealed M12 Connector KA-746,Cabling and Connectors,M12 Connector,9202,2064,W-05,true,2024-04-01T20:00:12Z,2025-01-05T07:03:08Z
P-01259,NR-CTL-01259,Industrial PLC Module LN-783,Controllers,PLC Module,25000,6225,W-04,true,2022-04-16T06:25:51Z,2022-06-16T08:44:47Z
P-01260,NR-DRV-01260,Precision Planetary Gearbox MA-820,Drivetrain,Planetary Gearbox,169205,7417,W-02,true,2021-04-24T03:39:33Z,2022-04-17T05:03:07Z
P-01261,NR-EFF-01261,Modular Vacuum Gripper NN-857,End Effectors,Vacuum Gripper,160813,8786,W-01,true,2022-12-11T19:08:36Z,2023-07-25T15:48:43Z
P-01262,NR-FRM-01262,High-Torque Base Plate OA-894,Frames and Structure,Base Plate,33075,8910,W-05,true,2022-08-22T05:26:26Z,2023-01-12T19:49:13Z
P-01263,NR-PWR-01263,Heavy-Duty Power Supply Unit PN-931,Power Systems,Power Supply Unit,133362,7140,W-08,true,2023-08-04T08:27:02Z,2024-06-12T05:25:40Z
P-01264,NR-SEN-01264,Rapid-Cycle Proximity Sensor QA-968,Sensors,Proximity Sensor,226605,1420,W-03,true,2023-07-26T23:22:48Z,2024-07-31T21:08:45Z
P-01265,NR-ACT-01265,Low-Backlash Rotary Actuator RN-105,Actuators,Rotary Actuator,159389,17403,W-03,true,2024-01-04T11:49:37Z,2024-07-27T19:21:58Z
P-01266,NR-CBL-01266,Compact Servo Cable SA-142,Cabling and Connectors,Servo Cable,7013,1067,W-01,true,2023-05-10T21:55:06Z,2024-02-04T03:13:26Z
P-01267,NR-CTL-01267,Quiet-Drive Edge Compute Node TN-179,Controllers,Edge Compute Node,373750,2743,W-02,true,2024-04-25T21:57:06Z,2025-05-23T18:42:09Z
P-01268,NR-DRV-01268,Sealed Timing Belt UA-216,Drivetrain,Timing Belt,294357,12680,W-07,true,2024-09-12T22:39:35Z,2025-06-25T03:11:00Z
P-01269,NR-EFF-01269,Industrial Welding Torch VN-253,End Effectors,Welding Torch,253648,6075,W-08,true,2021-03-19T07:58:18Z,2021-05-07T13:15:41Z
P-01270,NR-FRM-01270,Precision Gantry Beam WA-290,Frames and Structure,Gantry Beam,31734,22520,W-08,true,2021-03-24T02:03:37Z,2022-03-15T21:07:01Z
P-01271,NR-PWR-01271,Modular Motor Driver XN-327,Power Systems,Motor Driver,181736,16450,W-02,true,2023-01-01T02:58:14Z,2023-05-19T02:08:47Z
P-01272,NR-SEN-01272,High-Torque Rotary Encoder YA-364,Sensors,Rotary Encoder,8000,1724,W-06,true,2024-10-07T13:02:34Z,2025-05-13T00:35:39Z
P-01273,NR-ACT-01273,Heavy-Duty Stepper Motor ZN-401,Actuators,Stepper Motor,279419,11274,W-06,true,2022-02-11T17:15:58Z,2023-01-29T06:47:18Z
P-01274,NR-CBL-01274,Rapid-Cycle EtherCAT Cable AA-438,Cabling and Connectors,EtherCAT Cable,7770,2543,W-05,true,2024-12-21T20:34:01Z,2025-10-07T16:25:51Z
P-01275,NR-CTL-01275,Low-Backlash IO Expansion Board BN-475,Controllers,IO Expansion Board,543217,4681,W-07,true,2023-09-24T12:07:24Z,2023-11-09T07:59:51Z
P-01276,NR-DRV-01276,Compact Ball Screw CA-512,Drivetrain,Ball Screw,272347,10196,W-05,true,2024-08-03T20:39:15Z,2025-07-30T02:55:12Z
P-01277,NR-EFF-01277,Quiet-Drive Tool Changer DN-549,End Effectors,Tool Changer,299413,5138,W-01,true,2022-10-26T22:45:50Z,2022-12-28T18:18:19Z
P-01278,NR-FRM-01278,Sealed Mounting Bracket EA-586,Frames and Structure,Mounting Bracket,40909,25807,W-08,true,2024-06-23T01:44:52Z,2025-05-31T06:55:13Z
P-01279,NR-PWR-01279,Industrial DC-DC Converter FN-623,Power Systems,DC-DC Converter,202614,10996,W-01,true,2022-12-20T06:36:23Z,2023-02-13T07:54:30Z
P-01280,NR-SEN-01280,Precision Thermal Camera Module GA-660,Sensors,Thermal Camera Module,189871,677,W-01,true,2023-01-22T15:51:56Z,2023-08-09T19:59:12Z
P-01281,NR-ACT-01281,Modular Servo Motor HN-697,Actuators,Servo Motor,402573,5541,W-05,true,2023-06-11T16:21:50Z,2024-02-09T05:16:54Z
P-01282,NR-CBL-01282,High-Torque Cable Chain IA-734,Cabling and Connectors,Cable Chain,4621,1668,W-03,true,2023-10-01T07:23:45Z,2024-01-18T17:00:57Z
P-01283,NR-CTL-01283,Heavy-Duty Motion Controller JN-771,Controllers,Motion Controller,540559,2124,W-08,true,2023-06-10T06:07:59Z,2023-11-22T23:03:06Z
P-01284,NR-DRV-01284,Rapid-Cycle Harmonic Reducer KA-808,Drivetrain,Harmonic Reducer,236708,4673,W-07,true,2022-03-10T10:56:16Z,2023-03-12T05:42:28Z
P-01285,NR-EFF-01285,Low-Backlash Parallel Gripper LN-845,End Effectors,Parallel Gripper,267691,3030,W-01,false,2024-05-16T22:21:30Z,2025-06-20T16:30:35Z
P-01286,NR-FRM-01286,Compact Aluminum Extrusion MA-882,Frames and Structure,Aluminum Extrusion,80000,11817,W-06,true,2024-06-13T17:54:53Z,2024-08-16T22:28:54Z
P-01287,NR-PWR-01287,Quiet-Drive Battery Pack NN-919,Power Systems,Battery Pack,151571,16532,W-07,true,2022-06-01T04:40:28Z,2022-07-06T11:03:54Z
P-01288,NR-SEN-01288,Sealed LIDAR Unit OA-956,Sensors,LIDAR Unit,225668,2996,W-07,true,2021-10-12T13:17:31Z,2021-12-04T22:20:21Z
P-01289,NR-ACT-01289,Industrial Linear Actuator PN-993,Actuators,Linear Actuator,143051,12097,W-01,true,2023-03-26T00:48:13Z,2023-09-29T23:12:04Z
P-01290,NR-CBL-01290,Precision M12 Connector QA-130,Cabling and Connectors,M12 Connector,3355,3909,W-05,true,2022-09-23T03:02:27Z,2023-04-23T04:17:16Z
P-01291,NR-CTL-01291,Modular PLC Module RN-167,Controllers,PLC Module,694373,4344,W-08,true,2023-07-03T20:53:31Z,2023-12-20T23:53:44Z
P-01292,NR-DRV-01292,High-Torque Planetary Gearbox SA-204,Drivetrain,Planetary Gearbox,350000,6742,W-01,true,2023-02-21T23:21:36Z,2023-07-23T14:44:49Z
P-01293,NR-EFF-01293,Heavy-Duty Vacuum Gripper TN-241,End Effectors,Vacuum Gripper,10000,3808,W-05,true,2022-08-18T09:17:48Z,2023-04-06T18:50:24Z
P-01294,NR-FRM-01294,Rapid-Cycle Base Plate UA-278,Frames and Structure,Base Plate,32180,34767,W-03,true,2021-03-24T10:42:13Z,2022-03-05T11:43:30Z
P-01295,NR-PWR-01295,Low-Backlash Power Supply Unit VN-315,Power Systems,Power Supply Unit,184208,200,W-06,true,2022-11-29T11:23:52Z,2023-08-17T02:45:20Z
P-01296,NR-SEN-01296,Compact Force-Torque Sensor WA-352,Sensors,Force-Torque Sensor,112305,2423,W-07,true,2023-05-28T00:44:03Z,2023-10-16T23:51:21Z
P-01297,NR-ACT-01297,Quiet-Drive Rotary Actuator XN-389,Actuators,Rotary Actuator,230516,10451,W-04,true,2022-06-02T18:34:00Z,2023-02-09T20:39:46Z
P-01298,NR-CBL-01298,Sealed Servo Cable YA-426,Cabling and Connectors,Servo Cable,11000,2730,W-03,true,2023-11-01T17:21:07Z,2024-01-19T17:29:18Z
P-01299,NR-CTL-01299,Industrial Edge Compute Node ZN-463,Controllers,Edge Compute Node,539553,4011,W-03,false,2022-12-20T18:41:44Z,2024-01-18T23:22:29Z
P-01300,NR-DRV-01300,Precision Timing Belt AA-500,Drivetrain,Timing Belt,213802,6951,W-05,true,2024-06-05T05:01:42Z,2025-01-20T06:57:29Z
P-01301,NR-EFF-01301,Modular Welding Torch BN-537,End Effectors,Welding Torch,217228,2991,W-06,true,2023-12-28T14:27:00Z,2024-05-14T04:43:14Z
P-01302,NR-FRM-01302,High-Torque Gantry Beam CA-574,Frames and Structure,Gantry Beam,43104,33092,W-08,true,2022-05-05T12:47:15Z,2022-11-29T17:35:15Z
P-01303,NR-PWR-01303,Heavy-Duty Motor Driver DN-611,Power Systems,Motor Driver,119404,7341,W-08,false,2024-10-19T04:17:25Z,2024-12-22T09:47:58Z
P-01304,NR-SEN-01304,Rapid-Cycle Proximity Sensor EA-648,Sensors,Proximity Sensor,130896,1284,W-06,true,2024-10-30T06:04:42Z,2025-08-03T19:27:38Z
P-01305,NR-ACT-01305,Low-Backlash Stepper Motor FN-685,Actuators,Stepper Motor,258913,9836,W-06,true,2024-03-25T21:56:52Z,2024-05-04T08:26:31Z
P-01306,NR-CBL-01306,Compact EtherCAT Cable GA-722,Cabling and Connectors,EtherCAT Cable,9217,2235,W-02,true,2024-12-16T11:36:24Z,2025-05-07T16:42:12Z
P-01307,NR-CTL-01307,Quiet-Drive IO Expansion Board HN-759,Controllers,IO Expansion Board,630608,3537,W-06,true,2024-10-15T11:51:15Z,2025-07-06T09:53:32Z
P-01308,NR-DRV-01308,Sealed Ball Screw IA-796,Drivetrain,Ball Screw,246668,8156,W-04,true,2022-11-20T02:05:01Z,2023-04-17T15:28:52Z
P-01309,NR-EFF-01309,Industrial Tool Changer JN-833,End Effectors,Tool Changer,331524,3334,W-08,true,2024-01-06T07:13:32Z,2024-10-16T16:53:44Z
P-01310,NR-FRM-01310,Precision Mounting Bracket KA-870,Frames and Structure,Mounting Bracket,14327,4386,W-04,true,2022-09-02T23:48:51Z,2023-04-14T13:38:43Z
P-01311,NR-PWR-01311,Modular DC-DC Converter LN-907,Power Systems,DC-DC Converter,209898,7457,W-02,true,2021-01-19T23:01:43Z,2021-06-26T20:08:01Z
P-01312,NR-SEN-01312,High-Torque Rotary Encoder MA-944,Sensors,Rotary Encoder,118668,699,W-01,true,2021-07-15T19:43:37Z,2021-08-09T05:40:31Z
P-01313,NR-ACT-01313,Heavy-Duty Servo Motor NN-981,Actuators,Servo Motor,315494,7245,W-08,true,2023-04-24T03:35:57Z,2023-12-13T01:59:21Z
P-01314,NR-CBL-01314,Rapid-Cycle Cable Chain OA-118,Cabling and Connectors,Cable Chain,2016,439,W-02,false,2022-06-08T05:12:51Z,2022-10-21T13:42:03Z
P-01315,NR-CTL-01315,Low-Backlash Motion Controller PN-155,Controllers,Motion Controller,662334,4137,W-05,true,2023-12-02T16:51:14Z,2024-08-23T03:37:48Z
P-01316,NR-DRV-01316,Compact Harmonic Reducer QA-192,Drivetrain,Harmonic Reducer,227303,10357,W-06,true,2022-09-26T02:49:44Z,2023-10-09T07:10:04Z
P-01317,NR-EFF-01317,Quiet-Drive Parallel Gripper RN-229,End Effectors,Parallel Gripper,109219,4432,W-08,true,2022-10-28T14:38:14Z,2022-12-13T06:33:31Z
P-01318,NR-FRM-01318,Sealed Aluminum Extrusion SA-266,Frames and Structure,Aluminum Extrusion,58256,36821,W-02,true,2021-03-10T11:45:02Z,2021-09-14T04:10:13Z
P-01319,NR-PWR-01319,Industrial Battery Pack TN-303,Power Systems,Battery Pack,199694,8971,W-08,true,2021-12-05T08:19:12Z,2022-05-04T21:51:37Z
P-01320,NR-SEN-01320,Precision Thermal Camera Module UA-340,Sensors,Thermal Camera Module,99492,1455,W-06,true,2021-02-01T20:42:46Z,2021-02-04T00:31:07Z
P-01321,NR-ACT-01321,Modular Linear Actuator VN-377,Actuators,Linear Actuator,138435,14935,W-06,true,2021-01-13T12:07:25Z,2021-07-01T19:18:29Z
P-01322,NR-CBL-01322,High-Torque M12 Connector WA-414,Cabling and Connectors,M12 Connector,9458,2785,W-07,true,2021-11-27T03:11:30Z,2022-09-17T21:15:59Z
P-01323,NR-CTL-01323,Heavy-Duty PLC Module XN-451,Controllers,PLC Module,417915,5708,W-08,true,2021-06-14T07:18:42Z,2022-06-06T02:44:51Z
P-01324,NR-DRV-01324,Rapid-Cycle Planetary Gearbox YA-488,Drivetrain,Planetary Gearbox,124687,6999,W-05,true,2023-10-25T14:11:20Z,2024-02-18T16:10:09Z
P-01325,NR-EFF-01325,Low-Backlash Vacuum Gripper ZN-525,End Effectors,Vacuum Gripper,271858,8130,W-05,true,2021-04-19T08:14:42Z,2021-05-01T04:12:54Z
P-01326,NR-FRM-01326,Compact Base Plate AA-562,Frames and Structure,Base Plate,40601,26471,W-03,true,2024-10-18T05:06:29Z,2025-09-10T19:11:17Z
P-01327,NR-PWR-01327,Quiet-Drive Power Supply Unit BN-599,Power Systems,Power Supply Unit,137508,7936,W-01,true,2024-04-02T07:22:17Z,2025-02-17T20:58:31Z
P-01328,NR-SEN-01328,Sealed LIDAR Unit CA-636,Sensors,LIDAR Unit,99649,1720,W-03,true,2021-07-01T04:57:44Z,2021-09-07T20:36:04Z
P-01329,NR-ACT-01329,Industrial Rotary Actuator DN-673,Actuators,Rotary Actuator,144582,15096,W-06,true,2021-01-11T02:09:34Z,2021-08-17T19:22:31Z
P-01330,NR-CBL-01330,Precision Servo Cable EA-710,Cabling and Connectors,Servo Cable,10288,1459,W-06,true,2024-09-23T12:41:48Z,2025-09-08T22:41:51Z
P-01331,NR-CTL-01331,Modular Edge Compute Node FN-747,Controllers,Edge Compute Node,336988,7166,W-04,true,2023-07-11T20:16:01Z,2024-06-04T18:50:12Z
P-01332,NR-DRV-01332,High-Torque Timing Belt GA-784,Drivetrain,Timing Belt,145401,11008,W-08,false,2022-01-09T05:53:31Z,2022-11-30T18:06:51Z
P-01333,NR-EFF-01333,Heavy-Duty Welding Torch HN-821,End Effectors,Welding Torch,134367,685,W-08,true,2021-08-08T18:12:31Z,2022-07-30T03:59:23Z
P-01334,NR-FRM-01334,Rapid-Cycle Gantry Beam IA-858,Frames and Structure,Gantry Beam,24807,43396,W-04,true,2022-12-21T19:35:05Z,2023-01-09T23:21:25Z
P-01335,NR-PWR-01335,Low-Backlash Motor Driver JN-895,Power Systems,Motor Driver,116710,6926,W-05,true,2024-05-29T13:09:09Z,2025-02-20T22:28:46Z
P-01336,NR-SEN-01336,Compact Force-Torque Sensor KA-932,Sensors,Force-Torque Sensor,182485,1241,W-01,true,2022-11-02T05:35:15Z,2023-03-12T21:58:00Z
P-01337,NR-ACT-01337,Quiet-Drive Stepper Motor LN-969,Actuators,Stepper Motor,389925,16802,W-06,true,2024-11-09T19:50:42Z,2025-02-14T12:33:41Z
P-01338,NR-CBL-01338,Sealed EtherCAT Cable MA-106,Cabling and Connectors,EtherCAT Cable,300,1700,W-07,true,2023-05-29T12:59:09Z,2023-08-10T21:54:36Z
P-01339,NR-CTL-01339,Industrial IO Expansion Board NN-143,Controllers,IO Expansion Board,118075,6164,W-08,true,2022-07-31T23:51:13Z,2023-04-16T02:40:05Z
P-01340,NR-DRV-01340,Precision Ball Screw OA-180,Drivetrain,Ball Screw,144279,7073,W-02,true,2022-12-22T09:51:11Z,2023-12-22T19:35:12Z
P-01341,NR-EFF-01341,Modular Tool Changer PN-217,End Effectors,Tool Changer,348005,10017,W-06,true,2021-03-11T01:28:46Z,2021-04-19T03:57:29Z
P-01342,NR-FRM-01342,High-Torque Mounting Bracket QA-254,Frames and Structure,Mounting Bracket,41087,4629,W-06,true,2024-04-04T07:11:05Z,2024-09-19T00:43:58Z
P-01343,NR-PWR-01343,Heavy-Duty DC-DC Converter RN-291,Power Systems,DC-DC Converter,250000,14169,W-08,true,2023-06-23T22:13:30Z,2024-06-30T10:27:55Z
P-01344,NR-SEN-01344,Rapid-Cycle Proximity Sensor SA-328,Sensors,Proximity Sensor,260188,834,W-05,true,2024-10-02T05:52:29Z,2025-05-31T19:10:51Z
P-01345,NR-ACT-01345,Low-Backlash Servo Motor TN-365,Actuators,Servo Motor,338680,5312,W-06,true,2024-03-17T06:53:14Z,2025-03-22T14:33:45Z
P-01346,NR-CBL-01346,Compact Cable Chain UA-402,Cabling and Connectors,Cable Chain,8289,2288,W-02,true,2023-04-14T15:55:58Z,2023-07-22T15:58:29Z
P-01347,NR-CTL-01347,Quiet-Drive Motion Controller VN-439,Controllers,Motion Controller,167540,1707,W-05,true,2021-08-30T12:58:40Z,2021-10-15T11:47:32Z
P-01348,NR-DRV-01348,Sealed Harmonic Reducer WA-476,Drivetrain,Harmonic Reducer,177145,10552,W-04,false,2023-10-15T05:58:09Z,2024-03-27T11:10:13Z
P-01349,NR-EFF-01349,Industrial Parallel Gripper XN-513,End Effectors,Parallel Gripper,222078,150,W-01,true,2022-07-14T02:06:07Z,2022-12-13T13:05:01Z
P-01350,NR-FRM-01350,Precision Aluminum Extrusion YA-550,Frames and Structure,Aluminum Extrusion,32180,9046,W-03,true,2023-09-12T22:52:07Z,2024-02-21T09:36:57Z
P-01351,NR-PWR-01351,Modular Battery Pack ZN-587,Power Systems,Battery Pack,176389,8621,W-08,true,2021-07-23T19:30:39Z,2021-11-02T05:46:56Z
P-01352,NR-SEN-01352,High-Torque Rotary Encoder AA-624,Sensors,Rotary Encoder,136324,764,W-03,true,2021-06-10T08:53:43Z,2021-12-16T15:46:43Z
P-01353,NR-ACT-01353,Heavy-Duty Linear Actuator BN-661,Actuators,Linear Actuator,182662,13739,W-06,true,2022-10-12T05:30:39Z,2023-06-29T19:02:03Z
P-01354,NR-CBL-01354,Rapid-Cycle M12 Connector CA-698,Cabling and Connectors,M12 Connector,10489,1336,W-05,true,2023-11-26T17:35:08Z,2024-01-10T08:21:56Z
P-01355,NR-CTL-01355,Low-Backlash PLC Module DN-735,Controllers,PLC Module,245399,7850,W-05,true,2022-11-15T11:17:02Z,2023-11-05T08:51:13Z
P-01356,NR-DRV-01356,Compact Planetary Gearbox EA-772,Drivetrain,Planetary Gearbox,94150,8492,W-06,true,2021-12-15T08:27:28Z,2022-03-27T21:28:24Z
P-01357,NR-EFF-01357,Quiet-Drive Vacuum Gripper FN-809,End Effectors,Vacuum Gripper,275868,1607,W-02,false,2021-05-20T06:43:26Z,2022-04-08T04:07:50Z
P-01358,NR-FRM-01358,Sealed Base Plate GA-846,Frames and Structure,Base Plate,26334,5416,W-04,true,2022-08-11T09:20:21Z,2022-09-12T03:20:05Z
P-01359,NR-PWR-01359,Industrial Power Supply Unit HN-883,Power Systems,Power Supply Unit,150590,7087,W-01,true,2024-05-04T16:49:09Z,2024-05-27T08:37:04Z
P-01360,NR-SEN-01360,Precision Thermal Camera Module IA-920,Sensors,Thermal Camera Module,141966,3425,W-05,true,2022-08-25T08:06:38Z,2023-06-25T17:19:17Z
P-01361,NR-ACT-01361,Modular Rotary Actuator JN-957,Actuators,Rotary Actuator,306292,17154,W-07,true,2022-10-15T03:15:43Z,2023-10-28T06:45:51Z
P-01362,NR-CBL-01362,High-Torque Servo Cable KA-994,Cabling and Connectors,Servo Cable,8891,2034,W-05,true,2022-07-27T13:26:58Z,2023-06-16T23:38:39Z
P-01363,NR-CTL-01363,Heavy-Duty Edge Compute Node LN-131,Controllers,Edge Compute Node,721825,666,W-01,false,2024-09-24T09:24:45Z,2024-10-25T21:52:00Z
P-01364,NR-DRV-01364,Rapid-Cycle Timing Belt MA-168,Drivetrain,Timing Belt,78862,11424,W-07,true,2023-03-07T14:08:56Z,2024-01-07T09:33:15Z
P-01365,NR-EFF-01365,Low-Backlash Welding Torch NN-205,End Effectors,Welding Torch,226999,6872,W-04,true,2024-05-01T16:39:14Z,2024-11-15T13:16:18Z
P-01366,NR-FRM-01366,Compact Gantry Beam OA-242,Frames and Structure,Gantry Beam,39348,34086,W-01,true,2021-11-02T00:21:11Z,2022-06-27T19:46:02Z
P-01367,NR-PWR-01367,Quiet-Drive Motor Driver PN-279,Power Systems,Motor Driver,96161,7341,W-01,true,2022-06-19T01:25:00Z,2022-06-25T16:32:30Z
P-01368,NR-SEN-01368,Sealed LIDAR Unit QA-316,Sensors,LIDAR Unit,121909,2882,W-03,true,2021-07-21T03:12:23Z,2021-11-29T08:32:16Z
P-01369,NR-ACT-01369,Industrial Stepper Motor RN-353,Actuators,Stepper Motor,145324,14999,W-05,true,2021-08-17T03:15:54Z,2022-03-03T18:21:03Z
P-01370,NR-CBL-01370,Precision EtherCAT Cable SA-390,Cabling and Connectors,EtherCAT Cable,8441,3008,W-01,true,2024-02-22T18:06:00Z,2024-11-15T13:49:35Z
P-01371,NR-CTL-01371,Modular IO Expansion Board TN-427,Controllers,IO Expansion Board,721786,3644,W-07,true,2021-08-24T01:04:51Z,2021-11-10T19:32:05Z
P-01372,NR-DRV-01372,High-Torque Ball Screw UA-464,Drivetrain,Ball Screw,105873,999,W-05,true,2023-02-05T20:05:07Z,2023-04-23T00:32:34Z
P-01373,NR-EFF-01373,Heavy-Duty Tool Changer VN-501,End Effectors,Tool Changer,237078,150,W-02,true,2024-01-31T05:54:27Z,2024-09-28T21:52:56Z
P-01374,NR-FRM-01374,Rapid-Cycle Mounting Bracket WA-538,Frames and Structure,Mounting Bracket,66681,17370,W-01,true,2021-11-09T06:18:54Z,2022-07-30T10:39:57Z
P-01375,NR-PWR-01375,Low-Backlash DC-DC Converter XN-575,Power Systems,DC-DC Converter,170856,350,W-02,true,2021-10-17T23:09:05Z,2022-07-28T23:03:00Z
P-01376,NR-SEN-01376,Compact Force-Torque Sensor YA-612,Sensors,Force-Torque Sensor,119250,1045,W-04,true,2022-02-10T01:10:04Z,2022-07-17T04:26:28Z
P-01377,NR-ACT-01377,Quiet-Drive Servo Motor ZN-649,Actuators,Servo Motor,259965,10750,W-07,true,2024-01-03T08:43:05Z,2024-10-13T12:33:03Z
P-01378,NR-CBL-01378,Sealed Cable Chain AA-686,Cabling and Connectors,Cable Chain,10262,1007,W-05,true,2024-01-22T13:36:44Z,2024-08-17T00:16:23Z
P-01379,NR-CTL-01379,Industrial Motion Controller BN-723,Controllers,Motion Controller,294768,6430,W-08,true,2023-05-26T16:50:11Z,2023-12-21T07:12:48Z
P-01380,NR-DRV-01380,Precision Harmonic Reducer CA-760,Drivetrain,Harmonic Reducer,24643,7575,W-03,true,2024-10-22T04:49:49Z,2025-05-18T13:23:39Z
P-01381,NR-EFF-01381,Modular Parallel Gripper DN-797,End Effectors,Parallel Gripper,203259,150,W-05,true,2022-07-15T00:08:18Z,2023-01-17T08:44:31Z
P-01382,NR-FRM-01382,High-Torque Aluminum Extrusion EA-834,Frames and Structure,Aluminum Extrusion,17832,37689,W-07,true,2024-12-17T13:24:09Z,2026-01-12T02:04:58Z
P-01383,NR-PWR-01383,Heavy-Duty Battery Pack FN-871,Power Systems,Battery Pack,45431,14538,W-04,true,2022-03-12T12:28:26Z,2022-06-18T18:06:16Z
P-01384,NR-SEN-01384,Rapid-Cycle Proximity Sensor GA-908,Sensors,Proximity Sensor,212847,2142,W-06,true,2023-12-20T21:40:59Z,2023-12-27T01:18:36Z
P-01385,NR-ACT-01385,Low-Backlash Linear Actuator HN-945,Actuators,Linear Actuator,15000,5775,W-08,true,2024-06-19T16:40:34Z,2025-03-12T02:14:54Z
P-01386,NR-CBL-01386,Compact M12 Connector IA-982,Cabling and Connectors,M12 Connector,9115,2929,W-01,true,2022-07-31T15:55:28Z,2023-05-23T19:37:35Z
P-01387,NR-CTL-01387,Quiet-Drive PLC Module JN-119,Controllers,PLC Module,125834,7177,W-04,true,2024-12-04T06:26:11Z,2025-06-08T07:34:58Z
P-01388,NR-DRV-01388,Sealed Planetary Gearbox KA-156,Drivetrain,Planetary Gearbox,350000,8189,W-01,true,2022-07-26T13:53:56Z,2022-10-26T17:56:44Z
P-01389,NR-EFF-01389,Industrial Vacuum Gripper LN-193,End Effectors,Vacuum Gripper,243111,8980,W-04,true,2023-11-04T05:34:48Z,2024-05-27T21:17:10Z
P-01390,NR-FRM-01390,Precision Base Plate MA-230,Frames and Structure,Base Plate,25916,14273,W-06,true,2021-09-02T12:47:17Z,2022-07-22T05:27:04Z
P-01391,NR-PWR-01391,Modular Power Supply Unit NN-267,Power Systems,Power Supply Unit,148556,5658,W-03,true,2021-11-28T15:31:12Z,2022-01-11T00:23:18Z
P-01392,NR-SEN-01392,High-Torque Rotary Encoder OA-304,Sensors,Rotary Encoder,81977,2024,W-08,true,2024-11-10T16:34:29Z,2024-11-24T17:27:38Z
P-01393,NR-ACT-01393,Heavy-Duty Rotary Actuator PN-341,Actuators,Rotary Actuator,386371,12656,W-05,true,2023-04-05T14:47:09Z,2024-01-07T08:06:00Z
P-01394,NR-CBL-01394,Rapid-Cycle Servo Cable QA-378,Cabling and Connectors,Servo Cable,9431,1738,W-08,true,2024-02-08T20:15:05Z,2025-01-20T18:06:54Z
P-01395,NR-CTL-01395,Low-Backlash Edge Compute Node RN-415,Controllers,Edge Compute Node,887271,7419,W-06,true,2021-11-21T20:22:55Z,2022-08-30T14:29:48Z
P-01396,NR-DRV-01396,Compact Timing Belt SA-452,Drivetrain,Timing Belt,228497,2551,W-07,true,2024-11-08T04:17:44Z,2025-12-05T19:14:11Z
P-01397,NR-EFF-01397,Quiet-Drive Welding Torch TN-489,End Effectors,Welding Torch,282943,3878,W-07,true,2023-02-12T09:42:30Z,2023-07-13T02:02:51Z
P-01398,NR-FRM-01398,Sealed Gantry Beam UA-526,Frames and Structure,Gantry Beam,33730,23299,W-03,true,2022-10-01T08:17:15Z,2023-06-23T13:08:12Z
P-01399,NR-PWR-01399,Industrial Motor Driver VN-563,Power Systems,Motor Driver,207910,3280,W-01,true,2022-12-20T22:24:02Z,2023-12-07T18:18:19Z
P-01400,NR-SEN-01400,Precision Thermal Camera Module WA-600,Sensors,Thermal Camera Module,206249,2442,W-06,true,2021-10-30T21:21:05Z,2022-10-29T10:04:25Z
P-01401,NR-ACT-01401,Modular Stepper Motor XN-637,Actuators,Stepper Motor,320378,11293,W-04,true,2021-03-14T10:54:54Z,2021-12-16T19:55:34Z
P-01402,NR-CBL-01402,High-Torque EtherCAT Cable YA-674,Cabling and Connectors,EtherCAT Cable,10336,328,W-08,true,2024-12-25T02:30:23Z,2025-10-06T12:58:21Z
P-01403,NR-CTL-01403,Heavy-Duty IO Expansion Board ZN-711,Controllers,IO Expansion Board,341606,6991,W-02,true,2024-12-01T08:58:30Z,2025-03-29T10:08:40Z
P-01404,NR-DRV-01404,Rapid-Cycle Ball Screw AA-748,Drivetrain,Ball Screw,48414,8121,W-07,true,2021-10-17T10:05:14Z,2022-06-22T19:22:44Z
P-01405,NR-EFF-01405,Low-Backlash Tool Changer BN-785,End Effectors,Tool Changer,24107,7392,W-03,true,2021-02-11T02:51:50Z,2021-10-03T00:13:14Z
P-01406,NR-FRM-01406,Compact Mounting Bracket CA-822,Frames and Structure,Mounting Bracket,44712,49465,W-04,true,2021-12-05T01:20:16Z,2022-10-10T04:31:16Z
P-01407,NR-PWR-01407,Quiet-Drive DC-DC Converter DN-859,Power Systems,DC-DC Converter,42849,7963,W-07,true,2021-09-13T12:11:59Z,2021-10-10T18:10:54Z
P-01408,NR-SEN-01408,Sealed LIDAR Unit EA-896,Sensors,LIDAR Unit,169436,2309,W-06,true,2021-08-28T12:02:57Z,2022-06-28T00:26:40Z
P-01409,NR-ACT-01409,Industrial Servo Motor FN-933,Actuators,Servo Motor,310386,18910,W-06,true,2023-09-08T11:38:02Z,2024-09-18T21:58:20Z
P-01410,NR-CBL-01410,Precision Cable Chain GA-970,Cabling and Connectors,Cable Chain,8367,1110,W-04,false,2022-07-02T04:47:25Z,2022-12-14T19:17:15Z
P-01411,NR-CTL-01411,Modular Motion Controller HN-107,Controllers,Motion Controller,566982,3986,W-04,true,2024-04-12T11:39:45Z,2025-03-22T08:04:32Z
P-01412,NR-DRV-01412,High-Torque Harmonic Reducer IA-144,Drivetrain,Harmonic Reducer,195252,12648,W-07,true,2022-07-19T19:38:20Z,2023-07-22T17:42:01Z
P-01413,NR-EFF-01413,Heavy-Duty Parallel Gripper JN-181,End Effectors,Parallel Gripper,171945,889,W-03,true,2021-12-17T07:19:05Z,2022-03-27T15:49:48Z
P-01414,NR-FRM-01414,Rapid-Cycle Aluminum Extrusion KA-218,Frames and Structure,Aluminum Extrusion,44009,45774,W-08,false,2022-12-31T09:48:38Z,2023-11-04T20:13:00Z
P-01415,NR-PWR-01415,Low-Backlash Battery Pack LN-255,Power Systems,Battery Pack,143777,9867,W-05,true,2021-10-19T04:10:42Z,2022-08-17T09:20:27Z
P-01416,NR-SEN-01416,Compact Force-Torque Sensor MA-292,Sensors,Force-Torque Sensor,53482,808,W-02,true,2024-06-07T12:22:25Z,2024-10-08T13:04:08Z
P-01417,NR-ACT-01417,Quiet-Drive Linear Actuator NN-329,Actuators,Linear Actuator,267395,8037,W-04,true,2023-02-03T08:25:44Z,2023-05-11T04:39:23Z
P-01418,NR-CBL-01418,Sealed M12 Connector OA-366,Cabling and Connectors,M12 Connector,8588,2384,W-02,true,2023-05-18T06:01:52Z,2023-10-07T07:15:16Z
P-01419,NR-CTL-01419,Industrial PLC Module PN-403,Controllers,PLC Module,309060,300,W-01,true,2024-07-31T17:07:11Z,2025-07-04T09:17:39Z
P-01420,NR-DRV-01420,Precision Planetary Gearbox QA-440,Drivetrain,Planetary Gearbox,307020,4615,W-01,true,2023-01-14T06:53:31Z,2023-06-18T20:49:52Z
P-01421,NR-EFF-01421,Modular Vacuum Gripper RN-477,End Effectors,Vacuum Gripper,162684,10503,W-02,true,2021-12-03T14:49:25Z,2022-04-01T06:35:35Z
P-01422,NR-FRM-01422,High-Torque Base Plate SA-514,Frames and Structure,Base Plate,48282,37107,W-03,true,2024-03-17T21:22:26Z,2024-10-30T17:20:12Z
P-01423,NR-PWR-01423,Heavy-Duty Power Supply Unit TN-551,Power Systems,Power Supply Unit,126664,11672,W-08,true,2023-10-31T01:08:52Z,2024-03-22T01:37:30Z
P-01424,NR-SEN-01424,Rapid-Cycle Proximity Sensor UA-588,Sensors,Proximity Sensor,233789,3500,W-07,true,2021-10-12T08:14:36Z,2022-07-01T12:19:48Z
P-01425,NR-ACT-01425,Low-Backlash Rotary Actuator VN-625,Actuators,Rotary Actuator,270985,18854,W-02,true,2024-10-25T13:53:45Z,2025-11-01T11:09:34Z
P-01426,NR-CBL-01426,Compact Servo Cable WA-662,Cabling and Connectors,Servo Cable,9463,1442,W-08,true,2022-02-26T20:20:32Z,2023-01-01T01:35:54Z
P-01427,NR-CTL-01427,Quiet-Drive Edge Compute Node XN-699,Controllers,Edge Compute Node,359479,2336,W-03,true,2021-01-10T19:21:44Z,2022-01-22T22:59:02Z
P-01428,NR-DRV-01428,Sealed Timing Belt YA-736,Drivetrain,Timing Belt,147771,5203,W-01,true,2023-10-12T17:06:15Z,2024-06-20T08:08:06Z
P-01429,NR-EFF-01429,Industrial Welding Torch ZN-773,End Effectors,Welding Torch,407767,11060,W-01,true,2022-08-22T15:30:54Z,2023-01-05T04:42:22Z
P-01430,NR-FRM-01430,Precision Gantry Beam AA-810,Frames and Structure,Gantry Beam,35547,33220,W-07,true,2021-12-23T02:38:04Z,2022-12-25T21:48:35Z
P-01431,NR-PWR-01431,Modular Motor Driver BN-847,Power Systems,Motor Driver,94074,5435,W-03,true,2024-05-13T09:27:06Z,2025-05-18T05:25:02Z
P-01432,NR-SEN-01432,High-Torque Rotary Encoder CA-884,Sensors,Rotary Encoder,215377,1974,W-02,true,2024-12-26T05:49:11Z,2025-02-16T12:14:53Z
P-01433,NR-ACT-01433,Heavy-Duty Stepper Motor DN-921,Actuators,Stepper Motor,154704,15403,W-08,true,2023-05-30T14:27:05Z,2024-02-20T09:54:41Z
P-01434,NR-CBL-01434,Rapid-Cycle EtherCAT Cable EA-958,Cabling and Connectors,EtherCAT Cable,6241,2701,W-08,true,2022-08-08T01:22:24Z,2023-01-19T08:23:28Z
P-01435,NR-CTL-01435,Low-Backlash IO Expansion Board FN-995,Controllers,IO Expansion Board,261033,3362,W-01,true,2021-10-15T04:11:00Z,2021-11-30T22:21:27Z
P-01436,NR-DRV-01436,Compact Ball Screw GA-132,Drivetrain,Ball Screw,175233,7567,W-07,true,2021-09-20T02:36:31Z,2022-08-23T16:04:47Z
P-01437,NR-EFF-01437,Quiet-Drive Tool Changer HN-169,End Effectors,Tool Changer,434587,5426,W-01,true,2023-10-10T21:24:07Z,2024-10-30T05:56:35Z
P-01438,NR-FRM-01438,Sealed Mounting Bracket IA-206,Frames and Structure,Mounting Bracket,66938,43896,W-04,true,2021-04-24T20:30:32Z,2021-09-28T14:03:37Z
P-01439,NR-PWR-01439,Industrial DC-DC Converter JN-243,Power Systems,DC-DC Converter,35400,5870,W-04,true,2023-08-22T14:37:00Z,2024-07-01T01:01:46Z
P-01440,NR-SEN-01440,Precision Thermal Camera Module KA-280,Sensors,Thermal Camera Module,62183,2022,W-08,true,2023-05-30T20:43:28Z,2024-06-02T11:17:04Z
P-01441,NR-ACT-01441,Modular Servo Motor LN-317,Actuators,Servo Motor,246497,14367,W-03,true,2021-12-26T08:23:29Z,2022-02-26T09:53:23Z
P-01442,NR-CBL-01442,High-Torque Cable Chain MA-354,Cabling and Connectors,Cable Chain,10808,10,W-01,true,2023-10-10T21:36:04Z,2024-08-08T08:36:26Z
P-01443,NR-CTL-01443,Heavy-Duty Motion Controller NN-391,Controllers,Motion Controller,438681,4185,W-07,true,2023-04-04T23:24:43Z,2024-04-08T00:55:49Z
P-01444,NR-DRV-01444,Rapid-Cycle Harmonic Reducer OA-428,Drivetrain,Harmonic Reducer,124638,4420,W-08,true,2024-12-24T23:28:04Z,2025-06-04T12:57:34Z
P-01445,NR-EFF-01445,Low-Backlash Parallel Gripper PN-465,End Effectors,Parallel Gripper,428410,4436,W-04,true,2023-07-26T03:13:26Z,2023-10-05T08:33:07Z
P-01446,NR-FRM-01446,Compact Aluminum Extrusion QA-502,Frames and Structure,Aluminum Extrusion,27895,19609,W-07,true,2023-03-08T03:10:05Z,2023-11-23T05:37:08Z
P-01447,NR-PWR-01447,Quiet-Drive Battery Pack RN-539,Power Systems,Battery Pack,140654,11188,W-06,true,2023-06-30T11:08:59Z,2023-08-23T06:07:14Z
P-01448,NR-SEN-01448,Sealed LIDAR Unit SA-576,Sensors,LIDAR Unit,144479,1914,W-06,true,2022-08-11T09:55:45Z,2023-03-10T21:44:05Z
P-01449,NR-ACT-01449,Industrial Linear Actuator TN-613,Actuators,Linear Actuator,372310,10902,W-03,true,2022-03-18T07:43:57Z,2023-03-26T02:25:27Z
P-01450,NR-CBL-01450,Precision M12 Connector UA-650,Cabling and Connectors,M12 Connector,8825,2018,W-01,true,2023-05-22T21:22:44Z,2024-05-17T11:56:49Z
P-01451,NR-CTL-01451,Modular PLC Module VN-687,Controllers,PLC Module,313369,5790,W-08,true,2022-04-08T12:41:46Z,2023-03-22T08:46:45Z
P-01452,NR-DRV-01452,High-Torque Planetary Gearbox WA-724,Drivetrain,Planetary Gearbox,15477,2888,W-06,true,2021-11-09T17:14:32Z,2022-09-05T06:24:29Z
P-01453,NR-EFF-01453,Heavy-Duty Vacuum Gripper XN-761,End Effectors,Vacuum Gripper,354825,4091,W-08,true,2022-05-29T14:37:33Z,2022-06-24T06:16:47Z
P-01454,NR-FRM-01454,Rapid-Cycle Base Plate YA-798,Frames and Structure,Base Plate,55441,31856,W-08,true,2023-01-01T12:33:18Z,2023-06-05T05:32:11Z
P-01455,NR-PWR-01455,Low-Backlash Power Supply Unit ZN-835,Power Systems,Power Supply Unit,225113,10808,W-02,true,2023-08-16T15:14:46Z,2024-01-08T11:19:34Z
P-01456,NR-SEN-01456,Compact Force-Torque Sensor AA-872,Sensors,Force-Torque Sensor,230645,1545,W-02,true,2023-05-29T08:51:25Z,2024-03-02T12:12:06Z
P-01457,NR-ACT-01457,Quiet-Drive Rotary Actuator BN-909,Actuators,Rotary Actuator,341601,17531,W-07,true,2021-03-18T23:11:06Z,2022-01-01T02:24:46Z
P-01458,NR-CBL-01458,Sealed Servo Cable CA-946,Cabling and Connectors,Servo Cable,2777,1123,W-01,true,2021-06-21T01:38:39Z,2021-10-24T12:26:45Z
P-01459,NR-CTL-01459,Industrial Edge Compute Node DN-983,Controllers,Edge Compute Node,222725,4210,W-05,true,2021-12-31T16:53:14Z,2022-03-02T13:40:54Z
P-01460,NR-DRV-01460,Precision Timing Belt EA-120,Drivetrain,Timing Belt,249746,3455,W-02,true,2022-06-26T15:46:03Z,2023-01-31T10:54:18Z
P-01461,NR-EFF-01461,Modular Welding Torch FN-157,End Effectors,Welding Torch,142836,7703,W-04,false,2024-03-16T20:41:25Z,2024-10-06T03:36:07Z
P-01462,NR-FRM-01462,High-Torque Gantry Beam GA-194,Frames and Structure,Gantry Beam,73843,5088,W-07,true,2022-04-23T12:23:15Z,2022-11-09T10:37:53Z
P-01463,NR-PWR-01463,Heavy-Duty Motor Driver HN-231,Power Systems,Motor Driver,151542,1413,W-02,true,2022-09-07T10:07:34Z,2023-03-16T09:34:47Z
P-01464,NR-SEN-01464,Rapid-Cycle Proximity Sensor IA-268,Sensors,Proximity Sensor,155019,1115,W-05,true,2022-12-02T10:24:45Z,2023-07-11T20:51:16Z
P-01465,NR-ACT-01465,Low-Backlash Stepper Motor JN-305,Actuators,Stepper Motor,265624,22000,W-02,true,2023-03-28T20:09:34Z,2023-08-08T22:07:09Z
P-01466,NR-CBL-01466,Compact EtherCAT Cable KA-342,Cabling and Connectors,EtherCAT Cable,8348,2252,W-04,true,2021-07-19T07:30:31Z,2022-07-24T19:57:20Z
P-01467,NR-CTL-01467,Quiet-Drive IO Expansion Board LN-379,Controllers,IO Expansion Board,437084,3143,W-06,true,2021-09-02T23:14:00Z,2021-11-22T10:41:19Z
P-01468,NR-DRV-01468,Sealed Ball Screw MA-416,Drivetrain,Ball Screw,350000,4903,W-04,true,2023-12-10T20:29:10Z,2024-04-23T11:43:25Z
P-01469,NR-EFF-01469,Industrial Tool Changer NN-453,End Effectors,Tool Changer,359806,8313,W-08,true,2022-04-14T03:27:44Z,2023-01-09T05:56:54Z
P-01470,NR-FRM-01470,Precision Mounting Bracket OA-490,Frames and Structure,Mounting Bracket,50688,49889,W-01,true,2023-01-05T04:27:44Z,2023-04-17T15:28:27Z
P-01471,NR-PWR-01471,Modular DC-DC Converter PN-527,Power Systems,DC-DC Converter,147601,7315,W-01,true,2022-04-14T18:50:50Z,2022-11-16T19:42:32Z
P-01472,NR-SEN-01472,High-Torque Rotary Encoder QA-564,Sensors,Rotary Encoder,24501,1076,W-07,true,2021-08-19T12:04:14Z,2022-02-09T01:24:25Z
P-01473,NR-ACT-01473,Heavy-Duty Servo Motor RN-601,Actuators,Servo Motor,47579,7118,W-06,true,2024-09-20T17:00:09Z,2025-06-24T01:03:50Z
P-01474,NR-CBL-01474,Rapid-Cycle Cable Chain SA-638,Cabling and Connectors,Cable Chain,12653,3080,W-02,true,2022-12-18T20:53:00Z,2023-09-03T18:23:22Z
P-01475,NR-CTL-01475,Low-Backlash Motion Controller TN-675,Controllers,Motion Controller,737947,1273,W-08,true,2023-06-24T15:35:31Z,2024-03-12T16:50:41Z
P-01476,NR-DRV-01476,Compact Harmonic Reducer UA-712,Drivetrain,Harmonic Reducer,63878,2416,W-05,true,2022-10-31T08:39:47Z,2022-12-31T15:07:01Z
P-01477,NR-EFF-01477,Quiet-Drive Parallel Gripper VN-749,End Effectors,Parallel Gripper,403560,4178,W-01,true,2022-07-15T00:16:22Z,2023-03-03T17:49:11Z
P-01478,NR-FRM-01478,Sealed Aluminum Extrusion WA-786,Frames and Structure,Aluminum Extrusion,52222,51540,W-01,true,2021-05-12T11:41:06Z,2021-07-07T18:47:28Z
P-01479,NR-PWR-01479,Industrial Battery Pack XN-823,Power Systems,Battery Pack,140508,14580,W-03,true,2021-11-14T23:54:07Z,2022-07-03T09:21:46Z
P-01480,NR-SEN-01480,Precision Thermal Camera Module YA-860,Sensors,Thermal Camera Module,190615,1403,W-07,true,2023-11-08T23:19:00Z,2024-02-22T09:32:31Z
P-01481,NR-ACT-01481,Modular Linear Actuator ZN-897,Actuators,Linear Actuator,312920,12052,W-08,true,2021-10-12T10:53:42Z,2022-05-06T09:08:54Z
P-01482,NR-CBL-01482,High-Torque M12 Connector AA-934,Cabling and Connectors,M12 Connector,3179,2812,W-07,true,2023-10-28T09:04:58Z,2024-10-12T11:54:00Z
P-01483,NR-CTL-01483,Heavy-Duty PLC Module BN-971,Controllers,PLC Module,411928,2452,W-08,true,2023-04-20T06:48:37Z,2023-05-12T01:08:54Z
P-01484,NR-DRV-01484,Rapid-Cycle Planetary Gearbox CA-108,Drivetrain,Planetary Gearbox,327082,8894,W-02,true,2024-10-25T17:31:59Z,2025-02-12T03:30:30Z
P-01485,NR-EFF-01485,Low-Backlash Vacuum Gripper DN-145,End Effectors,Vacuum Gripper,164803,5063,W-08,true,2024-06-04T02:02:57Z,2024-08-12T17:37:47Z
P-01486,NR-FRM-01486,Compact Base Plate EA-182,Frames and Structure,Base Plate,9419,500,W-02,true,2021-04-11T01:25:37Z,2022-04-07T20:52:13Z
P-01487,NR-PWR-01487,Quiet-Drive Power Supply Unit FN-219,Power Systems,Power Supply Unit,111024,18000,W-02,true,2022-05-10T19:55:07Z,2022-06-25T05:25:08Z
P-01488,NR-SEN-01488,Sealed LIDAR Unit GA-256,Sensors,LIDAR Unit,204811,2654,W-06,true,2021-09-11T18:51:26Z,2022-01-15T14:30:51Z
P-01489,NR-ACT-01489,Industrial Rotary Actuator HN-293,Actuators,Rotary Actuator,291786,4404,W-08,true,2022-06-10T14:14:47Z,2022-10-29T07:34:30Z
P-01490,NR-CBL-01490,Precision Servo Cable IA-330,Cabling and Connectors,Servo Cable,4492,2292,W-01,true,2021-07-27T08:22:01Z,2021-11-23T10:25:18Z
P-01491,NR-CTL-01491,Modular Edge Compute Node JN-367,Controllers,Edge Compute Node,348637,3537,W-04,true,2022-05-28T22:20:25Z,2023-04-05T14:36:17Z
P-01492,NR-DRV-01492,High-Torque Timing Belt KA-404,Drivetrain,Timing Belt,141238,6756,W-08,true,2021-12-23T20:39:01Z,2022-01-09T22:08:12Z
P-01493,NR-EFF-01493,Heavy-Duty Welding Torch LN-441,End Effectors,Welding Torch,272870,8299,W-07,true,2024-02-15T07:51:38Z,2024-05-20T18:03:26Z
P-01494,NR-FRM-01494,Rapid-Cycle Gantry Beam MA-478,Frames and Structure,Gantry Beam,31111,16461,W-02,true,2024-06-21T06:40:21Z,2024-06-29T14:14:59Z
P-01495,NR-PWR-01495,Low-Backlash Motor Driver NN-515,Power Systems,Motor Driver,67787,10895,W-05,true,2022-06-24T15:01:16Z,2023-02-24T10:33:51Z
P-01496,NR-SEN-01496,Compact Force-Torque Sensor OA-552,Sensors,Force-Torque Sensor,154667,3205,W-03,true,2022-07-30T01:52:26Z,2023-01-09T15:55:02Z
P-01497,NR-ACT-01497,Quiet-Drive Stepper Motor PN-589,Actuators,Stepper Motor,450000,15639,W-06,true,2024-02-16T08:12:08Z,2024-09-03T23:32:42Z
P-01498,NR-CBL-01498,Sealed EtherCAT Cable QA-626,Cabling and Connectors,EtherCAT Cable,8556,1446,W-07,true,2024-01-19T09:57:42Z,2024-04-30T19:04:40Z
P-01499,NR-CTL-01499,Industrial IO Expansion Board RN-663,Controllers,IO Expansion Board,723542,5433,W-01,true,2024-05-27T01:34:04Z,2024-06-08T19:00:57Z
P-01500,NR-DRV-01500,Precision Ball Screw SA-700,Drivetrain,Ball Screw,293085,10751,W-07,true,2021-07-25T16:19:56Z,2022-03-10T00:10:21Z
P-01501,NR-EFF-01501,Modular Tool Changer TN-737,End Effectors,Tool Changer,367131,6996,W-07,true,2024-01-27T22:01:39Z,2024-12-14T03:51:02Z
P-01502,NR-FRM-01502,High-Torque Mounting Bracket UA-774,Frames and Structure,Mounting Bracket,54056,24468,W-02,true,2021-06-07T19:33:37Z,2022-06-12T18:11:40Z
P-01503,NR-PWR-01503,Heavy-Duty DC-DC Converter VN-811,Power Systems,DC-DC Converter,68667,3785,W-03,true,2022-10-06T00:03:18Z,2022-12-27T05:37:50Z
P-01504,NR-SEN-01504,Rapid-Cycle Proximity Sensor WA-848,Sensors,Proximity Sensor,54794,621,W-03,true,2021-03-19T17:51:59Z,2022-01-13T19:20:37Z
P-01505,NR-ACT-01505,Low-Backlash Servo Motor XN-885,Actuators,Servo Motor,146073,16403,W-03,true,2023-11-19T16:11:07Z,2024-11-18T01:58:44Z
P-01506,NR-CBL-01506,Compact Cable Chain YA-922,Cabling and Connectors,Cable Chain,5342,1346,W-08,true,2022-05-07T21:51:43Z,2022-06-08T01:26:26Z
P-01507,NR-CTL-01507,Quiet-Drive Motion Controller ZN-959,Controllers,Motion Controller,556749,1922,W-07,true,2024-03-23T21:35:18Z,2024-10-28T17:44:27Z
P-01508,NR-DRV-01508,Sealed Harmonic Reducer AA-996,Drivetrain,Harmonic Reducer,133567,100,W-07,true,2023-01-25T03:33:03Z,2023-08-06T15:10:54Z
P-01509,NR-EFF-01509,Industrial Parallel Gripper BN-133,End Effectors,Parallel Gripper,161407,3748,W-01,true,2021-06-04T22:11:31Z,2021-09-13T21:23:41Z
P-01510,NR-FRM-01510,Precision Aluminum Extrusion CA-170,Frames and Structure,Aluminum Extrusion,80000,51236,W-04,true,2023-03-09T17:08:33Z,2023-04-11T07:24:04Z
P-01511,NR-PWR-01511,Modular Battery Pack DN-207,Power Systems,Battery Pack,132568,13189,W-04,true,2024-02-28T19:37:32Z,2024-04-07T15:37:48Z
P-01512,NR-SEN-01512,High-Torque Rotary Encoder EA-244,Sensors,Rotary Encoder,79648,162,W-02,true,2021-03-18T20:53:16Z,2022-03-30T08:56:00Z
P-01513,NR-ACT-01513,Heavy-Duty Linear Actuator FN-281,Actuators,Linear Actuator,224929,12614,W-07,true,2022-07-02T14:57:52Z,2022-09-21T01:37:50Z
P-01514,NR-CBL-01514,Rapid-Cycle M12 Connector GA-318,Cabling and Connectors,M12 Connector,3298,1278,W-03,true,2021-10-04T19:52:54Z,2022-06-09T02:09:31Z
P-01515,NR-CTL-01515,Low-Backlash PLC Module HN-355,Controllers,PLC Module,419208,300,W-03,true,2021-09-26T05:21:41Z,2022-02-09T12:58:20Z
P-01516,NR-DRV-01516,Compact Planetary Gearbox IA-392,Drivetrain,Planetary Gearbox,240795,10927,W-03,true,2022-01-24T00:13:30Z,2022-07-14T03:08:20Z
P-01517,NR-EFF-01517,Quiet-Drive Vacuum Gripper JN-429,End Effectors,Vacuum Gripper,182420,5411,W-08,true,2022-03-26T08:26:45Z,2022-07-20T14:11:22Z
P-01518,NR-FRM-01518,Sealed Base Plate KA-466,Frames and Structure,Base Plate,52662,41622,W-01,true,2023-12-01T06:20:59Z,2024-06-20T17:38:53Z
P-01519,NR-PWR-01519,Industrial Power Supply Unit LN-503,Power Systems,Power Supply Unit,53295,5626,W-01,true,2024-02-24T14:36:46Z,2024-02-25T18:43:07Z
P-01520,NR-SEN-01520,Precision Thermal Camera Module MA-540,Sensors,Thermal Camera Module,106372,266,W-04,false,2022-04-03T09:03:29Z,2022-11-23T23:31:39Z
P-01521,NR-ACT-01521,Modular Rotary Actuator NN-577,Actuators,Rotary Actuator,15000,15318,W-04,true,2024-07-29T20:30:14Z,2025-08-21T12:19:22Z
P-01522,NR-CBL-01522,High-Torque Servo Cable OA-614,Cabling and Connectors,Servo Cable,2815,1934,W-04,true,2022-12-23T18:28:23Z,2023-01-08T22:23:28Z
P-01523,NR-CTL-01523,Heavy-Duty Edge Compute Node PN-651,Controllers,Edge Compute Node,473070,4354,W-07,true,2022-08-10T11:05:00Z,2023-09-08T15:19:25Z
P-01524,NR-DRV-01524,Rapid-Cycle Timing Belt QA-688,Drivetrain,Timing Belt,164733,6236,W-02,true,2023-11-26T05:59:36Z,2024-11-08T08:57:16Z
P-01525,NR-EFF-01525,Low-Backlash Welding Torch RN-725,End Effectors,Welding Torch,83714,6157,W-02,true,2023-09-13T21:52:15Z,2024-02-23T09:41:55Z
P-01526,NR-FRM-01526,Compact Gantry Beam SA-762,Frames and Structure,Gantry Beam,62426,55990,W-08,true,2022-02-21T08:02:32Z,2022-07-15T00:26:27Z
P-01527,NR-PWR-01527,Quiet-Drive Motor Driver TN-799,Power Systems,Motor Driver,58789,10640,W-03,true,2021-09-06T13:54:08Z,2022-06-12T04:25:09Z
P-01528,NR-SEN-01528,Sealed LIDAR Unit UA-836,Sensors,LIDAR Unit,141475,1695,W-02,true,2022-06-27T14:27:47Z,2022-08-31T15:01:22Z
P-01529,NR-ACT-01529,Industrial Stepper Motor VN-873,Actuators,Stepper Motor,325661,16919,W-04,true,2023-06-09T15:58:32Z,2023-10-10T03:07:06Z
P-01530,NR-CBL-01530,Precision EtherCAT Cable WA-910,Cabling and Connectors,EtherCAT Cable,9408,2669,W-08,true,2024-09-05T05:48:25Z,2025-07-21T02:19:07Z
P-01531,NR-CTL-01531,Modular IO Expansion Board XN-947,Controllers,IO Expansion Board,487270,5872,W-07,true,2023-10-30T19:03:04Z,2024-09-07T05:02:05Z
P-01532,NR-DRV-01532,High-Torque Ball Screw YA-984,Drivetrain,Ball Screw,185027,10321,W-07,true,2021-09-25T18:03:50Z,2022-05-14T04:11:16Z
P-01533,NR-EFF-01533,Heavy-Duty Tool Changer ZN-121,End Effectors,Tool Changer,98770,150,W-08,true,2021-04-29T01:24:10Z,2022-01-14T10:26:25Z
P-01534,NR-FRM-01534,Rapid-Cycle Mounting Bracket AA-158,Frames and Structure,Mounting Bracket,26867,12471,W-03,true,2023-05-07T07:09:05Z,2024-01-26T02:32:43Z
P-01535,NR-PWR-01535,Low-Backlash DC-DC Converter BN-195,Power Systems,DC-DC Converter,161482,10825,W-07,true,2023-04-17T05:38:34Z,2023-05-18T15:38:19Z
P-01536,NR-SEN-01536,Compact Force-Torque Sensor CA-232,Sensors,Force-Torque Sensor,245795,2069,W-04,true,2021-09-01T22:38:56Z,2021-10-21T20:01:35Z
P-01537,NR-ACT-01537,Quiet-Drive Servo Motor DN-269,Actuators,Servo Motor,251582,9150,W-06,true,2024-07-11T13:14:03Z,2024-11-22T20:14:41Z
P-01538,NR-CBL-01538,Sealed Cable Chain EA-306,Cabling and Connectors,Cable Chain,8360,1062,W-03,true,2024-11-17T06:30:35Z,2025-02-12T18:30:31Z
P-01539,NR-CTL-01539,Industrial Motion Controller FN-343,Controllers,Motion Controller,396899,2025,W-08,true,2023-04-13T07:31:47Z,2024-05-05T06:57:01Z
P-01540,NR-DRV-01540,Precision Harmonic Reducer GA-380,Drivetrain,Harmonic Reducer,250233,7381,W-05,true,2023-06-25T10:11:26Z,2023-09-18T15:48:15Z
P-01541,NR-EFF-01541,Modular Parallel Gripper HN-417,End Effectors,Parallel Gripper,161267,5630,W-08,true,2022-04-20T17:23:46Z,2022-08-02T11:13:55Z
P-01542,NR-FRM-01542,High-Torque Aluminum Extrusion IA-454,Frames and Structure,Aluminum Extrusion,56197,11243,W-03,true,2021-10-03T23:41:44Z,2022-10-29T06:31:45Z
P-01543,NR-PWR-01543,Heavy-Duty Battery Pack JN-491,Power Systems,Battery Pack,189509,6457,W-05,true,2022-05-03T06:46:39Z,2023-01-12T11:56:48Z
P-01544,NR-SEN-01544,Rapid-Cycle Proximity Sensor KA-528,Sensors,Proximity Sensor,184025,25,W-07,true,2024-09-13T20:00:52Z,2025-07-20T23:25:38Z
P-01545,NR-ACT-01545,Low-Backlash Linear Actuator LN-565,Actuators,Linear Actuator,231242,1872,W-05,true,2024-01-31T00:53:46Z,2024-05-10T11:14:41Z
P-01546,NR-CBL-01546,Compact M12 Connector MA-602,Cabling and Connectors,M12 Connector,8735,3437,W-08,true,2024-01-16T11:52:32Z,2024-12-20T05:43:03Z
P-01547,NR-CTL-01547,Quiet-Drive PLC Module NN-639,Controllers,PLC Module,512008,3375,W-05,true,2022-04-20T19:01:14Z,2022-06-09T11:23:35Z
P-01548,NR-DRV-01548,Sealed Planetary Gearbox OA-676,Drivetrain,Planetary Gearbox,227238,8176,W-01,true,2024-05-21T06:58:45Z,2024-08-16T21:07:30Z
P-01549,NR-EFF-01549,Industrial Vacuum Gripper PN-713,End Effectors,Vacuum Gripper,227309,9424,W-01,true,2024-09-02T03:49:08Z,2025-08-14T23:26:02Z
P-01550,NR-FRM-01550,Precision Base Plate QA-750,Frames and Structure,Base Plate,59795,50904,W-07,true,2023-03-30T10:14:26Z,2023-06-13T09:47:05Z
P-01551,NR-PWR-01551,Modular Power Supply Unit RN-787,Power Systems,Power Supply Unit,84904,4744,W-01,true,2023-05-04T16:48:41Z,2023-05-20T03:49:08Z
P-01552,NR-SEN-01552,High-Torque Rotary Encoder SA-824,Sensors,Rotary Encoder,293470,2383,W-07,true,2024-02-20T16:00:37Z,2024-06-30T05:27:46Z
P-01553,NR-ACT-01553,Heavy-Duty Rotary Actuator TN-861,Actuators,Rotary Actuator,221899,9334,W-01,true,2024-03-07T23:18:09Z,2024-07-11T06:02:02Z
P-01554,NR-CBL-01554,Rapid-Cycle Servo Cable UA-898,Cabling and Connectors,Servo Cable,5313,1845,W-05,true,2021-05-30T16:36:17Z,2021-06-02T16:21:08Z
P-01555,NR-CTL-01555,Low-Backlash Edge Compute Node VN-935,Controllers,Edge Compute Node,433109,5253,W-04,true,2024-10-08T19:30:24Z,2025-04-09T07:10:02Z
P-01556,NR-DRV-01556,Compact Timing Belt WA-972,Drivetrain,Timing Belt,172939,7479,W-02,true,2021-09-09T09:47:18Z,2022-07-31T00:33:55Z
P-01557,NR-EFF-01557,Quiet-Drive Welding Torch XN-109,End Effectors,Welding Torch,348001,2648,W-08,true,2022-09-11T10:31:34Z,2023-08-13T03:14:06Z
P-01558,NR-FRM-01558,Sealed Gantry Beam YA-146,Frames and Structure,Gantry Beam,52090,44355,W-01,true,2024-08-25T12:53:58Z,2025-02-17T23:03:59Z
P-01559,NR-PWR-01559,Industrial Motor Driver ZN-183,Power Systems,Motor Driver,161912,14188,W-01,true,2023-02-19T05:03:55Z,2023-12-15T12:46:50Z
P-01560,NR-SEN-01560,Precision Thermal Camera Module AA-220,Sensors,Thermal Camera Module,83839,169,W-04,true,2023-01-22T07:51:37Z,2023-12-04T20:22:45Z
P-01561,NR-ACT-01561,Modular Stepper Motor BN-257,Actuators,Stepper Motor,269216,9877,W-01,true,2024-10-04T02:47:51Z,2025-08-12T17:45:48Z
P-01562,NR-CBL-01562,High-Torque EtherCAT Cable CA-294,Cabling and Connectors,EtherCAT Cable,9441,2990,W-02,true,2022-04-19T08:08:36Z,2022-07-12T17:42:56Z
P-01563,NR-CTL-01563,Heavy-Duty IO Expansion Board DN-331,Controllers,IO Expansion Board,548508,4654,W-04,true,2024-05-13T22:25:05Z,2024-09-12T18:20:16Z
P-01564,NR-DRV-01564,Rapid-Cycle Ball Screw EA-368,Drivetrain,Ball Screw,196589,10089,W-07,true,2023-04-20T17:41:46Z,2024-05-19T09:24:01Z
P-01565,NR-EFF-01565,Low-Backlash Tool Changer FN-405,End Effectors,Tool Changer,244663,3981,W-02,true,2023-07-22T04:51:03Z,2023-09-09T08:51:40Z
P-01566,NR-FRM-01566,Compact Mounting Bracket GA-442,Frames and Structure,Mounting Bracket,23972,27911,W-03,true,2024-10-23T08:21:57Z,2025-11-01T22:41:18Z
P-01567,NR-PWR-01567,Quiet-Drive DC-DC Converter HN-479,Power Systems,DC-DC Converter,100163,9187,W-06,true,2023-09-05T08:23:58Z,2024-06-18T22:03:45Z
P-01568,NR-SEN-01568,Sealed LIDAR Unit IA-516,Sensors,LIDAR Unit,174166,1295,W-02,true,2024-06-17T06:59:20Z,2025-01-10T05:03:51Z
P-01569,NR-ACT-01569,Industrial Servo Motor JN-553,Actuators,Servo Motor,233211,13332,W-06,true,2022-11-22T15:41:27Z,2023-10-06T22:00:48Z
P-01570,NR-CBL-01570,Precision Cable Chain KA-590,Cabling and Connectors,Cable Chain,13757,3499,W-08,true,2023-07-11T20:19:54Z,2024-06-01T07:02:37Z
P-01571,NR-CTL-01571,Modular Motion Controller LN-627,Controllers,Motion Controller,225501,3363,W-05,true,2022-04-10T08:07:10Z,2023-01-07T03:32:21Z
P-01572,NR-DRV-01572,High-Torque Harmonic Reducer MA-664,Drivetrain,Harmonic Reducer,149342,5573,W-05,false,2024-06-30T18:58:30Z,2024-10-25T19:45:57Z
P-01573,NR-EFF-01573,Heavy-Duty Parallel Gripper NN-701,End Effectors,Parallel Gripper,219247,3326,W-06,true,2024-04-01T09:31:18Z,2024-08-12T01:44:33Z
P-01574,NR-FRM-01574,Rapid-Cycle Aluminum Extrusion OA-738,Frames and Structure,Aluminum Extrusion,27076,21278,W-04,true,2022-11-28T06:45:17Z,2023-05-05T20:12:01Z
P-01575,NR-PWR-01575,Low-Backlash Battery Pack PN-775,Power Systems,Battery Pack,101507,14045,W-08,true,2021-12-14T05:16:09Z,2022-07-14T03:09:54Z
P-01576,NR-SEN-01576,Compact Force-Torque Sensor QA-812,Sensors,Force-Torque Sensor,105182,687,W-01,true,2024-02-21T17:07:32Z,2024-10-10T01:40:00Z
P-01577,NR-ACT-01577,Quiet-Drive Linear Actuator RN-849,Actuators,Linear Actuator,340793,6554,W-04,true,2023-09-02T15:13:34Z,2024-09-05T17:12:51Z
P-01578,NR-CBL-01578,Sealed M12 Connector SA-886,Cabling and Connectors,M12 Connector,10829,3085,W-05,true,2022-04-19T01:03:36Z,2022-06-06T22:08:38Z
P-01579,NR-CTL-01579,Industrial PLC Module TN-923,Controllers,PLC Module,488448,1819,W-08,true,2023-05-24T17:07:44Z,2023-05-27T16:50:47Z
P-01580,NR-DRV-01580,Precision Planetary Gearbox UA-960,Drivetrain,Planetary Gearbox,68738,5904,W-01,true,2023-02-13T15:55:25Z,2023-08-30T15:47:32Z
P-01581,NR-EFF-01581,Modular Vacuum Gripper VN-997,End Effectors,Vacuum Gripper,81374,4438,W-04,true,2021-04-27T22:11:35Z,2022-05-28T07:44:22Z
P-01582,NR-FRM-01582,High-Torque Base Plate WA-134,Frames and Structure,Base Plate,50273,49346,W-07,true,2022-12-19T18:13:26Z,2023-06-26T03:20:44Z
P-01583,NR-PWR-01583,Heavy-Duty Power Supply Unit XN-171,Power Systems,Power Supply Unit,111055,13880,W-03,true,2024-02-13T19:03:33Z,2024-05-06T18:17:16Z
P-01584,NR-SEN-01584,Rapid-Cycle Proximity Sensor YA-208,Sensors,Proximity Sensor,214776,1749,W-01,true,2022-05-06T22:43:01Z,2022-05-14T14:49:29Z
P-01585,NR-ACT-01585,Low-Backlash Rotary Actuator ZN-245,Actuators,Rotary Actuator,249762,8053,W-02,true,2022-05-23T11:01:44Z,2022-10-03T04:51:39Z
P-01586,NR-CBL-01586,Compact Servo Cable AA-282,Cabling and Connectors,Servo Cable,13308,3416,W-07,true,2021-08-05T18:27:54Z,2022-07-28T00:53:50Z
P-01587,NR-CTL-01587,Quiet-Drive Edge Compute Node BN-319,Controllers,Edge Compute Node,677046,5184,W-02,true,2023-04-26T15:22:06Z,2023-09-12T18:48:28Z
P-01588,NR-DRV-01588,Sealed Timing Belt CA-356,Drivetrain,Timing Belt,157019,14545,W-02,true,2024-04-11T10:06:35Z,2024-09-30T10:02:30Z
P-01589,NR-EFF-01589,Industrial Welding Torch DN-393,End Effectors,Welding Torch,500000,6095,W-03,true,2024-06-03T17:51:19Z,2024-07-05T16:55:42Z
P-01590,NR-FRM-01590,Precision Gantry Beam EA-430,Frames and Structure,Gantry Beam,32995,41376,W-06,true,2024-02-19T17:22:30Z,2025-02-21T16:16:58Z
P-01591,NR-PWR-01591,Modular Motor Driver FN-467,Power Systems,Motor Driver,118505,17814,W-07,true,2022-10-09T05:22:54Z,2023-04-10T23:13:28Z
P-01592,NR-SEN-01592,High-Torque Rotary Encoder GA-504,Sensors,Rotary Encoder,300000,1943,W-08,true,2024-11-22T17:04:33Z,2024-12-02T14:17:37Z
P-01593,NR-ACT-01593,Heavy-Duty Stepper Motor HN-541,Actuators,Stepper Motor,304450,12292,W-01,true,2024-03-26T06:21:50Z,2025-02-02T12:21:57Z
P-01594,NR-CBL-01594,Rapid-Cycle EtherCAT Cable IA-578,Cabling and Connectors,EtherCAT Cable,13826,3252,W-04,true,2021-01-27T20:31:14Z,2021-11-01T11:37:04Z
P-01595,NR-CTL-01595,Low-Backlash IO Expansion Board JN-615,Controllers,IO Expansion Board,387360,5288,W-06,true,2021-10-25T14:41:26Z,2022-10-01T00:43:37Z
P-01596,NR-DRV-01596,Compact Ball Screw KA-652,Drivetrain,Ball Screw,304050,6816,W-01,true,2023-06-04T15:50:10Z,2023-07-14T21:12:10Z
P-01597,NR-EFF-01597,Quiet-Drive Tool Changer LN-689,End Effectors,Tool Changer,114957,6018,W-08,true,2023-04-05T14:23:06Z,2024-04-06T07:02:35Z
P-01598,NR-FRM-01598,Sealed Mounting Bracket MA-726,Frames and Structure,Mounting Bracket,62014,56224,W-03,true,2023-09-08T06:15:25Z,2024-02-13T17:55:47Z
P-01599,NR-PWR-01599,Industrial DC-DC Converter NN-763,Power Systems,DC-DC Converter,12193,13189,W-07,true,2022-02-26T13:54:12Z,2022-10-14T04:46:44Z
P-01600,NR-SEN-01600,Precision Thermal Camera Module OA-800,Sensors,Thermal Camera Module,91104,3500,W-03,true,2024-12-28T08:29:13Z,2025-01-30T23:01:15Z
P-01601,NR-ACT-01601,Modular Servo Motor PN-837,Actuators,Servo Motor,164238,13884,W-01,false,2023-05-18T19:05:24Z,2024-03-25T03:50:05Z
P-01602,NR-CBL-01602,High-Torque Cable Chain QA-874,Cabling and Connectors,Cable Chain,9134,1127,W-03,true,2022-08-10T22:30:58Z,2022-11-29T01:10:37Z
P-01603,NR-CTL-01603,Heavy-Duty Motion Controller RN-911,Controllers,Motion Controller,488936,3552,W-07,true,2023-08-08T14:14:18Z,2024-07-12T09:22:16Z
P-01604,NR-DRV-01604,Rapid-Cycle Harmonic Reducer SA-948,Drivetrain,Harmonic Reducer,210424,6096,W-03,true,2021-10-14T04:50:44Z,2022-03-03T15:12:09Z
P-01605,NR-EFF-01605,Low-Backlash Parallel Gripper TN-985,End Effectors,Parallel Gripper,265927,6338,W-03,true,2023-09-14T18:03:25Z,2024-04-30T19:18:07Z
P-01606,NR-FRM-01606,Compact Aluminum Extrusion UA-122,Frames and Structure,Aluminum Extrusion,36575,31596,W-02,true,2024-10-31T07:00:43Z,2025-08-29T06:43:30Z
P-01607,NR-PWR-01607,Quiet-Drive Battery Pack VN-159,Power Systems,Battery Pack,110805,12566,W-03,true,2021-12-13T03:58:40Z,2022-11-17T15:36:59Z
P-01608,NR-SEN-01608,Sealed LIDAR Unit WA-196,Sensors,LIDAR Unit,138847,2109,W-04,true,2022-05-01T12:19:44Z,2022-05-06T06:09:53Z
P-01609,NR-ACT-01609,Industrial Linear Actuator XN-233,Actuators,Linear Actuator,187666,11352,W-06,true,2024-02-06T22:11:45Z,2024-11-02T23:45:33Z
P-01610,NR-CBL-01610,Precision M12 Connector YA-270,Cabling and Connectors,M12 Connector,8090,2594,W-07,true,2022-01-23T00:29:42Z,2022-11-25T08:23:28Z
P-01611,NR-CTL-01611,Modular PLC Module ZN-307,Controllers,PLC Module,559681,5649,W-03,true,2021-04-16T14:49:50Z,2022-04-18T11:10:02Z
P-01612,NR-DRV-01612,High-Torque Planetary Gearbox AA-344,Drivetrain,Planetary Gearbox,190348,13998,W-07,true,2022-12-21T17:36:50Z,2024-01-09T22:37:23Z
P-01613,NR-EFF-01613,Heavy-Duty Vacuum Gripper BN-381,End Effectors,Vacuum Gripper,371211,10327,W-03,true,2023-05-14T05:26:25Z,2024-01-18T13:02:04Z
P-01614,NR-FRM-01614,Rapid-Cycle Base Plate CA-418,Frames and Structure,Base Plate,36978,17519,W-08,true,2023-06-27T22:05:47Z,2024-02-20T00:48:47Z
P-01615,NR-PWR-01615,Low-Backlash Power Supply Unit DN-455,Power Systems,Power Supply Unit,183953,16595,W-08,true,2022-05-01T15:36:35Z,2022-07-19T09:54:05Z
P-01616,NR-SEN-01616,Compact Force-Torque Sensor EA-492,Sensors,Force-Torque Sensor,8000,3094,W-06,true,2023-08-14T06:54:54Z,2023-10-18T13:24:39Z
P-01617,NR-ACT-01617,Quiet-Drive Rotary Actuator FN-529,Actuators,Rotary Actuator,197894,11774,W-04,true,2023-09-17T03:05:32Z,2023-10-23T18:17:08Z
P-01618,NR-CBL-01618,Sealed Servo Cable GA-566,Cabling and Connectors,Servo Cable,4403,3026,W-03,true,2022-04-23T07:20:44Z,2022-11-18T10:26:10Z
P-01619,NR-CTL-01619,Industrial Edge Compute Node HN-603,Controllers,Edge Compute Node,96291,5306,W-05,true,2021-08-08T06:18:25Z,2022-03-27T09:17:07Z
P-01620,NR-DRV-01620,Precision Timing Belt IA-640,Drivetrain,Timing Belt,80295,9276,W-01,true,2024-05-11T09:36:05Z,2025-05-04T15:48:52Z
P-01621,NR-EFF-01621,Modular Welding Torch JN-677,End Effectors,Welding Torch,373352,8731,W-07,true,2022-03-26T13:03:11Z,2022-08-31T08:30:03Z
P-01622,NR-FRM-01622,High-Torque Gantry Beam KA-714,Frames and Structure,Gantry Beam,54773,32712,W-03,true,2021-07-13T21:19:11Z,2021-12-30T00:54:25Z
P-01623,NR-PWR-01623,Heavy-Duty Motor Driver LN-751,Power Systems,Motor Driver,17801,13398,W-07,true,2022-01-08T06:38:51Z,2022-05-29T19:28:16Z
P-01624,NR-SEN-01624,Rapid-Cycle Proximity Sensor MA-788,Sensors,Proximity Sensor,135912,1868,W-08,true,2024-10-13T23:36:11Z,2025-02-26T23:22:43Z
P-01625,NR-ACT-01625,Low-Backlash Stepper Motor NN-825,Actuators,Stepper Motor,285258,4828,W-01,true,2023-01-16T12:40:40Z,2024-01-20T15:22:49Z
P-01626,NR-CBL-01626,Compact EtherCAT Cable OA-862,Cabling and Connectors,EtherCAT Cable,8647,2776,W-05,true,2023-11-29T23:28:47Z,2024-01-17T14:19:58Z
P-01627,NR-CTL-01627,Quiet-Drive IO Expansion Board PN-899,Controllers,IO Expansion Board,419132,5673,W-06,true,2024-07-16T01:13:30Z,2024-12-28T06:22:07Z
P-01628,NR-DRV-01628,Sealed Ball Screw QA-936,Drivetrain,Ball Screw,302434,4870,W-04,true,2024-05-03T06:55:09Z,2025-06-04T20:38:29Z
P-01629,NR-EFF-01629,Industrial Tool Changer RN-973,End Effectors,Tool Changer,394532,7171,W-01,true,2023-12-01T23:29:41Z,2024-12-07T12:53:11Z
P-01630,NR-FRM-01630,Precision Mounting Bracket SA-110,Frames and Structure,Mounting Bracket,46993,41385,W-01,true,2024-02-17T03:00:47Z,2025-02-23T07:46:38Z
P-01631,NR-PWR-01631,Modular DC-DC Converter TN-147,Power Systems,DC-DC Converter,71555,10630,W-08,true,2022-09-10T11:31:10Z,2022-10-31T04:52:54Z
P-01632,NR-SEN-01632,High-Torque Rotary Encoder UA-184,Sensors,Rotary Encoder,205878,1711,W-07,true,2023-07-29T05:10:01Z,2024-02-13T19:06:33Z
P-01633,NR-ACT-01633,Heavy-Duty Servo Motor VN-221,Actuators,Servo Motor,349690,6302,W-02,true,2024-11-08T11:26:24Z,2025-07-31T16:37:24Z
P-01634,NR-CBL-01634,Rapid-Cycle Cable Chain WA-258,Cabling and Connectors,Cable Chain,12275,2436,W-07,true,2021-06-24T05:50:03Z,2021-07-31T16:47:55Z
P-01635,NR-CTL-01635,Low-Backlash Motion Controller XN-295,Controllers,Motion Controller,190171,4093,W-01,true,2021-01-27T08:23:07Z,2021-07-28T01:34:36Z
P-01636,NR-DRV-01636,Compact Harmonic Reducer YA-332,Drivetrain,Harmonic Reducer,242769,2643,W-02,true,2023-12-31T01:09:13Z,2024-03-06T01:22:38Z
P-01637,NR-EFF-01637,Quiet-Drive Parallel Gripper ZN-369,End Effectors,Parallel Gripper,133252,5313,W-04,true,2021-09-22T09:33:36Z,2022-05-09T09:11:56Z
P-01638,NR-FRM-01638,Sealed Aluminum Extrusion AA-406,Frames and Structure,Aluminum Extrusion,16491,45743,W-07,true,2024-12-29T22:32:13Z,2025-12-20T12:56:32Z
P-01639,NR-PWR-01639,Industrial Battery Pack BN-443,Power Systems,Battery Pack,70449,6724,W-03,true,2024-10-14T07:22:35Z,2025-10-30T02:49:34Z
P-01640,NR-SEN-01640,Precision Thermal Camera Module CA-480,Sensors,Thermal Camera Module,99558,2966,W-06,true,2021-07-16T09:13:11Z,2021-10-10T17:25:38Z
P-01641,NR-ACT-01641,Modular Linear Actuator DN-517,Actuators,Linear Actuator,251901,9735,W-06,true,2024-03-03T14:47:12Z,2025-02-26T01:16:21Z
P-01642,NR-CBL-01642,High-Torque M12 Connector EA-554,Cabling and Connectors,M12 Connector,7054,647,W-08,true,2022-04-10T20:27:56Z,2022-09-03T12:18:17Z
P-01643,NR-CTL-01643,Heavy-Duty PLC Module FN-591,Controllers,PLC Module,156766,1008,W-01,true,2022-12-19T21:09:38Z,2022-12-31T01:23:07Z
P-01644,NR-DRV-01644,Rapid-Cycle Planetary Gearbox GA-628,Drivetrain,Planetary Gearbox,306203,4774,W-01,true,2022-02-13T01:52:20Z,2022-10-26T09:52:15Z
P-01645,NR-EFF-01645,Low-Backlash Vacuum Gripper HN-665,End Effectors,Vacuum Gripper,335777,1220,W-03,true,2024-03-27T11:20:16Z,2024-07-29T15:38:30Z
P-01646,NR-FRM-01646,Compact Base Plate IA-702,Frames and Structure,Base Plate,21776,28109,W-04,true,2024-02-02T23:41:43Z,2024-07-21T00:45:28Z
P-01647,NR-PWR-01647,Quiet-Drive Power Supply Unit JN-739,Power Systems,Power Supply Unit,100333,6768,W-03,true,2024-08-11T18:04:45Z,2024-11-08T08:37:38Z
P-01648,NR-SEN-01648,Sealed LIDAR Unit KA-776,Sensors,LIDAR Unit,169217,635,W-08,true,2021-05-04T22:39:05Z,2021-12-04T14:55:43Z
P-01649,NR-ACT-01649,Industrial Rotary Actuator LN-813,Actuators,Rotary Actuator,325245,9550,W-04,true,2021-02-05T04:58:19Z,2021-06-14T20:39:36Z
P-01650,NR-CBL-01650,Precision Servo Cable MA-850,Cabling and Connectors,Servo Cable,9646,1067,W-07,true,2021-08-18T14:38:34Z,2022-07-14T21:25:10Z
P-01651,NR-CTL-01651,Modular Edge Compute Node NN-887,Controllers,Edge Compute Node,720746,3333,W-05,true,2022-08-04T11:23:00Z,2022-10-12T22:29:03Z
P-01652,NR-DRV-01652,High-Torque Timing Belt OA-924,Drivetrain,Timing Belt,90735,3624,W-05,true,2022-12-23T20:30:19Z,2023-01-02T02:07:38Z
P-01653,NR-EFF-01653,Heavy-Duty Welding Torch PN-961,End Effectors,Welding Torch,276468,1700,W-03,true,2022-09-05T22:24:19Z,2022-09-21T10:46:11Z
P-01654,NR-FRM-01654,Rapid-Cycle Gantry Beam QA-998,Frames and Structure,Gantry Beam,40758,22679,W-06,true,2021-05-04T23:54:49Z,2021-05-13T02:26:25Z
P-01655,NR-PWR-01655,Low-Backlash Motor Driver RN-135,Power Systems,Motor Driver,128548,17886,W-08,true,2023-01-07T19:34:47Z,2023-09-03T13:26:31Z
P-01656,NR-SEN-01656,Compact Force-Torque Sensor SA-172,Sensors,Force-Torque Sensor,251228,3065,W-06,true,2024-01-29T22:17:38Z,2024-12-26T06:32:36Z
P-01657,NR-ACT-01657,Quiet-Drive Stepper Motor TN-209,Actuators,Stepper Motor,269119,11694,W-01,true,2024-05-24T00:43:27Z,2024-08-10T12:41:59Z
P-01658,NR-CBL-01658,Sealed EtherCAT Cable UA-246,Cabling and Connectors,EtherCAT Cable,11246,755,W-07,true,2021-04-05T18:06:56Z,2021-07-20T02:25:24Z
P-01659,NR-CTL-01659,Industrial IO Expansion Board VN-283,Controllers,IO Expansion Board,356822,7930,W-05,true,2024-11-08T01:48:33Z,2025-08-01T16:28:19Z
P-01660,NR-DRV-01660,Precision Ball Screw WA-320,Drivetrain,Ball Screw,317623,4826,W-04,true,2024-03-22T18:36:58Z,2025-01-29T01:30:05Z
P-01661,NR-EFF-01661,Modular Tool Changer XN-357,End Effectors,Tool Changer,339158,8530,W-03,true,2023-03-03T17:23:24Z,2024-01-09T03:30:48Z
P-01662,NR-FRM-01662,High-Torque Mounting Bracket YA-394,Frames and Structure,Mounting Bracket,28859,26008,W-06,true,2021-04-04T18:08:48Z,2021-04-10T06:46:07Z
P-01663,NR-PWR-01663,Heavy-Duty DC-DC Converter ZN-431,Power Systems,DC-DC Converter,73741,5113,W-04,true,2023-09-11T03:04:14Z,2024-04-24T20:27:29Z
P-01664,NR-SEN-01664,Rapid-Cycle Proximity Sensor AA-468,Sensors,Proximity Sensor,101750,1962,W-06,true,2024-06-28T11:09:08Z,2025-04-16T04:21:03Z
P-01665,NR-ACT-01665,Low-Backlash Servo Motor BN-505,Actuators,Servo Motor,240859,17428,W-06,true,2024-05-11T23:53:16Z,2024-08-09T20:30:31Z
P-01666,NR-CBL-01666,Compact Cable Chain CA-542,Cabling and Connectors,Cable Chain,10097,2495,W-05,false,2023-08-11T22:51:43Z,2023-09-14T00:44:50Z
P-01667,NR-CTL-01667,Quiet-Drive Motion Controller DN-579,Controllers,Motion Controller,238797,1143,W-05,true,2021-10-10T06:40:06Z,2022-09-30T04:34:04Z
P-01668,NR-DRV-01668,Sealed Harmonic Reducer EA-616,Drivetrain,Harmonic Reducer,227718,7935,W-03,false,2023-10-07T23:36:24Z,2024-07-27T17:57:28Z
P-01669,NR-EFF-01669,Industrial Parallel Gripper FN-653,End Effectors,Parallel Gripper,160230,7532,W-03,true,2023-03-21T17:14:10Z,2023-05-24T13:40:55Z
P-01670,NR-FRM-01670,Precision Aluminum Extrusion GA-690,Frames and Structure,Aluminum Extrusion,30244,38179,W-04,true,2023-11-27T22:30:24Z,2024-10-13T02:37:59Z
P-01671,NR-PWR-01671,Modular Battery Pack HN-727,Power Systems,Battery Pack,242377,13455,W-05,false,2022-05-18T06:36:32Z,2022-10-24T07:11:47Z
P-01672,NR-SEN-01672,High-Torque Rotary Encoder IA-764,Sensors,Rotary Encoder,78814,3280,W-05,true,2022-02-17T14:19:20Z,2022-03-22T21:10:22Z
P-01673,NR-ACT-01673,Heavy-Duty Linear Actuator JN-801,Actuators,Linear Actuator,450000,9054,W-04,true,2023-05-21T06:23:07Z,2023-05-22T05:10:22Z
P-01674,NR-CBL-01674,Rapid-Cycle M12 Connector KA-838,Cabling and Connectors,M12 Connector,14435,4000,W-07,true,2023-01-26T22:00:05Z,2023-12-18T21:44:49Z
P-01675,NR-CTL-01675,Low-Backlash PLC Module LN-875,Controllers,PLC Module,492768,5778,W-03,true,2022-02-07T14:17:56Z,2022-09-05T18:25:42Z
P-01676,NR-DRV-01676,Compact Planetary Gearbox MA-912,Drivetrain,Planetary Gearbox,77000,8872,W-08,true,2024-05-18T19:40:18Z,2024-10-30T00:43:32Z
P-01677,NR-EFF-01677,Quiet-Drive Vacuum Gripper NN-949,End Effectors,Vacuum Gripper,398561,4348,W-08,true,2022-09-17T16:33:55Z,2023-04-07T17:41:51Z
P-01678,NR-FRM-01678,Sealed Base Plate OA-986,Frames and Structure,Base Plate,27927,2457,W-03,true,2021-09-26T22:52:26Z,2022-10-24T16:59:26Z
P-01679,NR-PWR-01679,Industrial Power Supply Unit PN-123,Power Systems,Power Supply Unit,9622,7096,W-05,true,2024-09-15T07:31:32Z,2025-05-21T18:54:48Z
P-01680,NR-SEN-01680,Precision Thermal Camera Module QA-160,Sensors,Thermal Camera Module,155874,955,W-04,true,2024-04-06T08:49:17Z,2024-12-17T15:19:30Z
P-01681,NR-ACT-01681,Modular Rotary Actuator RN-197,Actuators,Rotary Actuator,15000,8526,W-06,true,2021-07-11T12:25:50Z,2022-06-28T18:31:15Z
P-01682,NR-CBL-01682,High-Torque Servo Cable SA-234,Cabling and Connectors,Servo Cable,7407,2661,W-05,true,2023-05-20T20:28:24Z,2023-08-21T22:02:43Z
P-01683,NR-CTL-01683,Heavy-Duty Edge Compute Node TN-271,Controllers,Edge Compute Node,551470,1096,W-06,true,2024-04-04T10:07:12Z,2024-05-01T16:42:25Z
P-01684,NR-DRV-01684,Rapid-Cycle Timing Belt UA-308,Drivetrain,Timing Belt,238568,15000,W-06,true,2021-11-16T07:19:34Z,2022-11-16T06:46:18Z
P-01685,NR-EFF-01685,Low-Backlash Welding Torch VN-345,End Effectors,Welding Torch,64593,7792,W-03,true,2021-11-30T03:14:25Z,2022-10-10T11:27:02Z
P-01686,NR-FRM-01686,Compact Gantry Beam WA-382,Frames and Structure,Gantry Beam,36312,46750,W-03,true,2021-05-27T11:30:04Z,2021-11-24T02:30:47Z
P-01687,NR-PWR-01687,Quiet-Drive Motor Driver XN-419,Power Systems,Motor Driver,110549,3160,W-07,true,2022-06-27T07:38:17Z,2022-11-24T05:26:40Z
P-01688,NR-SEN-01688,Sealed LIDAR Unit YA-456,Sensors,LIDAR Unit,50415,1664,W-07,false,2021-10-17T09:23:01Z,2022-01-24T14:11:16Z
P-01689,NR-ACT-01689,Industrial Stepper Motor ZN-493,Actuators,Stepper Motor,152580,14242,W-06,false,2024-12-06T02:52:03Z,2025-06-27T14:16:08Z
P-01690,NR-CBL-01690,Precision EtherCAT Cable AA-530,Cabling and Connectors,EtherCAT Cable,14138,2804,W-02,true,2023-08-08T11:40:34Z,2023-09-04T13:19:51Z
P-01691,NR-CTL-01691,Modular IO Expansion Board BN-567,Controllers,IO Expansion Board,429323,2636,W-01,true,2022-02-22T03:33:33Z,2022-09-27T05:47:18Z
P-01692,NR-DRV-01692,High-Torque Ball Screw CA-604,Drivetrain,Ball Screw,204847,8064,W-04,true,2024-07-27T03:10:42Z,2025-02-23T11:42:08Z
P-01693,NR-EFF-01693,Heavy-Duty Tool Changer DN-641,End Effectors,Tool Changer,324066,7283,W-04,true,2024-04-27T21:42:15Z,2024-10-31T11:19:11Z
P-01694,NR-FRM-01694,Rapid-Cycle Mounting Bracket EA-678,Frames and Structure,Mounting Bracket,56029,12231,W-03,true,2024-01-16T01:44:02Z,2024-09-12T12:28:10Z
P-01695,NR-PWR-01695,Low-Backlash DC-DC Converter FN-715,Power Systems,DC-DC Converter,198170,12771,W-08,true,2022-03-07T09:05:32Z,2023-03-04T00:48:19Z
P-01696,NR-SEN-01696,Compact Force-Torque Sensor GA-752,Sensors,Force-Torque Sensor,270317,2010,W-08,true,2022-08-29T11:50:59Z,2023-03-16T03:32:56Z
P-01697,NR-ACT-01697,Quiet-Drive Servo Motor HN-789,Actuators,Servo Motor,326863,5922,W-07,true,2022-08-03T17:41:32Z,2022-10-03T10:06:54Z
P-01698,NR-CBL-01698,Sealed Cable Chain IA-826,Cabling and Connectors,Cable Chain,14700,1906,W-01,true,2021-01-22T17:32:22Z,2021-08-16T13:46:19Z
P-01699,NR-CTL-01699,Industrial Motion Controller JN-863,Controllers,Motion Controller,629051,1741,W-05,true,2021-06-04T20:17:39Z,2021-08-27T15:21:57Z
P-01700,NR-DRV-01700,Precision Harmonic Reducer KA-900,Drivetrain,Harmonic Reducer,60720,6462,W-05,true,2022-08-18T07:18:52Z,2023-07-19T13:18:57Z
P-01701,NR-EFF-01701,Modular Parallel Gripper LN-937,End Effectors,Parallel Gripper,352491,7770,W-08,true,2021-08-20T22:39:13Z,2022-06-27T03:11:40Z
P-01702,NR-FRM-01702,High-Torque Aluminum Extrusion MA-974,Frames and Structure,Aluminum Extrusion,14099,37110,W-03,true,2021-08-24T06:19:55Z,2021-09-20T13:32:11Z
P-01703,NR-PWR-01703,Heavy-Duty Battery Pack NN-111,Power Systems,Battery Pack,181748,9898,W-01,true,2024-05-31T18:38:10Z,2025-04-18T10:06:17Z
P-01704,NR-SEN-01704,Rapid-Cycle Proximity Sensor OA-148,Sensors,Proximity Sensor,149033,1436,W-06,true,2023-04-25T14:39:21Z,2023-05-19T19:50:32Z
P-01705,NR-ACT-01705,Low-Backlash Linear Actuator PN-185,Actuators,Linear Actuator,353866,11578,W-01,true,2021-05-29T18:55:32Z,2022-06-18T05:08:31Z
P-01706,NR-CBL-01706,Compact M12 Connector QA-222,Cabling and Connectors,M12 Connector,7787,2902,W-07,true,2022-12-18T18:02:51Z,2023-06-04T16:04:54Z
P-01707,NR-CTL-01707,Quiet-Drive PLC Module RN-259,Controllers,PLC Module,391586,4025,W-02,true,2021-09-24T16:08:30Z,2022-01-27T03:22:31Z
P-01708,NR-DRV-01708,Sealed Planetary Gearbox SA-296,Drivetrain,Planetary Gearbox,226374,8945,W-03,true,2024-02-29T14:09:35Z,2025-03-31T04:29:59Z
P-01709,NR-EFF-01709,Industrial Vacuum Gripper TN-333,End Effectors,Vacuum Gripper,207154,6276,W-06,true,2021-10-16T09:04:53Z,2022-01-17T13:07:01Z
P-01710,NR-FRM-01710,Precision Base Plate UA-370,Frames and Structure,Base Plate,76880,34576,W-08,true,2024-01-08T20:40:34Z,2024-08-12T19:43:21Z
P-01711,NR-PWR-01711,Modular Power Supply Unit VN-407,Power Systems,Power Supply Unit,123053,1216,W-05,true,2021-09-17T17:03:59Z,2021-11-09T20:11:04Z
P-01712,NR-SEN-01712,High-Torque Rotary Encoder WA-444,Sensors,Rotary Encoder,145909,1778,W-05,true,2022-09-25T08:22:59Z,2022-11-06T03:10:04Z
P-01713,NR-ACT-01713,Heavy-Duty Rotary Actuator XN-481,Actuators,Rotary Actuator,292966,10882,W-07,true,2022-04-01T08:53:35Z,2022-07-12T16:47:27Z
P-01714,NR-CBL-01714,Rapid-Cycle Servo Cable YA-518,Cabling and Connectors,Servo Cable,8480,2514,W-05,true,2022-06-16T18:39:36Z,2022-11-04T10:18:18Z
P-01715,NR-CTL-01715,Low-Backlash Edge Compute Node ZN-555,Controllers,Edge Compute Node,526605,7474,W-03,true,2024-02-13T00:07:43Z,2024-02-26T05:21:38Z
P-01716,NR-DRV-01716,Compact Timing Belt AA-592,Drivetrain,Timing Belt,114457,5960,W-04,true,2023-01-08T01:09:49Z,2023-05-28T02:05:49Z
P-01717,NR-EFF-01717,Quiet-Drive Welding Torch BN-629,End Effectors,Welding Torch,236381,6520,W-02,true,2023-08-30T16:42:00Z,2024-05-30T23:22:32Z
P-01718,NR-FRM-01718,Sealed Gantry Beam CA-666,Frames and Structure,Gantry Beam,35410,39967,W-05,true,2021-05-03T13:42:35Z,2022-04-30T05:28:16Z
P-01719,NR-PWR-01719,Industrial Motor Driver DN-703,Power Systems,Motor Driver,86156,6839,W-06,false,2023-11-18T21:07:59Z,2024-03-01T21:53:27Z
P-01720,NR-SEN-01720,Precision Thermal Camera Module EA-740,Sensors,Thermal Camera Module,145438,2555,W-06,true,2022-06-29T21:06:56Z,2022-09-24T19:57:15Z
P-01721,NR-ACT-01721,Modular Stepper Motor FN-777,Actuators,Stepper Motor,189860,13132,W-05,true,2021-06-21T13:30:20Z,2022-02-24T20:34:12Z
P-01722,NR-CBL-01722,High-Torque EtherCAT Cable GA-814,Cabling and Connectors,EtherCAT Cable,12030,1660,W-08,true,2022-10-30T18:36:18Z,2023-09-10T00:57:33Z
P-01723,NR-CTL-01723,Heavy-Duty IO Expansion Board HN-851,Controllers,IO Expansion Board,803120,4508,W-08,true,2023-05-14T17:16:45Z,2024-04-11T03:01:46Z
P-01724,NR-DRV-01724,Rapid-Cycle Ball Screw IA-888,Drivetrain,Ball Screw,226082,100,W-03,true,2022-12-22T04:35:42Z,2023-10-12T20:32:56Z
P-01725,NR-EFF-01725,Low-Backlash Tool Changer JN-925,End Effectors,Tool Changer,500000,6039,W-04,true,2022-02-07T01:25:51Z,2022-02-25T10:01:49Z
P-01726,NR-FRM-01726,Compact Mounting Bracket KA-962,Frames and Structure,Mounting Bracket,26911,29494,W-04,false,2021-06-20T03:46:40Z,2021-07-15T10:09:44Z
P-01727,NR-PWR-01727,Quiet-Drive DC-DC Converter LN-999,Power Systems,DC-DC Converter,42473,9461,W-08,true,2022-04-13T05:43:29Z,2022-05-17T02:42:47Z
P-01728,NR-SEN-01728,Sealed LIDAR Unit MA-136,Sensors,LIDAR Unit,244294,2114,W-04,true,2024-02-09T13:52:42Z,2024-05-18T21:18:56Z
P-01729,NR-ACT-01729,Industrial Servo Motor NN-173,Actuators,Servo Motor,328182,3003,W-07,true,2022-02-22T21:37:31Z,2023-03-25T22:07:57Z
P-01730,NR-CBL-01730,Precision Cable Chain OA-210,Cabling and Connectors,Cable Chain,3947,2424,W-07,true,2021-07-02T04:04:52Z,2021-12-23T03:46:14Z
P-01731,NR-CTL-01731,Modular Motion Controller PN-247,Controllers,Motion Controller,223041,3454,W-07,true,2021-10-19T06:11:44Z,2022-02-11T05:45:11Z
P-01732,NR-DRV-01732,High-Torque Harmonic Reducer QA-284,Drivetrain,Harmonic Reducer,175333,7042,W-06,false,2021-11-06T14:30:42Z,2022-11-23T11:52:01Z
P-01733,NR-EFF-01733,Heavy-Duty Parallel Gripper RN-321,End Effectors,Parallel Gripper,176392,1580,W-08,true,2022-05-26T20:32:46Z,2022-05-28T00:19:24Z
P-01734,NR-FRM-01734,Rapid-Cycle Aluminum Extrusion SA-358,Frames and Structure,Aluminum Extrusion,64870,12857,W-03,true,2021-01-29T05:33:53Z,2021-11-17T23:33:09Z
P-01735,NR-PWR-01735,Low-Backlash Battery Pack TN-395,Power Systems,Battery Pack,127926,12795,W-04,true,2023-07-12T08:22:10Z,2023-10-06T17:50:41Z
P-01736,NR-SEN-01736,Compact Force-Torque Sensor UA-432,Sensors,Force-Torque Sensor,149438,1716,W-02,true,2021-07-05T00:46:41Z,2022-05-16T12:46:44Z
P-01737,NR-ACT-01737,Quiet-Drive Linear Actuator VN-469,Actuators,Linear Actuator,239535,10084,W-05,true,2024-03-15T16:42:10Z,2024-07-11T23:11:10Z
P-01738,NR-CBL-01738,Sealed M12 Connector WA-506,Cabling and Connectors,M12 Connector,8510,1512,W-06,true,2022-12-11T12:44:14Z,2023-12-03T16:36:38Z
P-01739,NR-CTL-01739,Industrial PLC Module XN-543,Controllers,PLC Module,443474,1639,W-08,true,2024-05-20T05:35:26Z,2025-02-05T20:42:48Z
P-01740,NR-DRV-01740,Precision Planetary Gearbox YA-580,Drivetrain,Planetary Gearbox,97881,15000,W-06,true,2024-09-08T05:13:07Z,2025-08-04T12:35:28Z
P-01741,NR-EFF-01741,Modular Vacuum Gripper ZN-617,End Effectors,Vacuum Gripper,161105,6361,W-03,true,2021-02-05T19:39:07Z,2021-09-09T05:27:29Z
P-01742,NR-FRM-01742,High-Torque Base Plate AA-654,Frames and Structure,Base Plate,35078,19937,W-04,true,2024-01-29T03:51:37Z,2024-08-05T22:17:15Z
P-01743,NR-PWR-01743,Heavy-Duty Power Supply Unit BN-691,Power Systems,Power Supply Unit,151818,8563,W-07,true,2021-05-13T07:06:19Z,2022-01-15T13:24:26Z
P-01744,NR-SEN-01744,Rapid-Cycle Proximity Sensor CA-728,Sensors,Proximity Sensor,237074,2411,W-06,true,2022-05-28T05:04:46Z,2023-06-21T13:01:43Z
P-01745,NR-ACT-01745,Low-Backlash Rotary Actuator DN-765,Actuators,Rotary Actuator,321925,16673,W-08,true,2021-01-29T05:28:05Z,2021-06-25T02:46:54Z
P-01746,NR-CBL-01746,Compact Servo Cable EA-802,Cabling and Connectors,Servo Cable,3285,645,W-07,true,2021-11-13T01:17:18Z,2022-07-22T16:00:13Z
P-01747,NR-CTL-01747,Quiet-Drive Edge Compute Node FN-839,Controllers,Edge Compute Node,476498,2901,W-08,true,2022-05-15T16:02:32Z,2023-03-02T23:42:04Z
P-01748,NR-DRV-01748,Sealed Timing Belt GA-876,Drivetrain,Timing Belt,288226,5778,W-01,true,2024-10-15T10:53:05Z,2025-05-15T18:16:43Z
P-01749,NR-EFF-01749,Industrial Welding Torch HN-913,End Effectors,Welding Torch,340064,3688,W-02,true,2021-05-29T08:08:42Z,2021-07-13T19:47:09Z
P-01750,NR-FRM-01750,Precision Gantry Beam IA-950,Frames and Structure,Gantry Beam,26399,26589,W-03,true,2024-01-03T06:15:45Z,2024-03-14T09:51:01Z
P-01751,NR-PWR-01751,Modular Motor Driver JN-987,Power Systems,Motor Driver,114279,6729,W-08,true,2023-03-09T10:39:44Z,2024-02-19T10:28:07Z
P-01752,NR-SEN-01752,High-Torque Rotary Encoder KA-124,Sensors,Rotary Encoder,51583,917,W-01,true,2024-10-15T15:03:57Z,2025-08-15T09:21:48Z
P-01753,NR-ACT-01753,Heavy-Duty Stepper Motor LN-161,Actuators,Stepper Motor,317309,16338,W-05,true,2023-12-07T01:20:18Z,2024-08-15T07:20:04Z
P-01754,NR-CBL-01754,Rapid-Cycle EtherCAT Cable MA-198,Cabling and Connectors,EtherCAT Cable,11060,1374,W-04,true,2021-10-27T06:38:20Z,2022-09-11T23:09:17Z
P-01755,NR-CTL-01755,Low-Backlash IO Expansion Board NN-235,Controllers,IO Expansion Board,259774,9000,W-05,true,2022-12-07T22:31:12Z,2022-12-21T10:49:14Z
P-01756,NR-DRV-01756,Compact Ball Screw OA-272,Drivetrain,Ball Screw,214683,7634,W-06,false,2023-05-20T22:49:24Z,2023-09-06T07:05:27Z
P-01757,NR-EFF-01757,Quiet-Drive Tool Changer PN-309,End Effectors,Tool Changer,150702,5226,W-01,true,2024-12-28T13:10:14Z,2025-02-20T11:41:14Z
P-01758,NR-FRM-01758,Sealed Mounting Bracket QA-346,Frames and Structure,Mounting Bracket,17290,11387,W-08,true,2021-01-28T19:19:12Z,2021-09-08T14:51:55Z
P-01759,NR-PWR-01759,Industrial DC-DC Converter RN-383,Power Systems,DC-DC Converter,62075,997,W-07,true,2021-04-05T11:59:27Z,2022-04-01T09:39:44Z
P-01760,NR-SEN-01760,Precision Thermal Camera Module SA-420,Sensors,Thermal Camera Module,112777,1398,W-05,true,2021-02-06T13:19:22Z,2021-03-20T07:53:38Z
P-01761,NR-ACT-01761,Modular Servo Motor TN-457,Actuators,Servo Motor,352591,14739,W-06,true,2021-02-16T00:29:22Z,2021-04-26T17:11:52Z
P-01762,NR-CBL-01762,High-Torque Cable Chain UA-494,Cabling and Connectors,Cable Chain,6638,377,W-01,true,2024-11-05T10:31:39Z,2025-02-12T04:49:03Z
P-01763,NR-CTL-01763,Heavy-Duty Motion Controller VN-531,Controllers,Motion Controller,25000,1916,W-08,true,2021-05-20T03:27:36Z,2021-08-25T07:22:15Z
P-01764,NR-DRV-01764,Rapid-Cycle Harmonic Reducer WA-568,Drivetrain,Harmonic Reducer,350000,9030,W-02,true,2024-02-17T10:45:47Z,2025-01-15T23:02:47Z
P-01765,NR-EFF-01765,Low-Backlash Parallel Gripper XN-605,End Effectors,Parallel Gripper,155241,7114,W-04,true,2024-02-01T21:05:58Z,2024-03-08T14:40:00Z
P-01766,NR-FRM-01766,Compact Aluminum Extrusion YA-642,Frames and Structure,Aluminum Extrusion,57367,27920,W-05,true,2022-11-15T05:09:22Z,2023-10-06T15:10:20Z
P-01767,NR-PWR-01767,Quiet-Drive Battery Pack ZN-679,Power Systems,Battery Pack,246891,8421,W-02,true,2021-02-09T01:46:47Z,2021-05-03T05:43:35Z
P-01768,NR-SEN-01768,Sealed LIDAR Unit AA-716,Sensors,LIDAR Unit,106698,1220,W-01,true,2024-01-23T04:55:03Z,2024-06-30T09:36:29Z
P-01769,NR-ACT-01769,Industrial Linear Actuator BN-753,Actuators,Linear Actuator,323647,10159,W-06,true,2022-06-28T06:35:36Z,2023-05-21T22:33:16Z
P-01770,NR-CBL-01770,Precision M12 Connector CA-790,Cabling and Connectors,M12 Connector,15000,3878,W-01,true,2022-05-09T18:19:07Z,2022-07-27T15:28:27Z
P-01771,NR-CTL-01771,Modular PLC Module DN-827,Controllers,PLC Module,462109,3520,W-01,true,2021-10-12T16:54:29Z,2022-08-14T22:05:40Z
P-01772,NR-DRV-01772,High-Torque Planetary Gearbox EA-864,Drivetrain,Planetary Gearbox,170825,7644,W-03,true,2023-12-29T23:49:29Z,2024-10-25T21:59:04Z
P-01773,NR-EFF-01773,Heavy-Duty Vacuum Gripper FN-901,End Effectors,Vacuum Gripper,500000,3345,W-06,false,2024-08-22T15:13:26Z,2024-12-01T15:00:35Z
P-01774,NR-FRM-01774,Rapid-Cycle Base Plate GA-938,Frames and Structure,Base Plate,39730,36108,W-02,true,2022-09-28T00:02:29Z,2023-09-06T07:28:41Z
P-01775,NR-PWR-01775,Low-Backlash Power Supply Unit HN-975,Power Systems,Power Supply Unit,9632,8526,W-02,true,2024-07-13T03:46:16Z,2024-09-13T16:45:54Z
P-01776,NR-SEN-01776,Compact Force-Torque Sensor IA-112,Sensors,Force-Torque Sensor,103828,789,W-04,true,2021-02-26T16:47:50Z,2022-01-13T07:35:30Z
P-01777,NR-ACT-01777,Quiet-Drive Rotary Actuator JN-149,Actuators,Rotary Actuator,284065,10793,W-08,true,2023-01-21T21:26:15Z,2023-09-12T22:46:10Z
P-01778,NR-CBL-01778,Sealed Servo Cable KA-186,Cabling and Connectors,Servo Cable,9527,1919,W-04,true,2024-06-14T22:11:02Z,2024-11-24T15:04:44Z
P-01779,NR-CTL-01779,Industrial Edge Compute Node LN-223,Controllers,Edge Compute Node,396138,6392,W-08,true,2024-03-17T03:25:48Z,2025-01-05T01:23:10Z
P-01780,NR-DRV-01780,Precision Timing Belt MA-260,Drivetrain,Timing Belt,6000,4881,W-07,true,2024-05-13T04:49:09Z,2025-04-14T09:14:11Z
P-01781,NR-EFF-01781,Modular Welding Torch NN-297,End Effectors,Welding Torch,347472,2715,W-05,true,2022-02-03T21:22:27Z,2022-06-17T12:56:44Z
P-01782,NR-FRM-01782,High-Torque Gantry Beam OA-334,Frames and Structure,Gantry Beam,60584,31870,W-07,true,2023-09-26T13:59:43Z,2023-12-03T21:20:31Z
P-01783,NR-PWR-01783,Heavy-Duty Motor Driver PN-371,Power Systems,Motor Driver,130411,7056,W-05,true,2023-04-30T06:31:37Z,2023-07-01T15:34:25Z
P-01784,NR-SEN-01784,Rapid-Cycle Proximity Sensor QA-408,Sensors,Proximity Sensor,74082,1573,W-01,true,2022-10-29T11:33:55Z,2023-04-28T20:21:10Z
P-01785,NR-ACT-01785,Low-Backlash Stepper Motor RN-445,Actuators,Stepper Motor,198076,15791,W-08,true,2024-09-04T04:15:27Z,2025-09-29T15:04:55Z
P-01786,NR-CBL-01786,Compact EtherCAT Cable SA-482,Cabling and Connectors,EtherCAT Cable,9692,503,W-03,true,2022-10-15T02:21:46Z,2022-11-02T02:49:31Z
P-01787,NR-CTL-01787,Quiet-Drive IO Expansion Board TN-519,Controllers,IO Expansion Board,685252,4553,W-02,true,2021-06-02T18:21:55Z,2021-08-20T00:36:09Z
P-01788,NR-DRV-01788,Sealed Ball Screw UA-556,Drivetrain,Ball Screw,232416,7445,W-07,true,2022-07-31T10:29:27Z,2023-03-29T23:59:23Z
P-01789,NR-EFF-01789,Industrial Tool Changer VN-593,End Effectors,Tool Changer,322774,10725,W-01,true,2021-10-17T16:46:50Z,2022-04-27T15:42:09Z
P-01790,NR-FRM-01790,Precision Mounting Bracket WA-630,Frames and Structure,Mounting Bracket,47391,24590,W-01,true,2023-08-08T14:56:40Z,2024-07-02T20:42:50Z
P-01791,NR-PWR-01791,Modular DC-DC Converter XN-667,Power Systems,DC-DC Converter,250000,9383,W-05,true,2024-01-14T10:19:31Z,2025-02-09T20:36:51Z
P-01792,NR-SEN-01792,High-Torque Rotary Encoder YA-704,Sensors,Rotary Encoder,8000,3461,W-04,true,2023-12-22T15:39:49Z,2024-05-27T06:35:17Z
P-01793,NR-ACT-01793,Heavy-Duty Servo Motor ZN-741,Actuators,Servo Motor,325977,14802,W-04,true,2024-06-08T13:03:10Z,2025-01-08T22:29:05Z
P-01794,NR-CBL-01794,Rapid-Cycle Cable Chain AA-778,Cabling and Connectors,Cable Chain,8236,2037,W-03,true,2023-01-08T15:27:45Z,2023-04-09T08:19:59Z
P-01795,NR-CTL-01795,Low-Backlash Motion Controller BN-815,Controllers,Motion Controller,483774,8266,W-01,true,2023-07-06T01:23:09Z,2024-07-02T12:05:18Z
P-01796,NR-DRV-01796,Compact Harmonic Reducer CA-852,Drivetrain,Harmonic Reducer,186191,2824,W-05,true,2021-06-13T01:16:39Z,2022-04-10T09:15:34Z
P-01797,NR-EFF-01797,Quiet-Drive Parallel Gripper DN-889,End Effectors,Parallel Gripper,308174,4928,W-05,true,2023-08-17T05:25:30Z,2023-09-25T18:48:06Z
P-01798,NR-FRM-01798,Sealed Aluminum Extrusion EA-926,Frames and Structure,Aluminum Extrusion,38338,18929,W-07,true,2023-09-16T04:44:24Z,2024-09-12T15:54:01Z
P-01799,NR-PWR-01799,Industrial Battery Pack FN-963,Power Systems,Battery Pack,151238,5521,W-03,true,2023-09-04T15:07:29Z,2023-12-07T05:02:27Z
P-01800,NR-SEN-01800,Precision Thermal Camera Module GA-100,Sensors,Thermal Camera Module,300000,2781,W-06,true,2023-04-04T11:54:04Z,2023-08-11T03:48:44Z
P-01801,NR-ACT-01801,Modular Linear Actuator HN-137,Actuators,Linear Actuator,226172,10088,W-06,true,2023-11-17T02:56:48Z,2024-10-26T17:00:23Z
P-01802,NR-CBL-01802,High-Torque M12 Connector IA-174,Cabling and Connectors,M12 Connector,7346,1993,W-01,true,2023-07-20T02:48:19Z,2023-09-01T19:09:33Z
P-01803,NR-CTL-01803,Heavy-Duty PLC Module JN-211,Controllers,PLC Module,408981,2265,W-08,true,2021-02-12T16:54:55Z,2022-03-17T09:01:14Z
P-01804,NR-DRV-01804,Rapid-Cycle Planetary Gearbox KA-248,Drivetrain,Planetary Gearbox,269115,10859,W-07,true,2021-11-12T01:01:45Z,2022-09-06T10:59:08Z
P-01805,NR-EFF-01805,Low-Backlash Vacuum Gripper LN-285,End Effectors,Vacuum Gripper,253825,9514,W-01,true,2023-01-24T16:14:58Z,2023-10-14T20:50:02Z
P-01806,NR-FRM-01806,Compact Base Plate MA-322,Frames and Structure,Base Plate,43923,26611,W-01,true,2021-06-14T17:32:47Z,2021-06-20T03:33:11Z
P-01807,NR-PWR-01807,Quiet-Drive Power Supply Unit NN-359,Power Systems,Power Supply Unit,148349,12430,W-06,true,2024-01-18T18:16:18Z,2024-10-29T07:16:37Z
P-01808,NR-SEN-01808,Sealed LIDAR Unit OA-396,Sensors,LIDAR Unit,171513,812,W-01,true,2023-10-09T19:24:40Z,2024-04-26T08:14:48Z
P-01809,NR-ACT-01809,Industrial Rotary Actuator PN-433,Actuators,Rotary Actuator,188424,7270,W-06,true,2022-09-07T00:24:42Z,2023-01-29T15:51:32Z
P-01810,NR-CBL-01810,Precision Servo Cable QA-470,Cabling and Connectors,Servo Cable,11239,3589,W-05,true,2024-05-11T04:48:11Z,2025-03-05T19:30:12Z
P-01811,NR-CTL-01811,Modular Edge Compute Node RN-507,Controllers,Edge Compute Node,165432,2433,W-07,true,2022-02-08T05:54:12Z,2022-12-14T16:49:07Z
P-01812,NR-DRV-01812,High-Torque Timing Belt SA-544,Drivetrain,Timing Belt,169346,6903,W-04,true,2022-07-08T19:33:21Z,2022-08-29T07:21:03Z
P-01813,NR-EFF-01813,Heavy-Duty Welding Torch TN-581,End Effectors,Welding Torch,82023,7825,W-03,true,2024-11-21T10:57:19Z,2025-08-31T17:01:46Z
P-01814,NR-FRM-01814,Rapid-Cycle Gantry Beam UA-618,Frames and Structure,Gantry Beam,25892,500,W-05,true,2021-03-27T07:31:04Z,2021-06-24T23:28:36Z
P-01815,NR-PWR-01815,Low-Backlash Motor Driver VN-655,Power Systems,Motor Driver,196249,1088,W-08,true,2021-01-07T20:29:04Z,2022-01-15T22:43:18Z
P-01816,NR-SEN-01816,Compact Force-Torque Sensor WA-692,Sensors,Force-Torque Sensor,199958,1495,W-06,true,2024-06-17T12:38:10Z,2025-01-03T22:37:12Z
P-01817,NR-ACT-01817,Quiet-Drive Stepper Motor XN-729,Actuators,Stepper Motor,282095,9234,W-07,true,2023-12-16T09:26:37Z,2024-03-12T18:42:42Z
P-01818,NR-CBL-01818,Sealed EtherCAT Cable YA-766,Cabling and Connectors,EtherCAT Cable,2281,636,W-01,true,2024-08-21T15:07:45Z,2025-04-06T01:58:04Z
P-01819,NR-CTL-01819,Industrial IO Expansion Board ZN-803,Controllers,IO Expansion Board,308176,4617,W-02,true,2021-06-16T10:21:14Z,2022-05-12T14:32:18Z
P-01820,NR-DRV-01820,Precision Ball Screw AA-840,Drivetrain,Ball Screw,51700,3539,W-05,true,2021-12-22T04:03:43Z,2022-01-27T13:25:21Z
P-01821,NR-EFF-01821,Modular Tool Changer BN-877,End Effectors,Tool Changer,325580,8344,W-01,true,2024-01-24T00:10:48Z,2024-11-02T07:12:37Z
P-01822,NR-FRM-01822,High-Torque Mounting Bracket CA-914,Frames and Structure,Mounting Bracket,43644,6790,W-01,true,2022-09-21T00:38:46Z,2023-03-30T09:02:43Z
P-01823,NR-PWR-01823,Heavy-Duty DC-DC Converter DN-951,Power Systems,DC-DC Converter,142104,17987,W-03,true,2023-05-05T07:38:42Z,2023-07-14T18:41:57Z
P-01824,NR-SEN-01824,Rapid-Cycle Proximity Sensor EA-988,Sensors,Proximity Sensor,207964,2189,W-02,true,2022-03-05T23:08:38Z,2023-03-28T07:00:22Z
P-01825,NR-ACT-01825,Low-Backlash Servo Motor FN-125,Actuators,Servo Motor,69084,15620,W-06,true,2024-06-28T05:37:01Z,2025-05-23T22:36:53Z
P-01826,NR-CBL-01826,Compact Cable Chain GA-162,Cabling and Connectors,Cable Chain,8805,1603,W-06,true,2022-06-08T10:46:50Z,2023-02-12T17:45:08Z
P-01827,NR-CTL-01827,Quiet-Drive Motion Controller HN-199,Controllers,Motion Controller,445620,300,W-03,true,2024-04-11T19:39:11Z,2024-06-10T03:06:25Z
P-01828,NR-DRV-01828,Sealed Harmonic Reducer IA-236,Drivetrain,Harmonic Reducer,333790,3015,W-02,true,2021-07-28T03:22:31Z,2022-01-26T01:22:12Z
P-01829,NR-EFF-01829,Industrial Parallel Gripper JN-273,End Effectors,Parallel Gripper,80571,3312,W-07,true,2022-06-15T07:03:10Z,2023-03-23T16:27:08Z
P-01830,NR-FRM-01830,Precision Aluminum Extrusion KA-310,Frames and Structure,Aluminum Extrusion,39857,44679,W-03,true,2024-06-15T13:12:52Z,2025-06-09T06:54:17Z
P-01831,NR-PWR-01831,Modular Battery Pack LN-347,Power Systems,Battery Pack,180526,15236,W-06,true,2024-05-07T04:49:58Z,2024-12-20T13:30:22Z
P-01832,NR-SEN-01832,High-Torque Rotary Encoder MA-384,Sensors,Rotary Encoder,44284,2326,W-06,true,2022-10-19T21:02:47Z,2023-10-14T04:05:15Z
P-01833,NR-ACT-01833,Heavy-Duty Linear Actuator NN-421,Actuators,Linear Actuator,203348,11489,W-05,true,2021-02-12T10:25:54Z,2022-02-05T06:21:48Z
P-01834,NR-CBL-01834,Rapid-Cycle M12 Connector OA-458,Cabling and Connectors,M12 Connector,9629,3794,W-06,true,2022-08-20T22:46:33Z,2023-03-13T16:09:34Z
P-01835,NR-CTL-01835,Low-Backlash PLC Module PN-495,Controllers,PLC Module,469891,2161,W-05,true,2024-01-28T14:43:16Z,2024-03-16T03:35:54Z
P-01836,NR-DRV-01836,Compact Planetary Gearbox QA-532,Drivetrain,Planetary Gearbox,198743,11756,W-01,false,2023-04-04T10:40:34Z,2023-04-16T19:55:34Z
P-01837,NR-EFF-01837,Quiet-Drive Vacuum Gripper RN-569,End Effectors,Vacuum Gripper,297249,150,W-04,true,2024-07-29T17:28:36Z,2025-03-21T01:50:07Z
P-01838,NR-FRM-01838,Sealed Base Plate SA-606,Frames and Structure,Base Plate,23736,29980,W-02,true,2022-08-19T11:18:14Z,2022-09-27T03:50:22Z
P-01839,NR-PWR-01839,Industrial Power Supply Unit TN-643,Power Systems,Power Supply Unit,147311,11432,W-02,true,2022-09-05T17:18:47Z,2023-07-15T14:32:45Z
P-01840,NR-SEN-01840,Precision Thermal Camera Module UA-680,Sensors,Thermal Camera Module,300000,1546,W-03,true,2024-07-19T10:14:59Z,2025-03-09T15:27:10Z
P-01841,NR-ACT-01841,Modular Rotary Actuator VN-717,Actuators,Rotary Actuator,351158,11090,W-02,true,2021-01-16T23:28:29Z,2021-12-28T20:49:58Z
P-01842,NR-CBL-01842,High-Torque Servo Cable WA-754,Cabling and Connectors,Servo Cable,5597,1210,W-02,true,2021-04-16T00:13:42Z,2021-09-23T10:10:29Z
P-01843,NR-CTL-01843,Heavy-Duty Edge Compute Node XN-791,Controllers,Edge Compute Node,602530,4129,W-08,true,2023-12-11T09:46:53Z,2024-03-27T21:03:27Z
P-01844,NR-DRV-01844,Rapid-Cycle Timing Belt YA-828,Drivetrain,Timing Belt,150028,9049,W-03,true,2024-07-22T12:26:47Z,2025-07-26T14:30:30Z
P-01845,NR-EFF-01845,Low-Backlash Welding Torch ZN-865,End Effectors,Welding Torch,157294,4184,W-08,true,2023-03-15T03:37:19Z,2024-01-14T16:50:14Z
P-01846,NR-FRM-01846,Compact Gantry Beam AA-902,Frames and Structure,Gantry Beam,29049,24357,W-03,true,2024-04-26T22:55:26Z,2025-02-08T17:50:54Z
P-01847,NR-PWR-01847,Quiet-Drive Motor Driver BN-939,Power Systems,Motor Driver,135643,5700,W-03,true,2023-12-04T16:33:23Z,2024-03-26T03:38:32Z
P-01848,NR-SEN-01848,Sealed LIDAR Unit CA-976,Sensors,LIDAR Unit,59396,1946,W-02,false,2022-05-24T13:18:30Z,2023-05-08T14:12:36Z
P-01849,NR-ACT-01849,Industrial Stepper Motor DN-113,Actuators,Stepper Motor,156801,12995,W-04,true,2023-11-26T03:46:25Z,2024-08-02T00:07:08Z
P-01850,NR-CBL-01850,Precision EtherCAT Cable EA-150,Cabling and Connectors,EtherCAT Cable,6573,2186,W-06,true,2024-10-01T21:13:28Z,2025-09-26T19:07:50Z
P-01851,NR-CTL-01851,Modular IO Expansion Board FN-187,Controllers,IO Expansion Board,263448,4652,W-06,true,2024-08-14T06:22:08Z,2024-10-13T01:16:35Z
P-01852,NR-DRV-01852,High-Torque Ball Screw GA-224,Drivetrain,Ball Screw,31437,3703,W-08,true,2023-03-30T14:49:07Z,2023-10-18T07:27:18Z
P-01853,NR-EFF-01853,Heavy-Duty Tool Changer HN-261,End Effectors,Tool Changer,301600,7569,W-03,true,2024-03-10T10:20:13Z,2024-06-19T14:08:51Z
P-01854,NR-FRM-01854,Rapid-Cycle Mounting Bracket IA-298,Frames and Structure,Mounting Bracket,28262,33043,W-03,true,2021-09-30T12:55:18Z,2022-01-22T21:23:43Z
P-01855,NR-PWR-01855,Low-Backlash DC-DC Converter JN-335,Power Systems,DC-DC Converter,98627,9336,W-07,true,2024-07-13T13:34:30Z,2025-04-27T17:21:43Z
P-01856,NR-SEN-01856,Compact Force-Torque Sensor KA-372,Sensors,Force-Torque Sensor,104738,942,W-02,false,2021-06-15T14:37:57Z,2022-05-10T02:42:03Z
P-01857,NR-ACT-01857,Quiet-Drive Servo Motor LN-409,Actuators,Servo Motor,329384,19262,W-06,true,2023-04-24T19:47:23Z,2024-02-07T17:25:12Z
P-01858,NR-CBL-01858,Sealed Cable Chain MA-446,Cabling and Connectors,Cable Chain,9840,2522,W-05,true,2021-12-28T11:16:23Z,2022-01-22T14:54:58Z
P-01859,NR-CTL-01859,Industrial Motion Controller NN-483,Controllers,Motion Controller,96057,8302,W-08,false,2021-01-13T05:10:38Z,2021-06-23T06:05:41Z
P-01860,NR-DRV-01860,Precision Harmonic Reducer OA-520,Drivetrain,Harmonic Reducer,43600,4131,W-07,true,2021-10-07T21:42:11Z,2022-08-24T20:28:15Z
P-01861,NR-EFF-01861,Modular Parallel Gripper PN-557,End Effectors,Parallel Gripper,500000,5802,W-08,true,2024-10-15T07:37:44Z,2025-05-10T00:51:29Z
P-01862,NR-FRM-01862,High-Torque Aluminum Extrusion QA-594,Frames and Structure,Aluminum Extrusion,48865,43969,W-02,true,2021-04-05T01:28:06Z,2022-02-27T01:45:52Z
P-01863,NR-PWR-01863,Heavy-Duty Battery Pack RN-631,Power Systems,Battery Pack,9354,6526,W-05,true,2024-10-09T23:57:45Z,2024-10-25T00:14:24Z
P-01864,NR-SEN-01864,Rapid-Cycle Proximity Sensor SA-668,Sensors,Proximity Sensor,270523,1018,W-02,true,2021-10-29T09:31:14Z,2022-10-10T13:00:19Z
P-01865,NR-ACT-01865,Low-Backlash Linear Actuator TN-705,Actuators,Linear Actuator,255876,10203,W-01,true,2021-02-21T02:31:52Z,2021-10-05T06:59:28Z
P-01866,NR-CBL-01866,Compact M12 Connector UA-742,Cabling and Connectors,M12 Connector,5472,1663,W-05,true,2021-10-13T02:51:36Z,2022-04-28T06:07:53Z
P-01867,NR-CTL-01867,Quiet-Drive PLC Module VN-779,Controllers,PLC Module,646817,3594,W-05,true,2024-09-02T15:55:21Z,2025-08-10T20:44:05Z
P-01868,NR-DRV-01868,Sealed Planetary Gearbox WA-816,Drivetrain,Planetary Gearbox,215277,10091,W-04,true,2022-01-11T09:57:38Z,2022-01-15T13:18:26Z
P-01869,NR-EFF-01869,Industrial Vacuum Gripper XN-853,End Effectors,Vacuum Gripper,10000,4223,W-08,true,2024-03-20T18:22:31Z,2024-11-28T06:36:40Z
P-01870,NR-FRM-01870,Precision Base Plate YA-890,Frames and Structure,Base Plate,40278,38904,W-08,true,2023-08-10T20:54:26Z,2024-04-19T08:16:41Z
P-01871,NR-PWR-01871,Modular Power Supply Unit ZN-927,Power Systems,Power Supply Unit,192127,12921,W-01,true,2023-12-25T12:31:26Z,2024-04-26T05:55:33Z
P-01872,NR-SEN-01872,High-Torque Rotary Encoder AA-964,Sensors,Rotary Encoder,238989,1707,W-02,true,2023-06-09T11:46:27Z,2023-09-09T01:05:06Z
P-01873,NR-ACT-01873,Heavy-Duty Rotary Actuator BN-101,Actuators,Rotary Actuator,266307,7759,W-04,true,2024-04-14T21:18:43Z,2025-03-14T06:53:15Z
P-01874,NR-CBL-01874,Rapid-Cycle Servo Cable CA-138,Cabling and Connectors,Servo Cable,14095,2691,W-05,true,2023-10-01T08:12:48Z,2024-06-14T12:52:50Z
P-01875,NR-CTL-01875,Low-Backlash Edge Compute Node DN-175,Controllers,Edge Compute Node,570426,2512,W-04,true,2022-04-17T19:35:30Z,2023-01-19T06:00:21Z
P-01876,NR-DRV-01876,Compact Timing Belt EA-212,Drivetrain,Timing Belt,291374,6842,W-01,true,2023-09-01T09:24:31Z,2024-06-17T14:27:54Z
P-01877,NR-EFF-01877,Quiet-Drive Welding Torch FN-249,End Effectors,Welding Torch,449110,6770,W-06,true,2021-01-05T07:59:22Z,2021-11-26T13:02:44Z
P-01878,NR-FRM-01878,Sealed Gantry Beam GA-286,Frames and Structure,Gantry Beam,40291,500,W-01,true,2021-02-03T17:02:58Z,2021-06-15T11:28:59Z
P-01879,NR-PWR-01879,Industrial Motor Driver HN-323,Power Systems,Motor Driver,135940,9276,W-07,true,2024-08-01T15:07:19Z,2024-12-13T00:54:39Z
P-01880,NR-SEN-01880,Precision Thermal Camera Module IA-360,Sensors,Thermal Camera Module,117635,1468,W-02,true,2024-04-21T10:50:47Z,2024-12-09T22:04:25Z
P-01881,NR-ACT-01881,Modular Stepper Motor JN-397,Actuators,Stepper Motor,291702,8512,W-04,true,2023-04-23T07:11:57Z,2023-05-20T04:05:33Z
P-01882,NR-CBL-01882,High-Torque EtherCAT Cable KA-434,Cabling and Connectors,EtherCAT Cable,5696,1692,W-01,true,2021-10-26T22:15:17Z,2022-05-06T23:37:50Z
P-01883,NR-CTL-01883,Heavy-Duty IO Expansion Board LN-471,Controllers,IO Expansion Board,469306,4890,W-04,true,2021-04-15T10:43:37Z,2021-05-17T02:07:11Z
P-01884,NR-DRV-01884,Rapid-Cycle Ball Screw MA-508,Drivetrain,Ball Screw,225253,10519,W-02,true,2021-04-03T05:49:51Z,2021-06-30T10:02:10Z
P-01885,NR-EFF-01885,Low-Backlash Tool Changer NN-545,End Effectors,Tool Changer,109088,2836,W-05,true,2024-05-21T21:01:58Z,2024-06-16T19:28:19Z
P-01886,NR-FRM-01886,Compact Mounting Bracket OA-582,Frames and Structure,Mounting Bracket,43979,45231,W-07,true,2021-11-20T08:26:27Z,2022-04-19T18:10:17Z
P-01887,NR-PWR-01887,Quiet-Drive DC-DC Converter PN-619,Power Systems,DC-DC Converter,128959,5760,W-08,true,2022-01-18T14:20:54Z,2022-11-20T17:10:13Z
P-01888,NR-SEN-01888,Sealed LIDAR Unit QA-656,Sensors,LIDAR Unit,239412,1196,W-03,true,2023-04-15T19:51:35Z,2023-05-06T12:41:40Z
P-01889,NR-ACT-01889,Industrial Servo Motor RN-693,Actuators,Servo Motor,129514,18542,W-07,true,2024-07-15T22:16:54Z,2025-02-10T05:29:16Z
P-01890,NR-CBL-01890,Precision Cable Chain SA-730,Cabling and Connectors,Cable Chain,7676,1570,W-07,true,2022-06-02T19:48:25Z,2023-04-03T22:32:09Z
P-01891,NR-CTL-01891,Modular Motion Controller TN-767,Controllers,Motion Controller,290485,8738,W-04,false,2021-07-03T03:47:40Z,2021-10-21T22:51:05Z
P-01892,NR-DRV-01892,High-Torque Harmonic Reducer UA-804,Drivetrain,Harmonic Reducer,182601,11908,W-08,true,2022-12-16T06:03:16Z,2023-08-13T06:02:44Z
P-01893,NR-EFF-01893,Heavy-Duty Parallel Gripper VN-841,End Effectors,Parallel Gripper,170884,4819,W-01,true,2022-08-20T09:58:37Z,2023-01-08T23:24:24Z
P-01894,NR-FRM-01894,Rapid-Cycle Aluminum Extrusion WA-878,Frames and Structure,Aluminum Extrusion,8647,13410,W-04,true,2024-11-01T17:19:46Z,2025-10-15T19:12:12Z
P-01895,NR-PWR-01895,Low-Backlash Battery Pack XN-915,Power Systems,Battery Pack,29823,18000,W-07,true,2021-10-08T21:08:24Z,2022-08-12T02:13:37Z
P-01896,NR-SEN-01896,Compact Force-Torque Sensor YA-952,Sensors,Force-Torque Sensor,46655,2210,W-02,true,2021-12-27T14:01:42Z,2022-11-03T21:09:05Z
P-01897,NR-ACT-01897,Quiet-Drive Linear Actuator ZN-989,Actuators,Linear Actuator,311623,15285,W-08,true,2021-08-23T19:05:07Z,2022-09-22T21:51:53Z
P-01898,NR-CBL-01898,Sealed M12 Connector AA-126,Cabling and Connectors,M12 Connector,5105,1273,W-05,true,2024-11-07T23:10:34Z,2025-02-26T03:46:08Z
P-01899,NR-CTL-01899,Industrial PLC Module BN-163,Controllers,PLC Module,323723,300,W-08,true,2024-06-10T04:42:53Z,2024-12-04T17:32:34Z
P-01900,NR-DRV-01900,Precision Planetary Gearbox CA-200,Drivetrain,Planetary Gearbox,288356,8351,W-07,true,2024-09-28T00:53:55Z,2025-04-24T15:35:13Z
P-01901,NR-EFF-01901,Modular Vacuum Gripper DN-237,End Effectors,Vacuum Gripper,228390,7551,W-08,true,2024-01-01T09:55:03Z,2024-03-23T15:56:17Z
P-01902,NR-FRM-01902,High-Torque Base Plate EA-274,Frames and Structure,Base Plate,68592,39014,W-08,true,2022-05-09T16:15:30Z,2022-07-21T18:10:11Z
P-01903,NR-PWR-01903,Heavy-Duty Power Supply Unit FN-311,Power Systems,Power Supply Unit,114703,16137,W-08,true,2023-09-21T23:14:05Z,2023-12-12T13:50:03Z
P-01904,NR-SEN-01904,Rapid-Cycle Proximity Sensor GA-348,Sensors,Proximity Sensor,120898,2987,W-01,true,2022-11-18T00:39:36Z,2023-11-29T19:50:56Z
P-01905,NR-ACT-01905,Low-Backlash Rotary Actuator HN-385,Actuators,Rotary Actuator,337457,8219,W-06,true,2023-07-30T13:21:26Z,2023-11-06T02:00:32Z
P-01906,NR-CBL-01906,Compact Servo Cable IA-422,Cabling and Connectors,Servo Cable,3394,3169,W-01,true,2021-05-26T03:06:39Z,2022-06-19T19:49:09Z
P-01907,NR-CTL-01907,Quiet-Drive Edge Compute Node JN-459,Controllers,Edge Compute Node,132957,3692,W-06,true,2023-11-16T04:57:20Z,2024-07-22T19:05:39Z
P-01908,NR-DRV-01908,Sealed Timing Belt KA-496,Drivetrain,Timing Belt,145158,3133,W-06,true,2024-02-18T06:20:42Z,2024-02-24T00:43:55Z
P-01909,NR-EFF-01909,Industrial Welding Torch LN-533,End Effectors,Welding Torch,205350,9581,W-07,true,2023-02-05T09:32:03Z,2023-11-29T06:19:46Z
P-01910,NR-FRM-01910,Precision Gantry Beam MA-570,Frames and Structure,Gantry Beam,47210,21569,W-06,true,2024-03-22T19:38:55Z,2024-08-01T23:34:39Z
P-01911,NR-PWR-01911,Modular Motor Driver NN-607,Power Systems,Motor Driver,5000,2197,W-04,true,2022-07-11T02:01:50Z,2022-08-24T11:33:59Z
P-01912,NR-SEN-01912,High-Torque Rotary Encoder OA-644,Sensors,Rotary Encoder,195291,2604,W-05,false,2022-03-04T02:23:55Z,2022-04-17T15:06:29Z
P-01913,NR-ACT-01913,Heavy-Duty Stepper Motor PN-681,Actuators,Stepper Motor,305341,7946,W-01,true,2023-04-04T22:55:28Z,2023-09-01T04:01:45Z
P-01914,NR-CBL-01914,Rapid-Cycle EtherCAT Cable QA-718,Cabling and Connectors,EtherCAT Cable,9849,911,W-04,true,2024-01-09T21:08:33Z,2025-01-15T00:27:49Z
P-01915,NR-CTL-01915,Low-Backlash IO Expansion Board RN-755,Controllers,IO Expansion Board,717551,7525,W-02,true,2022-02-18T09:52:38Z,2022-12-24T11:14:39Z
P-01916,NR-DRV-01916,Compact Ball Screw SA-792,Drivetrain,Ball Screw,52723,8157,W-07,true,2024-12-06T08:23:17Z,2025-05-23T16:05:21Z
P-01917,NR-EFF-01917,Quiet-Drive Tool Changer TN-829,End Effectors,Tool Changer,368162,2861,W-05,true,2021-05-05T12:19:26Z,2022-03-05T19:49:15Z
P-01918,NR-FRM-01918,Sealed Mounting Bracket UA-866,Frames and Structure,Mounting Bracket,46606,37888,W-05,true,2021-01-14T09:28:58Z,2021-04-06T22:51:48Z
P-01919,NR-PWR-01919,Industrial DC-DC Converter VN-903,Power Systems,DC-DC Converter,71621,8238,W-04,true,2024-10-03T13:45:16Z,2025-05-24T11:50:35Z
P-01920,NR-SEN-01920,Precision Thermal Camera Module WA-940,Sensors,Thermal Camera Module,66473,2121,W-04,true,2022-01-27T09:27:09Z,2022-06-16T10:07:01Z
P-01921,NR-ACT-01921,Modular Servo Motor XN-977,Actuators,Servo Motor,203708,9329,W-06,true,2022-01-17T15:45:31Z,2022-08-18T02:40:15Z
P-01922,NR-CBL-01922,High-Torque Cable Chain YA-114,Cabling and Connectors,Cable Chain,11724,2679,W-01,true,2024-05-09T05:02:38Z,2024-05-19T15:40:18Z
P-01923,NR-CTL-01923,Heavy-Duty Motion Controller ZN-151,Controllers,Motion Controller,210886,2697,W-08,true,2023-12-14T12:10:45Z,2024-11-22T21:27:23Z
P-01924,NR-DRV-01924,Rapid-Cycle Harmonic Reducer AA-188,Drivetrain,Harmonic Reducer,263589,8495,W-05,true,2024-07-14T23:34:17Z,2025-04-07T03:47:50Z
P-01925,NR-EFF-01925,Low-Backlash Parallel Gripper BN-225,End Effectors,Parallel Gripper,273965,5215,W-05,true,2021-10-15T13:27:31Z,2021-12-06T09:49:49Z
P-01926,NR-FRM-01926,Compact Aluminum Extrusion CA-262,Frames and Structure,Aluminum Extrusion,25189,31988,W-03,true,2021-12-26T18:38:54Z,2022-02-22T22:20:53Z
P-01927,NR-PWR-01927,Quiet-Drive Battery Pack DN-299,Power Systems,Battery Pack,225970,11419,W-01,true,2024-03-31T07:16:50Z,2024-09-03T06:19:06Z
P-01928,NR-SEN-01928,Sealed LIDAR Unit EA-336,Sensors,LIDAR Unit,109690,1631,W-03,true,2022-12-22T07:15:24Z,2023-03-05T00:56:50Z
P-01929,NR-ACT-01929,Industrial Linear Actuator FN-373,Actuators,Linear Actuator,356953,14951,W-02,true,2023-12-16T09:03:33Z,2024-01-21T17:02:38Z
P-01930,NR-CBL-01930,Precision M12 Connector GA-410,Cabling and Connectors,M12 Connector,6982,2104,W-01,true,2023-10-21T20:07:41Z,2023-11-19T18:55:33Z
P-01931,NR-CTL-01931,Modular PLC Module HN-447,Controllers,PLC Module,386473,6246,W-03,true,2024-03-08T12:58:07Z,2025-01-27T04:46:46Z
P-01932,NR-DRV-01932,High-Torque Planetary Gearbox IA-484,Drivetrain,Planetary Gearbox,192073,6456,W-03,true,2022-08-31T06:38:25Z,2023-04-06T19:56:50Z
P-01933,NR-EFF-01933,Heavy-Duty Vacuum Gripper JN-521,End Effectors,Vacuum Gripper,284523,9622,W-05,true,2023-06-09T06:13:06Z,2024-02-17T03:10:44Z
P-01934,NR-FRM-01934,Rapid-Cycle Base Plate KA-558,Frames and Structure,Base Plate,42638,39346,W-07,true,2022-11-22T19:21:09Z,2023-10-19T09:18:40Z
P-01935,NR-PWR-01935,Low-Backlash Power Supply Unit LN-595,Power Systems,Power Supply Unit,62108,1713,W-07,true,2024-09-09T09:01:40Z,2025-02-10T08:15:14Z
P-01936,NR-SEN-01936,Compact Force-Torque Sensor MA-632,Sensors,Force-Torque Sensor,162190,1344,W-05,true,2021-05-25T17:00:48Z,2022-04-28T19:05:13Z
P-01937,NR-ACT-01937,Quiet-Drive Rotary Actuator NN-669,Actuators,Rotary Actuator,153597,22000,W-05,true,2022-03-05T18:50:16Z,2022-10-15T06:03:20Z
P-01938,NR-CBL-01938,Sealed Servo Cable OA-706,Cabling and Connectors,Servo Cable,12199,3111,W-06,true,2022-12-31T21:57:43Z,2023-10-29T13:32:41Z
P-01939,NR-CTL-01939,Industrial Edge Compute Node PN-743,Controllers,Edge Compute Node,216257,4288,W-08,true,2024-03-14T06:31:32Z,2024-04-07T20:27:04Z
P-01940,NR-DRV-01940,Precision Timing Belt QA-780,Drivetrain,Timing Belt,61467,10243,W-01,true,2021-10-07T17:09:04Z,2021-11-11T16:03:57Z
P-01941,NR-EFF-01941,Modular Welding Torch RN-817,End Effectors,Welding Torch,360667,535,W-01,true,2024-08-26T09:31:58Z,2025-05-17T14:57:50Z
P-01942,NR-FRM-01942,High-Torque Gantry Beam SA-854,Frames and Structure,Gantry Beam,60941,41314,W-03,false,2024-07-22T12:21:58Z,2025-08-10T12:54:57Z
P-01943,NR-PWR-01943,Heavy-Duty Motor Driver TN-891,Power Systems,Motor Driver,69825,5178,W-08,true,2021-10-11T21:29:34Z,2021-11-12T21:04:33Z
P-01944,NR-SEN-01944,Rapid-Cycle Proximity Sensor UA-928,Sensors,Proximity Sensor,198338,1280,W-04,true,2022-02-19T03:53:34Z,2022-09-14T19:04:54Z
P-01945,NR-ACT-01945,Low-Backlash Stepper Motor VN-965,Actuators,Stepper Motor,344941,14168,W-07,true,2022-10-28T11:56:00Z,2023-07-15T21:16:50Z
P-01946,NR-CBL-01946,Compact EtherCAT Cable WA-102,Cabling and Connectors,EtherCAT Cable,8888,877,W-05,true,2022-11-28T22:20:05Z,2022-12-07T07:17:36Z
P-01947,NR-CTL-01947,Quiet-Drive IO Expansion Board XN-139,Controllers,IO Expansion Board,687989,8468,W-07,true,2022-08-11T23:30:53Z,2022-11-26T05:56:24Z
P-01948,NR-DRV-01948,Sealed Ball Screw YA-176,Drivetrain,Ball Screw,81057,9926,W-01,true,2021-09-26T16:17:22Z,2022-02-27T08:40:01Z
P-01949,NR-EFF-01949,Industrial Tool Changer ZN-213,End Effectors,Tool Changer,56627,5599,W-04,true,2021-01-19T18:40:15Z,2021-01-22T06:33:49Z
P-01950,NR-FRM-01950,Precision Mounting Bracket AA-250,Frames and Structure,Mounting Bracket,29453,24213,W-08,true,2022-05-02T03:42:26Z,2023-05-11T07:24:35Z
P-01951,NR-PWR-01951,Modular DC-DC Converter BN-287,Power Systems,DC-DC Converter,125044,5590,W-07,true,2022-03-09T16:14:38Z,2022-09-07T18:49:02Z
P-01952,NR-SEN-01952,High-Torque Rotary Encoder CA-324,Sensors,Rotary Encoder,111784,2808,W-01,true,2021-02-20T11:44:21Z,2021-08-10T15:49:03Z
P-01953,NR-ACT-01953,Heavy-Duty Servo Motor DN-361,Actuators,Servo Motor,189231,11513,W-02,true,2023-01-30T05:07:42Z,2023-12-15T02:37:06Z
P-01954,NR-CBL-01954,Rapid-Cycle Cable Chain EA-398,Cabling and Connectors,Cable Chain,7400,1176,W-06,true,2024-11-09T05:51:37Z,2025-05-31T16:28:41Z
P-01955,NR-CTL-01955,Low-Backlash Motion Controller FN-435,Controllers,Motion Controller,423469,7022,W-08,true,2021-05-08T22:23:39Z,2022-04-24T12:34:58Z
P-01956,NR-DRV-01956,Compact Harmonic Reducer GA-472,Drivetrain,Harmonic Reducer,300109,100,W-02,true,2022-02-03T07:33:13Z,2022-12-21T22:49:20Z
P-01957,NR-EFF-01957,Quiet-Drive Parallel Gripper HN-509,End Effectors,Parallel Gripper,292910,4797,W-06,true,2022-09-20T19:08:20Z,2022-11-11T22:47:08Z
P-01958,NR-FRM-01958,Sealed Aluminum Extrusion IA-546,Frames and Structure,Aluminum Extrusion,29965,39472,W-04,true,2024-06-22T08:26:50Z,2024-07-18T10:00:53Z
P-01959,NR-PWR-01959,Industrial Battery Pack JN-583,Power Systems,Battery Pack,159736,8145,W-05,true,2021-09-17T07:52:06Z,2021-12-11T18:21:09Z
P-01960,NR-SEN-01960,Precision Thermal Camera Module KA-620,Sensors,Thermal Camera Module,241858,1835,W-06,true,2022-12-07T22:04:52Z,2023-10-03T00:05:47Z
P-01961,NR-ACT-01961,Modular Linear Actuator LN-657,Actuators,Linear Actuator,450000,13091,W-01,true,2024-10-02T14:37:08Z,2025-08-31T08:39:39Z
P-01962,NR-CBL-01962,High-Torque M12 Connector MA-694,Cabling and Connectors,M12 Connector,15000,2448,W-02,true,2022-11-22T01:14:18Z,2023-06-17T10:38:52Z
P-01963,NR-CTL-01963,Heavy-Duty PLC Module NN-731,Controllers,PLC Module,714525,3164,W-05,true,2022-09-08T17:17:56Z,2023-09-18T21:56:50Z
P-01964,NR-DRV-01964,Rapid-Cycle Planetary Gearbox OA-768,Drivetrain,Planetary Gearbox,99707,3200,W-05,true,2023-01-02T16:16:19Z,2023-04-06T01:45:34Z
P-01965,NR-EFF-01965,Low-Backlash Vacuum Gripper PN-805,End Effectors,Vacuum Gripper,191842,5599,W-02,true,2024-10-11T05:32:33Z,2025-10-15T11:10:21Z
P-01966,NR-FRM-01966,Compact Base Plate QA-842,Frames and Structure,Base Plate,64725,18958,W-04,true,2024-04-12T20:35:35Z,2025-05-15T11:06:52Z
P-01967,NR-PWR-01967,Quiet-Drive Power Supply Unit RN-879,Power Systems,Power Supply Unit,43073,11002,W-04,true,2023-02-20T10:08:04Z,2023-11-03T08:16:49Z
P-01968,NR-SEN-01968,Sealed LIDAR Unit SA-916,Sensors,LIDAR Unit,94691,349,W-01,true,2024-03-13T07:20:10Z,2024-08-19T17:24:09Z
P-01969,NR-ACT-01969,Industrial Rotary Actuator TN-953,Actuators,Rotary Actuator,166494,9590,W-06,true,2023-12-14T11:15:50Z,2025-01-08T17:11:33Z
P-01970,NR-CBL-01970,Precision Servo Cable UA-990,Cabling and Connectors,Servo Cable,8055,10,W-07,true,2022-05-05T04:47:34Z,2023-01-10T19:28:39Z
P-01971,NR-CTL-01971,Modular Edge Compute Node VN-127,Controllers,Edge Compute Node,706326,1230,W-06,true,2021-08-04T22:15:18Z,2021-11-04T12:58:10Z
P-01972,NR-DRV-01972,High-Torque Timing Belt WA-164,Drivetrain,Timing Belt,167774,6332,W-03,true,2024-04-03T03:23:20Z,2024-06-02T12:44:40Z
P-01973,NR-EFF-01973,Heavy-Duty Welding Torch XN-201,End Effectors,Welding Torch,135825,5236,W-07,true,2022-08-31T00:22:15Z,2023-02-06T23:14:07Z
P-01974,NR-FRM-01974,Rapid-Cycle Gantry Beam YA-238,Frames and Structure,Gantry Beam,43679,35125,W-04,true,2021-09-10T23:50:04Z,2021-09-22T12:17:10Z
P-01975,NR-PWR-01975,Low-Backlash Motor Driver ZN-275,Power Systems,Motor Driver,5000,10797,W-08,true,2023-03-02T15:47:01Z,2023-05-03T20:48:31Z
P-01976,NR-SEN-01976,Compact Force-Torque Sensor AA-312,Sensors,Force-Torque Sensor,110036,768,W-03,true,2023-05-23T19:22:17Z,2023-09-20T08:37:09Z
P-01977,NR-ACT-01977,Quiet-Drive Stepper Motor BN-349,Actuators,Stepper Motor,148735,13531,W-07,true,2021-12-29T13:03:09Z,2022-12-24T16:07:31Z
P-01978,NR-CBL-01978,Sealed EtherCAT Cable CA-386,Cabling and Connectors,EtherCAT Cable,12716,2883,W-07,true,2024-07-01T11:44:53Z,2025-02-25T16:33:24Z
P-01979,NR-CTL-01979,Industrial IO Expansion Board DN-423,Controllers,IO Expansion Board,359473,3794,W-06,true,2021-11-17T09:26:21Z,2022-05-18T11:17:53Z
P-01980,NR-DRV-01980,Precision Ball Screw EA-460,Drivetrain,Ball Screw,214166,7276,W-08,false,2022-04-15T21:31:43Z,2022-04-30T20:53:26Z
P-01981,NR-EFF-01981,Modular Tool Changer FN-497,End Effectors,Tool Changer,342603,7894,W-06,true,2022-08-14T21:38:41Z,2023-01-01T10:13:55Z
P-01982,NR-FRM-01982,High-Torque Mounting Bracket GA-534,Frames and Structure,Mounting Bracket,57379,35518,W-02,true,2022-07-26T10:58:47Z,2023-02-12T05:05:21Z
P-01983,NR-PWR-01983,Heavy-Duty DC-DC Converter HN-571,Power Systems,DC-DC Converter,202798,8970,W-02,true,2024-11-18T11:04:41Z,2025-12-21T15:11:16Z
P-01984,NR-SEN-01984,Rapid-Cycle Proximity Sensor IA-608,Sensors,Proximity Sensor,151224,1062,W-04,true,2023-12-20T08:00:52Z,2024-04-12T06:39:53Z
P-01985,NR-ACT-01985,Low-Backlash Servo Motor JN-645,Actuators,Servo Motor,266745,3068,W-05,true,2023-04-17T23:04:11Z,2023-07-13T16:18:10Z
P-01986,NR-CBL-01986,Compact Cable Chain KA-682,Cabling and Connectors,Cable Chain,3924,2609,W-07,true,2022-08-09T12:02:34Z,2023-03-08T01:19:38Z
P-01987,NR-CTL-01987,Quiet-Drive Motion Controller LN-719,Controllers,Motion Controller,291933,1850,W-07,true,2023-03-31T18:13:43Z,2023-05-10T23:56:40Z
P-01988,NR-DRV-01988,Sealed Harmonic Reducer MA-756,Drivetrain,Harmonic Reducer,277504,10805,W-01,true,2023-06-22T10:13:15Z,2023-10-10T15:44:34Z
P-01989,NR-EFF-01989,Industrial Parallel Gripper NN-793,End Effectors,Parallel Gripper,400218,3565,W-01,true,2021-11-07T05:50:45Z,2022-10-21T19:29:35Z
P-01990,NR-FRM-01990,Precision Aluminum Extrusion OA-830,Frames and Structure,Aluminum Extrusion,42486,23004,W-03,true,2021-08-31T10:55:55Z,2022-07-17T16:07:57Z
P-01991,NR-PWR-01991,Modular Battery Pack PN-867,Power Systems,Battery Pack,115205,8139,W-06,true,2023-03-09T04:38:35Z,2023-04-02T14:49:44Z
P-01992,NR-SEN-01992,High-Torque Rotary Encoder QA-904,Sensors,Rotary Encoder,8000,1557,W-02,true,2022-09-17T15:47:27Z,2023-01-12T08:08:37Z
P-01993,NR-ACT-01993,Heavy-Duty Linear Actuator RN-941,Actuators,Linear Actuator,87541,9888,W-02,true,2023-10-09T17:33:08Z,2024-05-26T15:03:52Z
P-01994,NR-CBL-01994,Rapid-Cycle M12 Connector SA-978,Cabling and Connectors,M12 Connector,11166,341,W-04,true,2021-02-16T21:35:29Z,2021-03-03T20:15:40Z
P-01995,NR-CTL-01995,Low-Backlash PLC Module TN-115,Controllers,PLC Module,208122,5339,W-07,false,2021-10-13T14:27:05Z,2022-10-11T06:35:43Z
P-01996,NR-DRV-01996,Compact Planetary Gearbox UA-152,Drivetrain,Planetary Gearbox,152838,6369,W-03,true,2022-10-20T01:55:29Z,2023-01-15T07:58:07Z
P-01997,NR-EFF-01997,Quiet-Drive Vacuum Gripper VN-189,End Effectors,Vacuum Gripper,206096,150,W-06,true,2021-09-24T09:37:45Z,2022-09-26T04:58:02Z
P-01998,NR-FRM-01998,Sealed Base Plate WA-226,Frames and Structure,Base Plate,32361,34659,W-03,true,2024-07-29T22:31:15Z,2024-08-11T22:38:04Z
P-01999,NR-PWR-01999,Industrial Power Supply Unit XN-263,Power Systems,Power Supply Unit,129424,11346,W-06,true,2024-06-03T16:36:59Z,2024-10-17T19:08:42Z
P-02000,NR-SEN-02000,Precision Thermal Camera Module YA-300,Sensors,Thermal Camera Module,230299,1729,W-05,true,2021-12-06T04:22:51Z,2022-08-16T10:38:46Z
P-02001,NR-ACT-02001,Modular Rotary Actuator ZN-337,Actuators,Rotary Actuator,267390,6198,W-06,true,2022-06-03T20:42:58Z,2023-06-15T05:26:17Z
P-02002,NR-CBL-02002,High-Torque Servo Cable AA-374,Cabling and Connectors,Servo Cable,8873,1763,W-07,true,2022-04-04T15:09:43Z,2022-07-24T09:29:47Z
P-02003,NR-CTL-02003,Heavy-Duty Edge Compute Node BN-411,Controllers,Edge Compute Node,366870,7689,W-07,true,2023-07-16T21:29:53Z,2023-07-31T07:37:07Z
P-02004,NR-DRV-02004,Rapid-Cycle Timing Belt CA-448,Drivetrain,Timing Belt,6000,3041,W-07,false,2022-12-14T07:12:47Z,2023-09-23T04:59:13Z
P-02005,NR-EFF-02005,Low-Backlash Welding Torch DN-485,End Effectors,Welding Torch,255662,7956,W-04,true,2022-09-22T06:04:07Z,2022-11-06T22:09:25Z
P-02006,NR-FRM-02006,Compact Gantry Beam EA-522,Frames and Structure,Gantry Beam,41008,44714,W-02,true,2024-11-27T12:21:45Z,2025-07-13T14:16:58Z
P-02007,NR-PWR-02007,Quiet-Drive Motor Driver FN-559,Power Systems,Motor Driver,130098,12990,W-02,true,2022-07-06T06:07:57Z,2022-12-25T22:12:52Z
P-02008,NR-SEN-02008,Sealed LIDAR Unit GA-596,Sensors,LIDAR Unit,129538,896,W-02,true,2024-06-20T07:05:20Z,2025-05-27T18:06:51Z
P-02009,NR-ACT-02009,Industrial Stepper Motor HN-633,Actuators,Stepper Motor,279223,2110,W-08,true,2022-01-13T14:21:53Z,2022-11-20T08:54:53Z
P-02010,NR-CBL-02010,Precision EtherCAT Cable IA-670,Cabling and Connectors,EtherCAT Cable,9013,1301,W-01,true,2024-09-20T03:27:27Z,2025-09-06T01:03:00Z
P-02011,NR-CTL-02011,Modular IO Expansion Board JN-707,Controllers,IO Expansion Board,627942,4630,W-07,true,2024-01-12T12:28:33Z,2024-11-18T06:14:30Z
P-02012,NR-DRV-02012,High-Torque Ball Screw KA-744,Drivetrain,Ball Screw,6000,14921,W-07,true,2021-03-01T17:09:39Z,2021-12-22T18:29:19Z
P-02013,NR-EFF-02013,Heavy-Duty Tool Changer LN-781,End Effectors,Tool Changer,142778,7963,W-06,true,2021-04-25T11:22:05Z,2021-08-03T22:35:06Z
P-02014,NR-FRM-02014,Rapid-Cycle Mounting Bracket MA-818,Frames and Structure,Mounting Bracket,29274,39441,W-02,false,2024-08-21T16:37:14Z,2025-01-03T23:33:48Z
P-02015,NR-PWR-02015,Low-Backlash DC-DC Converter NN-855,Power Systems,DC-DC Converter,140549,10173,W-02,true,2023-03-26T16:20:54Z,2024-01-21T05:38:55Z
P-02016,NR-SEN-02016,Compact Force-Torque Sensor OA-892,Sensors,Force-Torque Sensor,228436,3500,W-03,true,2022-10-10T17:07:48Z,2023-08-15T23:16:47Z
P-02017,NR-ACT-02017,Quiet-Drive Servo Motor PN-929,Actuators,Servo Motor,339833,13818,W-02,true,2024-10-18T12:18:54Z,2025-07-13T06:58:11Z
P-02018,NR-CBL-02018,Sealed Cable Chain QA-966,Cabling and Connectors,Cable Chain,300,4000,W-01,true,2024-02-20T06:11:08Z,2024-08-30T20:16:39Z
P-02019,NR-CTL-02019,Industrial Motion Controller RN-103,Controllers,Motion Controller,541376,8193,W-01,true,2022-09-14T02:16:02Z,2023-10-18T22:14:09Z
P-02020,NR-DRV-02020,Precision Harmonic Reducer SA-140,Drivetrain,Harmonic Reducer,79972,8527,W-07,true,2024-04-28T05:22:43Z,2025-03-31T04:31:30Z
P-02021,NR-EFF-02021,Modular Parallel Gripper TN-177,End Effectors,Parallel Gripper,317141,6191,W-04,true,2021-03-17T21:28:25Z,2021-09-29T05:11:22Z
P-02022,NR-FRM-02022,High-Torque Aluminum Extrusion UA-214,Frames and Structure,Aluminum Extrusion,69248,13581,W-04,true,2023-07-26T22:02:16Z,2023-12-21T04:25:35Z
P-02023,NR-PWR-02023,Heavy-Duty Battery Pack VN-251,Power Systems,Battery Pack,209421,8197,W-08,false,2022-09-18T04:27:30Z,2022-09-25T19:57:18Z
P-02024,NR-SEN-02024,Rapid-Cycle Proximity Sensor WA-288,Sensors,Proximity Sensor,300000,2101,W-05,true,2023-10-11T10:10:12Z,2024-10-07T16:41:21Z
P-02025,NR-ACT-02025,Low-Backlash Linear Actuator XN-325,Actuators,Linear Actuator,287937,9903,W-05,false,2022-04-19T17:43:13Z,2022-10-12T22:07:00Z
P-02026,NR-CBL-02026,Compact M12 Connector YA-362,Cabling and Connectors,M12 Connector,12128,394,W-08,true,2021-07-03T15:08:33Z,2021-07-16T14:07:48Z
P-02027,NR-CTL-02027,Quiet-Drive PLC Module ZN-399,Controllers,PLC Module,576102,8459,W-01,true,2024-10-31T20:41:09Z,2025-10-31T23:33:43Z
P-02028,NR-DRV-02028,Sealed Planetary Gearbox AA-436,Drivetrain,Planetary Gearbox,255497,11234,W-03,true,2024-07-17T17:54:04Z,2025-05-11T19:24:57Z
P-02029,NR-EFF-02029,Industrial Vacuum Gripper BN-473,End Effectors,Vacuum Gripper,196141,10741,W-02,true,2021-01-18T15:24:07Z,2021-10-01T13:50:55Z
P-02030,NR-FRM-02030,Precision Base Plate CA-510,Frames and Structure,Base Plate,18795,14125,W-05,true,2021-10-11T17:44:23Z,2022-04-11T03:05:46Z
P-02031,NR-PWR-02031,Modular Power Supply Unit DN-547,Power Systems,Power Supply Unit,104398,11864,W-05,false,2022-10-28T00:59:28Z,2023-01-15T12:05:33Z
P-02032,NR-SEN-02032,High-Torque Rotary Encoder EA-584,Sensors,Rotary Encoder,113196,1292,W-07,true,2024-12-27T15:42:50Z,2025-01-23T00:41:06Z
P-02033,NR-ACT-02033,Heavy-Duty Rotary Actuator FN-621,Actuators,Rotary Actuator,105309,2617,W-02,true,2024-09-28T00:25:23Z,2024-10-01T08:50:20Z
P-02034,NR-CBL-02034,Rapid-Cycle Servo Cable GA-658,Cabling and Connectors,Servo Cable,12286,2751,W-02,true,2021-01-05T07:34:37Z,2021-12-19T17:31:33Z
P-02035,NR-CTL-02035,Low-Backlash Edge Compute Node HN-695,Controllers,Edge Compute Node,294841,3167,W-08,true,2023-01-17T02:34:47Z,2023-05-15T21:29:54Z
P-02036,NR-DRV-02036,Compact Timing Belt IA-732,Drivetrain,Timing Belt,184036,2146,W-01,true,2021-01-11T10:49:18Z,2021-09-08T22:33:30Z
P-02037,NR-EFF-02037,Quiet-Drive Welding Torch JN-769,End Effectors,Welding Torch,258810,12000,W-07,true,2024-01-10T05:20:13Z,2024-05-16T02:42:53Z
P-02038,NR-FRM-02038,Sealed Gantry Beam KA-806,Frames and Structure,Gantry Beam,20136,60000,W-06,true,2023-08-20T01:47:38Z,2024-04-21T07:46:23Z
P-02039,NR-PWR-02039,Industrial Motor Driver LN-843,Power Systems,Motor Driver,143816,7477,W-06,true,2023-02-10T07:18:07Z,2023-07-12T21:22:55Z
P-02040,NR-SEN-02040,Precision Thermal Camera Module MA-880,Sensors,Thermal Camera Module,136174,1498,W-06,true,2022-10-13T23:04:55Z,2022-12-19T21:14:21Z
P-02041,NR-ACT-02041,Modular Stepper Motor NN-917,Actuators,Stepper Motor,241257,2063,W-06,false,2021-08-16T18:07:10Z,2022-05-02T19:29:36Z
P-02042,NR-CBL-02042,High-Torque EtherCAT Cable OA-954,Cabling and Connectors,EtherCAT Cable,10684,578,W-08,true,2023-03-13T00:19:07Z,2024-03-23T03:56:17Z
P-02043,NR-CTL-02043,Heavy-Duty IO Expansion Board PN-991,Controllers,IO Expansion Board,547037,6912,W-05,true,2021-10-13T14:22:06Z,2022-05-29T21:29:38Z
P-02044,NR-DRV-02044,Rapid-Cycle Ball Screw QA-128,Drivetrain,Ball Screw,222259,4972,W-04,true,2023-08-04T22:41:40Z,2023-08-05T00:17:12Z
P-02045,NR-EFF-02045,Low-Backlash Tool Changer RN-165,End Effectors,Tool Changer,281531,2680,W-08,true,2023-04-11T09:17:09Z,2024-02-28T11:46:02Z
P-02046,NR-FRM-02046,Compact Mounting Bracket SA-202,Frames and Structure,Mounting Bracket,63414,11100,W-08,false,2024-12-04T20:07:11Z,2024-12-08T19:54:14Z
P-02047,NR-PWR-02047,Quiet-Drive DC-DC Converter TN-239,Power Systems,DC-DC Converter,102815,4413,W-03,true,2024-03-22T01:04:41Z,2024-05-16T10:03:55Z
P-02048,NR-SEN-02048,Sealed LIDAR Unit UA-276,Sensors,LIDAR Unit,177352,569,W-06,true,2023-12-16T18:19:51Z,2024-06-19T07:36:20Z
P-02049,NR-ACT-02049,Industrial Servo Motor VN-313,Actuators,Servo Motor,296165,10409,W-01,true,2022-07-01T07:24:13Z,2023-04-25T04:51:31Z
P-02050,NR-CBL-02050,Precision Cable Chain WA-350,Cabling and Connectors,Cable Chain,8647,2722,W-08,true,2022-07-04T22:44:16Z,2023-08-04T05:00:48Z
P-02051,NR-CTL-02051,Modular Motion Controller XN-387,Controllers,Motion Controller,664200,4668,W-03,true,2024-06-08T19:29:39Z,2024-08-21T22:33:13Z
P-02052,NR-DRV-02052,High-Torque Harmonic Reducer YA-424,Drivetrain,Harmonic Reducer,107578,13931,W-01,true,2024-05-28T22:44:46Z,2025-03-29T17:37:25Z
P-02053,NR-EFF-02053,Heavy-Duty Parallel Gripper ZN-461,End Effectors,Parallel Gripper,209881,4117,W-01,true,2021-03-14T20:13:24Z,2022-03-31T21:50:48Z
P-02054,NR-FRM-02054,Rapid-Cycle Aluminum Extrusion AA-498,Frames and Structure,Aluminum Extrusion,41619,29265,W-07,true,2022-01-17T21:12:17Z,2022-01-27T16:06:46Z
P-02055,NR-PWR-02055,Low-Backlash Battery Pack BN-535,Power Systems,Battery Pack,116390,5284,W-02,true,2022-03-06T04:53:27Z,2022-03-20T11:25:31Z
P-02056,NR-SEN-02056,Compact Force-Torque Sensor CA-572,Sensors,Force-Torque Sensor,209165,1739,W-03,true,2024-06-03T09:25:47Z,2024-06-22T03:18:48Z
P-02057,NR-ACT-02057,Quiet-Drive Linear Actuator DN-609,Actuators,Linear Actuator,171591,4669,W-02,true,2024-04-06T18:32:59Z,2024-05-07T18:26:37Z
P-02058,NR-CBL-02058,Sealed M12 Connector EA-646,Cabling and Connectors,M12 Connector,7904,2964,W-05,true,2022-03-09T22:44:00Z,2022-03-26T06:58:48Z
P-02059,NR-CTL-02059,Industrial PLC Module FN-683,Controllers,PLC Module,317718,2379,W-02,true,2022-05-15T17:41:39Z,2022-09-15T00:44:04Z
P-02060,NR-DRV-02060,Precision Planetary Gearbox GA-720,Drivetrain,Planetary Gearbox,117223,5425,W-03,true,2022-11-11T08:49:13Z,2023-04-20T20:59:31Z
P-02061,NR-EFF-02061,Modular Vacuum Gripper HN-757,End Effectors,Vacuum Gripper,386486,2556,W-05,true,2021-07-25T06:57:07Z,2021-12-27T16:51:14Z
P-02062,NR-FRM-02062,High-Torque Base Plate IA-794,Frames and Structure,Base Plate,52892,33548,W-02,true,2024-08-13T10:27:13Z,2024-08-29T11:40:39Z
P-02063,NR-PWR-02063,Heavy-Duty Power Supply Unit JN-831,Power Systems,Power Supply Unit,54644,8995,W-06,true,2024-07-29T13:33:40Z,2025-06-30T02:40:20Z
P-02064,NR-SEN-02064,Rapid-Cycle Proximity Sensor KA-868,Sensors,Proximity Sensor,67627,1844,W-08,false,2021-03-08T02:45:22Z,2021-07-16T18:00:00Z
P-02065,NR-ACT-02065,Low-Backlash Rotary Actuator LN-905,Actuators,Rotary Actuator,391134,13276,W-05,true,2023-08-14T13:50:41Z,2023-10-25T13:05:08Z
P-02066,NR-CBL-02066,Compact Servo Cable MA-942,Cabling and Connectors,Servo Cable,1955,1599,W-03,true,2021-05-03T12:08:33Z,2021-07-13T20:49:34Z
P-02067,NR-CTL-02067,Quiet-Drive Edge Compute Node NN-979,Controllers,Edge Compute Node,596411,8720,W-04,true,2022-08-12T02:11:56Z,2022-10-28T23:10:49Z
P-02068,NR-DRV-02068,Sealed Timing Belt OA-116,Drivetrain,Timing Belt,265811,10178,W-02,true,2022-06-17T16:37:11Z,2022-10-22T07:20:04Z
P-02069,NR-EFF-02069,Industrial Welding Torch PN-153,End Effectors,Welding Torch,283296,3984,W-01,true,2023-10-17T08:49:34Z,2024-08-25T14:28:14Z
P-02070,NR-FRM-02070,Precision Gantry Beam QA-190,Frames and Structure,Gantry Beam,80000,39885,W-05,true,2022-05-03T01:35:52Z,2022-10-25T12:29:52Z
P-02071,NR-PWR-02071,Modular Motor Driver RN-227,Power Systems,Motor Driver,71789,6135,W-06,true,2022-02-28T12:38:14Z,2022-12-07T18:07:47Z
P-02072,NR-SEN-02072,High-Torque Rotary Encoder SA-264,Sensors,Rotary Encoder,139217,1055,W-01,true,2023-11-21T15:04:51Z,2024-03-07T11:52:53Z
P-02073,NR-ACT-02073,Heavy-Duty Stepper Motor TN-301,Actuators,Stepper Motor,433965,5579,W-05,true,2021-04-09T16:19:30Z,2021-11-20T08:48:37Z
P-02074,NR-CBL-02074,Rapid-Cycle EtherCAT Cable UA-338,Cabling and Connectors,EtherCAT Cable,6541,2252,W-04,true,2023-06-15T16:25:35Z,2024-01-13T04:27:12Z
P-02075,NR-CTL-02075,Low-Backlash IO Expansion Board VN-375,Controllers,IO Expansion Board,121019,6482,W-08,false,2021-07-25T11:24:08Z,2022-06-06T22:43:51Z
P-02076,NR-DRV-02076,Compact Ball Screw WA-412,Drivetrain,Ball Screw,210656,10546,W-03,true,2022-07-19T08:53:00Z,2023-01-15T15:20:19Z
P-02077,NR-EFF-02077,Quiet-Drive Tool Changer XN-449,End Effectors,Tool Changer,320982,5834,W-06,true,2023-04-11T12:05:58Z,2023-12-01T11:00:08Z
P-02078,NR-FRM-02078,Sealed Mounting Bracket YA-486,Frames and Structure,Mounting Bracket,59772,31734,W-02,true,2024-11-09T17:48:02Z,2025-09-07T07:31:17Z
P-02079,NR-PWR-02079,Industrial DC-DC Converter ZN-523,Power Systems,DC-DC Converter,108311,8951,W-06,true,2021-03-06T12:20:56Z,2022-01-08T06:32:54Z
P-02080,NR-SEN-02080,Precision Thermal Camera Module AA-560,Sensors,Thermal Camera Module,92219,2326,W-01,true,2021-07-20T19:22:28Z,2021-09-26T22:46:50Z
P-02081,NR-ACT-02081,Modular Servo Motor BN-597,Actuators,Servo Motor,163081,6640,W-04,true,2023-07-03T01:35:32Z,2023-10-04T19:17:13Z
P-02082,NR-CBL-02082,High-Torque Cable Chain CA-634,Cabling and Connectors,Cable Chain,10210,2052,W-07,true,2021-09-14T04:14:45Z,2021-10-29T18:32:06Z
P-02083,NR-CTL-02083,Heavy-Duty Motion Controller DN-671,Controllers,Motion Controller,517505,3145,W-02,true,2021-07-30T02:41:41Z,2021-08-17T05:08:25Z
P-02084,NR-DRV-02084,Rapid-Cycle Harmonic Reducer EA-708,Drivetrain,Harmonic Reducer,117180,5417,W-08,true,2022-12-16T16:34:46Z,2023-09-30T21:01:55Z
P-02085,NR-EFF-02085,Low-Backlash Parallel Gripper FN-745,End Effectors,Parallel Gripper,83134,4169,W-05,true,2021-06-24T03:54:33Z,2021-11-16T03:44:41Z
P-02086,NR-FRM-02086,Compact Aluminum Extrusion GA-782,Frames and Structure,Aluminum Extrusion,46582,29414,W-01,true,2024-09-02T16:28:17Z,2025-08-28T16:09:03Z
P-02087,NR-PWR-02087,Quiet-Drive Battery Pack HN-819,Power Systems,Battery Pack,62069,15746,W-05,true,2023-10-25T17:43:19Z,2024-07-01T14:17:07Z
P-02088,NR-SEN-02088,Sealed LIDAR Unit IA-856,Sensors,LIDAR Unit,151145,2455,W-03,true,2022-03-21T00:30:50Z,2022-10-25T16:21:01Z
P-02089,NR-ACT-02089,Industrial Linear Actuator JN-893,Actuators,Linear Actuator,146280,400,W-07,true,2021-07-13T04:19:02Z,2021-07-25T19:59:04Z
P-02090,NR-CBL-02090,Precision M12 Connector KA-930,Cabling and Connectors,M12 Connector,6378,1634,W-05,true,2022-06-29T07:31:21Z,2022-12-10T11:35:02Z
P-02091,NR-CTL-02091,Modular PLC Module LN-967,Controllers,PLC Module,375427,8715,W-06,true,2022-09-11T11:37:11Z,2023-07-23T22:42:02Z
P-02092,NR-DRV-02092,High-Torque Planetary Gearbox MA-104,Drivetrain,Planetary Gearbox,206788,9432,W-02,true,2023-02-06T08:25:52Z,2024-02-25T20:40:29Z
P-02093,NR-EFF-02093,Heavy-Duty Vacuum Gripper NN-141,End Effectors,Vacuum Gripper,434759,7558,W-06,true,2024-06-14T19:17:56Z,2025-04-28T00:13:04Z
P-02094,NR-FRM-02094,Rapid-Cycle Base Plate OA-178,Frames and Structure,Base Plate,57272,39575,W-05,true,2022-10-20T04:42:55Z,2022-11-12T20:57:58Z
P-02095,NR-PWR-02095,Low-Backlash Power Supply Unit PN-215,Power Systems,Power Supply Unit,78902,10305,W-08,true,2024-11-01T21:27:07Z,2025-09-13T07:47:54Z
P-02096,NR-SEN-02096,Compact Force-Torque Sensor QA-252,Sensors,Force-Torque Sensor,202076,1820,W-02,true,2022-07-22T06:22:21Z,2022-08-12T08:54:59Z
P-02097,NR-ACT-02097,Quiet-Drive Rotary Actuator RN-289,Actuators,Rotary Actuator,450000,17000,W-04,true,2021-12-24T21:54:52Z,2022-03-04T22:43:58Z
P-02098,NR-CBL-02098,Sealed Servo Cable SA-326,Cabling and Connectors,Servo Cable,1727,2847,W-04,true,2022-06-23T19:54:55Z,2023-05-31T14:48:45Z
P-02099,NR-CTL-02099,Industrial Edge Compute Node TN-363,Controllers,Edge Compute Node,272308,3729,W-04,true,2021-04-27T14:11:25Z,2021-10-07T01:45:09Z
P-02100,NR-DRV-02100,Precision Timing Belt UA-400,Drivetrain,Timing Belt,180259,10859,W-04,true,2021-03-29T22:44:16Z,2022-01-15T12:15:24Z
P-02101,NR-EFF-02101,Modular Welding Torch VN-437,End Effectors,Welding Torch,449924,5133,W-05,true,2023-11-23T08:35:17Z,2024-07-28T19:28:15Z
P-02102,NR-FRM-02102,High-Torque Gantry Beam WA-474,Frames and Structure,Gantry Beam,21237,500,W-02,true,2022-05-12T01:02:03Z,2023-05-04T12:26:11Z
P-02103,NR-PWR-02103,Heavy-Duty Motor Driver XN-511,Power Systems,Motor Driver,229553,16340,W-07,true,2024-12-19T10:36:39Z,2025-10-24T11:15:06Z
P-02104,NR-SEN-02104,Rapid-Cycle Proximity Sensor YA-548,Sensors,Proximity Sensor,43548,2333,W-05,true,2022-09-21T13:10:04Z,2023-03-07T09:28:50Z
P-02105,NR-ACT-02105,Low-Backlash Stepper Motor ZN-585,Actuators,Stepper Motor,135022,13489,W-05,true,2021-10-30T14:58:45Z,2022-07-07T22:30:40Z
P-02106,NR-CBL-02106,Compact EtherCAT Cable AA-622,Cabling and Connectors,EtherCAT Cable,6673,869,W-06,true,2021-01-11T17:49:52Z,2021-10-29T10:27:21Z
P-02107,NR-CTL-02107,Quiet-Drive IO Expansion Board BN-659,Controllers,IO Expansion Board,435578,4013,W-04,false,2024-03-05T00:19:37Z,2025-03-11T11:54:05Z
P-02108,NR-DRV-02108,Sealed Ball Screw CA-696,Drivetrain,Ball Screw,266949,2072,W-06,true,2022-01-15T14:25:31Z,2022-01-20T05:53:06Z
P-02109,NR-EFF-02109,Industrial Tool Changer DN-733,End Effectors,Tool Changer,274310,4795,W-02,true,2023-07-27T10:59:31Z,2024-05-01T23:39:16Z
P-02110,NR-FRM-02110,Precision Mounting Bracket EA-770,Frames and Structure,Mounting Bracket,27773,34806,W-06,true,2021-08-12T03:54:03Z,2022-08-19T06:11:20Z
P-02111,NR-PWR-02111,Modular DC-DC Converter FN-807,Power Systems,DC-DC Converter,149048,15657,W-01,true,2024-08-29T21:54:10Z,2025-07-10T09:16:24Z
P-02112,NR-SEN-02112,High-Torque Rotary Encoder GA-844,Sensors,Rotary Encoder,148932,2003,W-03,true,2024-03-31T09:55:45Z,2024-08-05T16:36:20Z
P-02113,NR-ACT-02113,Heavy-Duty Servo Motor HN-881,Actuators,Servo Motor,334116,400,W-03,true,2024-08-28T03:13:24Z,2025-01-20T06:01:04Z
P-02114,NR-CBL-02114,Rapid-Cycle Cable Chain IA-918,Cabling and Connectors,Cable Chain,7444,3076,W-02,true,2024-01-07T13:29:07Z,2024-05-10T09:55:00Z
P-02115,NR-CTL-02115,Low-Backlash Motion Controller JN-955,Controllers,Motion Controller,506799,7304,W-07,true,2021-03-14T14:22:24Z,2021-06-28T17:54:47Z
P-02116,NR-DRV-02116,Compact Harmonic Reducer KA-992,Drivetrain,Harmonic Reducer,182008,9907,W-06,true,2021-01-01T04:57:30Z,2021-02-20T21:28:04Z
P-02117,NR-EFF-02117,Quiet-Drive Parallel Gripper LN-129,End Effectors,Parallel Gripper,184764,6963,W-02,true,2022-04-01T16:19:28Z,2022-07-18T02:25:31Z
P-02118,NR-FRM-02118,Sealed Aluminum Extrusion MA-166,Frames and Structure,Aluminum Extrusion,44829,42389,W-04,true,2023-03-27T23:31:52Z,2023-07-21T23:37:54Z
P-02119,NR-PWR-02119,Industrial Battery Pack NN-203,Power Systems,Battery Pack,133860,8715,W-05,true,2022-05-14T18:48:32Z,2022-07-19T02:36:56Z
P-02120,NR-SEN-02120,Precision Thermal Camera Module OA-240,Sensors,Thermal Camera Module,126732,2368,W-06,true,2022-08-28T07:07:16Z,2022-10-12T00:28:13Z
P-02121,NR-ACT-02121,Modular Linear Actuator PN-277,Actuators,Linear Actuator,333638,8223,W-02,true,2023-08-05T14:16:56Z,2023-09-28T12:44:18Z
P-02122,NR-CBL-02122,High-Torque M12 Connector QA-314,Cabling and Connectors,M12 Connector,10427,4000,W-08,true,2024-01-19T05:34:02Z,2024-11-19T18:05:56Z
P-02123,NR-CTL-02123,Heavy-Duty PLC Module RN-351,Controllers,PLC Module,614383,300,W-05,true,2021-10-14T07:23:25Z,2022-09-15T05:41:57Z
P-02124,NR-DRV-02124,Rapid-Cycle Planetary Gearbox SA-388,Drivetrain,Planetary Gearbox,315994,7283,W-07,true,2023-02-05T11:32:28Z,2024-01-20T12:58:12Z
P-02125,NR-EFF-02125,Low-Backlash Vacuum Gripper TN-425,End Effectors,Vacuum Gripper,170808,6497,W-01,true,2024-02-02T18:22:05Z,2025-03-01T23:13:01Z
P-02126,NR-FRM-02126,Compact Base Plate UA-462,Frames and Structure,Base Plate,39415,26542,W-01,true,2022-04-10T01:45:02Z,2023-04-16T10:58:19Z
P-02127,NR-PWR-02127,Quiet-Drive Power Supply Unit VN-499,Power Systems,Power Supply Unit,236108,10516,W-06,true,2022-07-16T13:55:44Z,2022-08-26T05:59:20Z
P-02128,NR-SEN-02128,Sealed LIDAR Unit WA-536,Sensors,LIDAR Unit,163795,3310,W-06,true,2021-09-21T06:08:23Z,2022-10-17T06:37:52Z
P-02129,NR-ACT-02129,Industrial Rotary Actuator XN-573,Actuators,Rotary Actuator,249263,8410,W-08,true,2024-07-04T04:21:40Z,2024-08-02T09:09:21Z
P-02130,NR-CBL-02130,Precision Servo Cable YA-610,Cabling and Connectors,Servo Cable,3514,642,W-03,true,2021-07-25T11:37:20Z,2022-08-14T18:49:55Z
P-02131,NR-CTL-02131,Modular Edge Compute Node ZN-647,Controllers,Edge Compute Node,420863,7886,W-08,true,2024-03-24T11:03:33Z,2025-01-03T09:09:07Z
P-02132,NR-DRV-02132,High-Torque Timing Belt AA-684,Drivetrain,Timing Belt,87166,7393,W-03,true,2023-06-04T04:22:08Z,2023-06-06T01:29:15Z
P-02133,NR-EFF-02133,Heavy-Duty Welding Torch BN-721,End Effectors,Welding Torch,325838,3443,W-02,true,2021-03-04T03:40:27Z,2021-09-10T12:51:38Z
P-02134,NR-FRM-02134,Rapid-Cycle Gantry Beam CA-758,Frames and Structure,Gantry Beam,37580,20925,W-08,true,2024-05-18T05:15:24Z,2025-03-27T15:47:14Z
P-02135,NR-PWR-02135,Low-Backlash Motor Driver DN-795,Power Systems,Motor Driver,208457,3784,W-04,true,2022-03-16T04:44:00Z,2023-02-27T00:38:27Z
P-02136,NR-SEN-02136,Compact Force-Torque Sensor EA-832,Sensors,Force-Torque Sensor,143372,2923,W-04,true,2024-12-08T10:06:47Z,2025-05-26T10:16:20Z
P-02137,NR-ACT-02137,Quiet-Drive Stepper Motor FN-869,Actuators,Stepper Motor,399809,10200,W-03,true,2024-07-26T18:52:18Z,2025-02-27T13:22:15Z
P-02138,NR-CBL-02138,Sealed EtherCAT Cable GA-906,Cabling and Connectors,EtherCAT Cable,10364,877,W-08,true,2024-11-20T16:28:05Z,2025-12-18T18:35:48Z
P-02139,NR-CTL-02139,Industrial IO Expansion Board HN-943,Controllers,IO Expansion Board,200638,5930,W-07,true,2021-01-23T01:38:22Z,2021-08-30T04:17:00Z
P-02140,NR-DRV-02140,Precision Ball Screw IA-980,Drivetrain,Ball Screw,51519,3714,W-08,true,2022-10-10T16:52:15Z,2023-09-14T18:10:02Z
P-02141,NR-EFF-02141,Modular Tool Changer JN-117,End Effectors,Tool Changer,236529,7556,W-03,false,2022-02-04T15:20:40Z,2022-11-27T13:48:41Z
P-02142,NR-FRM-02142,High-Torque Mounting Bracket KA-154,Frames and Structure,Mounting Bracket,48226,34331,W-04,true,2024-11-14T23:48:56Z,2025-02-04T00:39:23Z
P-02143,NR-PWR-02143,Heavy-Duty DC-DC Converter LN-191,Power Systems,DC-DC Converter,103290,12321,W-03,true,2021-01-26T07:05:53Z,2021-01-29T11:13:30Z
P-02144,NR-SEN-02144,Rapid-Cycle Proximity Sensor MA-228,Sensors,Proximity Sensor,139626,1238,W-08,true,2023-12-22T21:02:54Z,2024-04-27T18:05:43Z
P-02145,NR-ACT-02145,Low-Backlash Servo Motor NN-265,Actuators,Servo Motor,278776,13889,W-08,true,2022-04-12T07:11:38Z,2022-08-24T09:09:25Z
P-02146,NR-CBL-02146,Compact Cable Chain OA-302,Cabling and Connectors,Cable Chain,11569,10,W-01,true,2024-01-16T22:04:10Z,2025-01-09T01:30:21Z
P-02147,NR-CTL-02147,Quiet-Drive Motion Controller PN-339,Controllers,Motion Controller,455125,1293,W-03,true,2024-04-17T21:54:24Z,2025-05-12T04:42:32Z
P-02148,NR-DRV-02148,Sealed Harmonic Reducer QA-376,Drivetrain,Harmonic Reducer,6000,6205,W-07,true,2023-03-28T21:27:59Z,2024-04-07T02:42:33Z
P-02149,NR-EFF-02149,Industrial Parallel Gripper RN-413,End Effectors,Parallel Gripper,422572,7615,W-04,true,2023-03-23T03:24:25Z,2023-04-30T13:42:16Z
P-02150,NR-FRM-02150,Precision Aluminum Extrusion SA-450,Frames and Structure,Aluminum Extrusion,35162,34205,W-06,true,2022-02-01T18:40:00Z,2022-11-16T05:25:06Z
P-02151,NR-PWR-02151,Modular Battery Pack TN-487,Power Systems,Battery Pack,71660,12015,W-02,true,2024-03-15T19:18:15Z,2024-11-22T21:40:37Z
P-02152,NR-SEN-02152,High-Torque Rotary Encoder UA-524,Sensors,Rotary Encoder,43295,1635,W-05,true,2024-05-22T18:06:09Z,2025-03-19T04:57:38Z
P-02153,NR-ACT-02153,Heavy-Duty Linear Actuator VN-561,Actuators,Linear Actuator,290105,18812,W-07,false,2024-08-23T05:46:33Z,2025-08-03T16:57:52Z
P-02154,NR-CBL-02154,Rapid-Cycle M12 Connector WA-598,Cabling and Connectors,M12 Connector,9736,2829,W-08,true,2023-04-24T12:37:42Z,2023-06-09T15:03:59Z
P-02155,NR-CTL-02155,Low-Backlash PLC Module XN-635,Controllers,PLC Module,354794,4113,W-03,true,2021-07-25T16:32:44Z,2021-07-31T10:39:34Z
P-02156,NR-DRV-02156,Compact Planetary Gearbox YA-672,Drivetrain,Planetary Gearbox,239704,9465,W-02,true,2023-11-30T03:40:41Z,2024-12-27T14:46:45Z
P-02157,NR-EFF-02157,Quiet-Drive Vacuum Gripper ZN-709,End Effectors,Vacuum Gripper,172792,7401,W-07,true,2023-03-24T01:06:15Z,2024-01-27T15:29:41Z
P-02158,NR-FRM-02158,Sealed Base Plate AA-746,Frames and Structure,Base Plate,26686,52546,W-08,true,2022-07-01T21:56:13Z,2022-09-17T11:45:44Z
P-02159,NR-PWR-02159,Industrial Power Supply Unit BN-783,Power Systems,Power Supply Unit,165092,8948,W-05,true,2021-01-09T21:17:22Z,2021-01-15T04:57:23Z
P-02160,NR-SEN-02160,Precision Thermal Camera Module CA-820,Sensors,Thermal Camera Module,238161,2104,W-06,true,2024-06-11T04:42:13Z,2025-04-29T11:27:51Z
P-02161,NR-ACT-02161,Modular Rotary Actuator DN-857,Actuators,Rotary Actuator,309232,1278,W-08,true,2022-07-10T05:20:03Z,2022-09-03T14:17:48Z
P-02162,NR-CBL-02162,High-Torque Servo Cable EA-894,Cabling and Connectors,Servo Cable,4701,2480,W-04,true,2021-09-30T01:08:11Z,2022-04-17T10:08:38Z
P-02163,NR-CTL-02163,Heavy-Duty Edge Compute Node FN-931,Controllers,Edge Compute Node,571997,3360,W-01,true,2021-01-08T16:06:44Z,2021-04-30T07:15:09Z
P-02164,NR-DRV-02164,Rapid-Cycle Timing Belt GA-968,Drivetrain,Timing Belt,229922,868,W-08,true,2024-11-17T23:23:32Z,2025-10-14T16:53:27Z
P-02165,NR-EFF-02165,Low-Backlash Welding Torch HN-105,End Effectors,Welding Torch,465547,6620,W-05,true,2024-09-09T05:54:26Z,2024-10-11T18:54:56Z
P-02166,NR-FRM-02166,Compact Gantry Beam IA-142,Frames and Structure,Gantry Beam,38342,14045,W-06,true,2021-03-12T19:24:54Z,2021-10-30T12:06:43Z
P-02167,NR-PWR-02167,Quiet-Drive Motor Driver JN-179,Power Systems,Motor Driver,145270,5832,W-01,true,2022-10-01T19:06:12Z,2022-11-17T23:48:37Z
P-02168,NR-SEN-02168,Sealed LIDAR Unit KA-216,Sensors,LIDAR Unit,214408,3138,W-06,true,2023-04-20T17:26:18Z,2023-10-11T04:46:33Z
P-02169,NR-ACT-02169,Industrial Stepper Motor LN-253,Actuators,Stepper Motor,378767,12604,W-08,true,2021-11-27T05:58:23Z,2022-06-24T06:38:12Z
P-02170,NR-CBL-02170,Precision EtherCAT Cable MA-290,Cabling and Connectors,EtherCAT Cable,7367,1869,W-05,true,2024-07-03T12:44:11Z,2025-07-07T23:07:46Z
P-02171,NR-CTL-02171,Modular IO Expansion Board NN-327,Controllers,IO Expansion Board,100551,2158,W-01,true,2022-02-28T16:20:03Z,2022-11-17T03:40:19Z
P-02172,NR-DRV-02172,High-Torque Ball Screw OA-364,Drivetrain,Ball Screw,287260,7253,W-06,true,2022-08-28T15:56:28Z,2023-03-26T14:43:54Z
P-02173,NR-EFF-02173,Heavy-Duty Tool Changer PN-401,End Effectors,Tool Changer,153221,5659,W-08,true,2022-07-04T19:44:44Z,2023-04-24T03:28:50Z
P-02174,NR-FRM-02174,Rapid-Cycle Mounting Bracket QA-438,Frames and Structure,Mounting Bracket,41255,12935,W-03,true,2023-02-14T00:40:44Z,2023-08-06T01:27:00Z
P-02175,NR-PWR-02175,Low-Backlash DC-DC Converter RN-475,Power Systems,DC-DC Converter,44963,6137,W-03,true,2023-09-03T11:11:59Z,2023-10-08T12:59:40Z
P-02176,NR-SEN-02176,Compact Force-Torque Sensor SA-512,Sensors,Force-Torque Sensor,286086,3500,W-01,true,2023-08-17T11:06:04Z,2024-02-28T09:36:28Z
P-02177,NR-ACT-02177,Quiet-Drive Servo Motor TN-549,Actuators,Servo Motor,212471,18968,W-04,true,2021-05-20T20:18:39Z,2022-02-19T15:08:25Z
P-02178,NR-CBL-02178,Sealed Cable Chain UA-586,Cabling and Connectors,Cable Chain,11875,1290,W-01,true,2022-03-12T12:49:37Z,2022-03-26T04:12:38Z
P-02179,NR-CTL-02179,Industrial Motion Controller VN-623,Controllers,Motion Controller,48711,5471,W-04,true,2021-05-30T16:53:53Z,2022-05-07T11:26:14Z
P-02180,NR-DRV-02180,Precision Harmonic Reducer WA-660,Drivetrain,Harmonic Reducer,128578,3930,W-03,true,2023-08-06T01:51:51Z,2024-05-15T19:32:35Z
P-02181,NR-EFF-02181,Modular Parallel Gripper XN-697,End Effectors,Parallel Gripper,312861,5674,W-04,true,2024-10-29T02:20:57Z,2025-09-24T11:38:51Z
P-02182,NR-FRM-02182,High-Torque Aluminum Extrusion YA-734,Frames and Structure,Aluminum Extrusion,36271,500,W-05,true,2023-02-18T01:25:25Z,2023-05-29T08:42:04Z
P-02183,NR-PWR-02183,Heavy-Duty Battery Pack ZN-771,Power Systems,Battery Pack,156066,5788,W-04,true,2024-06-06T01:08:45Z,2025-01-06T18:36:59Z
P-02184,NR-SEN-02184,Rapid-Cycle Proximity Sensor AA-808,Sensors,Proximity Sensor,213932,2323,W-04,true,2021-12-08T10:06:28Z,2022-04-18T03:43:54Z
P-02185,NR-ACT-02185,Low-Backlash Linear Actuator BN-845,Actuators,Linear Actuator,345795,10166,W-01,true,2022-08-09T06:01:46Z,2023-03-14T16:41:31Z
P-02186,NR-CBL-02186,Compact M12 Connector CA-882,Cabling and Connectors,M12 Connector,9587,2903,W-06,true,2023-03-14T03:03:45Z,2023-08-24T01:46:30Z
P-02187,NR-CTL-02187,Quiet-Drive PLC Module DN-919,Controllers,PLC Module,900000,8236,W-05,true,2022-08-20T10:39:33Z,2023-06-29T08:25:22Z
P-02188,NR-DRV-02188,Sealed Planetary Gearbox EA-956,Drivetrain,Planetary Gearbox,225746,12076,W-06,true,2024-06-15T08:11:54Z,2024-08-24T12:02:09Z
P-02189,NR-EFF-02189,Industrial Vacuum Gripper FN-993,End Effectors,Vacuum Gripper,113407,6756,W-04,true,2024-10-08T21:40:18Z,2025-08-01T05:03:49Z
P-02190,NR-FRM-02190,Precision Base Plate GA-130,Frames and Structure,Base Plate,57100,5506,W-07,true,2023-05-03T11:13:55Z,2023-05-21T15:30:22Z
P-02191,NR-PWR-02191,Modular Power Supply Unit HN-167,Power Systems,Power Supply Unit,250000,4963,W-01,true,2024-02-01T03:27:02Z,2024-05-23T07:28:48Z
P-02192,NR-SEN-02192,High-Torque Rotary Encoder IA-204,Sensors,Rotary Encoder,169467,2729,W-08,true,2023-06-19T20:48:27Z,2023-07-10T19:39:19Z
P-02193,NR-ACT-02193,Heavy-Duty Rotary Actuator JN-241,Actuators,Rotary Actuator,450000,9844,W-07,true,2024-07-09T12:21:01Z,2024-08-22T11:42:43Z
P-02194,NR-CBL-02194,Rapid-Cycle Servo Cable KA-278,Cabling and Connectors,Servo Cable,14204,2413,W-05,true,2022-02-28T16:12:45Z,2023-02-11T15:55:45Z
P-02195,NR-CTL-02195,Low-Backlash Edge Compute Node LN-315,Controllers,Edge Compute Node,893057,6210,W-06,true,2022-11-25T19:30:16Z,2023-08-03T15:55:46Z
P-02196,NR-DRV-02196,Compact Timing Belt MA-352,Drivetrain,Timing Belt,168474,6185,W-04,true,2022-05-03T17:17:04Z,2023-01-02T12:19:47Z
P-02197,NR-EFF-02197,Quiet-Drive Welding Torch NN-389,End Effectors,Welding Torch,298918,9529,W-08,true,2024-03-09T10:46:00Z,2024-08-19T15:53:28Z
P-02198,NR-FRM-02198,Sealed Gantry Beam OA-426,Frames and Structure,Gantry Beam,33973,31527,W-04,true,2023-07-25T23:52:41Z,2023-09-09T02:31:58Z
P-02199,NR-PWR-02199,Industrial Motor Driver PN-463,Power Systems,Motor Driver,78903,7757,W-04,true,2024-07-08T08:22:38Z,2024-12-18T12:53:08Z
P-02200,NR-SEN-02200,Precision Thermal Camera Module QA-500,Sensors,Thermal Camera Module,61739,1724,W-08,true,2023-03-27T18:01:40Z,2023-04-14T12:03:35Z
P-02201,NR-ACT-02201,Modular Stepper Motor RN-537,Actuators,Stepper Motor,409687,732,W-03,true,2021-08-23T11:21:52Z,2022-02-24T04:11:26Z
P-02202,NR-CBL-02202,High-Torque EtherCAT Cable SA-574,Cabling and Connectors,EtherCAT Cable,3027,1167,W-01,true,2023-09-09T03:37:44Z,2023-09-30T18:55:36Z
P-02203,NR-CTL-02203,Heavy-Duty IO Expansion Board TN-611,Controllers,IO Expansion Board,329399,3204,W-03,true,2024-06-08T01:35:04Z,2024-08-24T13:24:00Z
P-02204,NR-DRV-02204,Rapid-Cycle Ball Screw UA-648,Drivetrain,Ball Screw,240730,11531,W-03,true,2024-05-03T02:46:58Z,2024-07-18T11:04:05Z
P-02205,NR-EFF-02205,Low-Backlash Tool Changer VN-685,End Effectors,Tool Changer,189487,5967,W-08,true,2023-01-29T18:53:50Z,2023-02-04T06:11:06Z
P-02206,NR-FRM-02206,Compact Mounting Bracket WA-722,Frames and Structure,Mounting Bracket,57658,22778,W-03,true,2021-03-15T03:05:42Z,2022-03-03T06:58:27Z
P-02207,NR-PWR-02207,Quiet-Drive DC-DC Converter XN-759,Power Systems,DC-DC Converter,90546,7486,W-08,true,2021-08-12T15:54:30Z,2022-06-09T17:42:37Z
P-02208,NR-SEN-02208,Sealed LIDAR Unit YA-796,Sensors,LIDAR Unit,8088,1158,W-04,true,2024-01-03T09:59:45Z,2025-02-03T14:49:35Z
P-02209,NR-ACT-02209,Industrial Servo Motor ZN-833,Actuators,Servo Motor,122195,2229,W-08,true,2022-12-07T10:52:24Z,2023-01-12T08:28:47Z
P-02210,NR-CBL-02210,Precision Cable Chain AA-870,Cabling and Connectors,Cable Chain,7798,2873,W-05,true,2022-12-16T23:03:10Z,2024-01-17T21:23:19Z
P-02211,NR-CTL-02211,Modular Motion Controller BN-907,Controllers,Motion Controller,134305,1802,W-05,false,2021-10-24T17:19:43Z,2022-07-14T12:03:21Z
P-02212,NR-DRV-02212,High-Torque Harmonic Reducer CA-944,Drivetrain,Harmonic Reducer,121024,10759,W-04,true,2024-02-24T03:19:21Z,2024-05-13T00:33:45Z
P-02213,NR-EFF-02213,Heavy-Duty Parallel Gripper DN-981,End Effectors,Parallel Gripper,278446,433,W-03,true,2022-05-27T12:03:37Z,2023-02-15T19:02:01Z
P-02214,NR-FRM-02214,Rapid-Cycle Aluminum Extrusion EA-118,Frames and Structure,Aluminum Extrusion,21100,13646,W-08,true,2024-11-06T23:23:30Z,2024-12-02T09:36:28Z
P-02215,NR-PWR-02215,Low-Backlash Battery Pack FN-155,Power Systems,Battery Pack,72491,14090,W-05,true,2023-11-16T08:32:04Z,2024-05-07T06:54:48Z
P-02216,NR-SEN-02216,Compact Force-Torque Sensor GA-192,Sensors,Force-Torque Sensor,39615,1620,W-05,true,2022-04-29T09:37:03Z,2023-02-08T23:00:26Z
P-02217,NR-ACT-02217,Quiet-Drive Linear Actuator HN-229,Actuators,Linear Actuator,366655,10437,W-05,false,2022-04-29T16:27:57Z,2022-06-18T07:29:16Z
P-02218,NR-CBL-02218,Sealed M12 Connector IA-266,Cabling and Connectors,M12 Connector,6130,3074,W-07,true,2023-12-26T20:04:43Z,2024-03-15T09:00:13Z
P-02219,NR-CTL-02219,Industrial PLC Module JN-303,Controllers,PLC Module,470699,300,W-07,true,2021-11-05T06:49:50Z,2022-09-12T10:29:15Z
P-02220,NR-DRV-02220,Precision Planetary Gearbox KA-340,Drivetrain,Planetary Gearbox,87164,6650,W-02,true,2022-09-04T08:22:55Z,2022-11-01T07:55:02Z
P-02221,NR-EFF-02221,Modular Vacuum Gripper LN-377,End Effectors,Vacuum Gripper,248543,2161,W-07,true,2022-12-01T13:40:39Z,2023-11-13T07:20:18Z
P-02222,NR-FRM-02222,High-Torque Base Plate MA-414,Frames and Structure,Base Plate,2440,23143,W-05,true,2022-04-15T23:59:57Z,2022-11-09T09:25:08Z
P-02223,NR-PWR-02223,Heavy-Duty Power Supply Unit NN-451,Power Systems,Power Supply Unit,81723,13269,W-02,true,2023-01-05T19:47:19Z,2023-08-21T17:59:23Z
P-02224,NR-SEN-02224,Rapid-Cycle Proximity Sensor OA-488,Sensors,Proximity Sensor,276071,1990,W-04,true,2022-10-20T12:13:05Z,2023-09-17T09:09:47Z
P-02225,NR-ACT-02225,Low-Backlash Rotary Actuator PN-525,Actuators,Rotary Actuator,423732,8362,W-05,true,2024-12-27T13:26:40Z,2025-04-11T04:40:06Z
P-02226,NR-CBL-02226,Compact Servo Cable QA-562,Cabling and Connectors,Servo Cable,4466,1260,W-06,true,2021-11-20T14:27:26Z,2022-02-21T01:14:52Z
P-02227,NR-CTL-02227,Quiet-Drive Edge Compute Node RN-599,Controllers,Edge Compute Node,139506,8786,W-07,true,2024-11-25T12:06:26Z,2025-03-29T21:50:08Z
P-02228,NR-DRV-02228,Sealed Timing Belt SA-636,Drivetrain,Timing Belt,70248,4095,W-07,true,2021-12-29T18:18:35Z,2022-03-20T21:35:46Z
P-02229,NR-EFF-02229,Industrial Welding Torch TN-673,End Effectors,Welding Torch,10000,5645,W-03,true,2021-08-01T08:44:15Z,2021-10-09T06:45:06Z
P-02230,NR-FRM-02230,Precision Gantry Beam UA-710,Frames and Structure,Gantry Beam,31849,42681,W-07,true,2024-06-30T09:09:54Z,2024-12-23T12:26:20Z
P-02231,NR-PWR-02231,Modular Motor Driver VN-747,Power Systems,Motor Driver,135067,12818,W-04,true,2024-02-18T22:32:05Z,2024-12-04T12:55:50Z
P-02232,NR-SEN-02232,High-Torque Rotary Encoder WA-784,Sensors,Rotary Encoder,215161,2099,W-05,true,2023-06-25T18:43:17Z,2024-05-26T23:49:29Z
P-02233,NR-ACT-02233,Heavy-Duty Stepper Motor XN-821,Actuators,Stepper Motor,239485,10062,W-03,true,2022-04-11T20:45:03Z,2022-11-24T09:15:27Z
P-02234,NR-CBL-02234,Rapid-Cycle EtherCAT Cable YA-858,Cabling and Connectors,EtherCAT Cable,9622,149,W-03,true,2024-02-04T14:19:10Z,2024-05-09T14:44:52Z
P-02235,NR-CTL-02235,Low-Backlash IO Expansion Board ZN-895,Controllers,IO Expansion Board,287992,7190,W-07,true,2023-10-08T05:00:22Z,2023-12-11T03:46:07Z
P-02236,NR-DRV-02236,Compact Ball Screw AA-932,Drivetrain,Ball Screw,265551,5513,W-06,true,2022-11-18T13:13:08Z,2022-11-20T19:58:32Z
P-02237,NR-EFF-02237,Quiet-Drive Tool Changer BN-969,End Effectors,Tool Changer,100531,12000,W-02,true,2023-10-30T02:47:25Z,2024-01-11T03:53:06Z
P-02238,NR-FRM-02238,Sealed Mounting Bracket CA-106,Frames and Structure,Mounting Bracket,20611,40892,W-07,true,2021-06-03T14:35:00Z,2021-11-27T15:26:33Z
P-02239,NR-PWR-02239,Industrial DC-DC Converter DN-143,Power Systems,DC-DC Converter,139647,5447,W-02,true,2022-08-24T13:38:26Z,2022-10-09T01:31:55Z
P-02240,NR-SEN-02240,Precision Thermal Camera Module EA-180,Sensors,Thermal Camera Module,138446,1121,W-04,true,2024-06-13T15:06:03Z,2025-05-28T23:01:13Z
P-02241,NR-ACT-02241,Modular Servo Motor FN-217,Actuators,Servo Motor,190743,19765,W-06,true,2024-01-22T20:58:43Z,2024-04-29T06:08:12Z
P-02242,NR-CBL-02242,High-Torque Cable Chain GA-254,Cabling and Connectors,Cable Chain,4694,1820,W-02,false,2024-04-12T03:56:03Z,2024-05-04T10:24:54Z
P-02243,NR-CTL-02243,Heavy-Duty Motion Controller HN-291,Controllers,Motion Controller,549741,2533,W-07,false,2024-03-09T16:31:13Z,2024-04-01T15:44:52Z
P-02244,NR-DRV-02244,Rapid-Cycle Harmonic Reducer IA-328,Drivetrain,Harmonic Reducer,67646,5109,W-03,true,2021-10-18T18:00:06Z,2022-01-17T07:07:05Z
P-02245,NR-EFF-02245,Low-Backlash Parallel Gripper JN-365,End Effectors,Parallel Gripper,180970,5394,W-06,true,2021-07-11T06:01:59Z,2022-04-30T12:08:53Z
P-02246,NR-FRM-02246,Compact Aluminum Extrusion KA-402,Frames and Structure,Aluminum Extrusion,61115,29279,W-04,true,2022-05-02T22:10:23Z,2023-03-05T01:46:45Z
P-02247,NR-PWR-02247,Quiet-Drive Battery Pack LN-439,Power Systems,Battery Pack,170084,7277,W-06,true,2024-08-11T22:07:07Z,2024-11-19T08:19:20Z
P-02248,NR-SEN-02248,Sealed LIDAR Unit MA-476,Sensors,LIDAR Unit,229525,2764,W-04,true,2023-07-04T00:30:42Z,2023-08-03T19:02:29Z
P-02249,NR-ACT-02249,Industrial Linear Actuator NN-513,Actuators,Linear Actuator,450000,18292,W-03,false,2023-05-11T04:25:44Z,2023-10-29T14:42:33Z
P-02250,NR-CBL-02250,Precision M12 Connector OA-550,Cabling and Connectors,M12 Connector,10946,1275,W-07,true,2024-09-04T13:21:45Z,2025-08-21T21:34:54Z
P-02251,NR-CTL-02251,Modular PLC Module PN-587,Controllers,PLC Module,315770,3375,W-06,true,2022-09-19T23:29:59Z,2022-12-22T10:00:36Z
P-02252,NR-DRV-02252,High-Torque Planetary Gearbox QA-624,Drivetrain,Planetary Gearbox,174939,8409,W-07,true,2024-04-21T19:35:29Z,2025-01-19T00:40:26Z
P-02253,NR-EFF-02253,Heavy-Duty Vacuum Gripper RN-661,End Effectors,Vacuum Gripper,351319,7042,W-06,true,2022-11-06T15:10:08Z,2023-07-03T05:13:50Z
P-02254,NR-FRM-02254,Rapid-Cycle Base Plate SA-698,Frames and Structure,Base Plate,63598,51117,W-03,true,2022-08-20T02:29:42Z,2023-02-27T10:28:22Z
P-02255,NR-PWR-02255,Low-Backlash Power Supply Unit TN-735,Power Systems,Power Supply Unit,95478,9252,W-01,true,2023-06-28T01:50:47Z,2024-03-31T03:17:39Z
P-02256,NR-SEN-02256,Compact Force-Torque Sensor UA-772,Sensors,Force-Torque Sensor,144183,521,W-06,true,2024-03-23T09:48:47Z,2024-07-24T02:13:40Z
P-02257,NR-ACT-02257,Quiet-Drive Rotary Actuator VN-809,Actuators,Rotary Actuator,152139,6415,W-03,true,2024-09-30T06:33:13Z,2025-04-22T07:47:21Z
P-02258,NR-CBL-02258,Sealed Servo Cable WA-846,Cabling and Connectors,Servo Cable,8823,1227,W-07,true,2024-12-11T12:01:38Z,2025-08-19T16:11:59Z
P-02259,NR-CTL-02259,Industrial Edge Compute Node XN-883,Controllers,Edge Compute Node,599830,4671,W-07,true,2024-02-06T20:27:04Z,2024-07-17T15:11:18Z
P-02260,NR-DRV-02260,Precision Timing Belt YA-920,Drivetrain,Timing Belt,251728,1888,W-01,true,2024-12-08T11:54:22Z,2025-06-25T04:41:56Z
P-02261,NR-EFF-02261,Modular Welding Torch ZN-957,End Effectors,Welding Torch,342460,3960,W-02,true,2024-11-15T13:48:49Z,2025-05-12T04:58:31Z
P-02262,NR-FRM-02262,High-Torque Gantry Beam AA-994,Frames and Structure,Gantry Beam,26196,24703,W-06,false,2021-04-13T16:33:40Z,2021-10-26T23:03:41Z
P-02263,NR-PWR-02263,Heavy-Duty Motor Driver BN-131,Power Systems,Motor Driver,171381,7479,W-07,true,2023-01-20T01:47:01Z,2023-09-04T04:42:51Z
P-02264,NR-SEN-02264,Rapid-Cycle Proximity Sensor CA-168,Sensors,Proximity Sensor,111545,1483,W-06,true,2022-02-10T00:08:09Z,2023-01-31T17:39:32Z
P-02265,NR-ACT-02265,Low-Backlash Stepper Motor DN-205,Actuators,Stepper Motor,112204,10216,W-01,true,2021-07-28T04:22:11Z,2021-08-03T10:56:24Z
P-02266,NR-CBL-02266,Compact EtherCAT Cable EA-242,Cabling and Connectors,EtherCAT Cable,6455,3284,W-03,true,2023-02-09T19:20:07Z,2024-01-14T00:39:02Z
P-02267,NR-CTL-02267,Quiet-Drive IO Expansion Board FN-279,Controllers,IO Expansion Board,228471,5836,W-02,true,2024-06-03T13:52:34Z,2025-03-21T01:17:34Z
P-02268,NR-DRV-02268,Sealed Ball Screw GA-316,Drivetrain,Ball Screw,147807,7533,W-04,false,2021-05-14T05:53:25Z,2022-01-11T14:21:42Z
P-02269,NR-EFF-02269,Industrial Tool Changer HN-353,End Effectors,Tool Changer,268992,7271,W-01,true,2022-01-24T15:02:14Z,2022-07-21T08:55:23Z
P-02270,NR-FRM-02270,Precision Mounting Bracket IA-390,Frames and Structure,Mounting Bracket,18971,37756,W-05,true,2024-05-28T01:09:41Z,2024-06-08T12:43:13Z
P-02271,NR-PWR-02271,Modular DC-DC Converter JN-427,Power Systems,DC-DC Converter,50561,9597,W-05,true,2023-08-14T14:03:40Z,2024-06-24T11:03:45Z
P-02272,NR-SEN-02272,High-Torque Rotary Encoder KA-464,Sensors,Rotary Encoder,110358,1203,W-05,true,2024-03-28T03:37:04Z,2025-03-15T21:25:45Z
P-02273,NR-ACT-02273,Heavy-Duty Servo Motor LN-501,Actuators,Servo Motor,291407,6522,W-04,true,2022-10-27T14:03:09Z,2023-03-30T07:35:49Z
P-02274,NR-CBL-02274,Rapid-Cycle Cable Chain MA-538,Cabling and Connectors,Cable Chain,7885,3817,W-08,true,2022-02-13T23:42:48Z,2022-07-03T04:21:09Z
P-02275,NR-CTL-02275,Low-Backlash Motion Controller NN-575,Controllers,Motion Controller,423677,3265,W-08,true,2021-10-14T21:36:00Z,2022-03-15T13:05:38Z
P-02276,NR-DRV-02276,Compact Harmonic Reducer OA-612,Drivetrain,Harmonic Reducer,350000,10695,W-03,true,2023-10-03T03:05:54Z,2024-06-19T10:30:31Z
P-02277,NR-EFF-02277,Quiet-Drive Parallel Gripper PN-649,End Effectors,Parallel Gripper,275183,5765,W-05,true,2021-08-03T12:56:33Z,2021-12-12T04:24:42Z
P-02278,NR-FRM-02278,Sealed Aluminum Extrusion QA-686,Frames and Structure,Aluminum Extrusion,38916,36725,W-07,true,2021-02-12T10:08:04Z,2021-12-22T23:56:34Z
P-02279,NR-PWR-02279,Industrial Battery Pack RN-723,Power Systems,Battery Pack,113428,9759,W-03,true,2022-05-12T17:27:39Z,2022-08-30T18:20:04Z
P-02280,NR-SEN-02280,Precision Thermal Camera Module SA-760,Sensors,Thermal Camera Module,300000,2059,W-07,true,2022-01-24T03:02:14Z,2022-07-02T23:33:05Z
P-02281,NR-ACT-02281,Modular Linear Actuator TN-797,Actuators,Linear Actuator,309068,5883,W-06,true,2021-08-01T05:56:18Z,2022-03-05T01:54:37Z
P-02282,NR-CBL-02282,High-Torque M12 Connector UA-834,Cabling and Connectors,M12 Connector,15000,2718,W-02,true,2023-07-02T00:54:21Z,2023-10-11T09:26:51Z
P-02283,NR-CTL-02283,Heavy-Duty PLC Module VN-871,Controllers,PLC Module,517209,5889,W-07,true,2023-10-15T12:43:51Z,2023-11-05T21:57:05Z
P-02284,NR-DRV-02284,Rapid-Cycle Planetary Gearbox WA-908,Drivetrain,Planetary Gearbox,282672,10656,W-05,true,2021-06-26T21:26:52Z,2021-12-05T05:54:01Z
P-02285,NR-EFF-02285,Low-Backlash Vacuum Gripper XN-945,End Effectors,Vacuum Gripper,251030,8609,W-03,true,2021-10-26T22:47:54Z,2022-04-21T21:45:45Z
P-02286,NR-FRM-02286,Compact Base Plate YA-982,Frames and Structure,Base Plate,29339,19255,W-01,false,2021-07-01T08:31:16Z,2021-12-15T02:23:42Z
P-02287,NR-PWR-02287,Quiet-Drive Power Supply Unit ZN-119,Power Systems,Power Supply Unit,181712,15164,W-02,true,2024-08-28T20:04:53Z,2025-07-14T15:06:23Z
P-02288,NR-SEN-02288,Sealed LIDAR Unit AA-156,Sensors,LIDAR Unit,125743,1056,W-04,true,2023-02-17T15:37:12Z,2023-12-25T03:05:11Z
P-02289,NR-ACT-02289,Industrial Rotary Actuator BN-193,Actuators,Rotary Actuator,173694,20503,W-03,true,2021-01-08T17:32:18Z,2021-05-23T07:23:17Z
P-02290,NR-CBL-02290,Precision Servo Cable CA-230,Cabling and Connectors,Servo Cable,7271,3195,W-05,true,2021-09-28T02:15:19Z,2021-11-09T10:22:20Z
P-02291,NR-CTL-02291,Modular Edge Compute Node DN-267,Controllers,Edge Compute Node,425648,1795,W-07,true,2024-03-11T15:13:55Z,2025-02-27T02:59:42Z
P-02292,NR-DRV-02292,High-Torque Timing Belt EA-304,Drivetrain,Timing Belt,114339,4355,W-08,true,2023-06-09T21:20:12Z,2024-03-15T21:58:34Z
P-02293,NR-EFF-02293,Heavy-Duty Welding Torch FN-341,End Effectors,Welding Torch,316018,9079,W-03,true,2024-07-20T21:03:39Z,2024-09-30T10:12:42Z
P-02294,NR-FRM-02294,Rapid-Cycle Gantry Beam GA-378,Frames and Structure,Gantry Beam,34819,38267,W-01,false,2022-09-21T00:48:25Z,2023-07-06T03:22:28Z
P-02295,NR-PWR-02295,Low-Backlash Motor Driver HN-415,Power Systems,Motor Driver,158366,3833,W-07,true,2024-04-01T21:07:31Z,2025-01-29T20:52:07Z
P-02296,NR-SEN-02296,Compact Force-Torque Sensor IA-452,Sensors,Force-Torque Sensor,221986,1557,W-04,true,2023-03-05T15:37:16Z,2023-04-21T16:53:21Z
P-02297,NR-ACT-02297,Quiet-Drive Stepper Motor JN-489,Actuators,Stepper Motor,150006,7373,W-08,true,2023-01-05T08:44:45Z,2023-10-19T08:14:19Z
P-02298,NR-CBL-02298,Sealed EtherCAT Cable KA-526,Cabling and Connectors,EtherCAT Cable,8369,3001,W-04,true,2024-09-26T04:03:49Z,2025-09-04T02:48:22Z
P-02299,NR-CTL-02299,Industrial IO Expansion Board LN-563,Controllers,IO Expansion Board,554095,300,W-08,true,2022-05-09T15:43:28Z,2022-11-06T21:13:19Z
P-02300,NR-DRV-02300,Precision Ball Screw MA-600,Drivetrain,Ball Screw,119992,11617,W-03,true,2023-09-12T13:25:02Z,2024-06-01T22:23:56Z
P-02301,NR-EFF-02301,Modular Tool Changer NN-637,End Effectors,Tool Changer,254081,4361,W-03,true,2024-01-04T09:37:57Z,2024-10-31T23:16:21Z
P-02302,NR-FRM-02302,High-Torque Mounting Bracket OA-674,Frames and Structure,Mounting Bracket,14894,31019,W-07,true,2023-01-08T14:36:45Z,2023-03-13T03:24:16Z
P-02303,NR-PWR-02303,Heavy-Duty DC-DC Converter PN-711,Power Systems,DC-DC Converter,165000,13200,W-04,false,2024-03-03T05:37:28Z,2024-08-24T16:34:31Z
P-02304,NR-SEN-02304,Rapid-Cycle Proximity Sensor QA-748,Sensors,Proximity Sensor,131380,2299,W-05,true,2022-05-26T08:14:53Z,2023-06-18T20:51:44Z
P-02305,NR-ACT-02305,Low-Backlash Servo Motor RN-785,Actuators,Servo Motor,232028,7138,W-04,true,2021-06-07T07:32:53Z,2022-04-08T19:07:26Z
P-02306,NR-CBL-02306,Compact Cable Chain SA-822,Cabling and Connectors,Cable Chain,7399,1446,W-06,true,2022-01-03T04:17:48Z,2022-03-04T02:44:13Z
P-02307,NR-CTL-02307,Quiet-Drive Motion Controller TN-859,Controllers,Motion Controller,286148,5682,W-05,true,2023-02-16T20:49:15Z,2023-04-22T13:41:25Z
P-02308,NR-DRV-02308,Sealed Harmonic Reducer UA-896,Drivetrain,Harmonic Reducer,325298,12278,W-08,true,2021-05-18T07:12:46Z,2021-06-10T00:02:32Z
P-02309,NR-EFF-02309,Industrial Parallel Gripper VN-933,End Effectors,Parallel Gripper,259653,9546,W-03,true,2022-08-13T14:15:41Z,2022-09-28T08:48:35Z
P-02310,NR-FRM-02310,Precision Aluminum Extrusion WA-970,Frames and Structure,Aluminum Extrusion,29436,31844,W-03,true,2022-03-02T10:36:06Z,2023-01-25T11:18:25Z
P-02311,NR-PWR-02311,Modular Battery Pack XN-107,Power Systems,Battery Pack,188535,200,W-06,true,2021-08-06T09:15:55Z,2022-06-02T15:57:53Z
P-02312,NR-SEN-02312,High-Torque Rotary Encoder YA-144,Sensors,Rotary Encoder,143189,635,W-02,true,2021-07-10T06:36:44Z,2022-02-17T00:15:05Z
P-02313,NR-ACT-02313,Heavy-Duty Linear Actuator ZN-181,Actuators,Linear Actuator,174782,13331,W-08,true,2022-11-18T15:45:30Z,2023-09-22T21:46:32Z
P-02314,NR-CBL-02314,Rapid-Cycle M12 Connector AA-218,Cabling and Connectors,M12 Connector,9775,3314,W-01,true,2024-07-15T10:53:11Z,2024-11-20T04:24:54Z
P-02315,NR-CTL-02315,Low-Backlash PLC Module BN-255,Controllers,PLC Module,201952,6831,W-07,true,2021-11-15T15:14:04Z,2022-04-13T04:29:04Z
P-02316,NR-DRV-02316,Compact Planetary Gearbox CA-292,Drivetrain,Planetary Gearbox,100009,5164,W-01,true,2022-09-07T06:00:47Z,2023-03-29T22:58:38Z
P-02317,NR-EFF-02317,Quiet-Drive Vacuum Gripper DN-329,End Effectors,Vacuum Gripper,73957,5920,W-01,true,2022-10-05T12:33:08Z,2023-07-30T05:10:48Z
P-02318,NR-FRM-02318,Sealed Base Plate EA-366,Frames and Structure,Base Plate,36054,11373,W-04,true,2022-12-03T09:03:32Z,2022-12-23T05:48:28Z
P-02319,NR-PWR-02319,Industrial Power Supply Unit FN-403,Power Systems,Power Supply Unit,18337,14015,W-01,true,2021-12-09T19:18:34Z,2022-03-05T23:20:07Z
P-02320,NR-SEN-02320,Precision Thermal Camera Module GA-440,Sensors,Thermal Camera Module,300000,2207,W-02,true,2024-05-04T20:53:04Z,2024-05-26T06:15:55Z
P-02321,NR-ACT-02321,Modular Rotary Actuator HN-477,Actuators,Rotary Actuator,374720,17315,W-07,true,2022-02-27T16:56:45Z,2022-03-26T00:39:06Z
P-02322,NR-CBL-02322,High-Torque Servo Cable IA-514,Cabling and Connectors,Servo Cable,7758,1595,W-02,true,2022-02-27T09:02:57Z,2022-08-13T17:13:10Z
P-02323,NR-CTL-02323,Heavy-Duty Edge Compute Node JN-551,Controllers,Edge Compute Node,142195,5129,W-01,true,2021-11-15T15:22:18Z,2022-06-16T04:14:28Z
P-02324,NR-DRV-02324,Rapid-Cycle Timing Belt KA-588,Drivetrain,Timing Belt,139312,7192,W-05,true,2023-04-28T09:32:18Z,2023-11-20T11:07:47Z
P-02325,NR-EFF-02325,Low-Backlash Welding Torch LN-625,End Effectors,Welding Torch,292233,6635,W-01,true,2023-02-06T19:37:45Z,2023-07-24T23:40:13Z
P-02326,NR-FRM-02326,Compact Gantry Beam MA-662,Frames and Structure,Gantry Beam,80000,41410,W-04,true,2021-01-17T04:33:26Z,2021-08-24T22:40:33Z
P-02327,NR-PWR-02327,Quiet-Drive Motor Driver NN-699,Power Systems,Motor Driver,42523,5789,W-07,true,2021-03-15T21:11:21Z,2021-11-12T20:54:42Z
P-02328,NR-SEN-02328,Sealed LIDAR Unit OA-736,Sensors,LIDAR Unit,62149,128,W-01,true,2023-05-23T18:12:50Z,2024-04-11T19:55:41Z
P-02329,NR-ACT-02329,Industrial Stepper Motor PN-773,Actuators,Stepper Motor,382327,1383,W-02,true,2021-02-21T05:35:51Z,2021-04-18T10:22:06Z
P-02330,NR-CBL-02330,Precision EtherCAT Cable QA-810,Cabling and Connectors,EtherCAT Cable,11204,1054,W-02,true,2021-07-09T12:15:43Z,2021-12-12T07:11:54Z
P-02331,NR-CTL-02331,Modular IO Expansion Board RN-847,Controllers,IO Expansion Board,439683,9000,W-07,true,2022-02-10T15:44:55Z,2022-06-11T18:36:45Z
P-02332,NR-DRV-02332,High-Torque Ball Screw SA-884,Drivetrain,Ball Screw,236959,7492,W-08,true,2021-04-06T08:32:21Z,2022-04-12T16:08:13Z
P-02333,NR-EFF-02333,Heavy-Duty Tool Changer TN-921,End Effectors,Tool Changer,87510,4307,W-07,true,2024-12-12T19:39:58Z,2025-02-28T06:00:36Z
P-02334,NR-FRM-02334,Rapid-Cycle Mounting Bracket UA-958,Frames and Structure,Mounting Bracket,47753,48153,W-03,true,2024-05-07T21:06:31Z,2025-05-16T03:15:18Z
P-02335,NR-PWR-02335,Low-Backlash DC-DC Converter VN-995,Power Systems,DC-DC Converter,204986,13130,W-07,true,2021-06-30T05:01:19Z,2021-12-05T02:24:06Z
P-02336,NR-SEN-02336,Compact Force-Torque Sensor WA-132,Sensors,Force-Torque Sensor,245263,702,W-02,true,2022-04-26T16:39:00Z,2022-05-09T07:05:03Z
P-02337,NR-ACT-02337,Quiet-Drive Servo Motor XN-169,Actuators,Servo Motor,324961,11094,W-03,true,2021-01-07T16:37:04Z,2021-05-13T04:32:15Z
P-02338,NR-CBL-02338,Sealed Cable Chain YA-206,Cabling and Connectors,Cable Chain,12031,1783,W-08,true,2021-07-05T05:15:27Z,2021-10-16T03:36:34Z
P-02339,NR-CTL-02339,Industrial Motion Controller ZN-243,Controllers,Motion Controller,592990,2616,W-06,true,2024-11-12T12:30:54Z,2025-11-23T21:43:11Z
P-02340,NR-DRV-02340,Precision Harmonic Reducer AA-280,Drivetrain,Harmonic Reducer,209088,6956,W-08,false,2023-01-11T02:51:12Z,2024-02-11T07:22:00Z
P-02341,NR-EFF-02341,Modular Parallel Gripper BN-317,End Effectors,Parallel Gripper,173753,8207,W-06,true,2021-04-22T10:56:39Z,2021-10-24T23:17:02Z
P-02342,NR-FRM-02342,High-Torque Aluminum Extrusion CA-354,Frames and Structure,Aluminum Extrusion,2000,17461,W-03,true,2023-02-15T15:53:17Z,2023-10-07T23:20:23Z
P-02343,NR-PWR-02343,Heavy-Duty Battery Pack DN-391,Power Systems,Battery Pack,105150,7674,W-04,true,2023-06-17T06:18:54Z,2024-01-25T14:44:17Z
P-02344,NR-SEN-02344,Rapid-Cycle Proximity Sensor EA-428,Sensors,Proximity Sensor,204758,2850,W-02,true,2024-09-24T08:07:49Z,2024-10-31T12:46:25Z
P-02345,NR-ACT-02345,Low-Backlash Linear Actuator FN-465,Actuators,Linear Actuator,303589,13030,W-01,true,2021-03-21T20:17:59Z,2022-02-04T01:14:09Z
P-02346,NR-CBL-02346,Compact M12 Connector GA-502,Cabling and Connectors,M12 Connector,4435,1397,W-01,true,2022-09-24T12:09:44Z,2023-04-09T05:28:26Z
P-02347,NR-CTL-02347,Quiet-Drive PLC Module HN-539,Controllers,PLC Module,540308,2835,W-07,true,2023-10-17T01:00:25Z,2024-11-05T22:55:37Z
P-02348,NR-DRV-02348,Sealed Planetary Gearbox IA-576,Drivetrain,Planetary Gearbox,166109,100,W-05,true,2022-07-19T08:12:52Z,2023-02-24T03:38:12Z
P-02349,NR-EFF-02349,Industrial Vacuum Gripper JN-613,End Effectors,Vacuum Gripper,32988,6529,W-07,true,2023-07-17T17:37:41Z,2024-02-17T01:05:53Z
P-02350,NR-FRM-02350,Precision Base Plate KA-650,Frames and Structure,Base Plate,2000,25988,W-08,true,2023-07-29T01:43:48Z,2024-03-04T08:40:41Z
P-02351,NR-PWR-02351,Modular Power Supply Unit LN-687,Power Systems,Power Supply Unit,5000,8570,W-01,false,2021-02-17T13:48:06Z,2021-12-01T09:00:46Z
P-02352,NR-SEN-02352,High-Torque Rotary Encoder MA-724,Sensors,Rotary Encoder,300000,3398,W-06,true,2022-06-25T09:27:45Z,2023-05-03T13:14:35Z
P-02353,NR-ACT-02353,Heavy-Duty Rotary Actuator NN-761,Actuators,Rotary Actuator,259359,16161,W-08,true,2024-08-16T03:05:09Z,2025-01-06T05:24:29Z
P-02354,NR-CBL-02354,Rapid-Cycle Servo Cable OA-798,Cabling and Connectors,Servo Cable,2058,2516,W-06,true,2022-09-20T21:56:30Z,2023-01-02T10:15:23Z
P-02355,NR-CTL-02355,Low-Backlash Edge Compute Node PN-835,Controllers,Edge Compute Node,476061,2593,W-07,true,2022-08-18T15:07:54Z,2022-08-24T20:10:06Z
P-02356,NR-DRV-02356,Compact Timing Belt QA-872,Drivetrain,Timing Belt,52491,8361,W-06,true,2023-10-13T19:30:47Z,2024-05-13T23:42:49Z
P-02357,NR-EFF-02357,Quiet-Drive Welding Torch RN-909,End Effectors,Welding Torch,321531,7427,W-06,true,2022-10-16T23:14:46Z,2023-03-05T19:17:50Z
P-02358,NR-FRM-02358,Sealed Gantry Beam SA-946,Frames and Structure,Gantry Beam,38699,56369,W-02,true,2021-06-09T09:28:54Z,2021-06-13T09:26:57Z
P-02359,NR-PWR-02359,Industrial Motor Driver TN-983,Power Systems,Motor Driver,214815,9236,W-04,true,2023-07-21T07:10:07Z,2023-09-05T02:54:19Z
P-02360,NR-SEN-02360,Precision Thermal Camera Module UA-120,Sensors,Thermal Camera Module,51916,25,W-02,true,2023-04-14T02:39:44Z,2023-08-01T09:50:49Z
P-02361,NR-ACT-02361,Modular Stepper Motor VN-157,Actuators,Stepper Motor,343661,11467,W-07,true,2021-06-22T22:20:08Z,2021-09-25T11:15:38Z
P-02362,NR-CBL-02362,High-Torque EtherCAT Cable WA-194,Cabling and Connectors,EtherCAT Cable,3778,3429,W-01,true,2021-08-10T20:54:39Z,2021-12-03T21:22:55Z
P-02363,NR-CTL-02363,Heavy-Duty IO Expansion Board XN-231,Controllers,IO Expansion Board,579641,7165,W-06,true,2022-03-08T10:04:38Z,2023-03-09T06:56:42Z
P-02364,NR-DRV-02364,Rapid-Cycle Ball Screw YA-268,Drivetrain,Ball Screw,154810,9469,W-08,true,2023-07-31T09:09:24Z,2024-03-18T04:37:30Z
P-02365,NR-EFF-02365,Low-Backlash Tool Changer ZN-305,End Effectors,Tool Changer,350839,6546,W-08,true,2023-05-11T23:44:36Z,2023-12-06T03:11:20Z
P-02366,NR-FRM-02366,Compact Mounting Bracket AA-342,Frames and Structure,Mounting Bracket,7437,38148,W-06,true,2024-04-29T09:57:01Z,2024-07-17T11:15:50Z
P-02367,NR-PWR-02367,Quiet-Drive DC-DC Converter BN-379,Power Systems,DC-DC Converter,87025,200,W-03,true,2024-07-07T05:06:10Z,2025-03-08T10:17:22Z
P-02368,NR-SEN-02368,Sealed LIDAR Unit CA-416,Sensors,LIDAR Unit,219498,3500,W-08,true,2021-09-13T21:39:12Z,2021-12-24T20:22:04Z
P-02369,NR-ACT-02369,Industrial Servo Motor DN-453,Actuators,Servo Motor,244456,10890,W-02,true,2023-09-21T12:23:53Z,2024-06-26T15:48:18Z
P-02370,NR-CBL-02370,Precision Cable Chain EA-490,Cabling and Connectors,Cable Chain,12162,1661,W-07,true,2022-12-23T08:38:33Z,2023-06-27T23:29:23Z
P-02371,NR-CTL-02371,Modular Motion Controller FN-527,Controllers,Motion Controller,900000,5557,W-02,true,2021-02-06T20:42:17Z,2021-09-27T23:00:37Z
P-02372,NR-DRV-02372,High-Torque Harmonic Reducer GA-564,Drivetrain,Harmonic Reducer,234695,9389,W-02,true,2021-04-30T22:16:22Z,2022-01-14T12:16:59Z
P-02373,NR-EFF-02373,Heavy-Duty Parallel Gripper HN-601,End Effectors,Parallel Gripper,299027,4963,W-01,true,2022-02-12T23:49:03Z,2022-09-24T14:52:17Z
P-02374,NR-FRM-02374,Rapid-Cycle Aluminum Extrusion IA-638,Frames and Structure,Aluminum Extrusion,21334,33157,W-02,true,2024-10-04T21:55:42Z,2025-01-13T00:39:53Z
P-02375,NR-PWR-02375,Low-Backlash Battery Pack JN-675,Power Systems,Battery Pack,91379,8236,W-01,true,2021-12-11T21:14:43Z,2022-09-05T08:26:53Z
P-02376,NR-SEN-02376,Compact Force-Torque Sensor KA-712,Sensors,Force-Torque Sensor,8000,1789,W-01,true,2021-12-20T04:01:01Z,2022-12-16T01:53:28Z
P-02377,NR-ACT-02377,Quiet-Drive Linear Actuator LN-749,Actuators,Linear Actuator,57623,7868,W-06,true,2024-07-03T21:29:38Z,2025-06-14T06:02:58Z
P-02378,NR-CBL-02378,Sealed M12 Connector MA-786,Cabling and Connectors,M12 Connector,7620,4000,W-02,true,2022-09-18T06:11:34Z,2022-09-28T22:20:22Z
P-02379,NR-CTL-02379,Industrial PLC Module NN-823,Controllers,PLC Module,380033,6423,W-07,false,2024-11-22T08:25:34Z,2025-12-10T06:21:55Z
P-02380,NR-DRV-02380,Precision Planetary Gearbox OA-860,Drivetrain,Planetary Gearbox,202601,2674,W-01,true,2021-02-02T09:33:47Z,2021-09-06T12:39:22Z
P-02381,NR-EFF-02381,Modular Vacuum Gripper PN-897,End Effectors,Vacuum Gripper,355883,11869,W-08,true,2023-07-26T07:52:53Z,2024-06-24T06:16:19Z
P-02382,NR-FRM-02382,High-Torque Base Plate QA-934,Frames and Structure,Base Plate,35359,28341,W-07,true,2021-08-27T00:41:11Z,2022-07-26T08:38:14Z
P-02383,NR-PWR-02383,Heavy-Duty Power Supply Unit RN-971,Power Systems,Power Supply Unit,150156,9253,W-06,true,2022-10-16T00:51:03Z,2023-10-08T02:14:16Z
P-02384,NR-SEN-02384,Rapid-Cycle Proximity Sensor SA-108,Sensors,Proximity Sensor,158732,2714,W-05,true,2024-10-20T06:48:05Z,2024-11-22T20:41:27Z
P-02385,NR-ACT-02385,Low-Backlash Rotary Actuator TN-145,Actuators,Rotary Actuator,315054,13555,W-03,true,2024-12-10T04:18:59Z,2025-06-01T03:11:57Z
P-02386,NR-CBL-02386,Compact Servo Cable UA-182,Cabling and Connectors,Servo Cable,3547,2633,W-03,true,2023-05-08T05:58:36Z,2023-06-22T18:06:10Z
P-02387,NR-CTL-02387,Quiet-Drive Edge Compute Node VN-219,Controllers,Edge Compute Node,560770,5831,W-02,true,2021-10-30T01:40:08Z,2022-11-06T01:12:36Z
P-02388,NR-DRV-02388,Sealed Timing Belt WA-256,Drivetrain,Timing Belt,157828,2471,W-07,true,2024-08-11T16:31:20Z,2025-06-16T15:29:10Z
P-02389,NR-EFF-02389,Industrial Welding Torch XN-293,End Effectors,Welding Torch,225583,8480,W-07,true,2021-10-08T03:56:12Z,2022-06-16T03:07:05Z
P-02390,NR-FRM-02390,Precision Gantry Beam YA-330,Frames and Structure,Gantry Beam,52584,4548,W-07,true,2022-01-09T10:19:29Z,2022-04-28T19:44:47Z
P-02391,NR-PWR-02391,Modular Motor Driver ZN-367,Power Systems,Motor Driver,158282,7495,W-02,true,2024-04-06T04:05:28Z,2024-04-30T22:55:54Z
P-02392,NR-SEN-02392,High-Torque Rotary Encoder AA-404,Sensors,Rotary Encoder,141975,2707,W-03,true,2024-01-24T16:59:58Z,2024-10-07T19:10:30Z
P-02393,NR-ACT-02393,Heavy-Duty Stepper Motor BN-441,Actuators,Stepper Motor,90564,22000,W-02,true,2022-05-24T22:51:47Z,2023-02-11T12:19:17Z
P-02394,NR-CBL-02394,Rapid-Cycle EtherCAT Cable CA-478,Cabling and Connectors,EtherCAT Cable,6456,2749,W-07,true,2024-07-19T17:21:57Z,2025-08-11T07:10:04Z
P-02395,NR-CTL-02395,Low-Backlash IO Expansion Board DN-515,Controllers,IO Expansion Board,265591,3830,W-04,true,2022-07-28T02:25:55Z,2023-07-14T07:38:53Z
P-02396,NR-DRV-02396,Compact Ball Screw EA-552,Drivetrain,Ball Screw,350000,12297,W-08,true,2021-08-13T07:34:53Z,2022-05-02T19:11:08Z
P-02397,NR-EFF-02397,Quiet-Drive Tool Changer FN-589,End Effectors,Tool Changer,209240,3880,W-02,true,2024-08-10T19:47:29Z,2024-10-13T22:56:59Z
P-02398,NR-FRM-02398,Sealed Mounting Bracket GA-626,Frames and Structure,Mounting Bracket,30388,46863,W-05,true,2021-12-18T15:18:21Z,2022-01-23T10:29:17Z
P-02399,NR-PWR-02399,Industrial DC-DC Converter HN-663,Power Systems,DC-DC Converter,102604,18000,W-08,true,2022-09-02T10:22:35Z,2023-01-23T05:02:53Z
P-02400,NR-SEN-02400,Precision Thermal Camera Module IA-700,Sensors,Thermal Camera Module,246355,1013,W-02,true,2021-06-04T02:46:15Z,2022-06-16T02:46:41Z
P-02401,NR-ACT-02401,Modular Servo Motor JN-737,Actuators,Servo Motor,214581,14227,W-06,true,2021-02-11T01:51:33Z,2021-10-03T16:12:31Z
P-02402,NR-CBL-02402,High-Torque Cable Chain KA-774,Cabling and Connectors,Cable Chain,11156,2584,W-01,true,2022-07-12T23:17:52Z,2023-01-15T22:58:40Z
P-02403,NR-CTL-02403,Heavy-Duty Motion Controller LN-811,Controllers,Motion Controller,66817,2141,W-08,true,2023-01-08T15:16:59Z,2023-01-12T11:38:13Z
P-02404,NR-DRV-02404,Rapid-Cycle Harmonic Reducer MA-848,Drivetrain,Harmonic Reducer,6000,14166,W-02,true,2021-12-01T16:30:53Z,2022-03-05T18:10:07Z
P-02405,NR-EFF-02405,Low-Backlash Parallel Gripper NN-885,End Effectors,Parallel Gripper,341353,2738,W-08,true,2024-04-27T01:16:11Z,2025-01-30T08:18:47Z
P-02406,NR-FRM-02406,Compact Aluminum Extrusion OA-922,Frames and Structure,Aluminum Extrusion,52153,30656,W-01,true,2023-06-28T19:49:20Z,2023-08-05T16:34:06Z
P-02407,NR-PWR-02407,Quiet-Drive Battery Pack PN-959,Power Systems,Battery Pack,163082,11137,W-01,true,2023-08-20T13:48:46Z,2024-02-11T21:02:01Z
P-02408,NR-SEN-02408,Sealed LIDAR Unit QA-996,Sensors,LIDAR Unit,69815,1829,W-01,true,2023-10-01T17:23:05Z,2023-10-18T13:30:30Z
P-02409,NR-ACT-02409,Industrial Linear Actuator RN-133,Actuators,Linear Actuator,290513,17722,W-01,true,2022-08-09T07:29:00Z,2022-11-30T21:18:46Z
P-02410,NR-CBL-02410,Precision M12 Connector SA-170,Cabling and Connectors,M12 Connector,8997,2838,W-03,true,2021-04-10T09:43:57Z,2022-05-14T17:40:30Z
P-02411,NR-CTL-02411,Modular PLC Module TN-207,Controllers,PLC Module,449613,2621,W-06,true,2022-11-30T06:27:53Z,2023-03-21T01:12:56Z
P-02412,NR-DRV-02412,High-Torque Planetary Gearbox UA-244,Drivetrain,Planetary Gearbox,188200,10573,W-02,true,2021-12-04T09:37:27Z,2022-03-20T14:12:11Z
P-02413,NR-EFF-02413,Heavy-Duty Vacuum Gripper VN-281,End Effectors,Vacuum Gripper,252728,4844,W-06,true,2022-12-30T03:15:47Z,2023-12-26T16:18:44Z
P-02414,NR-FRM-02414,Rapid-Cycle Base Plate WA-318,Frames and Structure,Base Plate,61836,20991,W-04,true,2022-08-09T09:46:48Z,2023-03-22T08:47:13Z
P-02415,NR-PWR-02415,Low-Backlash Power Supply Unit XN-355,Power Systems,Power Supply Unit,80440,10426,W-01,true,2024-04-30T08:55:02Z,2024-07-31T05:37:29Z
P-02416,NR-SEN-02416,Compact Force-Torque Sensor YA-392,Sensors,Force-Torque Sensor,22078,379,W-06,true,2023-08-13T05:58:24Z,2023-11-02T08:19:07Z
P-02417,NR-ACT-02417,Quiet-Drive Rotary Actuator ZN-429,Actuators,Rotary Actuator,374419,7325,W-03,true,2022-10-16T13:35:05Z,2023-09-14T00:17:23Z
P-02418,NR-CBL-02418,Sealed Servo Cable AA-466,Cabling and Connectors,Servo Cable,5840,2779,W-06,true,2024-03-26T02:23:32Z,2025-02-13T20:09:49Z
P-02419,NR-CTL-02419,Industrial Edge Compute Node BN-503,Controllers,Edge Compute Node,508788,4855,W-04,true,2024-06-29T22:46:37Z,2025-03-06T09:29:14Z
P-02420,NR-DRV-02420,Precision Timing Belt CA-540,Drivetrain,Timing Belt,149394,7731,W-06,true,2023-08-29T19:44:04Z,2023-10-15T07:52:07Z
P-02421,NR-EFF-02421,Modular Welding Torch DN-577,End Effectors,Welding Torch,306310,7922,W-01,true,2023-08-31T13:20:31Z,2024-08-08T17:04:22Z
P-02422,NR-FRM-02422,High-Torque Gantry Beam EA-614,Frames and Structure,Gantry Beam,68155,33402,W-02,true,2021-11-14T16:13:46Z,2022-08-02T02:40:03Z
P-02423,NR-PWR-02423,Heavy-Duty Motor Driver FN-651,Power Systems,Motor Driver,128364,11646,W-05,true,2022-07-07T14:47:21Z,2022-11-05T06:01:17Z
P-02424,NR-SEN-02424,Rapid-Cycle Proximity Sensor GA-688,Sensors,Proximity Sensor,189831,1968,W-05,true,2022-07-26T02:23:57Z,2023-06-12T17:30:15Z
P-02425,NR-ACT-02425,Low-Backlash Stepper Motor HN-725,Actuators,Stepper Motor,255894,17432,W-05,true,2021-08-25T11:14:38Z,2022-04-24T11:18:42Z
P-02426,NR-CBL-02426,Compact EtherCAT Cable IA-762,Cabling and Connectors,EtherCAT Cable,8020,2271,W-02,true,2022-06-07T23:17:53Z,2022-12-15T18:41:51Z
P-02427,NR-CTL-02427,Quiet-Drive IO Expansion Board JN-799,Controllers,IO Expansion Board,216421,3502,W-04,true,2023-12-29T03:11:38Z,2024-02-23T22:48:03Z
P-02428,NR-DRV-02428,Sealed Ball Screw KA-836,Drivetrain,Ball Screw,195726,10334,W-02,true,2023-09-01T00:43:59Z,2024-09-25T02:30:35Z
P-02429,NR-EFF-02429,Industrial Tool Changer LN-873,End Effectors,Tool Changer,326287,3747,W-03,true,2023-01-14T17:00:37Z,2023-08-02T23:46:13Z
P-02430,NR-FRM-02430,Precision Mounting Bracket MA-910,Frames and Structure,Mounting Bracket,63793,43438,W-06,true,2023-02-11T22:58:45Z,2023-12-29T12:54:31Z
P-02431,NR-PWR-02431,Modular DC-DC Converter NN-947,Power Systems,DC-DC Converter,114539,10533,W-03,true,2024-11-29T03:50:54Z,2025-03-17T11:35:26Z
P-02432,NR-SEN-02432,High-Torque Rotary Encoder OA-984,Sensors,Rotary Encoder,186110,1863,W-05,true,2021-02-17T02:55:41Z,2021-12-15T08:42:03Z
P-02433,NR-ACT-02433,Heavy-Duty Servo Motor PN-121,Actuators,Servo Motor,254073,8154,W-02,true,2021-10-13T19:36:40Z,2022-09-13T15:34:22Z
P-02434,NR-CBL-02434,Rapid-Cycle Cable Chain QA-158,Cabling and Connectors,Cable Chain,1511,2603,W-02,true,2022-07-27T21:52:11Z,2022-09-15T07:42:51Z
P-02435,NR-CTL-02435,Low-Backlash Motion Controller RN-195,Controllers,Motion Controller,548941,2285,W-06,true,2022-06-21T14:25:22Z,2022-12-09T22:50:31Z
P-02436,NR-DRV-02436,Compact Harmonic Reducer SA-232,Drivetrain,Harmonic Reducer,350000,5630,W-04,false,2022-07-22T16:16:14Z,2023-05-23T08:22:32Z
P-02437,NR-EFF-02437,Quiet-Drive Parallel Gripper TN-269,End Effectors,Parallel Gripper,174992,10623,W-07,false,2022-02-09T04:07:41Z,2023-01-17T22:18:38Z
P-02438,NR-FRM-02438,Sealed Aluminum Extrusion UA-306,Frames and Structure,Aluminum Extrusion,15072,28842,W-05,true,2024-06-18T17:33:34Z,2025-01-28T09:52:42Z
P-02439,NR-PWR-02439,Industrial Battery Pack VN-343,Power Systems,Battery Pack,97511,1004,W-06,true,2023-08-30T15:22:18Z,2023-12-15T21:33:07Z
P-02440,NR-SEN-02440,Precision Thermal Camera Module WA-380,Sensors,Thermal Camera Module,80946,3500,W-03,false,2022-10-13T14:14:36Z,2023-06-24T13:47:53Z
P-02441,NR-ACT-02441,Modular Linear Actuator XN-417,Actuators,Linear Actuator,46981,19521,W-05,true,2023-11-11T04:13:58Z,2023-12-23T07:16:35Z
P-02442,NR-CBL-02442,High-Torque M12 Connector YA-454,Cabling and Connectors,M12 Connector,11831,739,W-06,true,2024-01-10T10:34:55Z,2025-01-26T17:40:07Z
P-02443,NR-CTL-02443,Heavy-Duty PLC Module ZN-491,Controllers,PLC Module,688608,9000,W-07,true,2023-08-12T15:26:20Z,2024-07-20T01:28:19Z
P-02444,NR-DRV-02444,Rapid-Cycle Planetary Gearbox AA-528,Drivetrain,Planetary Gearbox,126292,6238,W-01,true,2021-04-24T07:44:39Z,2021-08-04T01:34:56Z
P-02445,NR-EFF-02445,Low-Backlash Vacuum Gripper BN-565,End Effectors,Vacuum Gripper,162755,4929,W-05,true,2021-10-17T00:18:53Z,2022-02-08T11:00:39Z
P-02446,NR-FRM-02446,Compact Base Plate CA-602,Frames and Structure,Base Plate,44780,18211,W-02,true,2024-08-24T08:25:21Z,2024-08-29T04:58:30Z
P-02447,NR-PWR-02447,Quiet-Drive Power Supply Unit DN-639,Power Systems,Power Supply Unit,114564,13083,W-05,true,2022-12-22T05:47:28Z,2023-04-07T14:32:38Z
P-02448,NR-SEN-02448,Sealed LIDAR Unit EA-676,Sensors,LIDAR Unit,51809,3000,W-05,true,2021-03-22T16:26:49Z,2022-03-14T03:59:49Z
P-02449,NR-ACT-02449,Industrial Rotary Actuator FN-713,Actuators,Rotary Actuator,310251,11792,W-06,true,2022-12-05T08:59:39Z,2023-03-27T05:41:21Z
P-02450,NR-CBL-02450,Precision Servo Cable GA-750,Cabling and Connectors,Servo Cable,8014,1359,W-01,true,2024-12-10T05:06:42Z,2025-07-07T17:10:20Z
P-02451,NR-CTL-02451,Modular Edge Compute Node HN-787,Controllers,Edge Compute Node,320998,7810,W-08,true,2024-04-04T20:12:43Z,2025-03-16T16:35:27Z
P-02452,NR-DRV-02452,High-Torque Timing Belt IA-824,Drivetrain,Timing Belt,234833,7732,W-08,true,2024-08-11T09:55:02Z,2025-07-08T13:26:35Z
P-02453,NR-EFF-02453,Heavy-Duty Welding Torch JN-861,End Effectors,Welding Torch,273357,7454,W-02,true,2024-07-06T06:40:58Z,2024-10-31T23:45:18Z
P-02454,NR-FRM-02454,Rapid-Cycle Gantry Beam KA-898,Frames and Structure,Gantry Beam,80000,36394,W-03,true,2024-01-24T13:05:22Z,2024-09-07T11:40:50Z
P-02455,NR-PWR-02455,Low-Backlash Motor Driver LN-935,Power Systems,Motor Driver,79084,9025,W-04,true,2024-04-16T04:17:01Z,2024-09-21T06:32:55Z
P-02456,NR-SEN-02456,Compact Force-Torque Sensor MA-972,Sensors,Force-Torque Sensor,188346,3156,W-07,true,2023-11-16T15:44:19Z,2024-09-07T14:34:18Z
P-02457,NR-ACT-02457,Quiet-Drive Stepper Motor NN-109,Actuators,Stepper Motor,422633,12570,W-06,true,2023-12-10T22:56:33Z,2024-10-20T21:28:56Z
P-02458,NR-CBL-02458,Sealed EtherCAT Cable OA-146,Cabling and Connectors,EtherCAT Cable,1617,2017,W-08,true,2022-08-16T03:48:55Z,2022-08-22T22:29:58Z
P-02459,NR-CTL-02459,Industrial IO Expansion Board PN-183,Controllers,IO Expansion Board,649206,2155,W-06,true,2022-03-21T08:21:16Z,2023-02-22T02:50:34Z
P-02460,NR-DRV-02460,Precision Ball Screw QA-220,Drivetrain,Ball Screw,261131,4025,W-05,true,2022-07-30T12:11:03Z,2023-06-21T04:37:26Z
P-02461,NR-EFF-02461,Modular Tool Changer RN-257,End Effectors,Tool Changer,218701,10687,W-08,true,2021-10-19T17:35:16Z,2022-02-09T19:14:03Z
P-02462,NR-FRM-02462,High-Torque Mounting Bracket SA-294,Frames and Structure,Mounting Bracket,39641,44501,W-04,true,2024-12-16T12:36:55Z,2025-06-01T15:16:58Z
P-02463,NR-PWR-02463,Heavy-Duty DC-DC Converter TN-331,Power Systems,DC-DC Converter,47061,15003,W-06,true,2024-10-28T10:14:27Z,2025-07-13T03:29:02Z
P-02464,NR-SEN-02464,Rapid-Cycle Proximity Sensor UA-368,Sensors,Proximity Sensor,144867,2167,W-06,true,2023-04-05T06:03:53Z,2023-05-21T20:48:49Z
P-02465,NR-ACT-02465,Low-Backlash Servo Motor VN-405,Actuators,Servo Motor,199233,10765,W-04,true,2023-09-19T04:30:11Z,2023-11-11T02:40:56Z
P-02466,NR-CBL-02466,Compact Cable Chain WA-442,Cabling and Connectors,Cable Chain,8862,2138,W-02,true,2022-09-23T04:21:27Z,2023-07-19T04:34:14Z
P-02467,NR-CTL-02467,Quiet-Drive Motion Controller XN-479,Controllers,Motion Controller,618986,3421,W-05,true,2021-10-24T14:28:03Z,2022-01-12T15:02:43Z
P-02468,NR-DRV-02468,Sealed Harmonic Reducer YA-516,Drivetrain,Harmonic Reducer,159049,12853,W-04,true,2022-05-12T15:58:48Z,2023-02-10T06:38:58Z
P-02469,NR-EFF-02469,Industrial Parallel Gripper ZN-553,End Effectors,Parallel Gripper,173885,6004,W-08,true,2022-09-19T12:42:21Z,2023-05-24T08:12:11Z
P-02470,NR-FRM-02470,Precision Aluminum Extrusion AA-590,Frames and Structure,Aluminum Extrusion,25388,41233,W-02,true,2022-12-02T07:09:10Z,2023-06-24T00:06:31Z
P-02471,NR-PWR-02471,Modular Battery Pack BN-627,Power Systems,Battery Pack,250000,11659,W-06,true,2022-12-20T14:35:35Z,2023-03-10T09:11:57Z
P-02472,NR-SEN-02472,High-Torque Rotary Encoder CA-664,Sensors,Rotary Encoder,71631,2430,W-04,true,2021-06-09T17:48:23Z,2022-05-14T08:09:27Z
P-02473,NR-ACT-02473,Heavy-Duty Linear Actuator DN-701,Actuators,Linear Actuator,318919,14053,W-02,true,2024-05-25T22:39:29Z,2025-04-19T00:40:26Z
P-02474,NR-CBL-02474,Rapid-Cycle M12 Connector EA-738,Cabling and Connectors,M12 Connector,11268,2847,W-06,true,2022-08-22T16:00:42Z,2023-07-29T07:00:12Z
P-02475,NR-CTL-02475,Low-Backlash PLC Module FN-775,Controllers,PLC Module,241528,7437,W-05,true,2021-09-06T06:56:42Z,2022-07-24T17:10:07Z
P-02476,NR-DRV-02476,Compact Planetary Gearbox GA-812,Drivetrain,Planetary Gearbox,337075,10566,W-02,true,2022-06-02T01:09:15Z,2022-11-10T02:59:08Z
P-02477,NR-EFF-02477,Quiet-Drive Vacuum Gripper HN-849,End Effectors,Vacuum Gripper,188479,7685,W-01,true,2022-10-18T12:37:47Z,2023-06-29T15:07:48Z
P-02478,NR-FRM-02478,Sealed Base Plate IA-886,Frames and Structure,Base Plate,30672,33384,W-08,true,2022-01-07T22:03:15Z,2022-07-19T03:08:17Z
P-02479,NR-PWR-02479,Industrial Power Supply Unit JN-923,Power Systems,Power Supply Unit,55135,6273,W-08,true,2022-08-26T13:49:22Z,2023-07-03T09:42:49Z
P-02480,NR-SEN-02480,Precision Thermal Camera Module KA-960,Sensors,Thermal Camera Module,136500,1436,W-08,true,2021-03-09T06:52:34Z,2021-04-29T23:11:38Z
P-02481,NR-ACT-02481,Modular Rotary Actuator LN-997,Actuators,Rotary Actuator,175859,5092,W-08,true,2022-10-27T11:56:11Z,2023-11-08T02:42:22Z
P-02482,NR-CBL-02482,High-Torque Servo Cable MA-134,Cabling and Connectors,Servo Cable,5664,1588,W-02,true,2024-05-10T04:36:37Z,2025-01-30T00:47:46Z
P-02483,NR-CTL-02483,Heavy-Duty Edge Compute Node NN-171,Controllers,Edge Compute Node,595132,9000,W-01,true,2024-03-17T05:17:07Z,2025-01-09T16:11:57Z
P-02484,NR-DRV-02484,Rapid-Cycle Timing Belt OA-208,Drivetrain,Timing Belt,78264,9582,W-08,true,2021-04-19T04:04:58Z,2022-02-01T07:33:50Z
P-02485,NR-EFF-02485,Low-Backlash Welding Torch PN-245,End Effectors,Welding Torch,327098,1751,W-02,true,2024-09-20T22:27:12Z,2025-07-05T19:14:56Z
P-02486,NR-FRM-02486,Compact Gantry Beam QA-282,Frames and Structure,Gantry Beam,60274,24787,W-06,true,2023-04-26T15:31:43Z,2024-04-23T11:11:49Z
P-02487,NR-PWR-02487,Quiet-Drive Motor Driver RN-319,Power Systems,Motor Driver,188106,200,W-06,true,2023-05-27T14:44:13Z,2024-05-28T03:36:57Z
P-02488,NR-SEN-02488,Sealed LIDAR Unit SA-356,Sensors,LIDAR Unit,236569,2745,W-01,true,2024-04-04T04:52:03Z,2024-09-25T00:03:41Z
P-02489,NR-ACT-02489,Industrial Stepper Motor TN-393,Actuators,Stepper Motor,70580,8272,W-06,false,2024-05-17T10:32:06Z,2025-05-21T11:20:08Z
P-02490,NR-CBL-02490,Precision EtherCAT Cable UA-430,Cabling and Connectors,EtherCAT Cable,300,2436,W-08,true,2024-03-26T13:11:32Z,2025-04-19T21:24:21Z
P-02491,NR-CTL-02491,Modular IO Expansion Board VN-467,Controllers,IO Expansion Board,411910,6489,W-01,true,2024-12-02T13:33:54Z,2025-10-01T10:29:50Z
P-02492,NR-DRV-02492,High-Torque Ball Screw WA-504,Drivetrain,Ball Screw,225674,13696,W-05,true,2024-11-10T14:19:29Z,2025-01-14T00:30:59Z
P-02493,NR-EFF-02493,Heavy-Duty Tool Changer XN-541,End Effectors,Tool Changer,278288,6814,W-02,true,2022-03-09T21:07:32Z,2022-06-27T06:03:24Z
P-02494,NR-FRM-02494,Rapid-Cycle Mounting Bracket YA-578,Frames and Structure,Mounting Bracket,51170,51163,W-02,true,2023-11-19T22:36:24Z,2023-12-30T04:46:13Z
P-02495,NR-PWR-02495,Low-Backlash DC-DC Converter ZN-615,Power Systems,DC-DC Converter,75264,14407,W-05,false,2021-05-26T22:10:31Z,2022-04-23T17:38:00Z
P-02496,NR-SEN-02496,Compact Force-Torque Sensor AA-652,Sensors,Force-Torque Sensor,254750,1240,W-08,true,2022-07-21T15:24:33Z,2023-06-24T03:07:21Z
P-02497,NR-ACT-02497,Quiet-Drive Servo Motor BN-689,Actuators,Servo Motor,168094,15609,W-03,true,2021-03-05T05:06:17Z,2021-12-23T12:35:40Z
P-02498,NR-CBL-02498,Sealed Cable Chain CA-726,Cabling and Connectors,Cable Chain,4993,1895,W-03,true,2021-01-25T23:25:22Z,2021-02-08T13:00:05Z
P-02499,NR-CTL-02499,Industrial Motion Controller DN-763,Controllers,Motion Controller,305668,3275,W-04,true,2024-07-28T07:31:36Z,2025-03-03T23:58:44Z
P-02500,NR-DRV-02500,Precision Harmonic Reducer EA-800,Drivetrain,Harmonic Reducer,350000,3848,W-03,true,2022-07-21T06:38:12Z,2022-12-20T17:29:55Z
P-02501,NR-EFF-02501,Modular Parallel Gripper FN-837,End Effectors,Parallel Gripper,287462,2005,W-02,true,2021-05-18T01:57:20Z,2021-07-16T01:33:26Z
P-02502,NR-FRM-02502,High-Torque Aluminum Extrusion GA-874,Frames and Structure,Aluminum Extrusion,41937,19150,W-03,true,2022-07-17T02:35:17Z,2023-02-23T02:18:42Z
P-02503,NR-PWR-02503,Heavy-Duty Battery Pack HN-911,Power Systems,Battery Pack,82196,9552,W-06,true,2022-06-04T17:51:27Z,2023-06-22T13:05:38Z
P-02504,NR-SEN-02504,Rapid-Cycle Proximity Sensor IA-948,Sensors,Proximity Sensor,177301,641,W-02,true,2022-05-26T16:48:01Z,2022-06-24T13:10:29Z
P-02505,NR-ACT-02505,Low-Backlash Linear Actuator JN-985,Actuators,Linear Actuator,231031,8772,W-05,true,2024-07-11T12:03:17Z,2024-11-06T02:12:25Z
P-02506,NR-CBL-02506,Compact M12 Connector KA-122,Cabling and Connectors,M12 Connector,6848,2126,W-07,true,2022-06-26T14:34:44Z,2022-12-05T21:24:28Z
P-02507,NR-CTL-02507,Quiet-Drive PLC Module LN-159,Controllers,PLC Module,257778,978,W-07,true,2024-09-03T10:14:55Z,2025-02-08T08:11:10Z
P-02508,NR-DRV-02508,Sealed Planetary Gearbox MA-196,Drivetrain,Planetary Gearbox,191022,10574,W-08,true,2024-10-21T10:48:03Z,2024-12-29T18:42:21Z
P-02509,NR-EFF-02509,Industrial Vacuum Gripper NN-233,End Effectors,Vacuum Gripper,207692,5242,W-06,true,2021-05-22T19:31:33Z,2021-12-04T15:55:33Z
P-02510,NR-FRM-02510,Precision Base Plate OA-270,Frames and Structure,Base Plate,2336,56448,W-01,false,2022-08-25T17:01:48Z,2023-04-03T00:17:53Z
P-02511,NR-PWR-02511,Modular Power Supply Unit PN-307,Power Systems,Power Supply Unit,107861,6127,W-08,true,2021-11-19T14:26:25Z,2022-01-29T18:20:48Z
P-02512,NR-SEN-02512,High-Torque Rotary Encoder QA-344,Sensors,Rotary Encoder,300000,1010,W-03,true,2022-09-26T06:58:13Z,2023-08-21T01:31:48Z
P-02513,NR-ACT-02513,Heavy-Duty Rotary Actuator RN-381,Actuators,Rotary Actuator,107715,18240,W-06,true,2023-04-17T21:09:46Z,2024-01-01T14:05:09Z
P-02514,NR-CBL-02514,Rapid-Cycle Servo Cable SA-418,Cabling and Connectors,Servo Cable,6979,4000,W-01,false,2023-02-13T17:01:18Z,2023-05-24T13:06:02Z
P-02515,NR-CTL-02515,Low-Backlash Edge Compute Node TN-455,Controllers,Edge Compute Node,447038,5247,W-02,true,2024-02-16T05:16:08Z,2024-06-04T22:21:51Z
P-02516,NR-DRV-02516,Compact Timing Belt UA-492,Drivetrain,Timing Belt,262937,8033,W-05,true,2023-11-02T10:24:03Z,2024-08-21T06:00:34Z
P-02517,NR-EFF-02517,Quiet-Drive Welding Torch VN-529,End Effectors,Welding Torch,281678,3556,W-08,true,2022-06-09T22:35:12Z,2023-01-13T06:29:57Z
P-02518,NR-FRM-02518,Sealed Gantry Beam WA-566,Frames and Structure,Gantry Beam,43797,38241,W-04,true,2023-10-10T09:13:36Z,2024-03-15T23:53:46Z
P-02519,NR-PWR-02519,Industrial Motor Driver XN-603,Power Systems,Motor Driver,111431,200,W-01,false,2022-05-13T12:27:56Z,2023-04-05T08:54:21Z
P-02520,NR-SEN-02520,Precision Thermal Camera Module YA-640,Sensors,Thermal Camera Module,243970,187,W-07,true,2024-03-30T16:48:05Z,2024-09-02T15:28:14Z
P-02521,NR-ACT-02521,Modular Stepper Motor ZN-677,Actuators,Stepper Motor,250327,9036,W-04,true,2021-02-28T14:09:51Z,2021-04-10T07:15:18Z
P-02522,NR-CBL-02522,High-Torque EtherCAT Cable AA-714,Cabling and Connectors,EtherCAT Cable,2775,1784,W-02,true,2022-11-20T17:55:48Z,2023-02-17T06:15:43Z
P-02523,NR-CTL-02523,Heavy-Duty IO Expansion Board BN-751,Controllers,IO Expansion Board,405422,729,W-06,true,2023-04-06T23:00:27Z,2023-05-11T19:09:47Z
P-02524,NR-DRV-02524,Rapid-Cycle Ball Screw CA-788,Drivetrain,Ball Screw,235132,12294,W-08,true,2022-03-09T21:54:28Z,2022-04-28T23:41:46Z
P-02525,NR-EFF-02525,Low-Backlash Tool Changer DN-825,End Effectors,Tool Changer,126251,11332,W-02,true,2021-03-20T13:28:26Z,2021-09-15T07:07:51Z
P-02526,NR-FRM-02526,Compact Mounting Bracket EA-862,Frames and Structure,Mounting Bracket,55491,33793,W-06,true,2022-10-11T00:49:01Z,2023-09-05T21:45:10Z
P-02527,NR-PWR-02527,Quiet-Drive DC-DC Converter FN-899,Power Systems,DC-DC Converter,216723,13129,W-04,true,2024-11-24T06:02:19Z,2024-12-13T11:05:11Z
P-02528,NR-SEN-02528,Sealed LIDAR Unit GA-936,Sensors,LIDAR Unit,21163,1644,W-03,false,2023-11-14T14:40:32Z,2024-10-12T21:28:51Z
P-02529,NR-ACT-02529,Industrial Servo Motor HN-973,Actuators,Servo Motor,132563,10575,W-08,true,2024-10-20T23:33:45Z,2025-05-08T03:51:00Z
P-02530,NR-CBL-02530,Precision Cable Chain IA-110,Cabling and Connectors,Cable Chain,8502,86,W-04,true,2021-12-09T04:55:52Z,2022-02-04T09:52:09Z
P-02531,NR-CTL-02531,Modular Motion Controller JN-147,Controllers,Motion Controller,898429,4473,W-03,true,2022-06-26T22:07:39Z,2022-12-08T15:47:21Z
P-02532,NR-DRV-02532,High-Torque Harmonic Reducer KA-184,Drivetrain,Harmonic Reducer,113241,2100,W-05,true,2022-11-04T02:22:32Z,2023-11-25T06:45:21Z
P-02533,NR-EFF-02533,Heavy-Duty Parallel Gripper LN-221,End Effectors,Parallel Gripper,405946,4353,W-04,false,2021-05-28T01:20:52Z,2021-09-01T23:38:20Z
P-02534,NR-FRM-02534,Rapid-Cycle Aluminum Extrusion MA-258,Frames and Structure,Aluminum Extrusion,40797,22083,W-01,true,2023-01-07T21:49:33Z,2023-11-20T23:04:26Z
P-02535,NR-PWR-02535,Low-Backlash Battery Pack NN-295,Power Systems,Battery Pack,121534,4947,W-06,true,2021-06-11T07:39:08Z,2022-04-22T07:23:31Z
P-02536,NR-SEN-02536,Compact Force-Torque Sensor OA-332,Sensors,Force-Torque Sensor,183396,914,W-02,true,2023-01-14T15:50:05Z,2023-11-19T21:29:14Z
P-02537,NR-ACT-02537,Quiet-Drive Linear Actuator PN-369,Actuators,Linear Actuator,270946,9160,W-07,true,2022-01-02T21:42:32Z,2022-12-04T19:00:56Z
P-02538,NR-CBL-02538,Sealed M12 Connector QA-406,Cabling and Connectors,M12 Connector,300,1403,W-04,true,2024-02-07T00:16:02Z,2024-12-10T23:47:29Z
P-02539,NR-CTL-02539,Industrial PLC Module RN-443,Controllers,PLC Module,739475,2034,W-04,true,2022-09-16T17:40:50Z,2023-01-28T06:05:00Z
P-02540,NR-DRV-02540,Precision Planetary Gearbox SA-480,Drivetrain,Planetary Gearbox,132079,6250,W-03,true,2023-03-11T14:16:23Z,2024-04-14T12:18:28Z
P-02541,NR-EFF-02541,Modular Vacuum Gripper TN-517,End Effectors,Vacuum Gripper,444420,6397,W-03,true,2022-09-09T20:17:30Z,2022-11-15T08:27:44Z
P-02542,NR-FRM-02542,High-Torque Base Plate UA-554,Frames and Structure,Base Plate,80000,16265,W-08,true,2023-05-05T20:33:24Z,2023-05-06T09:09:13Z
P-02543,NR-PWR-02543,Heavy-Duty Power Supply Unit VN-591,Power Systems,Power Supply Unit,48815,10423,W-01,true,2023-05-29T15:07:04Z,2023-08-20T02:18:58Z
P-02544,NR-SEN-02544,Rapid-Cycle Proximity Sensor WA-628,Sensors,Proximity Sensor,197938,2359,W-08,true,2021-08-25T13:55:44Z,2022-07-28T13:10:58Z
P-02545,NR-ACT-02545,Low-Backlash Rotary Actuator XN-665,Actuators,Rotary Actuator,167264,17789,W-03,true,2021-02-08T17:44:19Z,2021-07-04T17:35:06Z
P-02546,NR-CBL-02546,Compact Servo Cable YA-702,Cabling and Connectors,Servo Cable,10654,1502,W-07,true,2024-12-06T19:34:10Z,2025-02-01T01:56:45Z
P-02547,NR-CTL-02547,Quiet-Drive Edge Compute Node ZN-739,Controllers,Edge Compute Node,900000,2111,W-06,true,2022-11-16T18:50:22Z,2023-02-09T17:27:57Z
P-02548,NR-DRV-02548,Sealed Timing Belt AA-776,Drivetrain,Timing Belt,294591,3474,W-02,true,2023-06-25T05:05:26Z,2023-11-18T14:26:40Z
P-02549,NR-EFF-02549,Industrial Welding Torch BN-813,End Effectors,Welding Torch,10000,2882,W-02,true,2024-09-02T13:56:12Z,2025-06-03T08:37:57Z
P-02550,NR-FRM-02550,Precision Gantry Beam CA-850,Frames and Structure,Gantry Beam,53193,20015,W-04,true,2022-11-17T16:37:45Z,2023-01-19T01:08:04Z
P-02551,NR-PWR-02551,Modular Motor Driver DN-887,Power Systems,Motor Driver,57377,2244,W-02,true,2021-03-03T04:06:39Z,2021-04-15T17:33:49Z
P-02552,NR-SEN-02552,High-Torque Rotary Encoder EA-924,Sensors,Rotary Encoder,202251,1173,W-01,true,2023-07-27T10:57:26Z,2023-12-17T02:10:27Z
P-02553,NR-ACT-02553,Heavy-Duty Stepper Motor FN-961,Actuators,Stepper Motor,221595,18433,W-06,true,2022-11-26T17:02:16Z,2023-12-13T07:04:23Z
P-02554,NR-CBL-02554,Rapid-Cycle EtherCAT Cable GA-998,Cabling and Connectors,EtherCAT Cable,5249,2906,W-07,true,2023-09-26T04:23:23Z,2023-10-09T02:57:37Z
P-02555,NR-CTL-02555,Low-Backlash IO Expansion Board HN-135,Controllers,IO Expansion Board,506255,1779,W-02,true,2024-02-10T16:52:35Z,2024-06-06T03:41:24Z
P-02556,NR-DRV-02556,Compact Ball Screw IA-172,Drivetrain,Ball Screw,170497,8062,W-03,true,2021-02-26T02:59:01Z,2022-03-16T08:46:05Z
P-02557,NR-EFF-02557,Quiet-Drive Tool Changer JN-209,End Effectors,Tool Changer,229812,9884,W-08,true,2023-09-27T01:32:55Z,2024-06-20T17:54:32Z
P-02558,NR-FRM-02558,Sealed Mounting Bracket KA-246,Frames and Structure,Mounting Bracket,48294,37831,W-06,true,2022-09-26T22:06:46Z,2023-03-09T16:05:37Z
P-02559,NR-PWR-02559,Industrial DC-DC Converter LN-283,Power Systems,DC-DC Converter,164889,3405,W-06,true,2024-10-09T00:42:40Z,2024-11-10T12:48:33Z
P-02560,NR-SEN-02560,Precision Thermal Camera Module MA-320,Sensors,Thermal Camera Module,300000,1945,W-04,true,2021-07-31T10:13:54Z,2022-02-19T16:17:09Z
P-02561,NR-ACT-02561,Modular Servo Motor NN-357,Actuators,Servo Motor,284655,400,W-02,true,2023-12-27T03:05:58Z,2024-12-11T14:40:45Z
P-02562,NR-CBL-02562,High-Torque Cable Chain OA-394,Cabling and Connectors,Cable Chain,4942,2854,W-03,false,2023-12-20T04:42:47Z,2024-08-29T21:33:59Z
P-02563,NR-CTL-02563,Heavy-Duty Motion Controller PN-431,Controllers,Motion Controller,80950,4773,W-03,true,2024-03-30T17:17:11Z,2024-10-31T22:36:29Z
P-02564,NR-DRV-02564,Rapid-Cycle Harmonic Reducer QA-468,Drivetrain,Harmonic Reducer,107514,15000,W-02,true,2023-11-20T16:27:33Z,2024-12-09T23:16:26Z
P-02565,NR-EFF-02565,Low-Backlash Parallel Gripper RN-505,End Effectors,Parallel Gripper,247982,10801,W-07,true,2022-07-17T04:07:32Z,2023-03-10T05:46:14Z
P-02566,NR-FRM-02566,Compact Aluminum Extrusion SA-542,Frames and Structure,Aluminum Extrusion,40627,44612,W-07,true,2021-04-12T21:07:45Z,2021-11-16T21:31:17Z
P-02567,NR-PWR-02567,Quiet-Drive Battery Pack TN-579,Power Systems,Battery Pack,79994,12307,W-04,true,2024-09-19T17:01:20Z,2025-10-24T00:47:22Z
P-02568,NR-SEN-02568,Sealed LIDAR Unit UA-616,Sensors,LIDAR Unit,192421,3129,W-05,true,2024-05-06T20:40:06Z,2024-12-23T07:03:50Z
P-02569,NR-ACT-02569,Industrial Linear Actuator VN-653,Actuators,Linear Actuator,34166,7188,W-01,true,2022-10-29T08:46:12Z,2023-03-02T15:46:47Z
P-02570,NR-CBL-02570,Precision M12 Connector WA-690,Cabling and Connectors,M12 Connector,11894,513,W-02,true,2022-09-01T09:17:12Z,2023-04-22T04:21:07Z
P-02571,NR-CTL-02571,Modular PLC Module XN-727,Controllers,PLC Module,301294,4472,W-02,true,2024-06-14T11:20:07Z,2025-06-07T07:50:15Z
P-02572,NR-DRV-02572,High-Torque Planetary Gearbox YA-764,Drivetrain,Planetary Gearbox,74665,8323,W-05,true,2024-10-31T19:08:58Z,2025-06-14T14:42:23Z
P-02573,NR-EFF-02573,Heavy-Duty Vacuum Gripper ZN-801,End Effectors,Vacuum Gripper,263345,11173,W-06,true,2023-08-06T17:34:51Z,2024-01-23T09:39:16Z
P-02574,NR-FRM-02574,Rapid-Cycle Base Plate AA-838,Frames and Structure,Base Plate,25420,12309,W-07,true,2024-02-07T03:38:26Z,2025-01-06T15:02:44Z
P-02575,NR-PWR-02575,Low-Backlash Power Supply Unit BN-875,Power Systems,Power Supply Unit,221288,8963,W-06,true,2024-03-31T12:37:42Z,2024-11-23T21:27:16Z
P-02576,NR-SEN-02576,Compact Force-Torque Sensor CA-912,Sensors,Force-Torque Sensor,143233,2038,W-01,true,2023-04-07T10:49:57Z,2023-11-02T11:57:51Z
P-02577,NR-ACT-02577,Quiet-Drive Rotary Actuator DN-949,Actuators,Rotary Actuator,179417,13092,W-04,true,2021-11-03T03:26:28Z,2022-06-08T21:48:22Z
P-02578,NR-CBL-02578,Sealed Servo Cable EA-986,Cabling and Connectors,Servo Cable,12683,4000,W-02,true,2023-12-19T15:55:03Z,2024-12-16T17:38:28Z
P-02579,NR-CTL-02579,Industrial Edge Compute Node FN-123,Controllers,Edge Compute Node,25000,6232,W-01,true,2024-08-04T22:35:48Z,2025-04-06T09:37:53Z
P-02580,NR-DRV-02580,Precision Timing Belt GA-160,Drivetrain,Timing Belt,159340,14065,W-02,true,2023-12-02T01:57:21Z,2023-12-05T19:11:43Z
P-02581,NR-EFF-02581,Modular Welding Torch HN-197,End Effectors,Welding Torch,269567,12000,W-01,true,2022-06-05T12:46:51Z,2023-03-05T06:57:15Z
P-02582,NR-FRM-02582,High-Torque Gantry Beam IA-234,Frames and Structure,Gantry Beam,45208,32903,W-05,true,2023-09-16T00:45:34Z,2023-09-19T19:27:36Z
P-02583,NR-PWR-02583,Heavy-Duty Motor Driver JN-271,Power Systems,Motor Driver,110170,12983,W-08,false,2021-05-27T08:31:31Z,2022-01-24T10:08:14Z
P-02584,NR-SEN-02584,Rapid-Cycle Proximity Sensor KA-308,Sensors,Proximity Sensor,167116,2366,W-02,true,2022-12-22T18:59:43Z,2023-07-16T11:39:30Z
P-02585,NR-ACT-02585,Low-Backlash Stepper Motor LN-345,Actuators,Stepper Motor,255100,3050,W-07,true,2024-03-12T00:16:35Z,2025-03-28T17:57:23Z
P-02586,NR-CBL-02586,Compact EtherCAT Cable MA-382,Cabling and Connectors,EtherCAT Cable,2599,710,W-04,true,2024-05-23T20:28:45Z,2024-08-09T23:14:48Z
P-02587,NR-CTL-02587,Quiet-Drive IO Expansion Board NN-419,Controllers,IO Expansion Board,585980,5687,W-07,true,2022-03-03T20:12:49Z,2022-07-11T10:53:33Z
P-02588,NR-DRV-02588,Sealed Ball Screw OA-456,Drivetrain,Ball Screw,133320,8935,W-04,true,2021-08-20T10:38:34Z,2022-07-23T15:26:01Z
P-02589,NR-EFF-02589,Industrial Tool Changer PN-493,End Effectors,Tool Changer,319526,3632,W-02,true,2022-06-19T07:14:12Z,2022-09-13T12:36:13Z
P-02590,NR-FRM-02590,Precision Mounting Bracket QA-530,Frames and Structure,Mounting Bracket,32522,13329,W-02,true,2021-10-26T22:38:25Z,2022-07-25T20:55:39Z
P-02591,NR-PWR-02591,Modular DC-DC Converter RN-567,Power Systems,DC-DC Converter,94958,12416,W-07,true,2024-03-21T08:03:16Z,2025-02-19T09:43:33Z
P-02592,NR-SEN-02592,High-Torque Rotary Encoder SA-604,Sensors,Rotary Encoder,283217,1536,W-02,true,2022-05-19T14:16:00Z,2022-07-31T10:12:35Z
P-02593,NR-ACT-02593,Heavy-Duty Servo Motor TN-641,Actuators,Servo Motor,374324,14979,W-08,true,2022-07-10T07:47:17Z,2023-03-10T04:16:35Z
P-02594,NR-CBL-02594,Rapid-Cycle Cable Chain UA-678,Cabling and Connectors,Cable Chain,7744,1302,W-06,true,2024-12-06T01:59:42Z,2025-10-26T15:49:28Z
P-02595,NR-CTL-02595,Low-Backlash Motion Controller VN-715,Controllers,Motion Controller,554967,5702,W-03,true,2021-11-07T08:56:51Z,2022-05-18T13:45:48Z
P-02596,NR-DRV-02596,Compact Harmonic Reducer WA-752,Drivetrain,Harmonic Reducer,98684,8854,W-07,true,2023-11-04T09:24:59Z,2024-07-07T23:18:33Z
P-02597,NR-EFF-02597,Quiet-Drive Parallel Gripper XN-789,End Effectors,Parallel Gripper,312470,3563,W-06,true,2024-03-30T11:55:45Z,2024-08-07T01:02:56Z
P-02598,NR-FRM-02598,Sealed Aluminum Extrusion YA-826,Frames and Structure,Aluminum Extrusion,42043,18803,W-04,true,2022-10-22T03:36:28Z,2022-11-13T11:29:50Z
P-02599,NR-PWR-02599,Industrial Battery Pack ZN-863,Power Systems,Battery Pack,52963,8632,W-05,true,2021-01-22T22:16:04Z,2021-03-09T22:02:11Z
P-02600,NR-SEN-02600,Precision Thermal Camera Module AA-900,Sensors,Thermal Camera Module,106671,2054,W-07,true,2024-05-12T09:02:54Z,2024-11-10T19:22:04Z
P-02601,NR-ACT-02601,Modular Linear Actuator BN-937,Actuators,Linear Actuator,362393,7808,W-05,true,2023-02-07T12:19:57Z,2023-03-25T14:04:07Z
P-02602,NR-CBL-02602,High-Torque M12 Connector CA-974,Cabling and Connectors,M12 Connector,7298,2242,W-04,true,2024-06-30T03:57:55Z,2024-10-19T02:40:15Z
P-02603,NR-CTL-02603,Heavy-Duty PLC Module DN-111,Controllers,PLC Module,560778,4094,W-08,true,2023-11-18T05:09:31Z,2024-02-03T20:30:53Z
P-02604,NR-DRV-02604,Rapid-Cycle Planetary Gearbox EA-148,Drivetrain,Planetary Gearbox,350000,4581,W-08,true,2021-12-22T23:23:45Z,2022-01-21T20:41:00Z
P-02605,NR-EFF-02605,Low-Backlash Vacuum Gripper FN-185,End Effectors,Vacuum Gripper,214516,8613,W-01,true,2023-10-08T01:41:37Z,2024-02-03T07:54:25Z
P-02606,NR-FRM-02606,Compact Base Plate GA-222,Frames and Structure,Base Plate,58526,35271,W-06,true,2022-07-23T23:27:09Z,2022-08-28T20:38:40Z
P-02607,NR-PWR-02607,Quiet-Drive Power Supply Unit HN-259,Power Systems,Power Supply Unit,149170,7172,W-08,true,2022-01-05T00:22:22Z,2022-03-29T04:14:44Z
P-02608,NR-SEN-02608,Sealed LIDAR Unit IA-296,Sensors,LIDAR Unit,154900,2225,W-06,true,2022-11-17T22:40:38Z,2023-09-08T00:13:54Z
P-02609,NR-ACT-02609,Industrial Rotary Actuator JN-333,Actuators,Rotary Actuator,87262,12738,W-05,true,2022-05-30T13:21:05Z,2023-01-12T23:37:28Z
P-02610,NR-CBL-02610,Precision Servo Cable KA-370,Cabling and Connectors,Servo Cable,2504,1112,W-03,true,2021-05-13T04:02:43Z,2021-10-17T22:32:15Z
P-02611,NR-CTL-02611,Modular Edge Compute Node LN-407,Controllers,Edge Compute Node,362665,3338,W-07,true,2024-05-20T20:04:59Z,2024-07-25T12:19:44Z
P-02612,NR-DRV-02612,High-Torque Timing Belt MA-444,Drivetrain,Timing Belt,277009,3845,W-07,true,2023-06-29T03:54:58Z,2024-07-08T22:46:09Z
P-02613,NR-EFF-02613,Heavy-Duty Welding Torch NN-481,End Effectors,Welding Torch,71503,6532,W-01,true,2022-09-26T19:21:04Z,2023-01-19T01:04:19Z
P-02614,NR-FRM-02614,Rapid-Cycle Gantry Beam OA-518,Frames and Structure,Gantry Beam,37084,23542,W-02,true,2022-08-29T13:47:54Z,2023-05-20T10:51:44Z
P-02615,NR-PWR-02615,Low-Backlash Motor Driver PN-555,Power Systems,Motor Driver,176081,200,W-01,true,2023-03-03T01:36:21Z,2023-05-28T16:54:45Z
P-02616,NR-SEN-02616,Compact Force-Torque Sensor QA-592,Sensors,Force-Torque Sensor,175981,1360,W-02,true,2024-02-10T19:24:25Z,2025-03-07T19:49:51Z
P-02617,NR-ACT-02617,Quiet-Drive Stepper Motor RN-629,Actuators,Stepper Motor,31538,11879,W-06,true,2023-07-12T06:53:13Z,2024-01-19T12:07:09Z
P-02618,NR-CBL-02618,Sealed EtherCAT Cable SA-666,Cabling and Connectors,EtherCAT Cable,1357,3294,W-04,true,2023-11-22T09:46:14Z,2024-11-14T02:17:17Z
P-02619,NR-CTL-02619,Industrial IO Expansion Board TN-703,Controllers,IO Expansion Board,231448,5641,W-02,true,2023-05-28T12:15:16Z,2024-06-30T15:00:54Z
P-02620,NR-DRV-02620,Precision Ball Screw UA-740,Drivetrain,Ball Screw,137059,3626,W-04,true,2022-06-22T21:24:00Z,2022-08-24T18:53:10Z
P-02621,NR-EFF-02621,Modular Tool Changer VN-777,End Effectors,Tool Changer,198368,7476,W-04,true,2021-03-21T09:50:01Z,2021-03-29T10:48:50Z
P-02622,NR-FRM-02622,High-Torque Mounting Bracket WA-814,Frames and Structure,Mounting Bracket,45407,21577,W-05,true,2022-08-10T02:09:24Z,2023-02-15T15:18:50Z
P-02623,NR-PWR-02623,Heavy-Duty DC-DC Converter XN-851,Power Systems,DC-DC Converter,55118,7000,W-06,true,2024-03-02T23:15:55Z,2024-10-29T12:05:33Z
P-02624,NR-SEN-02624,Rapid-Cycle Proximity Sensor YA-888,Sensors,Proximity Sensor,56600,397,W-03,true,2023-02-21T09:09:32Z,2023-12-28T21:19:10Z
P-02625,NR-ACT-02625,Low-Backlash Servo Motor ZN-925,Actuators,Servo Motor,128002,12793,W-07,true,2021-03-15T19:49:34Z,2021-10-13T06:00:48Z
P-02626,NR-CBL-02626,Compact Cable Chain AA-962,Cabling and Connectors,Cable Chain,14044,2097,W-02,true,2023-11-30T20:50:18Z,2024-11-21T13:39:33Z
P-02627,NR-CTL-02627,Quiet-Drive Motion Controller BN-999,Controllers,Motion Controller,383607,2998,W-03,true,2024-01-30T01:48:53Z,2024-05-22T15:05:57Z
P-02628,NR-DRV-02628,Sealed Harmonic Reducer CA-136,Drivetrain,Harmonic Reducer,183618,11454,W-06,true,2024-10-12T11:51:47Z,2025-04-19T16:39:08Z
P-02629,NR-EFF-02629,Industrial Parallel Gripper DN-173,End Effectors,Parallel Gripper,342387,2236,W-07,true,2021-03-17T07:01:29Z,2021-11-15T20:25:54Z
P-02630,NR-FRM-02630,Precision Aluminum Extrusion EA-210,Frames and Structure,Aluminum Extrusion,52808,36805,W-01,true,2023-04-28T09:25:05Z,2023-12-25T13:38:21Z
P-02631,NR-PWR-02631,Modular Battery Pack FN-247,Power Systems,Battery Pack,130018,9387,W-01,true,2023-04-30T14:05:34Z,2023-09-08T21:34:49Z
P-02632,NR-SEN-02632,High-Torque Rotary Encoder GA-284,Sensors,Rotary Encoder,119424,2249,W-01,true,2024-02-24T21:51:06Z,2024-07-26T21:57:10Z
P-02633,NR-ACT-02633,Heavy-Duty Linear Actuator HN-321,Actuators,Linear Actuator,215269,9218,W-02,true,2024-01-30T04:10:48Z,2024-12-14T11:10:00Z
P-02634,NR-CBL-02634,Rapid-Cycle M12 Connector IA-358,Cabling and Connectors,M12 Connector,8872,3889,W-02,true,2023-11-18T06:34:37Z,2024-01-24T00:52:12Z
P-02635,NR-CTL-02635,Low-Backlash PLC Module JN-395,Controllers,PLC Module,260024,1932,W-05,true,2023-07-22T10:17:44Z,2023-08-01T05:44:33Z
P-02636,NR-DRV-02636,Compact Planetary Gearbox KA-432,Drivetrain,Planetary Gearbox,77592,8497,W-01,true,2022-10-28T12:18:27Z,2023-11-07T00:05:58Z
P-02637,NR-EFF-02637,Quiet-Drive Vacuum Gripper LN-469,End Effectors,Vacuum Gripper,269549,6876,W-05,true,2022-02-04T04:52:39Z,2022-04-22T15:51:06Z
P-02638,NR-FRM-02638,Sealed Base Plate MA-506,Frames and Structure,Base Plate,50694,500,W-03,true,2022-11-05T17:34:04Z,2023-05-12T06:24:49Z
P-02639,NR-PWR-02639,Industrial Power Supply Unit NN-543,Power Systems,Power Supply Unit,120547,13312,W-06,true,2023-11-09T19:34:27Z,2024-07-15T20:45:20Z
P-02640,NR-SEN-02640,Precision Thermal Camera Module OA-580,Sensors,Thermal Camera Module,194470,2132,W-01,true,2021-05-06T17:10:34Z,2021-07-31T06:07:58Z
P-02641,NR-ACT-02641,Modular Rotary Actuator PN-617,Actuators,Rotary Actuator,338839,6374,W-05,true,2024-05-25T12:00:35Z,2025-01-16T13:42:59Z
P-02642,NR-CBL-02642,High-Torque Servo Cable QA-654,Cabling and Connectors,Servo Cable,2102,3783,W-05,true,2021-08-09T05:29:51Z,2022-06-12T08:48:27Z
P-02643,NR-CTL-02643,Heavy-Duty Edge Compute Node RN-691,Controllers,Edge Compute Node,341350,6443,W-03,true,2022-12-06T12:26:00Z,2023-11-03T18:56:39Z
P-02644,NR-DRV-02644,Rapid-Cycle Timing Belt SA-728,Drivetrain,Timing Belt,114850,7575,W-04,true,2024-06-13T15:50:19Z,2024-09-12T00:22:07Z
P-02645,NR-EFF-02645,Low-Backlash Welding Torch TN-765,End Effectors,Welding Torch,185284,1960,W-06,true,2024-08-07T22:13:02Z,2025-07-04T13:02:23Z
P-02646,NR-FRM-02646,Compact Gantry Beam UA-802,Frames and Structure,Gantry Beam,42086,44140,W-04,true,2022-09-17T01:23:37Z,2023-07-10T12:28:34Z
P-02647,NR-PWR-02647,Quiet-Drive Motor Driver VN-839,Power Systems,Motor Driver,186071,6886,W-01,true,2022-08-02T06:40:58Z,2023-05-11T14:00:05Z
P-02648,NR-SEN-02648,Sealed LIDAR Unit WA-876,Sensors,LIDAR Unit,73160,1796,W-04,true,2024-08-16T15:33:59Z,2025-08-22T18:54:50Z
P-02649,NR-ACT-02649,Industrial Stepper Motor XN-913,Actuators,Stepper Motor,229243,1149,W-04,true,2021-08-06T03:44:37Z,2022-01-22T00:39:37Z
P-02650,NR-CBL-02650,Precision EtherCAT Cable YA-950,Cabling and Connectors,EtherCAT Cable,4421,10,W-03,true,2021-04-17T22:49:20Z,2021-12-08T11:07:45Z
P-02651,NR-CTL-02651,Modular IO Expansion Board ZN-987,Controllers,IO Expansion Board,398940,6721,W-08,true,2022-10-22T01:40:05Z,2023-03-30T03:17:45Z
P-02652,NR-DRV-02652,High-Torque Ball Screw AA-124,Drivetrain,Ball Screw,177501,7398,W-06,true,2022-12-12T01:07:58Z,2023-10-31T05:43:24Z
P-02653,NR-EFF-02653,Heavy-Duty Tool Changer BN-161,End Effectors,Tool Changer,288858,1652,W-02,true,2021-06-08T20:45:23Z,2022-03-26T19:40:51Z
P-02654,NR-FRM-02654,Rapid-Cycle Mounting Bracket CA-198,Frames and Structure,Mounting Bracket,50191,46612,W-04,true,2023-04-07T05:20:12Z,2024-02-28T14:37:57Z
P-02655,NR-PWR-02655,Low-Backlash DC-DC Converter DN-235,Power Systems,DC-DC Converter,164351,18000,W-02,true,2024-07-31T13:33:20Z,2025-02-10T22:35:22Z
P-02656,NR-SEN-02656,Compact Force-Torque Sensor EA-272,Sensors,Force-Torque Sensor,99757,2308,W-07,true,2024-11-02T19:41:20Z,2025-11-13T00:08:14Z
P-02657,NR-ACT-02657,Quiet-Drive Servo Motor FN-309,Actuators,Servo Motor,300600,9529,W-07,true,2022-03-09T07:55:23Z,2022-08-27T02:57:25Z
P-02658,NR-CBL-02658,Sealed Cable Chain GA-346,Cabling and Connectors,Cable Chain,2670,2120,W-02,true,2021-12-19T15:39:52Z,2022-02-18T19:49:07Z
P-02659,NR-CTL-02659,Industrial Motion Controller HN-383,Controllers,Motion Controller,490402,1811,W-04,true,2021-08-14T04:45:21Z,2021-11-10T10:41:21Z
P-02660,NR-DRV-02660,Precision Harmonic Reducer IA-420,Drivetrain,Harmonic Reducer,150448,5634,W-05,true,2023-07-19T10:37:04Z,2024-01-08T16:38:58Z
P-02661,NR-EFF-02661,Modular Parallel Gripper JN-457,End Effectors,Parallel Gripper,248103,6944,W-04,true,2024-02-28T22:35:24Z,2024-06-20T16:27:20Z
P-02662,NR-FRM-02662,High-Torque Aluminum Extrusion KA-494,Frames and Structure,Aluminum Extrusion,33909,27320,W-02,true,2023-03-09T19:00:56Z,2023-07-09T15:26:13Z
P-02663,NR-PWR-02663,Heavy-Duty Battery Pack LN-531,Power Systems,Battery Pack,121443,11347,W-01,true,2023-04-14T09:11:02Z,2023-07-12T02:15:47Z
P-02664,NR-SEN-02664,Rapid-Cycle Proximity Sensor MA-568,Sensors,Proximity Sensor,62833,2142,W-07,true,2024-08-10T07:04:19Z,2025-08-18T11:28:01Z
P-02665,NR-ACT-02665,Low-Backlash Linear Actuator NN-605,Actuators,Linear Actuator,172347,16274,W-08,true,2023-01-12T02:14:47Z,2023-08-21T08:24:42Z
P-02666,NR-CBL-02666,Compact M12 Connector OA-642,Cabling and Connectors,M12 Connector,4155,1470,W-07,true,2024-12-15T11:38:12Z,2025-03-30T04:53:54Z
P-02667,NR-CTL-02667,Quiet-Drive PLC Module PN-679,Controllers,PLC Module,550897,5344,W-06,true,2022-09-28T16:47:20Z,2023-06-16T11:39:11Z
P-02668,NR-DRV-02668,Sealed Planetary Gearbox QA-716,Drivetrain,Planetary Gearbox,258437,7283,W-06,true,2023-04-11T08:59:22Z,2023-06-29T14:30:33Z
P-02669,NR-EFF-02669,Industrial Vacuum Gripper RN-753,End Effectors,Vacuum Gripper,500000,5875,W-08,true,2023-02-05T02:19:40Z,2023-07-19T04:29:12Z
P-02670,NR-FRM-02670,Precision Base Plate SA-790,Frames and Structure,Base Plate,20969,13596,W-08,true,2022-01-13T21:09:57Z,2022-03-28T10:44:31Z
P-02671,NR-PWR-02671,Modular Power Supply Unit TN-827,Power Systems,Power Supply Unit,168393,8972,W-07,true,2022-12-18T03:15:51Z,2023-09-28T19:45:16Z
P-02672,NR-SEN-02672,High-Torque Rotary Encoder UA-864,Sensors,Rotary Encoder,193598,939,W-03,true,2024-03-16T04:51:12Z,2025-02-01T02:09:35Z
P-02673,NR-ACT-02673,Heavy-Duty Rotary Actuator VN-901,Actuators,Rotary Actuator,349221,15600,W-02,true,2024-11-20T15:01:09Z,2025-12-19T12:21:26Z
P-02674,NR-CBL-02674,Rapid-Cycle Servo Cable WA-938,Cabling and Connectors,Servo Cable,11980,2567,W-02,true,2023-12-08T11:25:34Z,2024-01-19T01:42:25Z
P-02675,NR-CTL-02675,Low-Backlash Edge Compute Node XN-975,Controllers,Edge Compute Node,25000,8423,W-04,true,2021-06-26T19:50:22Z,2021-12-04T17:58:56Z
P-02676,NR-DRV-02676,Compact Timing Belt YA-112,Drivetrain,Timing Belt,169346,7079,W-06,true,2023-02-07T00:23:41Z,2023-11-04T08:41:06Z
P-02677,NR-EFF-02677,Quiet-Drive Welding Torch ZN-149,End Effectors,Welding Torch,324978,10236,W-02,true,2021-12-11T13:25:47Z,2022-05-11T14:36:44Z
P-02678,NR-FRM-02678,Sealed Gantry Beam AA-186,Frames and Structure,Gantry Beam,32292,33815,W-06,true,2023-08-12T16:36:18Z,2024-04-24T13:29:36Z
P-02679,NR-PWR-02679,Industrial Motor Driver BN-223,Power Systems,Motor Driver,125636,10308,W-06,true,2023-07-25T06:05:56Z,2023-09-06T23:16:39Z
P-02680,NR-SEN-02680,Precision Thermal Camera Module CA-260,Sensors,Thermal Camera Module,159020,3059,W-06,true,2022-08-01T05:11:25Z,2023-04-16T19:03:01Z
P-02681,NR-ACT-02681,Modular Stepper Motor DN-297,Actuators,Stepper Motor,133071,11090,W-02,true,2024-06-28T08:04:40Z,2024-12-27T09:59:00Z
P-02682,NR-CBL-02682,High-Torque EtherCAT Cable EA-334,Cabling and Connectors,EtherCAT Cable,4162,10,W-08,true,2024-08-14T09:05:29Z,2025-03-18T15:48:23Z
P-02683,NR-CTL-02683,Heavy-Duty IO Expansion Board FN-371,Controllers,IO Expansion Board,615835,4642,W-04,true,2022-05-16T10:52:12Z,2023-02-06T02:41:31Z
P-02684,NR-DRV-02684,Rapid-Cycle Ball Screw GA-408,Drivetrain,Ball Screw,301085,11730,W-06,true,2023-12-25T06:54:52Z,2024-05-16T09:41:50Z
P-02685,NR-EFF-02685,Low-Backlash Tool Changer HN-445,End Effectors,Tool Changer,143649,11556,W-01,true,2024-08-02T14:54:39Z,2025-02-15T22:56:49Z
P-02686,NR-FRM-02686,Compact Mounting Bracket IA-482,Frames and Structure,Mounting Bracket,60338,4224,W-05,true,2021-06-15T02:54:56Z,2021-11-03T15:19:00Z
P-02687,NR-PWR-02687,Quiet-Drive DC-DC Converter JN-519,Power Systems,DC-DC Converter,110693,4726,W-06,true,2023-04-22T23:13:28Z,2024-02-23T21:38:00Z
P-02688,NR-SEN-02688,Sealed LIDAR Unit KA-556,Sensors,LIDAR Unit,164343,2929,W-06,true,2024-07-05T07:19:02Z,2024-12-13T19:01:31Z
P-02689,NR-ACT-02689,Industrial Servo Motor LN-593,Actuators,Servo Motor,209420,4425,W-01,true,2022-05-03T16:57:06Z,2023-03-02T07:50:31Z
P-02690,NR-CBL-02690,Precision Cable Chain MA-630,Cabling and Connectors,Cable Chain,7894,2326,W-02,true,2024-04-13T23:15:15Z,2025-04-14T06:09:28Z
P-02691,NR-CTL-02691,Modular Motion Controller NN-667,Controllers,Motion Controller,245560,3127,W-07,true,2023-08-24T20:58:54Z,2023-09-29T17:07:14Z
P-02692,NR-DRV-02692,High-Torque Harmonic Reducer OA-704,Drivetrain,Harmonic Reducer,124798,4352,W-01,true,2024-05-09T12:27:36Z,2025-05-05T13:13:09Z
P-02693,NR-EFF-02693,Heavy-Duty Parallel Gripper PN-741,End Effectors,Parallel Gripper,320040,7873,W-08,true,2024-03-09T22:22:28Z,2024-07-24T12:18:24Z
P-02694,NR-FRM-02694,Rapid-Cycle Aluminum Extrusion QA-778,Frames and Structure,Aluminum Extrusion,34641,14441,W-06,true,2024-03-27T07:03:35Z,2024-06-07T11:43:46Z
P-02695,NR-PWR-02695,Low-Backlash Battery Pack RN-815,Power Systems,Battery Pack,63878,11696,W-07,true,2021-12-02T05:19:56Z,2022-12-02T15:30:05Z
P-02696,NR-SEN-02696,Compact Force-Torque Sensor SA-852,Sensors,Force-Torque Sensor,181485,2621,W-01,true,2021-07-31T09:37:58Z,2021-11-02T09:40:53Z
P-02697,NR-ACT-02697,Quiet-Drive Linear Actuator TN-889,Actuators,Linear Actuator,155274,11713,W-08,false,2024-01-03T06:31:56Z,2024-05-22T06:48:59Z
P-02698,NR-CBL-02698,Sealed M12 Connector UA-926,Cabling and Connectors,M12 Connector,5825,3363,W-01,true,2022-02-25T00:13:47Z,2022-05-09T01:35:26Z
P-02699,NR-CTL-02699,Industrial PLC Module VN-963,Controllers,PLC Module,361636,2191,W-05,true,2021-04-06T06:34:55Z,2022-02-20T02:59:29Z
P-02700,NR-DRV-02700,Precision Planetary Gearbox WA-100,Drivetrain,Planetary Gearbox,148219,5068,W-08,true,2022-04-25T07:14:51Z,2022-05-06T11:58:54Z
P-02701,NR-EFF-02701,Modular Vacuum Gripper XN-137,End Effectors,Vacuum Gripper,382482,8146,W-04,true,2021-09-19T06:47:50Z,2022-05-07T14:32:00Z
P-02702,NR-FRM-02702,High-Torque Base Plate YA-174,Frames and Structure,Base Plate,42674,11423,W-07,true,2023-11-04T22:33:26Z,2023-11-28T21:02:02Z
P-02703,NR-PWR-02703,Heavy-Duty Power Supply Unit ZN-211,Power Systems,Power Supply Unit,154770,12109,W-03,true,2023-07-23T12:01:56Z,2024-03-18T11:03:00Z
P-02704,NR-SEN-02704,Rapid-Cycle Proximity Sensor AA-248,Sensors,Proximity Sensor,91006,2063,W-02,true,2024-02-18T02:03:07Z,2025-03-23T21:45:32Z
P-02705,NR-ACT-02705,Low-Backlash Rotary Actuator BN-285,Actuators,Rotary Actuator,196848,12090,W-01,true,2022-03-02T14:08:04Z,2022-03-08T20:27:55Z
P-02706,NR-CBL-02706,Compact Servo Cable CA-322,Cabling and Connectors,Servo Cable,3993,1155,W-08,true,2022-07-01T02:50:46Z,2022-11-27T13:32:41Z
P-02707,NR-CTL-02707,Quiet-Drive Edge Compute Node DN-359,Controllers,Edge Compute Node,241969,2564,W-03,true,2022-12-28T04:06:04Z,2023-01-27T09:50:06Z
P-02708,NR-DRV-02708,Sealed Timing Belt EA-396,Drivetrain,Timing Belt,109048,13905,W-07,true,2022-05-20T12:58:18Z,2022-08-01T00:55:52Z
P-02709,NR-EFF-02709,Industrial Welding Torch FN-433,End Effectors,Welding Torch,186376,2280,W-02,true,2021-04-29T04:57:48Z,2021-06-23T01:01:35Z
P-02710,NR-FRM-02710,Precision Gantry Beam GA-470,Frames and Structure,Gantry Beam,53824,31935,W-01,true,2022-02-20T00:44:15Z,2022-07-10T19:16:11Z
P-02711,NR-PWR-02711,Modular Motor Driver HN-507,Power Systems,Motor Driver,127163,3128,W-08,true,2021-09-29T01:48:49Z,2022-04-04T22:26:48Z
P-02712,NR-SEN-02712,High-Torque Rotary Encoder IA-544,Sensors,Rotary Encoder,39839,1931,W-07,true,2024-12-25T20:47:44Z,2025-11-19T18:02:17Z
P-02713,NR-ACT-02713,Heavy-Duty Stepper Motor JN-581,Actuators,Stepper Motor,80418,5717,W-01,true,2023-04-15T14:29:04Z,2024-02-07T15:36:23Z
P-02714,NR-CBL-02714,Rapid-Cycle EtherCAT Cable KA-618,Cabling and Connectors,EtherCAT Cable,9972,2423,W-08,true,2023-04-22T14:29:56Z,2023-09-18T15:18:01Z
P-02715,NR-CTL-02715,Low-Backlash IO Expansion Board LN-655,Controllers,IO Expansion Board,431812,4401,W-05,true,2022-04-20T15:29:48Z,2022-07-28T03:31:43Z
P-02716,NR-DRV-02716,Compact Ball Screw MA-692,Drivetrain,Ball Screw,154915,12713,W-07,true,2022-08-12T01:14:38Z,2023-07-07T21:06:16Z
P-02717,NR-EFF-02717,Quiet-Drive Tool Changer NN-729,End Effectors,Tool Changer,186990,2928,W-03,true,2021-10-25T04:45:25Z,2022-03-30T18:19:36Z
P-02718,NR-FRM-02718,Sealed Mounting Bracket OA-766,Frames and Structure,Mounting Bracket,51061,9325,W-06,false,2022-02-04T18:51:45Z,2022-07-16T21:04:09Z
P-02719,NR-PWR-02719,Industrial DC-DC Converter PN-803,Power Systems,DC-DC Converter,99430,9454,W-04,true,2023-08-10T03:58:35Z,2024-02-23T18:22:11Z
P-02720,NR-SEN-02720,Precision Thermal Camera Module QA-840,Sensors,Thermal Camera Module,144004,735,W-06,true,2021-09-30T23:36:35Z,2022-05-09T18:57:02Z
P-02721,NR-ACT-02721,Modular Servo Motor RN-877,Actuators,Servo Motor,233299,18138,W-02,true,2021-07-27T11:08:02Z,2022-04-09T14:28:54Z
P-02722,NR-CBL-02722,High-Torque Cable Chain SA-914,Cabling and Connectors,Cable Chain,5422,2912,W-02,true,2024-07-17T19:24:53Z,2024-08-03T16:05:50Z
P-02723,NR-CTL-02723,Heavy-Duty Motion Controller TN-951,Controllers,Motion Controller,283960,3708,W-07,true,2024-09-27T16:38:16Z,2025-10-05T05:06:30Z
P-02724,NR-DRV-02724,Rapid-Cycle Harmonic Reducer UA-988,Drivetrain,Harmonic Reducer,273528,1338,W-08,true,2024-06-07T02:47:06Z,2025-04-30T20:29:33Z
P-02725,NR-EFF-02725,Low-Backlash Parallel Gripper VN-125,End Effectors,Parallel Gripper,237510,8062,W-01,true,2023-01-01T14:57:12Z,2023-11-12T02:02:45Z
P-02726,NR-FRM-02726,Compact Aluminum Extrusion WA-162,Frames and Structure,Aluminum Extrusion,33887,40398,W-04,true,2023-03-24T12:06:32Z,2023-08-27T22:38:51Z
P-02727,NR-PWR-02727,Quiet-Drive Battery Pack XN-199,Power Systems,Battery Pack,231242,9314,W-03,true,2023-05-06T03:20:08Z,2024-06-04T05:25:18Z
P-02728,NR-SEN-02728,Sealed LIDAR Unit YA-236,Sensors,LIDAR Unit,201914,1575,W-05,false,2024-02-23T21:14:18Z,2025-01-01T02:24:42Z
P-02729,NR-ACT-02729,Industrial Linear Actuator ZN-273,Actuators,Linear Actuator,167172,5557,W-02,true,2023-07-05T01:06:33Z,2024-01-21T14:34:08Z
P-02730,NR-CBL-02730,Precision M12 Connector AA-310,Cabling and Connectors,M12 Connector,4020,2277,W-08,true,2024-08-18T15:17:18Z,2024-09-04T22:02:24Z
P-02731,NR-CTL-02731,Modular PLC Module BN-347,Controllers,PLC Module,767390,1509,W-08,true,2021-05-13T01:09:40Z,2021-12-01T15:59:09Z
P-02732,NR-DRV-02732,High-Torque Planetary Gearbox CA-384,Drivetrain,Planetary Gearbox,41989,1931,W-06,true,2024-03-24T15:02:23Z,2024-09-07T12:55:54Z
P-02733,NR-EFF-02733,Heavy-Duty Vacuum Gripper DN-421,End Effectors,Vacuum Gripper,283522,3878,W-07,true,2022-09-02T05:51:55Z,2023-09-10T09:48:45Z
P-02734,NR-FRM-02734,Rapid-Cycle Base Plate EA-458,Frames and Structure,Base Plate,50705,16635,W-08,true,2022-06-11T03:53:37Z,2022-08-09T15:19:43Z
P-02735,NR-PWR-02735,Low-Backlash Power Supply Unit FN-495,Power Systems,Power Supply Unit,57457,7696,W-06,true,2022-08-21T01:57:31Z,2023-09-06T18:13:16Z
P-02736,NR-SEN-02736,Compact Force-Torque Sensor GA-532,Sensors,Force-Torque Sensor,124254,1187,W-03,true,2023-12-15T13:09:56Z,2024-05-24T17:00:24Z
P-02737,NR-ACT-02737,Quiet-Drive Rotary Actuator HN-569,Actuators,Rotary Actuator,334781,10219,W-02,true,2022-05-25T00:16:55Z,2022-06-08T11:52:43Z
P-02738,NR-CBL-02738,Sealed Servo Cable IA-606,Cabling and Connectors,Servo Cable,15000,10,W-03,true,2024-11-13T14:19:13Z,2024-11-26T12:29:26Z
P-02739,NR-CTL-02739,Industrial Edge Compute Node JN-643,Controllers,Edge Compute Node,229999,1642,W-08,true,2023-06-15T17:44:00Z,2023-12-10T20:40:57Z
P-02740,NR-DRV-02740,Precision Timing Belt KA-680,Drivetrain,Timing Belt,104141,7863,W-07,true,2024-03-10T03:16:56Z,2024-10-01T10:04:12Z
P-02741,NR-EFF-02741,Modular Welding Torch LN-717,End Effectors,Welding Torch,432541,3006,W-06,true,2024-07-15T14:17:03Z,2024-11-22T22:39:00Z
P-02742,NR-FRM-02742,High-Torque Gantry Beam MA-754,Frames and Structure,Gantry Beam,69307,14459,W-04,true,2021-02-21T17:14:06Z,2021-06-02T17:35:59Z
P-02743,NR-PWR-02743,Heavy-Duty Motor Driver NN-791,Power Systems,Motor Driver,44369,18000,W-01,true,2024-09-15T12:10:05Z,2025-10-01T11:47:40Z
P-02744,NR-SEN-02744,Rapid-Cycle Proximity Sensor OA-828,Sensors,Proximity Sensor,113626,1996,W-07,true,2022-04-13T08:40:07Z,2023-05-17T17:20:50Z
P-02745,NR-ACT-02745,Low-Backlash Stepper Motor PN-865,Actuators,Stepper Motor,274298,11104,W-02,true,2022-01-23T09:07:07Z,2022-09-03T16:55:08Z
P-02746,NR-CBL-02746,Compact EtherCAT Cable QA-902,Cabling and Connectors,EtherCAT Cable,2092,1260,W-05,true,2024-09-10T15:48:45Z,2024-10-20T20:53:15Z
P-02747,NR-CTL-02747,Quiet-Drive IO Expansion Board RN-939,Controllers,IO Expansion Board,393852,3386,W-07,true,2024-01-24T14:54:59Z,2024-03-30T07:36:15Z
P-02748,NR-DRV-02748,Sealed Ball Screw SA-976,Drivetrain,Ball Screw,212671,7756,W-07,true,2023-06-18T01:20:20Z,2024-04-06T04:04:20Z
P-02749,NR-EFF-02749,Industrial Tool Changer TN-113,End Effectors,Tool Changer,213675,5338,W-03,true,2022-04-02T15:05:47Z,2023-04-28T21:01:34Z
P-02750,NR-FRM-02750,Precision Mounting Bracket UA-150,Frames and Structure,Mounting Bracket,48001,23764,W-02,true,2023-03-26T06:52:44Z,2024-01-12T08:55:07Z
P-02751,NR-PWR-02751,Modular DC-DC Converter VN-187,Power Systems,DC-DC Converter,128593,7694,W-01,true,2022-10-07T14:36:09Z,2023-01-29T12:56:03Z
P-02752,NR-SEN-02752,High-Torque Rotary Encoder WA-224,Sensors,Rotary Encoder,199485,1944,W-07,true,2022-04-18T07:36:13Z,2022-11-22T18:38:59Z
P-02753,NR-ACT-02753,Heavy-Duty Servo Motor XN-261,Actuators,Servo Motor,267724,18247,W-02,true,2023-07-18T13:42:45Z,2024-05-06T19:11:40Z
P-02754,NR-CBL-02754,Rapid-Cycle Cable Chain YA-298,Cabling and Connectors,Cable Chain,7547,416,W-02,true,2021-04-22T18:05:29Z,2021-08-17T16:20:44Z
P-02755,NR-CTL-02755,Low-Backlash Motion Controller ZN-335,Controllers,Motion Controller,532360,6625,W-08,true,2024-01-15T06:15:03Z,2024-02-21T09:37:38Z
P-02756,NR-DRV-02756,Compact Harmonic Reducer AA-372,Drivetrain,Harmonic Reducer,120546,8384,W-06,true,2022-04-14T06:59:16Z,2022-11-17T17:27:20Z
P-02757,NR-EFF-02757,Quiet-Drive Parallel Gripper BN-409,End Effectors,Parallel Gripper,345951,3623,W-06,true,2022-10-05T07:31:07Z,2023-01-18T20:58:08Z
P-02758,NR-FRM-02758,Sealed Aluminum Extrusion CA-446,Frames and Structure,Aluminum Extrusion,5367,53281,W-02,true,2023-12-19T03:53:28Z,2024-01-20T02:47:56Z
P-02759,NR-PWR-02759,Industrial Battery Pack DN-483,Power Systems,Battery Pack,5000,8531,W-05,true,2022-02-16T14:39:09Z,2023-03-08T16:56:45Z
P-02760,NR-SEN-02760,Precision Thermal Camera Module EA-520,Sensors,Thermal Camera Module,295167,1400,W-05,true,2023-10-07T20:06:50Z,2024-04-10T19:21:24Z
P-02761,NR-ACT-02761,Modular Linear Actuator FN-557,Actuators,Linear Actuator,426303,7456,W-01,true,2022-07-05T03:21:20Z,2022-11-29T22:01:32Z
P-02762,NR-CBL-02762,High-Torque M12 Connector GA-594,Cabling and Connectors,M12 Connector,3803,2372,W-03,true,2024-09-12T06:36:22Z,2024-10-03T15:10:31Z
P-02763,NR-CTL-02763,Heavy-Duty PLC Module HN-631,Controllers,PLC Module,834778,3756,W-01,true,2022-10-15T06:41:32Z,2023-10-19T11:17:43Z
P-02764,NR-DRV-02764,Rapid-Cycle Planetary Gearbox IA-668,Drivetrain,Planetary Gearbox,164770,10417,W-07,true,2024-09-08T04:18:33Z,2025-09-16T00:30:07Z
P-02765,NR-EFF-02765,Low-Backlash Vacuum Gripper JN-705,End Effectors,Vacuum Gripper,154094,7391,W-04,true,2022-06-29T20:14:48Z,2022-12-01T23:19:14Z
P-02766,NR-FRM-02766,Compact Base Plate KA-742,Frames and Structure,Base Plate,38694,35898,W-02,true,2023-10-10T10:39:15Z,2024-03-19T23:19:36Z
P-02767,NR-PWR-02767,Quiet-Drive Power Supply Unit LN-779,Power Systems,Power Supply Unit,203490,11261,W-06,true,2021-03-14T06:04:00Z,2021-10-15T23:56:53Z
P-02768,NR-SEN-02768,Sealed LIDAR Unit MA-816,Sensors,LIDAR Unit,144578,216,W-06,true,2024-02-02T18:13:02Z,2025-03-01T23:13:36Z
P-02769,NR-ACT-02769,Industrial Rotary Actuator NN-853,Actuators,Rotary Actuator,338139,18421,W-08,true,2023-03-28T01:51:41Z,2023-12-12T03:21:07Z
P-02770,NR-CBL-02770,Precision Servo Cable OA-890,Cabling and Connectors,Servo Cable,5478,1141,W-02,true,2021-10-08T01:49:28Z,2022-03-12T15:24:13Z
P-02771,NR-CTL-02771,Modular Edge Compute Node PN-927,Controllers,Edge Compute Node,538844,3788,W-08,true,2021-02-19T13:00:27Z,2021-03-02T00:16:11Z
P-02772,NR-DRV-02772,High-Torque Timing Belt QA-964,Drivetrain,Timing Belt,193208,6770,W-04,true,2023-06-06T10:15:03Z,2023-08-06T12:58:40Z
P-02773,NR-EFF-02773,Heavy-Duty Welding Torch RN-101,End Effectors,Welding Torch,435725,8136,W-04,true,2024-03-16T11:11:09Z,2024-12-22T09:15:40Z
P-02774,NR-FRM-02774,Rapid-Cycle Gantry Beam SA-138,Frames and Structure,Gantry Beam,44539,24906,W-01,true,2021-05-05T19:39:27Z,2021-07-12T05:02:56Z
P-02775,NR-PWR-02775,Low-Backlash Motor Driver TN-175,Power Systems,Motor Driver,38799,7112,W-03,true,2024-03-09T08:06:43Z,2025-02-20T04:07:09Z
P-02776,NR-SEN-02776,Compact Force-Torque Sensor UA-212,Sensors,Force-Torque Sensor,167736,1082,W-07,true,2024-02-09T06:34:13Z,2024-10-04T06:30:58Z
P-02777,NR-ACT-02777,Quiet-Drive Stepper Motor VN-249,Actuators,Stepper Motor,120057,12251,W-05,true,2024-04-02T00:15:51Z,2025-02-13T04:41:46Z
P-02778,NR-CBL-02778,Sealed EtherCAT Cable WA-286,Cabling and Connectors,EtherCAT Cable,2199,1901,W-03,true,2024-02-13T19:06:57Z,2024-12-29T12:03:32Z
P-02779,NR-CTL-02779,Industrial IO Expansion Board XN-323,Controllers,IO Expansion Board,205873,6506,W-08,true,2021-08-17T18:17:47Z,2021-08-30T01:15:11Z
P-02780,NR-DRV-02780,Precision Ball Screw YA-360,Drivetrain,Ball Screw,169797,1683,W-02,true,2023-07-22T16:29:35Z,2024-05-08T21:38:36Z
P-02781,NR-EFF-02781,Modular Tool Changer ZN-397,End Effectors,Tool Changer,429586,6521,W-01,true,2021-09-12T21:01:12Z,2022-03-12T14:18:42Z
P-02782,NR-FRM-02782,High-Torque Mounting Bracket AA-434,Frames and Structure,Mounting Bracket,40405,29069,W-05,true,2021-10-16T20:11:22Z,2022-11-06T09:22:32Z
P-02783,NR-PWR-02783,Heavy-Duty DC-DC Converter BN-471,Power Systems,DC-DC Converter,83043,10802,W-06,true,2024-07-26T01:27:45Z,2025-08-03T19:17:00Z
P-02784,NR-SEN-02784,Rapid-Cycle Proximity Sensor CA-508,Sensors,Proximity Sensor,110814,662,W-07,true,2021-08-30T15:55:22Z,2021-10-21T18:29:02Z
P-02785,NR-ACT-02785,Low-Backlash Servo Motor DN-545,Actuators,Servo Motor,230341,16251,W-07,true,2023-04-07T07:56:29Z,2024-02-03T03:02:03Z
P-02786,NR-CBL-02786,Compact Cable Chain EA-582,Cabling and Connectors,Cable Chain,5403,2606,W-03,true,2022-01-14T11:24:28Z,2022-06-29T02:00:19Z
P-02787,NR-CTL-02787,Quiet-Drive Motion Controller FN-619,Controllers,Motion Controller,67008,3323,W-06,true,2024-02-25T13:24:57Z,2025-03-20T04:28:48Z
P-02788,NR-DRV-02788,Sealed Harmonic Reducer GA-656,Drivetrain,Harmonic Reducer,142295,10001,W-01,true,2024-07-09T15:40:45Z,2024-10-17T05:32:34Z
P-02789,NR-EFF-02789,Industrial Parallel Gripper HN-693,End Effectors,Parallel Gripper,364068,6119,W-04,true,2021-01-26T22:08:12Z,2021-06-05T05:36:47Z
P-02790,NR-FRM-02790,Precision Aluminum Extrusion IA-730,Frames and Structure,Aluminum Extrusion,53070,24907,W-02,true,2024-07-26T06:11:24Z,2025-04-29T19:39:14Z
P-02791,NR-PWR-02791,Modular Battery Pack JN-767,Power Systems,Battery Pack,203446,8826,W-04,true,2024-12-08T23:31:21Z,2025-12-29T22:25:14Z
P-02792,NR-SEN-02792,High-Torque Rotary Encoder KA-804,Sensors,Rotary Encoder,121572,1813,W-02,false,2024-11-28T02:37:16Z,2025-09-08T18:05:46Z
P-02793,NR-ACT-02793,Heavy-Duty Linear Actuator LN-841,Actuators,Linear Actuator,377005,14933,W-04,true,2023-03-10T15:39:39Z,2023-12-26T01:26:21Z
P-02794,NR-CBL-02794,Rapid-Cycle M12 Connector MA-878,Cabling and Connectors,M12 Connector,10297,4000,W-05,true,2023-04-11T08:02:29Z,2023-06-11T08:02:10Z
P-02795,NR-CTL-02795,Low-Backlash PLC Module NN-915,Controllers,PLC Module,148875,8984,W-07,true,2023-12-14T17:29:18Z,2024-03-16T02:27:19Z
P-02796,NR-DRV-02796,Compact Planetary Gearbox OA-952,Drivetrain,Planetary Gearbox,61491,7900,W-02,true,2024-06-07T05:07:03Z,2024-07-22T04:11:16Z
P-02797,NR-EFF-02797,Quiet-Drive Vacuum Gripper PN-989,End Effectors,Vacuum Gripper,308826,2716,W-01,true,2023-05-11T14:38:16Z,2024-02-26T23:09:35Z
P-02798,NR-FRM-02798,Sealed Base Plate QA-126,Frames and Structure,Base Plate,23885,53894,W-04,true,2022-06-21T04:33:57Z,2022-11-06T07:16:07Z
P-02799,NR-PWR-02799,Industrial Power Supply Unit RN-163,Power Systems,Power Supply Unit,136530,12046,W-07,true,2022-04-29T04:44:47Z,2022-07-09T10:09:20Z
P-02800,NR-SEN-02800,Precision Thermal Camera Module SA-200,Sensors,Thermal Camera Module,43268,1354,W-01,true,2021-11-01T14:19:03Z,2021-12-22T02:34:36Z
P-02801,NR-ACT-02801,Modular Rotary Actuator TN-237,Actuators,Rotary Actuator,324274,1375,W-07,true,2023-12-29T23:16:03Z,2024-05-12T09:08:31Z
P-02802,NR-CBL-02802,High-Torque Servo Cable UA-274,Cabling and Connectors,Servo Cable,6837,2544,W-04,true,2024-03-02T15:18:48Z,2024-09-06T17:33:11Z
P-02803,NR-CTL-02803,Heavy-Duty Edge Compute Node VN-311,Controllers,Edge Compute Node,882347,4071,W-03,true,2023-03-12T00:58:48Z,2023-11-11T05:43:26Z
P-02804,NR-DRV-02804,Rapid-Cycle Timing Belt WA-348,Drivetrain,Timing Belt,283044,14221,W-01,true,2021-05-16T09:24:44Z,2022-01-01T02:05:14Z
P-02805,NR-EFF-02805,Low-Backlash Welding Torch XN-385,End Effectors,Welding Torch,246354,4819,W-03,true,2024-10-03T03:43:11Z,2025-07-06T22:43:22Z
P-02806,NR-FRM-02806,Compact Gantry Beam YA-422,Frames and Structure,Gantry Beam,16386,52249,W-04,true,2021-03-02T13:42:23Z,2021-07-28T00:00:30Z
P-02807,NR-PWR-02807,Quiet-Drive Motor Driver ZN-459,Power Systems,Motor Driver,176435,10478,W-06,true,2023-04-08T17:06:56Z,2023-06-16T00:38:20Z
P-02808,NR-SEN-02808,Sealed LIDAR Unit AA-496,Sensors,LIDAR Unit,138190,1411,W-01,true,2024-10-11T11:00:58Z,2025-08-23T19:01:30Z
P-02809,NR-ACT-02809,Industrial Stepper Motor BN-533,Actuators,Stepper Motor,144643,16435,W-01,true,2022-09-24T21:45:15Z,2023-08-26T13:46:48Z
P-02810,NR-CBL-02810,Precision EtherCAT Cable CA-570,Cabling and Connectors,EtherCAT Cable,8172,3789,W-04,false,2022-04-17T14:07:38Z,2022-07-19T13:06:43Z
P-02811,NR-CTL-02811,Modular IO Expansion Board DN-607,Controllers,IO Expansion Board,536814,1146,W-04,true,2021-06-02T16:09:48Z,2021-09-20T11:17:14Z
P-02812,NR-DRV-02812,High-Torque Ball Screw EA-644,Drivetrain,Ball Screw,79203,10395,W-01,true,2021-03-27T13:23:48Z,2022-02-14T10:23:36Z
P-02813,NR-EFF-02813,Heavy-Duty Tool Changer FN-681,End Effectors,Tool Changer,237297,7223,W-01,true,2021-06-12T13:19:10Z,2022-04-05T14:36:57Z
P-02814,NR-FRM-02814,Rapid-Cycle Mounting Bracket GA-718,Frames and Structure,Mounting Bracket,59964,28625,W-04,true,2024-10-22T14:24:50Z,2025-02-02T10:48:13Z
P-02815,NR-PWR-02815,Low-Backlash DC-DC Converter HN-755,Power Systems,DC-DC Converter,152388,11950,W-07,true,2021-08-08T15:36:03Z,2022-06-28T20:33:40Z
P-02816,NR-SEN-02816,Compact Force-Torque Sensor IA-792,Sensors,Force-Torque Sensor,228722,25,W-03,true,2023-09-11T01:13:37Z,2024-10-02T19:23:14Z
P-02817,NR-ACT-02817,Quiet-Drive Servo Motor JN-829,Actuators,Servo Motor,136831,17257,W-06,true,2022-08-15T21:47:05Z,2023-06-08T04:41:13Z
P-02818,NR-CBL-02818,Sealed Cable Chain KA-866,Cabling and Connectors,Cable Chain,8527,1935,W-02,true,2023-02-11T09:26:49Z,2023-04-19T11:07:59Z
P-02819,NR-CTL-02819,Industrial Motion Controller LN-903,Controllers,Motion Controller,461627,4324,W-05,true,2024-05-27T05:13:24Z,2025-02-24T09:17:39Z
P-02820,NR-DRV-02820,Precision Harmonic Reducer MA-940,Drivetrain,Harmonic Reducer,32865,7855,W-04,true,2021-11-09T14:38:58Z,2022-03-12T06:07:51Z
P-02821,NR-EFF-02821,Modular Parallel Gripper NN-977,End Effectors,Parallel Gripper,278057,6801,W-07,true,2022-02-20T06:50:08Z,2022-11-11T01:26:39Z
P-02822,NR-FRM-02822,High-Torque Aluminum Extrusion OA-114,Frames and Structure,Aluminum Extrusion,17251,14139,W-07,true,2023-05-15T11:51:53Z,2024-05-09T04:18:48Z
P-02823,NR-PWR-02823,Heavy-Duty Battery Pack PN-151,Power Systems,Battery Pack,159288,8173,W-03,true,2022-06-04T21:40:02Z,2022-10-27T13:55:23Z
P-02824,NR-SEN-02824,Rapid-Cycle Proximity Sensor QA-188,Sensors,Proximity Sensor,262347,837,W-06,true,2023-03-06T22:17:28Z,2023-03-24T20:18:37Z
P-02825,NR-ACT-02825,Low-Backlash Linear Actuator RN-225,Actuators,Linear Actuator,215919,8263,W-02,true,2022-08-14T11:16:47Z,2022-09-17T13:58:02Z
P-02826,NR-CBL-02826,Compact M12 Connector SA-262,Cabling and Connectors,M12 Connector,7440,2238,W-01,true,2022-10-13T03:08:51Z,2023-07-18T16:09:46Z
P-02827,NR-CTL-02827,Quiet-Drive PLC Module TN-299,Controllers,PLC Module,724141,933,W-06,true,2024-06-03T23:17:19Z,2025-04-09T23:47:09Z
P-02828,NR-DRV-02828,Sealed Planetary Gearbox UA-336,Drivetrain,Planetary Gearbox,136516,2786,W-02,true,2023-06-20T08:00:12Z,2023-07-08T10:13:51Z
P-02829,NR-EFF-02829,Industrial Vacuum Gripper VN-373,End Effectors,Vacuum Gripper,252695,7310,W-05,true,2023-12-05T11:26:29Z,2024-06-24T02:27:42Z
P-02830,NR-FRM-02830,Precision Base Plate WA-410,Frames and Structure,Base Plate,43453,36579,W-01,true,2024-07-30T10:39:51Z,2025-05-01T17:30:56Z
P-02831,NR-PWR-02831,Modular Power Supply Unit XN-447,Power Systems,Power Supply Unit,97584,10099,W-05,true,2024-12-10T15:35:51Z,2026-01-11T03:04:58Z
P-02832,NR-SEN-02832,High-Torque Rotary Encoder YA-484,Sensors,Rotary Encoder,13259,2391,W-06,true,2024-11-16T16:34:08Z,2025-05-20T06:46:44Z
P-02833,NR-ACT-02833,Heavy-Duty Rotary Actuator ZN-521,Actuators,Rotary Actuator,329024,13606,W-04,true,2021-07-18T19:19:34Z,2021-11-03T00:48:12Z
P-02834,NR-CBL-02834,Rapid-Cycle Servo Cable AA-558,Cabling and Connectors,Servo Cable,8089,1825,W-08,false,2024-05-26T18:27:50Z,2024-10-24T02:07:06Z
P-02835,NR-CTL-02835,Low-Backlash Edge Compute Node BN-595,Controllers,Edge Compute Node,434701,4548,W-06,true,2023-07-05T04:02:57Z,2024-02-05T09:27:34Z
P-02836,NR-DRV-02836,Compact Timing Belt CA-632,Drivetrain,Timing Belt,130540,4053,W-06,true,2023-08-14T23:43:33Z,2023-08-26T23:14:46Z
P-02837,NR-EFF-02837,Quiet-Drive Welding Torch DN-669,End Effectors,Welding Torch,259994,6604,W-05,true,2024-01-26T01:59:00Z,2024-08-12T04:42:40Z
P-02838,NR-FRM-02838,Sealed Gantry Beam EA-706,Frames and Structure,Gantry Beam,55717,16116,W-08,true,2023-05-21T02:46:05Z,2023-09-28T23:37:12Z
P-02839,NR-PWR-02839,Industrial Motor Driver FN-743,Power Systems,Motor Driver,203246,7340,W-02,true,2024-01-10T23:06:29Z,2024-04-14T18:00:35Z
P-02840,NR-SEN-02840,Precision Thermal Camera Module GA-780,Sensors,Thermal Camera Module,145981,3340,W-01,false,2021-12-29T12:13:59Z,2022-08-25T10:47:15Z
P-02841,NR-ACT-02841,Modular Stepper Motor HN-817,Actuators,Stepper Motor,102631,13729,W-01,true,2024-02-17T10:18:59Z,2024-12-30T23:38:05Z
P-02842,NR-CBL-02842,High-Torque EtherCAT Cable IA-854,Cabling and Connectors,EtherCAT Cable,2468,2234,W-04,true,2021-07-15T21:08:47Z,2022-05-17T18:54:56Z
P-02843,NR-CTL-02843,Heavy-Duty IO Expansion Board JN-891,Controllers,IO Expansion Board,65536,4813,W-06,true,2024-03-25T06:45:37Z,2025-02-02T02:05:30Z
P-02844,NR-DRV-02844,Rapid-Cycle Ball Screw KA-928,Drivetrain,Ball Screw,219707,3353,W-03,true,2022-05-31T07:44:28Z,2023-03-22T11:24:51Z
P-02845,NR-EFF-02845,Low-Backlash Tool Changer LN-965,End Effectors,Tool Changer,228859,4513,W-02,true,2023-10-28T18:17:45Z,2024-03-20T21:35:44Z
P-02846,NR-FRM-02846,Compact Mounting Bracket MA-102,Frames and Structure,Mounting Bracket,48989,23972,W-05,true,2024-10-31T18:19:48Z,2024-11-02T00:21:00Z
P-02847,NR-PWR-02847,Quiet-Drive DC-DC Converter NN-139,Power Systems,DC-DC Converter,129389,6947,W-01,true,2022-08-04T05:42:31Z,2023-01-14T02:12:51Z
P-02848,NR-SEN-02848,Sealed LIDAR Unit OA-176,Sensors,LIDAR Unit,300000,2243,W-06,true,2024-02-05T02:54:28Z,2024-09-23T14:30:57Z
P-02849,NR-ACT-02849,Industrial Servo Motor PN-213,Actuators,Servo Motor,146835,1933,W-03,true,2023-09-20T20:48:51Z,2024-10-09T12:10:48Z
P-02850,NR-CBL-02850,Precision Cable Chain QA-250,Cabling and Connectors,Cable Chain,2601,1984,W-05,true,2024-05-30T09:55:16Z,2024-11-16T08:51:05Z
P-02851,NR-CTL-02851,Modular Motion Controller RN-287,Controllers,Motion Controller,290821,4869,W-06,true,2024-07-14T20:05:41Z,2025-07-18T17:41:25Z
P-02852,NR-DRV-02852,High-Torque Harmonic Reducer SA-324,Drivetrain,Harmonic Reducer,160251,8855,W-02,true,2021-05-07T01:53:57Z,2022-05-13T00:33:33Z
P-02853,NR-EFF-02853,Heavy-Duty Parallel Gripper TN-361,End Effectors,Parallel Gripper,205536,8521,W-05,true,2021-09-04T10:33:16Z,2022-09-30T02:09:15Z
P-02854,NR-FRM-02854,Rapid-Cycle Aluminum Extrusion UA-398,Frames and Structure,Aluminum Extrusion,34024,13866,W-02,false,2021-05-16T03:03:28Z,2021-07-05T03:00:06Z
P-02855,NR-PWR-02855,Low-Backlash Battery Pack VN-435,Power Systems,Battery Pack,113555,5550,W-04,true,2024-12-13T10:39:14Z,2025-04-13T23:50:39Z
P-02856,NR-SEN-02856,Compact Force-Torque Sensor WA-472,Sensors,Force-Torque Sensor,95886,2095,W-02,true,2023-10-10T17:06:18Z,2024-01-10T05:21:35Z
P-02857,NR-ACT-02857,Quiet-Drive Linear Actuator XN-509,Actuators,Linear Actuator,269978,3934,W-02,true,2021-12-15T00:03:41Z,2022-07-11T08:03:35Z
P-02858,NR-CBL-02858,Sealed M12 Connector YA-546,Cabling and Connectors,M12 Connector,5039,1394,W-04,true,2022-07-11T10:18:27Z,2023-06-14T22:46:22Z
P-02859,NR-CTL-02859,Industrial PLC Module ZN-583,Controllers,PLC Module,422903,5632,W-08,true,2023-07-20T06:48:42Z,2024-06-15T18:20:32Z
P-02860,NR-DRV-02860,Precision Planetary Gearbox AA-620,Drivetrain,Planetary Gearbox,188734,13497,W-05,true,2021-11-17T20:33:07Z,2022-08-17T10:57:55Z
P-02861,NR-EFF-02861,Modular Vacuum Gripper BN-657,End Effectors,Vacuum Gripper,235692,624,W-08,true,2022-09-08T04:02:46Z,2023-02-04T01:03:26Z
P-02862,NR-FRM-02862,High-Torque Base Plate CA-694,Frames and Structure,Base Plate,45300,24868,W-08,true,2023-10-11T04:03:52Z,2024-02-08T17:49:54Z
P-02863,NR-PWR-02863,Heavy-Duty Power Supply Unit DN-731,Power Systems,Power Supply Unit,150755,12293,W-08,true,2024-03-25T13:40:15Z,2024-09-08T12:56:12Z
P-02864,NR-SEN-02864,Rapid-Cycle Proximity Sensor EA-768,Sensors,Proximity Sensor,117340,2966,W-03,true,2022-09-30T05:43:49Z,2022-11-07T03:47:55Z
P-02865,NR-ACT-02865,Low-Backlash Rotary Actuator FN-805,Actuators,Rotary Actuator,112507,8499,W-08,true,2023-12-15T08:04:48Z,2024-01-22T15:22:21Z
P-02866,NR-CBL-02866,Compact Servo Cable GA-842,Cabling and Connectors,Servo Cable,14024,1501,W-07,true,2024-05-17T20:48:56Z,2024-10-23T07:18:07Z
P-02867,NR-CTL-02867,Quiet-Drive Edge Compute Node HN-879,Controllers,Edge Compute Node,523405,6384,W-02,true,2024-08-20T03:48:53Z,2025-05-06T07:23:15Z
P-02868,NR-DRV-02868,Sealed Timing Belt IA-916,Drivetrain,Timing Belt,241460,4640,W-08,true,2024-09-30T19:26:23Z,2025-08-06T19:47:52Z
P-02869,NR-EFF-02869,Industrial Welding Torch JN-953,End Effectors,Welding Torch,90538,8955,W-01,true,2022-05-22T21:11:48Z,2022-12-11T18:35:29Z
P-02870,NR-FRM-02870,Precision Gantry Beam KA-990,Frames and Structure,Gantry Beam,35317,60000,W-08,true,2021-08-28T14:31:24Z,2022-06-29T19:39:35Z
P-02871,NR-PWR-02871,Modular Motor Driver LN-127,Power Systems,Motor Driver,250000,11479,W-05,true,2024-12-17T20:55:18Z,2025-10-26T19:31:58Z
P-02872,NR-SEN-02872,High-Torque Rotary Encoder MA-164,Sensors,Rotary Encoder,127338,1411,W-03,true,2022-06-01T22:06:55Z,2022-11-09T02:09:03Z
P-02873,NR-ACT-02873,Heavy-Duty Stepper Motor NN-201,Actuators,Stepper Motor,99697,16309,W-08,true,2021-04-08T19:33:42Z,2021-06-30T23:46:50Z
P-02874,NR-CBL-02874,Rapid-Cycle EtherCAT Cable OA-238,Cabling and Connectors,EtherCAT Cable,5930,1668,W-04,true,2024-02-22T19:39:42Z,2024-06-21T02:17:59Z
P-02875,NR-CTL-02875,Low-Backlash IO Expansion Board PN-275,Controllers,IO Expansion Board,530604,2693,W-02,true,2021-05-13T19:20:49Z,2022-02-15T10:04:44Z
P-02876,NR-DRV-02876,Compact Ball Screw QA-312,Drivetrain,Ball Screw,313269,6426,W-08,true,2024-08-30T08:30:20Z,2024-09-14T14:03:57Z
P-02877,NR-EFF-02877,Quiet-Drive Tool Changer RN-349,End Effectors,Tool Changer,192748,3184,W-05,true,2021-05-19T18:52:00Z,2021-09-20T01:31:34Z
P-02878,NR-FRM-02878,Sealed Mounting Bracket SA-386,Frames and Structure,Mounting Bracket,25703,40372,W-06,true,2022-07-30T23:41:57Z,2023-06-04T20:42:40Z
P-02879,NR-PWR-02879,Industrial DC-DC Converter TN-423,Power Systems,DC-DC Converter,54850,9844,W-02,true,2021-01-04T22:14:20Z,2021-12-17T04:45:31Z
P-02880,NR-SEN-02880,Precision Thermal Camera Module UA-460,Sensors,Thermal Camera Module,36806,1198,W-01,true,2024-07-13T13:42:48Z,2025-04-06T07:02:21Z
P-02881,NR-ACT-02881,Modular Servo Motor VN-497,Actuators,Servo Motor,397385,15848,W-05,true,2021-04-11T11:13:29Z,2022-03-31T17:15:43Z
P-02882,NR-CBL-02882,High-Torque Cable Chain WA-534,Cabling and Connectors,Cable Chain,4134,2105,W-01,true,2023-12-05T18:12:55Z,2024-07-08T04:08:51Z
P-02883,NR-CTL-02883,Heavy-Duty Motion Controller XN-571,Controllers,Motion Controller,344913,8331,W-04,true,2023-11-11T04:50:53Z,2024-01-28T02:46:00Z
P-02884,NR-DRV-02884,Rapid-Cycle Harmonic Reducer YA-608,Drivetrain,Harmonic Reducer,115617,8833,W-07,true,2023-11-12T09:54:39Z,2024-05-20T08:24:51Z
P-02885,NR-EFF-02885,Low-Backlash Parallel Gripper ZN-645,End Effectors,Parallel Gripper,79961,5611,W-07,true,2022-11-23T04:36:48Z,2023-10-26T13:54:51Z
P-02886,NR-FRM-02886,Compact Aluminum Extrusion AA-682,Frames and Structure,Aluminum Extrusion,20963,51147,W-03,true,2022-07-16T19:05:36Z,2023-03-27T02:51:05Z
P-02887,NR-PWR-02887,Quiet-Drive Battery Pack BN-719,Power Systems,Battery Pack,99924,14893,W-01,true,2022-04-21T05:26:06Z,2022-10-11T04:01:37Z
P-02888,NR-SEN-02888,Sealed LIDAR Unit CA-756,Sensors,LIDAR Unit,231240,1669,W-08,true,2021-06-08T05:11:26Z,2022-02-24T10:00:31Z
P-02889,NR-ACT-02889,Industrial Linear Actuator DN-793,Actuators,Linear Actuator,356837,3720,W-06,false,2024-02-02T16:24:28Z,2024-02-04T18:14:02Z
P-02890,NR-CBL-02890,Precision M12 Connector EA-830,Cabling and Connectors,M12 Connector,9042,1318,W-07,true,2023-12-14T23:43:10Z,2024-06-19T04:07:00Z
P-02891,NR-CTL-02891,Modular PLC Module FN-867,Controllers,PLC Module,430452,5664,W-05,true,2022-12-22T12:11:49Z,2023-12-19T22:38:48Z
P-02892,NR-DRV-02892,High-Torque Planetary Gearbox GA-904,Drivetrain,Planetary Gearbox,197668,8401,W-05,true,2022-06-02T08:06:18Z,2022-12-15T06:35:36Z
P-02893,NR-EFF-02893,Heavy-Duty Vacuum Gripper HN-941,End Effectors,Vacuum Gripper,19361,7449,W-04,true,2022-02-13T07:02:11Z,2022-08-19T00:16:00Z
P-02894,NR-FRM-02894,Rapid-Cycle Base Plate IA-978,Frames and Structure,Base Plate,22310,6749,W-07,true,2023-01-22T11:45:12Z,2023-05-06T04:13:20Z
P-02895,NR-PWR-02895,Low-Backlash Power Supply Unit JN-115,Power Systems,Power Supply Unit,195650,18000,W-05,false,2022-06-08T03:33:50Z,2023-04-15T20:10:04Z
P-02896,NR-SEN-02896,Compact Force-Torque Sensor KA-152,Sensors,Force-Torque Sensor,152512,2379,W-05,true,2024-02-10T22:11:15Z,2025-02-23T19:24:04Z
P-02897,NR-ACT-02897,Quiet-Drive Rotary Actuator LN-189,Actuators,Rotary Actuator,193086,16233,W-01,true,2022-08-05T03:10:53Z,2023-08-03T07:44:48Z
P-02898,NR-CBL-02898,Sealed Servo Cable MA-226,Cabling and Connectors,Servo Cable,8869,3443,W-01,true,2021-08-13T13:51:40Z,2022-05-25T09:59:25Z
P-02899,NR-CTL-02899,Industrial Edge Compute Node NN-263,Controllers,Edge Compute Node,660956,4231,W-02,true,2023-11-14T06:10:24Z,2024-08-07T10:59:33Z
P-02900,NR-DRV-02900,Precision Timing Belt OA-300,Drivetrain,Timing Belt,62377,7992,W-04,true,2023-02-19T04:26:54Z,2023-05-06T02:06:02Z
P-02901,NR-EFF-02901,Modular Welding Torch PN-337,End Effectors,Welding Torch,184236,3603,W-02,true,2024-11-14T13:20:26Z,2025-06-06T10:32:06Z
P-02902,NR-FRM-02902,High-Torque Gantry Beam QA-374,Frames and Structure,Gantry Beam,34238,24889,W-06,true,2022-01-06T05:48:58Z,2022-06-20T23:58:21Z
P-02903,NR-PWR-02903,Heavy-Duty Motor Driver RN-411,Power Systems,Motor Driver,122820,2614,W-02,true,2022-04-12T22:32:49Z,2022-04-27T02:37:08Z
P-02904,NR-SEN-02904,Rapid-Cycle Proximity Sensor SA-448,Sensors,Proximity Sensor,99756,1906,W-08,true,2021-05-30T03:44:09Z,2021-12-13T19:41:16Z
P-02905,NR-ACT-02905,Low-Backlash Stepper Motor TN-485,Actuators,Stepper Motor,216252,4960,W-03,true,2024-06-07T01:36:22Z,2024-12-14T19:07:06Z
P-02906,NR-CBL-02906,Compact EtherCAT Cable UA-522,Cabling and Connectors,EtherCAT Cable,9520,1921,W-04,true,2023-06-08T10:11:14Z,2024-02-27T13:05:50Z
P-02907,NR-CTL-02907,Quiet-Drive IO Expansion Board VN-559,Controllers,IO Expansion Board,726711,4562,W-05,true,2022-03-17T05:57:36Z,2022-12-31T20:38:08Z
P-02908,NR-DRV-02908,Sealed Ball Screw WA-596,Drivetrain,Ball Screw,158366,3866,W-06,true,2021-10-24T15:38:07Z,2022-08-22T06:08:45Z
P-02909,NR-EFF-02909,Industrial Tool Changer XN-633,End Effectors,Tool Changer,294754,6780,W-05,true,2021-02-18T12:42:12Z,2021-03-21T01:33:47Z
P-02910,NR-FRM-02910,Precision Mounting Bracket YA-670,Frames and Structure,Mounting Bracket,42049,14292,W-03,true,2022-12-16T14:29:14Z,2023-07-14T02:15:07Z
P-02911,NR-PWR-02911,Modular DC-DC Converter ZN-707,Power Systems,DC-DC Converter,64195,6770,W-04,true,2021-10-04T15:58:25Z,2022-06-04T11:16:48Z
P-02912,NR-SEN-02912,High-Torque Rotary Encoder AA-744,Sensors,Rotary Encoder,141068,2125,W-03,true,2024-05-24T20:18:49Z,2025-03-04T11:29:13Z
P-02913,NR-ACT-02913,Heavy-Duty Servo Motor BN-781,Actuators,Servo Motor,65550,6757,W-02,true,2023-11-18T11:01:03Z,2024-05-30T15:06:24Z
P-02914,NR-CBL-02914,Rapid-Cycle Cable Chain CA-818,Cabling and Connectors,Cable Chain,6179,2533,W-05,true,2022-01-09T01:32:37Z,2022-10-21T21:49:46Z
P-02915,NR-CTL-02915,Low-Backlash Motion Controller DN-855,Controllers,Motion Controller,745287,1982,W-08,true,2021-03-31T18:40:34Z,2022-03-19T18:19:24Z
P-02916,NR-DRV-02916,Compact Harmonic Reducer EA-892,Drivetrain,Harmonic Reducer,251674,10867,W-08,true,2021-05-13T15:00:04Z,2021-10-26T13:22:30Z
P-02917,NR-EFF-02917,Quiet-Drive Parallel Gripper FN-929,End Effectors,Parallel Gripper,268793,8781,W-01,true,2023-08-09T20:26:05Z,2023-08-15T12:32:30Z
P-02918,NR-FRM-02918,Sealed Aluminum Extrusion GA-966,Frames and Structure,Aluminum Extrusion,52286,34596,W-02,true,2022-04-27T09:26:32Z,2022-09-02T12:40:40Z
P-02919,NR-PWR-02919,Industrial Battery Pack HN-103,Power Systems,Battery Pack,74818,9280,W-01,true,2024-08-15T02:02:02Z,2025-02-05T20:38:06Z
P-02920,NR-SEN-02920,Precision Thermal Camera Module IA-140,Sensors,Thermal Camera Module,109138,3025,W-07,true,2024-06-28T02:39:46Z,2024-08-15T16:47:00Z
P-02921,NR-ACT-02921,Modular Linear Actuator JN-177,Actuators,Linear Actuator,314318,9899,W-04,true,2024-04-07T11:50:22Z,2024-04-16T00:58:00Z
P-02922,NR-CBL-02922,High-Torque M12 Connector KA-214,Cabling and Connectors,M12 Connector,3468,108,W-02,true,2024-04-17T15:30:00Z,2025-03-23T00:53:33Z
P-02923,NR-CTL-02923,Heavy-Duty PLC Module LN-251,Controllers,PLC Module,617989,2327,W-04,true,2021-02-09T03:08:49Z,2022-03-15T02:34:41Z
P-02924,NR-DRV-02924,Rapid-Cycle Planetary Gearbox MA-288,Drivetrain,Planetary Gearbox,254861,13994,W-07,true,2023-11-06T20:36:37Z,2024-09-24T06:16:21Z
P-02925,NR-EFF-02925,Low-Backlash Vacuum Gripper NN-325,End Effectors,Vacuum Gripper,270808,10850,W-04,true,2024-05-27T15:09:11Z,2024-07-19T16:32:06Z
P-02926,NR-FRM-02926,Compact Base Plate OA-362,Frames and Structure,Base Plate,55606,43978,W-01,true,2023-06-26T02:01:46Z,2023-09-14T14:52:51Z
P-02927,NR-PWR-02927,Quiet-Drive Power Supply Unit PN-399,Power Systems,Power Supply Unit,154532,10319,W-08,false,2024-05-22T17:30:39Z,2024-09-28T20:34:46Z
P-02928,NR-SEN-02928,Sealed LIDAR Unit QA-436,Sensors,LIDAR Unit,245136,2319,W-03,true,2021-09-05T02:26:10Z,2022-06-25T09:36:41Z
P-02929,NR-ACT-02929,Industrial Rotary Actuator RN-473,Actuators,Rotary Actuator,277690,12481,W-03,true,2023-04-30T01:01:06Z,2023-08-22T00:34:31Z
P-02930,NR-CBL-02930,Precision Servo Cable SA-510,Cabling and Connectors,Servo Cable,11341,488,W-03,true,2024-03-23T20:36:44Z,2024-11-26T05:22:58Z
P-02931,NR-CTL-02931,Modular Edge Compute Node TN-547,Controllers,Edge Compute Node,299075,5161,W-06,true,2022-08-02T08:24:25Z,2023-01-16T04:00:45Z
P-02932,NR-DRV-02932,High-Torque Timing Belt UA-584,Drivetrain,Timing Belt,233123,12696,W-02,true,2024-12-07T05:08:17Z,2025-02-04T13:32:27Z
P-02933,NR-EFF-02933,Heavy-Duty Welding Torch VN-621,End Effectors,Welding Torch,297905,6926,W-05,true,2022-08-17T11:43:36Z,2023-08-02T03:02:46Z
P-02934,NR-FRM-02934,Rapid-Cycle Gantry Beam WA-658,Frames and Structure,Gantry Beam,60413,60000,W-08,true,2021-11-17T03:07:38Z,2022-02-03T00:14:41Z
P-02935,NR-PWR-02935,Low-Backlash Motor Driver XN-695,Power Systems,Motor Driver,111758,6210,W-04,true,2024-04-27T04:32:56Z,2024-07-13T15:24:30Z
P-02936,NR-SEN-02936,Compact Force-Torque Sensor YA-732,Sensors,Force-Torque Sensor,8000,1334,W-08,true,2022-02-09T03:52:11Z,2022-12-02T20:54:00Z
P-02937,NR-ACT-02937,Quiet-Drive Stepper Motor ZN-769,Actuators,Stepper Motor,201227,8343,W-05,true,2023-03-23T06:03:15Z,2023-09-28T15:22:36Z
P-02938,NR-CBL-02938,Sealed EtherCAT Cable AA-806,Cabling and Connectors,EtherCAT Cable,8686,2841,W-07,true,2021-06-22T21:16:13Z,2021-11-13T06:10:01Z
P-02939,NR-CTL-02939,Industrial IO Expansion Board BN-843,Controllers,IO Expansion Board,206628,5603,W-08,true,2021-01-03T12:22:36Z,2022-02-02T05:07:56Z
P-02940,NR-DRV-02940,Precision Ball Screw CA-880,Drivetrain,Ball Screw,29842,8291,W-01,true,2023-01-21T03:59:18Z,2023-02-26T01:24:10Z
P-02941,NR-EFF-02941,Modular Tool Changer DN-917,End Effectors,Tool Changer,253019,5645,W-06,true,2023-01-21T13:49:35Z,2023-12-25T19:57:34Z
P-02942,NR-FRM-02942,High-Torque Mounting Bracket EA-954,Frames and Structure,Mounting Bracket,59970,41979,W-02,true,2024-02-25T06:26:48Z,2024-12-11T02:57:41Z
P-02943,NR-PWR-02943,Heavy-Duty DC-DC Converter FN-991,Power Systems,DC-DC Converter,191530,9175,W-05,true,2021-04-13T00:44:39Z,2022-03-02T04:13:01Z
P-02944,NR-SEN-02944,Rapid-Cycle Proximity Sensor GA-128,Sensors,Proximity Sensor,166766,2116,W-03,true,2023-04-28T13:26:52Z,2024-02-29T04:09:21Z
P-02945,NR-ACT-02945,Low-Backlash Servo Motor HN-165,Actuators,Servo Motor,84967,8250,W-05,true,2024-06-18T09:13:36Z,2024-12-08T02:30:37Z
P-02946,NR-CBL-02946,Compact Cable Chain IA-202,Cabling and Connectors,Cable Chain,15000,2581,W-01,true,2022-04-07T22:52:11Z,2022-12-19T02:40:27Z
P-02947,NR-CTL-02947,Quiet-Drive Motion Controller JN-239,Controllers,Motion Controller,510367,3043,W-08,true,2021-06-19T14:49:59Z,2021-08-23T07:55:43Z
P-02948,NR-DRV-02948,Sealed Harmonic Reducer KA-276,Drivetrain,Harmonic Reducer,116201,9462,W-08,true,2021-02-01T17:48:12Z,2021-11-29T06:12:38Z
P-02949,NR-EFF-02949,Industrial Parallel Gripper LN-313,End Effectors,Parallel Gripper,275065,3879,W-08,false,2024-01-23T10:07:25Z,2025-02-04T07:56:14Z
P-02950,NR-FRM-02950,Precision Aluminum Extrusion MA-350,Frames and Structure,Aluminum Extrusion,32382,21756,W-05,true,2023-10-26T09:17:09Z,2024-01-23T07:35:01Z
P-02951,NR-PWR-02951,Modular Battery Pack NN-387,Power Systems,Battery Pack,104570,3343,W-06,true,2021-04-18T10:08:53Z,2022-02-02T17:36:29Z
P-02952,NR-SEN-02952,High-Torque Rotary Encoder OA-424,Sensors,Rotary Encoder,122765,1618,W-07,false,2021-08-09T21:39:23Z,2022-06-09T19:16:06Z
P-02953,NR-ACT-02953,Heavy-Duty Linear Actuator PN-461,Actuators,Linear Actuator,216888,11375,W-08,true,2022-05-31T22:06:05Z,2022-12-09T11:06:42Z
P-02954,NR-CBL-02954,Rapid-Cycle M12 Connector QA-498,Cabling and Connectors,M12 Connector,10188,2313,W-05,true,2024-04-28T04:15:22Z,2025-01-17T23:36:59Z
P-02955,NR-CTL-02955,Low-Backlash PLC Module RN-535,Controllers,PLC Module,674399,4003,W-02,true,2021-06-25T15:59:15Z,2022-05-20T13:32:54Z
P-02956,NR-DRV-02956,Compact Planetary Gearbox SA-572,Drivetrain,Planetary Gearbox,6000,3832,W-05,true,2023-03-04T07:49:15Z,2024-02-21T02:52:26Z
P-02957,NR-EFF-02957,Quiet-Drive Vacuum Gripper TN-609,End Effectors,Vacuum Gripper,188994,7843,W-08,true,2024-08-02T14:53:49Z,2025-01-29T17:55:11Z
P-02958,NR-FRM-02958,Sealed Base Plate UA-646,Frames and Structure,Base Plate,60544,60000,W-06,true,2024-07-09T13:31:37Z,2025-02-26T01:26:32Z
P-02959,NR-PWR-02959,Industrial Power Supply Unit VN-683,Power Systems,Power Supply Unit,169150,17051,W-07,true,2022-07-17T11:36:36Z,2023-06-30T22:45:49Z
P-02960,NR-SEN-02960,Precision Thermal Camera Module WA-720,Sensors,Thermal Camera Module,162835,3325,W-02,true,2022-06-10T04:14:06Z,2022-12-24T05:56:24Z
P-02961,NR-ACT-02961,Modular Rotary Actuator XN-757,Actuators,Rotary Actuator,177818,13835,W-01,true,2024-09-22T22:41:50Z,2025-01-27T11:49:39Z
P-02962,NR-CBL-02962,High-Torque Servo Cable YA-794,Cabling and Connectors,Servo Cable,7343,1159,W-08,true,2023-04-24T15:28:58Z,2023-10-31T14:06:13Z
P-02963,NR-CTL-02963,Heavy-Duty Edge Compute Node ZN-831,Controllers,Edge Compute Node,568317,7278,W-07,true,2023-09-14T02:32:13Z,2024-09-22T15:13:45Z
P-02964,NR-DRV-02964,Rapid-Cycle Timing Belt AA-868,Drivetrain,Timing Belt,165811,7316,W-08,true,2024-03-24T01:58:01Z,2025-03-11T13:20:01Z
P-02965,NR-EFF-02965,Low-Backlash Welding Torch BN-905,End Effectors,Welding Torch,482946,10078,W-01,true,2023-12-23T06:15:36Z,2024-01-13T02:19:38Z
P-02966,NR-FRM-02966,Compact Gantry Beam CA-942,Frames and Structure,Gantry Beam,47372,43051,W-02,true,2024-10-19T14:50:15Z,2025-06-12T07:49:51Z
P-02967,NR-PWR-02967,Quiet-Drive Motor Driver DN-979,Power Systems,Motor Driver,169415,10620,W-04,true,2021-05-25T19:35:34Z,2022-03-26T09:59:33Z
P-02968,NR-SEN-02968,Sealed LIDAR Unit EA-116,Sensors,LIDAR Unit,151186,3343,W-06,true,2022-11-28T06:46:46Z,2023-09-23T11:08:44Z
P-02969,NR-ACT-02969,Industrial Stepper Motor FN-153,Actuators,Stepper Motor,182278,10237,W-03,true,2022-09-20T03:28:04Z,2023-09-10T11:58:51Z
P-02970,NR-CBL-02970,Precision EtherCAT Cable GA-190,Cabling and Connectors,EtherCAT Cable,2331,2329,W-07,true,2022-03-11T16:16:16Z,2022-09-02T00:08:55Z
P-02971,NR-CTL-02971,Modular IO Expansion Board HN-227,Controllers,IO Expansion Board,269984,9000,W-01,true,2023-11-05T03:53:49Z,2024-05-04T06:38:48Z
P-02972,NR-DRV-02972,High-Torque Ball Screw IA-264,Drivetrain,Ball Screw,245572,3110,W-04,true,2021-03-11T07:04:37Z,2021-09-04T02:43:02Z
P-02973,NR-EFF-02973,Heavy-Duty Tool Changer JN-301,End Effectors,Tool Changer,269535,8368,W-06,true,2024-01-28T11:04:34Z,2025-01-12T21:50:39Z
P-02974,NR-FRM-02974,Rapid-Cycle Mounting Bracket KA-338,Frames and Structure,Mounting Bracket,24649,51853,W-02,true,2022-02-15T03:38:52Z,2022-11-06T11:02:09Z
P-02975,NR-PWR-02975,Low-Backlash DC-DC Converter LN-375,Power Systems,DC-DC Converter,128658,9175,W-02,true,2024-08-27T01:50:05Z,2024-09-29T14:56:22Z
P-02976,NR-SEN-02976,Compact Force-Torque Sensor MA-412,Sensors,Force-Torque Sensor,56977,1063,W-08,true,2021-12-04T10:25:12Z,2022-03-05T08:43:08Z
P-02977,NR-ACT-02977,Quiet-Drive Servo Motor NN-449,Actuators,Servo Motor,15000,6945,W-02,true,2022-06-14T13:51:58Z,2023-01-25T10:43:30Z
P-02978,NR-CBL-02978,Sealed Cable Chain OA-486,Cabling and Connectors,Cable Chain,8276,2281,W-04,true,2024-01-21T13:25:05Z,2024-09-09T17:14:29Z
P-02979,NR-CTL-02979,Industrial Motion Controller PN-523,Controllers,Motion Controller,536035,2525,W-03,true,2021-03-21T13:48:21Z,2022-04-01T14:23:49Z
P-02980,NR-DRV-02980,Precision Harmonic Reducer QA-560,Drivetrain,Harmonic Reducer,285875,6140,W-03,true,2022-11-30T09:22:14Z,2023-09-07T14:36:30Z
P-02981,NR-EFF-02981,Modular Parallel Gripper RN-597,End Effectors,Parallel Gripper,204854,10806,W-06,true,2021-08-21T19:06:47Z,2022-09-23T06:33:53Z
P-02982,NR-FRM-02982,High-Torque Aluminum Extrusion SA-634,Frames and Structure,Aluminum Extrusion,21269,23706,W-05,true,2023-06-15T17:46:23Z,2023-11-25T22:06:11Z
P-02983,NR-PWR-02983,Heavy-Duty Battery Pack TN-671,Power Systems,Battery Pack,111633,12972,W-06,true,2023-06-20T22:50:57Z,2023-06-29T01:01:37Z
P-02984,NR-SEN-02984,Rapid-Cycle Proximity Sensor UA-708,Sensors,Proximity Sensor,110306,1338,W-07,true,2022-06-26T22:59:43Z,2023-05-16T17:52:22Z
P-02985,NR-ACT-02985,Low-Backlash Linear Actuator VN-745,Actuators,Linear Actuator,348207,11612,W-06,true,2023-10-07T16:03:31Z,2024-08-19T08:34:39Z
P-02986,NR-CBL-02986,Compact M12 Connector WA-782,Cabling and Connectors,M12 Connector,11702,2503,W-05,true,2023-01-10T23:54:25Z,2023-02-06T05:25:32Z
P-02987,NR-CTL-02987,Quiet-Drive PLC Module XN-819,Controllers,PLC Module,154087,1591,W-01,true,2022-11-14T00:19:54Z,2023-08-31T23:06:23Z
P-02988,NR-DRV-02988,Sealed Planetary Gearbox YA-856,Drivetrain,Planetary Gearbox,36212,8786,W-08,true,2024-10-19T08:26:23Z,2025-08-30T21:49:20Z
P-02989,NR-EFF-02989,Industrial Vacuum Gripper ZN-893,End Effectors,Vacuum Gripper,308606,7731,W-07,true,2024-09-28T00:14:10Z,2025-09-07T21:43:39Z
P-02990,NR-FRM-02990,Precision Base Plate AA-930,Frames and Structure,Base Plate,71973,41324,W-03,true,2024-03-25T12:21:36Z,2024-09-26T15:45:58Z
P-02991,NR-PWR-02991,Modular Power Supply Unit BN-967,Power Systems,Power Supply Unit,158824,8933,W-04,true,2023-10-24T08:15:59Z,2023-11-18T13:46:30Z
P-02992,NR-SEN-02992,High-Torque Rotary Encoder CA-104,Sensors,Rotary Encoder,8000,3014,W-03,true,2021-09-12T17:00:02Z,2022-03-11T18:35:34Z
P-02993,NR-ACT-02993,Heavy-Duty Rotary Actuator DN-141,Actuators,Rotary Actuator,323991,22000,W-07,true,2021-08-11T07:03:45Z,2022-01-25T19:32:17Z
P-02994,NR-CBL-02994,Rapid-Cycle Servo Cable EA-178,Cabling and Connectors,Servo Cable,1371,468,W-03,true,2021-02-05T01:00:38Z,2021-12-13T14:43:10Z
P-02995,NR-CTL-02995,Low-Backlash Edge Compute Node FN-215,Controllers,Edge Compute Node,643280,452,W-08,true,2022-02-06T16:56:07Z,2022-08-01T16:25:39Z
P-02996,NR-DRV-02996,Compact Timing Belt GA-252,Drivetrain,Timing Belt,175513,7320,W-02,true,2021-10-24T06:53:58Z,2022-07-16T04:02:19Z
P-02997,NR-EFF-02997,Quiet-Drive Welding Torch HN-289,End Effectors,Welding Torch,21875,8404,W-05,true,2023-07-20T04:20:54Z,2024-03-13T11:39:52Z
P-02998,NR-FRM-02998,Sealed Gantry Beam IA-326,Frames and Structure,Gantry Beam,60522,39745,W-06,true,2024-07-20T13:47:42Z,2024-08-27T07:01:18Z
P-02999,NR-PWR-02999,Industrial Motor Driver JN-363,Power Systems,Motor Driver,186357,9999,W-02,true,2024-10-08T00:19:06Z,2025-06-26T05:59:47Z
P-03000,NR-SEN-03000,Precision Thermal Camera Module KA-400,Sensors,Thermal Camera Module,134661,2727,W-06,true,2021-06-30T21:29:33Z,2021-07-08T12:17:04Z
P-03001,NR-ACT-03001,Modular Stepper Motor LN-437,Actuators,Stepper Motor,228661,16317,W-08,true,2023-04-03T09:44:02Z,2023-04-08T10:10:58Z
P-03002,NR-CBL-03002,High-Torque EtherCAT Cable MA-474,Cabling and Connectors,EtherCAT Cable,3188,4000,W-05,true,2022-04-16T04:51:04Z,2022-07-27T17:44:12Z
P-03003,NR-CTL-03003,Heavy-Duty IO Expansion Board NN-511,Controllers,IO Expansion Board,202367,7577,W-01,true,2022-10-22T02:10:54Z,2023-10-03T23:58:14Z
P-03004,NR-DRV-03004,Rapid-Cycle Ball Screw OA-548,Drivetrain,Ball Screw,158505,7308,W-07,true,2024-01-27T18:05:22Z,2024-05-07T18:36:33Z
P-03005,NR-EFF-03005,Low-Backlash Tool Changer PN-585,End Effectors,Tool Changer,300291,8031,W-01,true,2021-02-23T02:25:18Z,2021-05-06T08:37:37Z
P-03006,NR-FRM-03006,Compact Mounting Bracket QA-622,Frames and Structure,Mounting Bracket,18603,13914,W-08,true,2022-10-07T05:20:55Z,2023-03-18T10:32:54Z
P-03007,NR-PWR-03007,Quiet-Drive DC-DC Converter RN-659,Power Systems,DC-DC Converter,228505,6787,W-08,true,2023-01-04T04:30:57Z,2024-01-15T03:36:13Z
P-03008,NR-SEN-03008,Sealed LIDAR Unit SA-696,Sensors,LIDAR Unit,235861,3286,W-08,true,2024-05-23T23:58:35Z,2024-07-22T06:06:00Z
P-03009,NR-ACT-03009,Industrial Servo Motor TN-733,Actuators,Servo Motor,231860,14361,W-08,true,2024-05-23T09:54:09Z,2025-04-05T20:28:13Z
P-03010,NR-CBL-03010,Precision Cable Chain UA-770,Cabling and Connectors,Cable Chain,10776,3637,W-06,true,2023-06-17T00:25:43Z,2024-04-16T17:27:53Z
P-03011,NR-CTL-03011,Modular Motion Controller VN-807,Controllers,Motion Controller,422905,5649,W-02,true,2024-03-26T23:51:55Z,2024-08-15T22:35:46Z
P-03012,NR-DRV-03012,High-Torque Harmonic Reducer WA-844,Drivetrain,Harmonic Reducer,79305,6397,W-04,true,2022-05-19T14:21:30Z,2022-07-19T15:12:44Z
P-03013,NR-EFF-03013,Heavy-Duty Parallel Gripper XN-881,End Effectors,Parallel Gripper,231968,4300,W-07,true,2023-11-30T18:15:10Z,2024-01-31T08:17:18Z
P-03014,NR-FRM-03014,Rapid-Cycle Aluminum Extrusion YA-918,Frames and Structure,Aluminum Extrusion,43371,32742,W-05,true,2023-10-17T04:34:06Z,2023-10-20T00:10:13Z
P-03015,NR-PWR-03015,Low-Backlash Battery Pack ZN-955,Power Systems,Battery Pack,238794,13696,W-03,true,2022-02-26T21:38:46Z,2022-04-19T19:19:17Z
P-03016,NR-SEN-03016,Compact Force-Torque Sensor AA-992,Sensors,Force-Torque Sensor,81995,2398,W-03,true,2023-12-18T11:19:30Z,2024-02-09T09:44:51Z
P-03017,NR-ACT-03017,Quiet-Drive Linear Actuator BN-129,Actuators,Linear Actuator,446355,15064,W-02,true,2024-09-20T09:42:55Z,2025-09-17T17:18:01Z
P-03018,NR-CBL-03018,Sealed M12 Connector CA-166,Cabling and Connectors,M12 Connector,5098,3487,W-08,true,2022-09-23T07:35:50Z,2023-09-05T18:10:51Z
P-03019,NR-CTL-03019,Industrial PLC Module DN-203,Controllers,PLC Module,460092,5981,W-02,true,2024-01-26T12:24:28Z,2024-11-30T20:11:43Z
P-03020,NR-DRV-03020,Precision Planetary Gearbox EA-240,Drivetrain,Planetary Gearbox,277980,9121,W-02,true,2023-04-24T07:01:24Z,2023-09-17T19:30:53Z
P-03021,NR-EFF-03021,Modular Vacuum Gripper FN-277,End Effectors,Vacuum Gripper,302784,9762,W-05,true,2023-02-06T11:42:19Z,2023-05-27T14:16:46Z
P-03022,NR-FRM-03022,High-Torque Base Plate GA-314,Frames and Structure,Base Plate,65332,17132,W-06,true,2024-01-04T14:59:26Z,2024-01-12T18:05:07Z
P-03023,NR-PWR-03023,Heavy-Duty Power Supply Unit HN-351,Power Systems,Power Supply Unit,29863,12644,W-02,true,2023-07-13T09:32:10Z,2023-11-09T15:31:37Z
P-03024,NR-SEN-03024,Rapid-Cycle Proximity Sensor IA-388,Sensors,Proximity Sensor,163673,2634,W-02,true,2023-10-28T23:01:46Z,2024-07-20T18:51:33Z
P-03025,NR-ACT-03025,Low-Backlash Rotary Actuator JN-425,Actuators,Rotary Actuator,182651,11197,W-03,true,2022-07-21T23:32:13Z,2022-08-25T09:03:56Z
P-03026,NR-CBL-03026,Compact Servo Cable KA-462,Cabling and Connectors,Servo Cable,6830,736,W-06,true,2024-08-08T19:19:04Z,2025-08-19T06:18:37Z
P-03027,NR-CTL-03027,Quiet-Drive Edge Compute Node LN-499,Controllers,Edge Compute Node,437320,4199,W-04,true,2023-06-07T17:28:18Z,2023-09-17T05:49:05Z
P-03028,NR-DRV-03028,Sealed Timing Belt MA-536,Drivetrain,Timing Belt,338049,9621,W-07,true,2024-01-25T20:00:01Z,2024-10-25T21:15:30Z
P-03029,NR-EFF-03029,Industrial Welding Torch NN-573,End Effectors,Welding Torch,316614,7590,W-02,false,2022-11-30T23:50:48Z,2022-12-03T21:46:03Z
P-03030,NR-FRM-03030,Precision Gantry Beam OA-610,Frames and Structure,Gantry Beam,53483,13269,W-06,true,2023-06-29T12:40:15Z,2024-03-19T23:24:51Z
P-03031,NR-PWR-03031,Modular Motor Driver PN-647,Power Systems,Motor Driver,45378,8892,W-07,true,2024-12-27T23:45:58Z,2025-10-12T21:29:29Z
P-03032,NR-SEN-03032,High-Torque Rotary Encoder QA-684,Sensors,Rotary Encoder,268395,951,W-02,true,2021-11-24T19:07:11Z,2022-11-04T09:00:53Z
P-03033,NR-ACT-03033,Heavy-Duty Stepper Motor RN-721,Actuators,Stepper Motor,360286,14860,W-04,true,2022-12-26T21:48:22Z,2023-09-12T12:37:08Z
P-03034,NR-CBL-03034,Rapid-Cycle EtherCAT Cable SA-758,Cabling and Connectors,EtherCAT Cable,9624,1037,W-08,false,2022-04-27T05:10:26Z,2022-09-16T18:12:24Z
P-03035,NR-CTL-03035,Low-Backlash IO Expansion Board TN-795,Controllers,IO Expansion Board,341490,8431,W-05,true,2021-09-04T03:29:36Z,2022-06-30T13:20:22Z
P-03036,NR-DRV-03036,Compact Ball Screw UA-832,Drivetrain,Ball Screw,257682,11238,W-08,true,2021-10-04T05:30:25Z,2022-05-25T12:58:49Z
P-03037,NR-EFF-03037,Quiet-Drive Tool Changer VN-869,End Effectors,Tool Changer,82122,150,W-07,true,2022-01-02T01:05:18Z,2022-12-05T07:58:10Z
P-03038,NR-FRM-03038,Sealed Mounting Bracket WA-906,Frames and Structure,Mounting Bracket,35381,14274,W-05,true,2022-02-05T14:34:27Z,2022-09-24T08:18:14Z
P-03039,NR-PWR-03039,Industrial DC-DC Converter XN-943,Power Systems,DC-DC Converter,146372,12645,W-03,true,2023-08-26T05:32:55Z,2024-08-19T10:03:06Z
P-03040,NR-SEN-03040,Precision Thermal Camera Module YA-980,Sensors,Thermal Camera Module,110499,1700,W-07,true,2021-06-21T08:56:23Z,2022-03-10T13:29:06Z
P-03041,NR-ACT-03041,Modular Servo Motor ZN-117,Actuators,Servo Motor,382207,6079,W-08,true,2023-03-17T12:06:06Z,2023-04-19T21:52:38Z
P-03042,NR-CBL-03042,High-Torque Cable Chain AA-154,Cabling and Connectors,Cable Chain,10226,820,W-07,true,2021-12-18T16:35:44Z,2022-07-16T13:41:12Z
P-03043,NR-CTL-03043,Heavy-Duty Motion Controller BN-191,Controllers,Motion Controller,746613,3279,W-06,true,2023-01-02T12:26:09Z,2023-11-23T18:43:09Z
P-03044,NR-DRV-03044,Rapid-Cycle Harmonic Reducer CA-228,Drivetrain,Harmonic Reducer,295090,6282,W-05,true,2021-01-15T17:34:49Z,2021-03-07T20:28:13Z
P-03045,NR-EFF-03045,Low-Backlash Parallel Gripper DN-265,End Effectors,Parallel Gripper,154954,7425,W-03,true,2021-07-17T23:29:11Z,2022-02-26T15:53:41Z
P-03046,NR-FRM-03046,Compact Aluminum Extrusion EA-302,Frames and Structure,Aluminum Extrusion,55409,19794,W-05,true,2022-02-11T12:50:52Z,2022-06-10T23:41:45Z
P-03047,NR-PWR-03047,Quiet-Drive Battery Pack FN-339,Power Systems,Battery Pack,165782,7635,W-01,true,2024-03-27T08:33:00Z,2024-06-01T00:16:36Z
P-03048,NR-SEN-03048,Sealed LIDAR Unit GA-376,Sensors,LIDAR Unit,142413,1089,W-01,true,2023-11-21T10:22:35Z,2024-08-05T08:56:26Z
P-03049,NR-ACT-03049,Industrial Linear Actuator HN-413,Actuators,Linear Actuator,280745,14424,W-05,true,2021-10-14T08:56:31Z,2022-03-04T22:52:15Z
P-03050,NR-CBL-03050,Precision M12 Connector IA-450,Cabling and Connectors,M12 Connector,1225,3340,W-03,true,2024-09-07T17:23:22Z,2025-05-20T16:34:38Z
P-03051,NR-CTL-03051,Modular PLC Module JN-487,Controllers,PLC Module,25000,7385,W-02,true,2023-09-13T02:14:40Z,2023-11-03T04:23:07Z
P-03052,NR-DRV-03052,High-Torque Planetary Gearbox KA-524,Drivetrain,Planetary Gearbox,133805,7287,W-08,true,2022-05-28T13:46:05Z,2022-12-26T12:56:38Z
P-03053,NR-EFF-03053,Heavy-Duty Vacuum Gripper LN-561,End Effectors,Vacuum Gripper,155721,6882,W-02,true,2023-09-18T02:55:49Z,2024-03-24T08:47:38Z
P-03054,NR-FRM-03054,Rapid-Cycle Base Plate MA-598,Frames and Structure,Base Plate,66217,500,W-08,true,2023-11-30T03:58:44Z,2024-10-17T20:18:49Z
P-03055,NR-PWR-03055,Low-Backlash Power Supply Unit NN-635,Power Systems,Power Supply Unit,187128,6411,W-05,true,2021-05-09T00:50:21Z,2022-02-07T03:35:23Z
P-03056,NR-SEN-03056,Compact Force-Torque Sensor OA-672,Sensors,Force-Torque Sensor,154495,2930,W-03,true,2024-04-09T19:54:59Z,2024-08-14T20:15:27Z
P-03057,NR-ACT-03057,Quiet-Drive Rotary Actuator PN-709,Actuators,Rotary Actuator,226200,5168,W-07,true,2021-01-17T11:06:49Z,2021-02-19T15:12:44Z
P-03058,NR-CBL-03058,Sealed Servo Cable QA-746,Cabling and Connectors,Servo Cable,7263,1460,W-07,true,2023-12-29T08:06:54Z,2024-02-10T12:36:49Z
P-03059,NR-CTL-03059,Industrial Edge Compute Node RN-783,Controllers,Edge Compute Node,79418,6374,W-08,true,2024-07-29T23:58:47Z,2025-03-29T03:41:04Z
P-03060,NR-DRV-03060,Precision Timing Belt SA-820,Drivetrain,Timing Belt,148247,11424,W-04,true,2024-02-20T17:41:43Z,2024-10-30T02:00:36Z
P-03061,NR-EFF-03061,Modular Welding Torch TN-857,End Effectors,Welding Torch,180472,10027,W-08,true,2022-03-18T09:30:51Z,2022-08-02T03:03:54Z
P-03062,NR-FRM-03062,High-Torque Gantry Beam UA-894,Frames and Structure,Gantry Beam,34641,24288,W-02,true,2024-01-30T21:05:24Z,2024-03-18T09:17:28Z
P-03063,NR-PWR-03063,Heavy-Duty Motor Driver VN-931,Power Systems,Motor Driver,121144,4308,W-03,true,2022-02-20T18:19:20Z,2022-08-14T05:48:02Z
P-03064,NR-SEN-03064,Rapid-Cycle Proximity Sensor WA-968,Sensors,Proximity Sensor,109068,1247,W-04,true,2022-09-14T18:14:03Z,2022-09-29T16:36:32Z
P-03065,NR-ACT-03065,Low-Backlash Stepper Motor XN-105,Actuators,Stepper Motor,196269,21633,W-06,true,2023-12-07T03:40:01Z,2024-09-01T11:44:05Z
P-03066,NR-CBL-03066,Compact EtherCAT Cable YA-142,Cabling and Connectors,EtherCAT Cable,9537,3003,W-02,true,2021-11-04T18:44:52Z,2022-05-16T12:02:21Z
P-03067,NR-CTL-03067,Quiet-Drive IO Expansion Board ZN-179,Controllers,IO Expansion Board,653323,1052,W-03,true,2022-01-18T13:44:04Z,2022-02-02T20:51:13Z
P-03068,NR-DRV-03068,Sealed Ball Screw AA-216,Drivetrain,Ball Screw,235292,6462,W-02,true,2024-10-27T05:19:03Z,2025-04-06T22:17:12Z
P-03069,NR-EFF-03069,Industrial Tool Changer BN-253,End Effectors,Tool Changer,500000,8768,W-06,true,2024-08-05T20:52:24Z,2024-12-22T16:19:55Z
P-03070,NR-FRM-03070,Precision Mounting Bracket CA-290,Frames and Structure,Mounting Bracket,59887,50757,W-07,true,2023-06-05T13:15:41Z,2024-03-22T06:52:19Z
P-03071,NR-PWR-03071,Modular DC-DC Converter DN-327,Power Systems,DC-DC Converter,168603,16765,W-08,true,2021-12-24T12:40:11Z,2022-09-19T22:14:59Z
P-03072,NR-SEN-03072,High-Torque Rotary Encoder EA-364,Sensors,Rotary Encoder,300000,2299,W-07,true,2022-01-22T02:10:20Z,2022-05-04T16:07:01Z
P-03073,NR-ACT-03073,Heavy-Duty Servo Motor FN-401,Actuators,Servo Motor,139381,20046,W-03,true,2022-07-22T23:57:16Z,2023-04-25T21:29:52Z
P-03074,NR-CBL-03074,Rapid-Cycle Cable Chain GA-438,Cabling and Connectors,Cable Chain,4376,3768,W-07,true,2022-02-19T10:01:25Z,2022-04-01T01:28:27Z
P-03075,NR-CTL-03075,Low-Backlash Motion Controller HN-475,Controllers,Motion Controller,444090,5886,W-06,true,2022-09-03T22:10:41Z,2023-04-29T06:00:48Z
P-03076,NR-DRV-03076,Compact Harmonic Reducer IA-512,Drivetrain,Harmonic Reducer,282067,9712,W-07,true,2022-08-02T06:54:57Z,2022-10-09T07:55:26Z
P-03077,NR-EFF-03077,Quiet-Drive Parallel Gripper JN-549,End Effectors,Parallel Gripper,315360,7661,W-08,true,2024-04-12T05:35:00Z,2024-06-09T18:32:21Z
P-03078,NR-FRM-03078,Sealed Aluminum Extrusion KA-586,Frames and Structure,Aluminum Extrusion,8786,15427,W-08,true,2022-06-27T14:43:05Z,2022-12-17T23:43:29Z
P-03079,NR-PWR-03079,Industrial Battery Pack LN-623,Power Systems,Battery Pack,120631,5298,W-02,true,2021-04-17T05:27:08Z,2022-04-17T15:12:13Z
P-03080,NR-SEN-03080,Precision Thermal Camera Module MA-660,Sensors,Thermal Camera Module,240290,2612,W-06,true,2021-07-08T09:30:53Z,2022-05-09T03:06:39Z
P-03081,NR-ACT-03081,Modular Linear Actuator NN-697,Actuators,Linear Actuator,160782,12814,W-06,false,2022-09-29T06:14:00Z,2023-04-08T08:35:25Z
P-03082,NR-CBL-03082,High-Torque M12 Connector OA-734,Cabling and Connectors,M12 Connector,14043,2196,W-08,true,2021-07-28T08:38:58Z,2021-09-24T04:11:24Z
P-03083,NR-CTL-03083,Heavy-Duty PLC Module PN-771,Controllers,PLC Module,251880,762,W-07,true,2024-01-18T10:50:57Z,2024-12-19T10:38:11Z
P-03084,NR-DRV-03084,Rapid-Cycle Planetary Gearbox QA-808,Drivetrain,Planetary Gearbox,181597,9521,W-05,true,2024-12-30T12:52:47Z,2025-02-25T08:38:07Z
P-03085,NR-EFF-03085,Low-Backlash Vacuum Gripper RN-845,End Effectors,Vacuum Gripper,216173,8335,W-08,true,2023-05-24T14:56:05Z,2024-03-18T23:32:26Z
P-03086,NR-FRM-03086,Compact Base Plate SA-882,Frames and Structure,Base Plate,22625,30164,W-01,true,2022-12-17T11:38:05Z,2023-02-15T13:28:38Z
P-03087,NR-PWR-03087,Quiet-Drive Power Supply Unit TN-919,Power Systems,Power Supply Unit,95337,15455,W-04,true,2024-12-20T18:53:08Z,2026-01-17T04:14:32Z
P-03088,NR-SEN-03088,Sealed LIDAR Unit UA-956,Sensors,LIDAR Unit,274009,2148,W-01,true,2021-05-03T04:10:54Z,2021-12-10T04:11:51Z
P-03089,NR-ACT-03089,Industrial Rotary Actuator VN-993,Actuators,Rotary Actuator,243347,5610,W-05,true,2024-02-13T04:16:24Z,2024-07-30T09:02:24Z
P-03090,NR-CBL-03090,Precision Servo Cable WA-130,Cabling and Connectors,Servo Cable,4220,1329,W-08,true,2021-11-18T18:08:38Z,2021-12-18T11:27:12Z
P-03091,NR-CTL-03091,Modular Edge Compute Node XN-167,Controllers,Edge Compute Node,348052,9000,W-08,true,2022-08-23T10:24:55Z,2023-02-28T05:37:27Z
P-03092,NR-DRV-03092,High-Torque Timing Belt YA-204,Drivetrain,Timing Belt,138198,6931,W-04,true,2024-02-15T00:15:01Z,2024-11-14T15:51:56Z
P-03093,NR-EFF-03093,Heavy-Duty Welding Torch ZN-241,End Effectors,Welding Torch,446771,8961,W-05,true,2024-12-17T04:50:31Z,2025-01-21T17:36:28Z
P-03094,NR-FRM-03094,Rapid-Cycle Gantry Beam AA-278,Frames and Structure,Gantry Beam,68385,29332,W-01,true,2022-09-14T18:45:52Z,2023-01-17T07:11:58Z
P-03095,NR-PWR-03095,Low-Backlash Motor Driver BN-315,Power Systems,Motor Driver,99677,10993,W-06,true,2021-08-31T11:10:25Z,2022-09-14T17:16:55Z
P-03096,NR-SEN-03096,Compact Force-Torque Sensor CA-352,Sensors,Force-Torque Sensor,156411,1805,W-02,true,2024-09-05T10:08:58Z,2025-04-18T23:17:00Z
P-03097,NR-ACT-03097,Quiet-Drive Stepper Motor DN-389,Actuators,Stepper Motor,86988,13677,W-03,true,2022-10-15T09:48:05Z,2023-05-23T00:02:39Z
P-03098,NR-CBL-03098,Sealed EtherCAT Cable EA-426,Cabling and Connectors,EtherCAT Cable,12048,2138,W-07,false,2021-12-11T18:42:48Z,2022-01-19T09:30:10Z
P-03099,NR-CTL-03099,Industrial IO Expansion Board FN-463,Controllers,IO Expansion Board,497288,1711,W-07,true,2022-02-01T14:23:41Z,2022-10-28T20:58:04Z
P-03100,NR-DRV-03100,Precision Ball Screw GA-500,Drivetrain,Ball Screw,294395,6814,W-08,true,2024-10-17T04:56:21Z,2024-12-17T21:38:11Z
P-03101,NR-EFF-03101,Modular Tool Changer HN-537,End Effectors,Tool Changer,246006,9459,W-08,true,2022-08-12T15:05:35Z,2023-07-03T04:29:57Z
P-03102,NR-FRM-03102,High-Torque Mounting Bracket IA-574,Frames and Structure,Mounting Bracket,34027,31998,W-08,true,2024-10-19T13:29:05Z,2025-01-05T23:49:06Z
P-03103,NR-PWR-03103,Heavy-Duty DC-DC Converter JN-611,Power Systems,DC-DC Converter,172578,11009,W-04,true,2023-11-05T23:59:13Z,2024-08-15T20:20:14Z
P-03104,NR-SEN-03104,Rapid-Cycle Proximity Sensor KA-648,Sensors,Proximity Sensor,175472,1228,W-05,true,2024-03-11T20:26:48Z,2024-05-20T07:04:24Z
P-03105,NR-ACT-03105,Low-Backlash Servo Motor LN-685,Actuators,Servo Motor,15000,10914,W-03,true,2024-12-18T19:23:27Z,2025-04-11T15:16:27Z
P-03106,NR-CBL-03106,Compact Cable Chain MA-722,Cabling and Connectors,Cable Chain,8587,2031,W-04,true,2022-06-22T15:35:09Z,2023-05-21T11:49:09Z
P-03107,NR-CTL-03107,Quiet-Drive Motion Controller NN-759,Controllers,Motion Controller,273315,8007,W-05,true,2023-12-29T20:35:57Z,2025-01-03T05:07:26Z
P-03108,NR-DRV-03108,Sealed Harmonic Reducer OA-796,Drivetrain,Harmonic Reducer,114391,7860,W-08,true,2023-02-09T03:44:57Z,2024-02-17T18:49:25Z
P-03109,NR-EFF-03109,Industrial Parallel Gripper PN-833,End Effectors,Parallel Gripper,421414,9331,W-06,true,2022-03-16T21:23:29Z,2023-03-25T02:18:33Z
P-03110,NR-FRM-03110,Precision Aluminum Extrusion QA-870,Frames and Structure,Aluminum Extrusion,39559,28149,W-04,true,2023-10-30T17:01:54Z,2023-12-14T10:20:42Z
P-03111,NR-PWR-03111,Modular Battery Pack RN-907,Power Systems,Battery Pack,165780,12397,W-02,true,2021-02-06T22:23:57Z,2021-03-23T19:56:03Z
P-03112,NR-SEN-03112,High-Torque Rotary Encoder SA-944,Sensors,Rotary Encoder,215122,1747,W-01,true,2024-03-02T08:20:29Z,2024-03-30T16:20:27Z
P-03113,NR-ACT-03113,Heavy-Duty Linear Actuator TN-981,Actuators,Linear Actuator,159597,5007,W-07,true,2023-02-10T11:18:21Z,2023-12-19T07:05:32Z
P-03114,NR-CBL-03114,Rapid-Cycle M12 Connector UA-118,Cabling and Connectors,M12 Connector,5813,1466,W-06,true,2022-08-10T10:27:49Z,2022-10-25T02:04:12Z
P-03115,NR-CTL-03115,Low-Backlash PLC Module VN-155,Controllers,PLC Module,434788,4872,W-06,true,2021-12-08T09:12:33Z,2022-01-23T13:13:55Z
P-03116,NR-DRV-03116,Compact Planetary Gearbox WA-192,Drivetrain,Planetary Gearbox,289632,8393,W-01,true,2021-09-02T11:52:04Z,2022-04-29T02:44:26Z
P-03117,NR-EFF-03117,Quiet-Drive Vacuum Gripper XN-229,End Effectors,Vacuum Gripper,190498,4638,W-08,true,2024-01-14T22:59:04Z,2024-08-17T20:54:05Z
P-03118,NR-FRM-03118,Sealed Base Plate YA-266,Frames and Structure,Base Plate,80000,58742,W-01,true,2022-02-26T17:07:51Z,2023-01-13T17:49:49Z
P-03119,NR-PWR-03119,Industrial Power Supply Unit ZN-303,Power Systems,Power Supply Unit,128517,6540,W-05,true,2022-07-13T00:55:37Z,2022-09-28T12:53:17Z
P-03120,NR-SEN-03120,Precision Thermal Camera Module AA-340,Sensors,Thermal Camera Module,24575,1549,W-03,true,2021-08-30T02:22:59Z,2022-08-16T10:38:31Z
P-03121,NR-ACT-03121,Modular Rotary Actuator BN-377,Actuators,Rotary Actuator,259397,3683,W-04,true,2021-07-17T21:37:14Z,2022-01-27T22:26:53Z
P-03122,NR-CBL-03122,High-Torque Servo Cable CA-414,Cabling and Connectors,Servo Cable,10198,2170,W-03,true,2022-08-17T19:00:04Z,2023-08-16T08:58:33Z
P-03123,NR-CTL-03123,Heavy-Duty Edge Compute Node DN-451,Controllers,Edge Compute Node,57363,5914,W-03,true,2021-05-03T10:20:35Z,2022-02-14T00:18:12Z
P-03124,NR-DRV-03124,Rapid-Cycle Timing Belt EA-488,Drivetrain,Timing Belt,38491,6838,W-01,true,2023-03-14T11:36:02Z,2023-07-21T10:05:52Z
P-03125,NR-EFF-03125,Low-Backlash Welding Torch FN-525,End Effectors,Welding Torch,275254,2586,W-08,true,2022-10-04T06:57:39Z,2023-08-12T22:58:46Z
P-03126,NR-FRM-03126,Compact Gantry Beam GA-562,Frames and Structure,Gantry Beam,13141,40029,W-04,true,2021-12-04T21:21:22Z,2022-03-13T14:28:49Z
P-03127,NR-PWR-03127,Quiet-Drive Motor Driver HN-599,Power Systems,Motor Driver,49966,9532,W-02,true,2023-08-13T03:27:33Z,2023-09-08T06:39:22Z
P-03128,NR-SEN-03128,Sealed LIDAR Unit IA-636,Sensors,LIDAR Unit,92098,1334,W-04,true,2022-05-23T00:30:57Z,2022-09-09T04:16:45Z
P-03129,NR-ACT-03129,Industrial Stepper Motor JN-673,Actuators,Stepper Motor,85004,12424,W-08,true,2021-08-30T05:44:02Z,2021-09-10T17:52:16Z
P-03130,NR-CBL-03130,Precision EtherCAT Cable KA-710,Cabling and Connectors,EtherCAT Cable,11694,3415,W-03,true,2021-08-20T17:39:25Z,2022-03-03T17:47:37Z
P-03131,NR-CTL-03131,Modular IO Expansion Board LN-747,Controllers,IO Expansion Board,57279,3704,W-05,true,2022-01-15T12:46:27Z,2023-01-08T23:33:40Z
P-03132,NR-DRV-03132,High-Torque Ball Screw MA-784,Drivetrain,Ball Screw,181299,9032,W-02,true,2021-04-25T10:44:34Z,2021-07-19T18:59:38Z
P-03133,NR-EFF-03133,Heavy-Duty Tool Changer NN-821,End Effectors,Tool Changer,281545,5686,W-02,true,2022-08-15T07:36:08Z,2022-11-17T21:48:45Z
P-03134,NR-FRM-03134,Rapid-Cycle Mounting Bracket OA-858,Frames and Structure,Mounting Bracket,71106,17640,W-06,true,2022-09-27T23:50:03Z,2022-10-02T23:09:34Z
P-03135,NR-PWR-03135,Low-Backlash DC-DC Converter PN-895,Power Systems,DC-DC Converter,117365,9763,W-05,true,2024-05-09T01:08:02Z,2024-07-19T21:44:10Z
P-03136,NR-SEN-03136,Compact Force-Torque Sensor QA-932,Sensors,Force-Torque Sensor,220172,958,W-02,true,2024-06-19T09:50:40Z,2024-09-24T15:38:27Z
P-03137,NR-ACT-03137,Quiet-Drive Servo Motor RN-969,Actuators,Servo Motor,210874,791,W-02,false,2023-11-17T23:17:40Z,2024-03-08T01:16:45Z
P-03138,NR-CBL-03138,Sealed Cable Chain SA-106,Cabling and Connectors,Cable Chain,12169,969,W-05,true,2023-11-06T09:08:09Z,2024-04-18T14:15:36Z
P-03139,NR-CTL-03139,Industrial Motion Controller TN-143,Controllers,Motion Controller,321100,9000,W-05,true,2022-03-13T08:50:55Z,2022-05-24T18:54:02Z
P-03140,NR-DRV-03140,Precision Harmonic Reducer UA-180,Drivetrain,Harmonic Reducer,188495,8891,W-06,true,2024-08-25T15:32:16Z,2024-11-14T02:11:52Z
P-03141,NR-EFF-03141,Modular Parallel Gripper VN-217,End Effectors,Parallel Gripper,141496,12000,W-05,true,2023-12-20T09:14:20Z,2024-06-17T03:53:20Z
P-03142,NR-FRM-03142,High-Torque Aluminum Extrusion WA-254,Frames and Structure,Aluminum Extrusion,56359,47861,W-02,true,2023-11-05T12:06:01Z,2023-11-07T05:36:15Z
P-03143,NR-PWR-03143,Heavy-Duty Battery Pack XN-291,Power Systems,Battery Pack,102939,13630,W-03,true,2023-06-09T09:15:55Z,2024-01-08T21:35:42Z
P-03144,NR-SEN-03144,Rapid-Cycle Proximity Sensor YA-328,Sensors,Proximity Sensor,188829,243,W-07,true,2022-04-05T16:24:21Z,2023-05-01T15:07:49Z
P-03145,NR-ACT-03145,Low-Backlash Linear Actuator ZN-365,Actuators,Linear Actuator,159803,12156,W-04,true,2022-02-13T01:16:31Z,2022-11-14T18:29:13Z
P-03146,NR-CBL-03146,Compact M12 Connector AA-402,Cabling and Connectors,M12 Connector,7946,1016,W-04,true,2024-04-02T17:15:15Z,2024-07-30T03:25:47Z
P-03147,NR-CTL-03147,Quiet-Drive PLC Module BN-439,Controllers,PLC Module,151861,5490,W-01,true,2024-05-13T02:11:37Z,2024-06-24T12:59:34Z
P-03148,NR-DRV-03148,Sealed Planetary Gearbox CA-476,Drivetrain,Planetary Gearbox,112804,8370,W-08,true,2024-12-27T03:16:48Z,2025-12-11T10:55:19Z
P-03149,NR-EFF-03149,Industrial Vacuum Gripper DN-513,End Effectors,Vacuum Gripper,238443,10166,W-07,true,2021-12-23T18:44:11Z,2022-07-03T13:53:11Z
P-03150,NR-FRM-03150,Precision Base Plate EA-550,Frames and Structure,Base Plate,17236,15546,W-01,true,2023-08-14T04:02:18Z,2024-03-25T14:05:38Z
P-03151,NR-PWR-03151,Modular Power Supply Unit FN-587,Power Systems,Power Supply Unit,223020,13440,W-04,false,2021-04-20T23:55:39Z,2021-04-24T08:12:56Z
P-03152,NR-SEN-03152,High-Torque Rotary Encoder GA-624,Sensors,Rotary Encoder,160752,1623,W-03,true,2024-06-10T20:07:13Z,2025-05-27T01:53:00Z
P-03153,NR-ACT-03153,Heavy-Duty Rotary Actuator HN-661,Actuators,Rotary Actuator,79958,21544,W-04,true,2024-12-08T15:38:11Z,2025-10-12T16:22:32Z
P-03154,NR-CBL-03154,Rapid-Cycle Servo Cable IA-698,Cabling and Connectors,Servo Cable,7950,3519,W-07,true,2023-04-10T06:04:52Z,2024-02-19T15:20:03Z
P-03155,NR-CTL-03155,Low-Backlash Edge Compute Node JN-735,Controllers,Edge Compute Node,349423,3219,W-03,true,2021-12-17T20:38:56Z,2022-10-21T13:41:46Z
P-03156,NR-DRV-03156,Compact Timing Belt KA-772,Drivetrain,Timing Belt,350000,9558,W-05,true,2022-11-16T18:40:29Z,2023-06-30T11:43:20Z
P-03157,NR-EFF-03157,Quiet-Drive Welding Torch LN-809,End Effectors,Welding Torch,372899,5160,W-04,true,2022-08-12T02:09:02Z,2023-03-11T01:35:11Z
P-03158,NR-FRM-03158,Sealed Gantry Beam MA-846,Frames and Structure,Gantry Beam,17518,29262,W-02,true,2023-10-07T04:00:52Z,2024-04-15T14:17:39Z
P-03159,NR-PWR-03159,Industrial Motor Driver NN-883,Power Systems,Motor Driver,103426,10284,W-06,true,2022-12-10T08:43:19Z,2023-12-09T06:51:11Z
P-03160,NR-SEN-03160,Precision Thermal Camera Module OA-920,Sensors,Thermal Camera Module,182174,1770,W-08,true,2024-04-03T17:25:53Z,2024-09-23T02:23:09Z
P-03161,NR-ACT-03161,Modular Stepper Motor PN-957,Actuators,Stepper Motor,178946,7347,W-08,true,2024-06-10T15:38:42Z,2024-11-14T12:59:28Z
P-03162,NR-CBL-03162,High-Torque EtherCAT Cable QA-994,Cabling and Connectors,EtherCAT Cable,11098,10,W-06,true,2021-06-21T21:15:32Z,2021-08-18T06:33:48Z
P-03163,NR-CTL-03163,Heavy-Duty IO Expansion Board RN-131,Controllers,IO Expansion Board,195370,5656,W-08,true,2021-02-26T17:19:41Z,2021-09-30T16:13:12Z
P-03164,NR-DRV-03164,Rapid-Cycle Ball Screw SA-168,Drivetrain,Ball Screw,138829,6033,W-06,true,2022-04-02T06:50:56Z,2022-06-08T04:26:49Z
P-03165,NR-EFF-03165,Low-Backlash Tool Changer TN-205,End Effectors,Tool Changer,465018,4239,W-05,true,2022-10-19T21:53:16Z,2023-10-02T16:20:45Z
P-03166,NR-FRM-03166,Compact Mounting Bracket UA-242,Frames and Structure,Mounting Bracket,38402,40884,W-07,true,2024-02-09T15:42:18Z,2024-12-21T21:39:48Z
P-03167,NR-PWR-03167,Quiet-Drive DC-DC Converter VN-279,Power Systems,DC-DC Converter,250000,8140,W-03,true,2021-12-22T10:43:18Z,2022-03-17T00:43:37Z
P-03168,NR-SEN-03168,Sealed LIDAR Unit WA-316,Sensors,LIDAR Unit,44708,1926,W-04,true,2022-07-14T12:58:19Z,2023-01-19T21:47:27Z
P-03169,NR-ACT-03169,Industrial Servo Motor XN-353,Actuators,Servo Motor,417893,5100,W-04,true,2023-12-16T05:28:41Z,2024-05-04T03:00:54Z
P-03170,NR-CBL-03170,Precision Cable Chain YA-390,Cabling and Connectors,Cable Chain,4848,2677,W-04,true,2022-08-23T12:01:19Z,2022-11-18T05:40:02Z
P-03171,NR-CTL-03171,Modular Motion Controller ZN-427,Controllers,Motion Controller,753276,3854,W-01,true,2022-12-07T22:22:36Z,2023-05-25T01:24:26Z
P-03172,NR-DRV-03172,High-Torque Harmonic Reducer AA-464,Drivetrain,Harmonic Reducer,346370,5752,W-03,true,2021-08-29T10:15:24Z,2022-03-29T12:12:30Z
P-03173,NR-EFF-03173,Heavy-Duty Parallel Gripper BN-501,End Effectors,Parallel Gripper,60345,5880,W-02,true,2021-11-01T14:14:51Z,2022-07-30T16:00:14Z
P-03174,NR-FRM-03174,Rapid-Cycle Aluminum Extrusion CA-538,Frames and Structure,Aluminum Extrusion,51725,18340,W-08,false,2022-01-14T10:06:56Z,2022-05-13T14:19:46Z
P-03175,NR-PWR-03175,Low-Backlash Battery Pack DN-575,Power Systems,Battery Pack,187224,4225,W-04,true,2023-10-29T03:33:55Z,2024-01-08T23:40:51Z
P-03176,NR-SEN-03176,Compact Force-Torque Sensor EA-612,Sensors,Force-Torque Sensor,152006,2112,W-04,true,2021-11-08T20:48:29Z,2022-02-13T11:11:41Z
P-03177,NR-ACT-03177,Quiet-Drive Linear Actuator FN-649,Actuators,Linear Actuator,330783,7392,W-02,true,2021-02-21T20:25:39Z,2022-01-22T04:03:29Z
P-03178,NR-CBL-03178,Sealed M12 Connector GA-686,Cabling and Connectors,M12 Connector,11142,2039,W-08,true,2021-12-22T17:34:15Z,2022-08-27T20:10:39Z
P-03179,NR-CTL-03179,Industrial PLC Module HN-723,Controllers,PLC Module,352437,4912,W-03,true,2022-06-11T14:52:48Z,2022-06-30T15:32:55Z
P-03180,NR-DRV-03180,Precision Planetary Gearbox IA-760,Drivetrain,Planetary Gearbox,54963,11781,W-08,true,2022-07-31T07:40:29Z,2023-02-20T13:51:20Z
P-03181,NR-EFF-03181,Modular Vacuum Gripper JN-797,End Effectors,Vacuum Gripper,157953,7939,W-07,true,2024-12-29T04:12:37Z,2025-08-16T01:30:10Z
P-03182,NR-FRM-03182,High-Torque Base Plate KA-834,Frames and Structure,Base Plate,26681,12395,W-08,true,2021-01-08T14:46:53Z,2021-07-06T20:46:01Z
P-03183,NR-PWR-03183,Heavy-Duty Power Supply Unit LN-871,Power Systems,Power Supply Unit,90907,7186,W-08,true,2024-07-28T18:47:04Z,2024-10-13T17:19:38Z
P-03184,NR-SEN-03184,Rapid-Cycle Proximity Sensor MA-908,Sensors,Proximity Sensor,119828,25,W-07,false,2023-06-25T22:56:39Z,2023-10-21T04:12:42Z
P-03185,NR-ACT-03185,Low-Backlash Rotary Actuator NN-945,Actuators,Rotary Actuator,195926,13336,W-04,true,2023-08-23T21:42:07Z,2024-01-05T18:29:06Z
P-03186,NR-CBL-03186,Compact Servo Cable OA-982,Cabling and Connectors,Servo Cable,6712,2216,W-07,true,2024-05-02T13:07:26Z,2024-07-27T19:54:56Z
P-03187,NR-CTL-03187,Quiet-Drive Edge Compute Node PN-119,Controllers,Edge Compute Node,281521,1507,W-03,true,2022-10-21T20:48:06Z,2022-12-18T04:31:32Z
P-03188,NR-DRV-03188,Sealed Timing Belt QA-156,Drivetrain,Timing Belt,34644,11207,W-04,true,2022-02-05T16:04:02Z,2022-08-20T16:44:34Z
P-03189,NR-EFF-03189,Industrial Welding Torch RN-193,End Effectors,Welding Torch,453986,5092,W-01,true,2021-05-17T06:26:22Z,2021-11-12T16:22:09Z
P-03190,NR-FRM-03190,Precision Gantry Beam SA-230,Frames and Structure,Gantry Beam,70138,30418,W-05,true,2021-10-28T03:39:48Z,2022-06-20T11:09:34Z
P-03191,NR-PWR-03191,Modular Motor Driver TN-267,Power Systems,Motor Driver,97571,5369,W-06,true,2023-12-03T14:14:45Z,2024-10-13T01:44:15Z
P-03192,NR-SEN-03192,High-Torque Rotary Encoder UA-304,Sensors,Rotary Encoder,106150,1841,W-04,true,2022-02-14T15:18:06Z,2022-09-06T10:46:50Z
P-03193,NR-ACT-03193,Heavy-Duty Stepper Motor VN-341,Actuators,Stepper Motor,107735,10049,W-03,true,2022-01-16T14:42:38Z,2022-12-03T03:50:45Z
P-03194,NR-CBL-03194,Rapid-Cycle EtherCAT Cable WA-378,Cabling and Connectors,EtherCAT Cable,13018,152,W-04,true,2021-04-20T01:31:02Z,2021-08-05T15:23:52Z
P-03195,NR-CTL-03195,Low-Backlash IO Expansion Board XN-415,Controllers,IO Expansion Board,521674,5249,W-04,true,2021-02-02T14:36:39Z,2021-12-18T13:52:52Z
P-03196,NR-DRV-03196,Compact Ball Screw YA-452,Drivetrain,Ball Screw,186105,9046,W-03,true,2021-07-08T20:14:37Z,2022-07-17T04:59:48Z
P-03197,NR-EFF-03197,Quiet-Drive Tool Changer ZN-489,End Effectors,Tool Changer,124425,8879,W-03,true,2021-08-30T14:58:34Z,2022-01-24T21:03:53Z
P-03198,NR-FRM-03198,Sealed Mounting Bracket AA-526,Frames and Structure,Mounting Bracket,12617,43338,W-01,true,2022-10-20T23:28:56Z,2023-11-18T13:51:19Z
P-03199,NR-PWR-03199,Industrial DC-DC Converter BN-563,Power Systems,DC-DC Converter,177908,18000,W-07,true,2022-12-20T09:03:59Z,2023-11-22T21:34:48Z
P-03200,NR-SEN-03200,Precision Thermal Camera Module CA-600,Sensors,Thermal Camera Module,133199,3397,W-03,true,2023-06-16T23:13:30Z,2023-08-08T13:36:49Z
P-03201,NR-ACT-03201,Modular Servo Motor DN-637,Actuators,Servo Motor,191733,2645,W-06,false,2021-08-06T08:17:49Z,2021-11-30T05:18:23Z
P-03202,NR-CBL-03202,High-Torque Cable Chain EA-674,Cabling and Connectors,Cable Chain,11575,1071,W-05,true,2024-11-16T23:31:50Z,2025-02-03T23:20:11Z
P-03203,NR-CTL-03203,Heavy-Duty Motion Controller FN-711,Controllers,Motion Controller,670832,8703,W-05,true,2022-02-08T22:52:18Z,2022-10-16T04:28:28Z
P-03204,NR-DRV-03204,Rapid-Cycle Harmonic Reducer GA-748,Drivetrain,Harmonic Reducer,207246,5702,W-07,true,2024-11-09T23:18:57Z,2025-09-27T21:40:36Z
P-03205,NR-EFF-03205,Low-Backlash Parallel Gripper HN-785,End Effectors,Parallel Gripper,261899,3791,W-04,true,2022-01-21T17:45:48Z,2022-12-21T02:43:00Z
P-03206,NR-FRM-03206,Compact Aluminum Extrusion IA-822,Frames and Structure,Aluminum Extrusion,44312,6323,W-01,true,2024-09-16T18:32:58Z,2024-12-15T23:40:57Z
P-03207,NR-PWR-03207,Quiet-Drive Battery Pack JN-859,Power Systems,Battery Pack,223108,12605,W-01,true,2022-10-24T21:37:32Z,2023-05-12T21:50:49Z
P-03208,NR-SEN-03208,Sealed LIDAR Unit KA-896,Sensors,LIDAR Unit,267135,1969,W-01,true,2023-02-16T05:30:02Z,2024-02-23T04:53:44Z
P-03209,NR-ACT-03209,Industrial Linear Actuator LN-933,Actuators,Linear Actuator,316834,13682,W-01,true,2023-10-23T03:49:37Z,2023-12-05T11:45:31Z
P-03210,NR-CBL-03210,Precision M12 Connector MA-970,Cabling and Connectors,M12 Connector,8706,10,W-01,true,2023-04-05T07:56:27Z,2024-04-11T07:27:19Z
P-03211,NR-CTL-03211,Modular PLC Module NN-107,Controllers,PLC Module,527089,4343,W-07,true,2023-12-05T22:03:26Z,2024-04-01T22:29:59Z
P-03212,NR-DRV-03212,High-Torque Planetary Gearbox OA-144,Drivetrain,Planetary Gearbox,316429,8147,W-03,false,2022-12-28T22:53:26Z,2023-05-08T16:12:30Z
P-03213,NR-EFF-03213,Heavy-Duty Vacuum Gripper PN-181,End Effectors,Vacuum Gripper,312242,7314,W-06,true,2021-02-04T22:23:18Z,2021-07-22T23:42:28Z
P-03214,NR-FRM-03214,Rapid-Cycle Base Plate QA-218,Frames and Structure,Base Plate,51511,40689,W-07,true,2024-05-22T00:21:59Z,2024-05-27T05:30:53Z
P-03215,NR-PWR-03215,Low-Backlash Power Supply Unit RN-255,Power Systems,Power Supply Unit,151834,12581,W-05,true,2021-12-20T05:17:06Z,2022-12-08T22:03:05Z
P-03216,NR-SEN-03216,Compact Force-Torque Sensor SA-292,Sensors,Force-Torque Sensor,282012,1473,W-04,true,2022-07-12T16:36:05Z,2023-07-27T09:42:05Z
P-03217,NR-ACT-03217,Quiet-Drive Rotary Actuator TN-329,Actuators,Rotary Actuator,289493,7441,W-01,true,2023-09-27T15:22:19Z,2024-01-19T01:55:06Z
P-03218,NR-CBL-03218,Sealed Servo Cable UA-366,Cabling and Connectors,Servo Cable,7527,3097,W-08,true,2023-01-15T20:28:10Z,2023-07-03T01:39:13Z
P-03219,NR-CTL-03219,Industrial Edge Compute Node VN-403,Controllers,Edge Compute Node,900000,4216,W-01,true,2024-01-09T16:45:48Z,2024-12-05T08:19:18Z
P-03220,NR-DRV-03220,Precision Timing Belt WA-440,Drivetrain,Timing Belt,225996,10352,W-04,true,2021-06-11T16:07:15Z,2021-08-30T23:49:27Z
P-03221,NR-EFF-03221,Modular Welding Torch XN-477,End Effectors,Welding Torch,414156,12000,W-04,true,2021-09-07T02:56:31Z,2022-02-13T13:45:21Z
P-03222,NR-FRM-03222,High-Torque Gantry Beam YA-514,Frames and Structure,Gantry Beam,50077,55873,W-03,true,2022-01-23T04:30:59Z,2022-02-17T02:24:26Z
P-03223,NR-PWR-03223,Heavy-Duty Motor Driver ZN-551,Power Systems,Motor Driver,124344,3803,W-08,true,2021-09-16T01:42:47Z,2022-03-31T09:14:32Z
P-03224,NR-SEN-03224,Rapid-Cycle Proximity Sensor AA-588,Sensors,Proximity Sensor,247301,1722,W-08,true,2024-11-13T06:10:58Z,2025-03-26T07:08:22Z
P-03225,NR-ACT-03225,Low-Backlash Stepper Motor BN-625,Actuators,Stepper Motor,241902,9743,W-03,true,2023-03-22T10:28:35Z,2023-08-26T21:30:11Z
P-03226,NR-CBL-03226,Compact EtherCAT Cable CA-662,Cabling and Connectors,EtherCAT Cable,12180,2713,W-02,true,2022-07-03T14:05:03Z,2023-02-14T07:24:37Z
P-03227,NR-CTL-03227,Quiet-Drive IO Expansion Board DN-699,Controllers,IO Expansion Board,342971,4306,W-02,true,2021-01-11T05:27:02Z,2021-03-01T23:29:33Z
P-03228,NR-DRV-03228,Sealed Ball Screw EA-736,Drivetrain,Ball Screw,54961,2720,W-01,true,2023-01-01T01:23:22Z,2023-07-16T20:48:54Z
P-03229,NR-EFF-03229,Industrial Tool Changer FN-773,End Effectors,Tool Changer,277274,5089,W-02,true,2023-12-21T14:18:02Z,2024-11-19T11:52:52Z
P-03230,NR-FRM-03230,Precision Mounting Bracket GA-810,Frames and Structure,Mounting Bracket,42009,20083,W-01,true,2021-09-01T21:45:46Z,2022-05-14T01:55:05Z
P-03231,NR-PWR-03231,Modular DC-DC Converter HN-847,Power Systems,DC-DC Converter,111268,10650,W-06,true,2022-07-19T13:44:00Z,2022-09-20T07:17:04Z
P-03232,NR-SEN-03232,High-Torque Rotary Encoder IA-884,Sensors,Rotary Encoder,189311,1849,W-05,true,2024-04-08T22:52:11Z,2024-10-24T17:48:12Z
P-03233,NR-ACT-03233,Heavy-Duty Servo Motor JN-921,Actuators,Servo Motor,218298,8453,W-06,true,2021-03-16T00:45:34Z,2021-03-26T00:34:43Z
P-03234,NR-CBL-03234,Rapid-Cycle Cable Chain KA-958,Cabling and Connectors,Cable Chain,7784,2146,W-06,true,2022-01-09T19:13:44Z,2022-09-17T02:11:43Z
P-03235,NR-CTL-03235,Low-Backlash Motion Controller LN-995,Controllers,Motion Controller,814133,5507,W-05,true,2024-11-05T23:01:13Z,2025-04-02T20:20:45Z
P-03236,NR-DRV-03236,Compact Harmonic Reducer MA-132,Drivetrain,Harmonic Reducer,114975,2609,W-01,true,2022-12-11T18:20:28Z,2023-08-25T18:39:10Z
P-03237,NR-EFF-03237,Quiet-Drive Parallel Gripper NN-169,End Effectors,Parallel Gripper,311006,2447,W-06,true,2021-08-08T21:12:37Z,2021-09-01T06:59:00Z
P-03238,NR-FRM-03238,Sealed Aluminum Extrusion OA-206,Frames and Structure,Aluminum Extrusion,47257,24799,W-01,true,2021-12-10T11:42:36Z,2022-03-16T18:38:19Z
P-03239,NR-PWR-03239,Industrial Battery Pack PN-243,Power Systems,Battery Pack,11558,13592,W-04,true,2024-07-22T21:52:11Z,2025-07-23T22:31:17Z
P-03240,NR-SEN-03240,Precision Thermal Camera Module QA-280,Sensors,Thermal Camera Module,144977,1028,W-04,true,2021-01-03T05:30:00Z,2021-07-19T16:51:40Z
P-03241,NR-ACT-03241,Modular Linear Actuator RN-317,Actuators,Linear Actuator,65052,19639,W-05,true,2022-08-29T02:54:33Z,2022-11-14T11:24:18Z
P-03242,NR-CBL-03242,High-Torque M12 Connector SA-354,Cabling and Connectors,M12 Connector,5003,2311,W-06,true,2023-12-02T07:31:01Z,2024-07-12T12:56:05Z
P-03243,NR-CTL-03243,Heavy-Duty PLC Module TN-391,Controllers,PLC Module,373593,8079,W-02,true,2024-02-07T06:10:31Z,2024-04-21T00:47:58Z
P-03244,NR-DRV-03244,Rapid-Cycle Planetary Gearbox UA-428,Drivetrain,Planetary Gearbox,105611,7751,W-03,true,2021-09-22T00:26:01Z,2021-09-24T19:24:38Z
P-03245,NR-EFF-03245,Low-Backlash Vacuum Gripper VN-465,End Effectors,Vacuum Gripper,167154,4794,W-01,true,2022-05-09T18:20:56Z,2022-05-23T20:50:47Z
P-03246,NR-FRM-03246,Compact Base Plate WA-502,Frames and Structure,Base Plate,12490,500,W-01,true,2024-01-01T07:15:23Z,2024-11-19T04:30:34Z
P-03247,NR-PWR-03247,Quiet-Drive Power Supply Unit XN-539,Power Systems,Power Supply Unit,206897,13220,W-01,true,2024-07-23T09:23:13Z,2024-11-26T13:16:33Z
P-03248,NR-SEN-03248,Sealed LIDAR Unit YA-576,Sensors,LIDAR Unit,135766,952,W-04,true,2021-07-26T20:31:54Z,2021-09-02T03:12:30Z
P-03249,NR-ACT-03249,Industrial Rotary Actuator ZN-613,Actuators,Rotary Actuator,139111,20389,W-07,false,2023-10-04T12:16:10Z,2024-09-14T04:40:15Z
P-03250,NR-CBL-03250,Precision Servo Cable AA-650,Cabling and Connectors,Servo Cable,5883,1454,W-03,true,2023-12-23T12:53:21Z,2024-08-17T06:18:28Z
P-03251,NR-CTL-03251,Modular Edge Compute Node BN-687,Controllers,Edge Compute Node,239779,4692,W-07,true,2023-11-17T16:36:35Z,2024-04-19T20:29:40Z
P-03252,NR-DRV-03252,High-Torque Timing Belt CA-724,Drivetrain,Timing Belt,156072,6897,W-06,true,2024-11-21T20:04:51Z,2025-08-04T20:29:41Z
P-03253,NR-EFF-03253,Heavy-Duty Welding Torch DN-761,End Effectors,Welding Torch,292132,688,W-05,true,2022-11-08T08:57:38Z,2023-03-29T09:48:01Z
P-03254,NR-FRM-03254,Rapid-Cycle Gantry Beam EA-798,Frames and Structure,Gantry Beam,11385,35597,W-05,true,2021-12-10T09:18:24Z,2022-02-12T10:23:54Z
P-03255,NR-PWR-03255,Low-Backlash Motor Driver FN-835,Power Systems,Motor Driver,176489,8722,W-06,false,2021-01-31T20:53:01Z,2021-08-17T17:20:26Z
P-03256,NR-SEN-03256,Compact Force-Torque Sensor GA-872,Sensors,Force-Torque Sensor,211747,1317,W-01,true,2023-07-11T04:58:27Z,2024-07-10T22:57:35Z
P-03257,NR-ACT-03257,Quiet-Drive Stepper Motor HN-909,Actuators,Stepper Motor,333106,15759,W-05,true,2024-08-12T17:21:27Z,2025-04-10T02:49:24Z
P-03258,NR-CBL-03258,Sealed EtherCAT Cable IA-946,Cabling and Connectors,EtherCAT Cable,8554,1536,W-02,true,2023-12-28T07:46:34Z,2024-09-08T11:01:37Z
P-03259,NR-CTL-03259,Industrial IO Expansion Board JN-983,Controllers,IO Expansion Board,824551,3716,W-07,true,2021-10-09T05:54:33Z,2021-11-13T08:24:56Z
P-03260,NR-DRV-03260,Precision Ball Screw KA-120,Drivetrain,Ball Screw,107815,13426,W-03,true,2022-11-23T03:43:13Z,2023-12-13T08:26:22Z
P-03261,NR-EFF-03261,Modular Tool Changer LN-157,End Effectors,Tool Changer,10000,1137,W-01,true,2021-10-20T14:49:38Z,2022-10-04T12:45:48Z
P-03262,NR-FRM-03262,High-Torque Mounting Bracket MA-194,Frames and Structure,Mounting Bracket,75772,28487,W-06,true,2022-04-20T12:00:27Z,2023-01-02T20:58:24Z
P-03263,NR-PWR-03263,Heavy-Duty DC-DC Converter NN-231,Power Systems,DC-DC Converter,5000,11490,W-05,true,2022-05-21T02:02:29Z,2022-08-09T22:13:54Z
P-03264,NR-SEN-03264,Rapid-Cycle Proximity Sensor OA-268,Sensors,Proximity Sensor,215726,2214,W-06,false,2023-06-06T03:32:59Z,2024-06-01T03:12:26Z
P-03265,NR-ACT-03265,Low-Backlash Servo Motor PN-305,Actuators,Servo Motor,258551,10396,W-05,true,2023-10-22T04:23:39Z,2024-02-29T14:01:47Z
P-03266,NR-CBL-03266,Compact Cable Chain QA-342,Cabling and Connectors,Cable Chain,10303,3574,W-02,true,2023-03-22T09:56:05Z,2024-01-08T10:21:21Z
P-03267,NR-CTL-03267,Quiet-Drive Motion Controller RN-379,Controllers,Motion Controller,900000,6451,W-05,true,2022-11-04T01:21:10Z,2022-12-28T16:44:02Z
P-03268,NR-DRV-03268,Sealed Harmonic Reducer SA-416,Drivetrain,Harmonic Reducer,248120,10780,W-08,true,2024-12-01T05:30:09Z,2025-12-21T08:40:06Z
P-03269,NR-EFF-03269,Industrial Parallel Gripper TN-453,End Effectors,Parallel Gripper,204225,12000,W-01,true,2024-02-09T19:51:26Z,2025-02-16T00:07:42Z
P-03270,NR-FRM-03270,Precision Aluminum Extrusion UA-490,Frames and Structure,Aluminum Extrusion,6786,16470,W-05,true,2023-09-11T22:54:29Z,2024-05-23T23:58:42Z
P-03271,NR-PWR-03271,Modular Battery Pack VN-527,Power Systems,Battery Pack,79773,200,W-01,true,2023-11-18T07:24:10Z,2024-11-29T14:26:20Z
P-03272,NR-SEN-03272,High-Torque Rotary Encoder WA-564,Sensors,Rotary Encoder,152263,25,W-06,true,2021-08-15T01:53:36Z,2022-09-17T19:41:31Z
P-03273,NR-ACT-03273,Heavy-Duty Linear Actuator XN-601,Actuators,Linear Actuator,128955,16995,W-02,true,2021-06-12T23:27:16Z,2021-12-30T12:42:03Z
P-03274,NR-CBL-03274,Rapid-Cycle M12 Connector YA-638,Cabling and Connectors,M12 Connector,9223,10,W-06,true,2022-01-13T00:59:11Z,2022-02-21T18:28:59Z
P-03275,NR-CTL-03275,Low-Backlash PLC Module ZN-675,Controllers,PLC Module,351631,300,W-02,true,2023-01-01T12:42:41Z,2023-07-04T18:39:43Z
P-03276,NR-DRV-03276,Compact Planetary Gearbox AA-712,Drivetrain,Planetary Gearbox,107637,7618,W-01,true,2022-05-01T15:48:02Z,2023-04-25T22:26:49Z
P-03277,NR-EFF-03277,Quiet-Drive Vacuum Gripper BN-749,End Effectors,Vacuum Gripper,184192,2185,W-04,true,2022-04-27T02:42:31Z,2022-11-28T08:17:51Z
P-03278,NR-FRM-03278,Sealed Base Plate CA-786,Frames and Structure,Base Plate,79519,54657,W-02,true,2024-11-07T20:12:32Z,2025-03-20T03:52:55Z
P-03279,NR-PWR-03279,Industrial Power Supply Unit DN-823,Power Systems,Power Supply Unit,126216,6701,W-03,true,2021-12-27T19:15:53Z,2022-08-16T01:08:04Z
P-03280,NR-SEN-03280,Precision Thermal Camera Module EA-860,Sensors,Thermal Camera Module,170026,137,W-02,true,2021-02-18T03:29:11Z,2021-09-07T09:45:01Z
P-03281,NR-ACT-03281,Modular Rotary Actuator FN-897,Actuators,Rotary Actuator,232962,18310,W-07,true,2023-03-13T03:36:36Z,2023-11-23T23:52:52Z
P-03282,NR-CBL-03282,High-Torque Servo Cable GA-934,Cabling and Connectors,Servo Cable,12671,1607,W-07,true,2023-07-31T08:12:06Z,2024-06-28T16:56:40Z
P-03283,NR-CTL-03283,Heavy-Duty Edge Compute Node HN-971,Controllers,Edge Compute Node,180460,7876,W-01,true,2021-12-13T08:51:42Z,2023-01-03T07:21:44Z
P-03284,NR-DRV-03284,Rapid-Cycle Timing Belt IA-108,Drivetrain,Timing Belt,116737,12386,W-06,true,2023-03-29T11:56:01Z,2023-11-24T20:07:38Z
P-03285,NR-EFF-03285,Low-Backlash Welding Torch JN-145,End Effectors,Welding Torch,340898,6022,W-04,true,2023-01-30T07:59:51Z,2023-07-12T20:17:54Z
P-03286,NR-FRM-03286,Compact Gantry Beam KA-182,Frames and Structure,Gantry Beam,60762,35869,W-04,true,2024-07-29T04:49:40Z,2025-07-26T03:09:16Z
P-03287,NR-PWR-03287,Quiet-Drive Motor Driver LN-219,Power Systems,Motor Driver,68214,10043,W-01,true,2021-02-09T16:13:22Z,2021-02-11T16:57:07Z
P-03288,NR-SEN-03288,Sealed LIDAR Unit MA-256,Sensors,LIDAR Unit,63828,1816,W-07,true,2021-08-19T20:39:55Z,2022-01-15T00:27:13Z
P-03289,NR-ACT-03289,Industrial Stepper Motor NN-293,Actuators,Stepper Motor,288181,19254,W-01,true,2022-01-03T01:45:54Z,2022-05-29T22:39:56Z
P-03290,NR-CBL-03290,Precision EtherCAT Cable OA-330,Cabling and Connectors,EtherCAT Cable,3538,2725,W-04,true,2023-05-12T02:45:26Z,2024-01-25T18:53:55Z
P-03291,NR-CTL-03291,Modular IO Expansion Board PN-367,Controllers,IO Expansion Board,435599,4061,W-04,true,2024-04-03T08:29:43Z,2024-07-19T17:33:42Z
P-03292,NR-DRV-03292,High-Torque Ball Screw QA-404,Drivetrain,Ball Screw,295908,5134,W-03,true,2021-09-04T09:51:26Z,2022-08-26T14:47:41Z
P-03293,NR-EFF-03293,Heavy-Duty Tool Changer RN-441,End Effectors,Tool Changer,269334,10623,W-05,true,2022-03-19T08:00:22Z,2023-03-04T05:45:15Z
P-03294,NR-FRM-03294,Rapid-Cycle Mounting Bracket SA-478,Frames and Structure,Mounting Bracket,55602,46835,W-03,true,2021-07-18T18:39:15Z,2022-01-25T14:13:13Z
P-03295,NR-PWR-03295,Low-Backlash DC-DC Converter TN-515,Power Systems,DC-DC Converter,119581,14211,W-02,true,2023-08-10T06:57:56Z,2024-04-22T09:45:00Z
P-03296,NR-SEN-03296,Compact Force-Torque Sensor UA-552,Sensors,Force-Torque Sensor,227131,1007,W-06,true,2022-06-20T10:28:14Z,2023-06-06T02:45:10Z
P-03297,NR-ACT-03297,Quiet-Drive Servo Motor VN-589,Actuators,Servo Motor,264208,11068,W-06,true,2022-10-01T13:55:20Z,2022-12-28T18:34:32Z
P-03298,NR-CBL-03298,Sealed Cable Chain WA-626,Cabling and Connectors,Cable Chain,6237,2077,W-05,false,2022-02-17T09:23:59Z,2022-11-24T08:41:48Z
P-03299,NR-CTL-03299,Industrial Motion Controller XN-663,Controllers,Motion Controller,101338,3133,W-08,true,2021-09-06T17:36:39Z,2021-11-29T10:39:19Z
P-03300,NR-DRV-03300,Precision Harmonic Reducer YA-700,Drivetrain,Harmonic Reducer,116191,6661,W-06,false,2021-08-18T02:15:50Z,2022-08-24T01:32:33Z
P-03301,NR-EFF-03301,Modular Parallel Gripper ZN-737,End Effectors,Parallel Gripper,163924,1614,W-08,true,2022-05-20T18:11:02Z,2022-06-12T19:09:20Z
P-03302,NR-FRM-03302,High-Torque Aluminum Extrusion AA-774,Frames and Structure,Aluminum Extrusion,22630,36043,W-05,true,2021-08-21T03:02:53Z,2022-02-21T02:21:02Z
P-03303,NR-PWR-03303,Heavy-Duty Battery Pack BN-811,Power Systems,Battery Pack,79347,3866,W-03,true,2022-03-17T01:34:13Z,2023-02-05T16:53:18Z
P-03304,NR-SEN-03304,Rapid-Cycle Proximity Sensor CA-848,Sensors,Proximity Sensor,90303,1476,W-01,true,2022-07-31T07:04:35Z,2023-05-14T11:05:51Z
P-03305,NR-ACT-03305,Low-Backlash Linear Actuator DN-885,Actuators,Linear Actuator,117205,22000,W-01,true,2022-09-26T15:14:19Z,2023-03-10T11:47:25Z
P-03306,NR-CBL-03306,Compact M12 Connector EA-922,Cabling and Connectors,M12 Connector,6581,990,W-06,true,2024-04-08T07:05:35Z,2024-12-06T07:59:18Z
P-03307,NR-CTL-03307,Quiet-Drive PLC Module FN-959,Controllers,PLC Module,597699,3942,W-04,true,2024-08-25T14:03:36Z,2025-01-21T11:20:57Z
P-03308,NR-DRV-03308,Sealed Planetary Gearbox GA-996,Drivetrain,Planetary Gearbox,74705,5214,W-01,true,2022-10-01T13:25:29Z,2022-10-29T00:41:17Z
P-03309,NR-EFF-03309,Industrial Vacuum Gripper HN-133,End Effectors,Vacuum Gripper,330396,6413,W-03,true,2022-08-09T16:41:04Z,2022-11-28T01:56:14Z
P-03310,NR-FRM-03310,Precision Base Plate IA-170,Frames and Structure,Base Plate,60403,25238,W-03,true,2023-12-02T02:57:22Z,2024-04-22T20:31:12Z
P-03311,NR-PWR-03311,Modular Power Supply Unit JN-207,Power Systems,Power Supply Unit,174036,13733,W-03,true,2023-11-17T23:02:15Z,2023-12-06T02:34:11Z
P-03312,NR-SEN-03312,High-Torque Rotary Encoder KA-244,Sensors,Rotary Encoder,88521,2325,W-01,true,2024-12-28T23:43:09Z,2025-12-23T00:15:34Z
P-03313,NR-ACT-03313,Heavy-Duty Rotary Actuator LN-281,Actuators,Rotary Actuator,404405,12483,W-01,true,2021-09-26T04:36:52Z,2021-10-26T05:31:43Z
P-03314,NR-CBL-03314,Rapid-Cycle Servo Cable MA-318,Cabling and Connectors,Servo Cable,12221,2458,W-02,true,2023-08-09T02:09:11Z,2023-09-03T20:23:09Z
P-03315,NR-CTL-03315,Low-Backlash Edge Compute Node NN-355,Controllers,Edge Compute Node,177404,5433,W-04,true,2022-08-18T00:37:39Z,2023-01-06T15:20:49Z
P-03316,NR-DRV-03316,Compact Timing Belt OA-392,Drivetrain,Timing Belt,163077,2879,W-08,true,2024-03-18T17:03:16Z,2024-09-14T07:08:19Z
P-03317,NR-EFF-03317,Quiet-Drive Welding Torch PN-429,End Effectors,Welding Torch,107051,3861,W-01,true,2021-09-02T17:56:17Z,2022-06-23T06:57:38Z
P-03318,NR-FRM-03318,Sealed Gantry Beam QA-466,Frames and Structure,Gantry Beam,46536,10295,W-04,true,2022-06-08T18:47:44Z,2022-11-30T00:38:04Z
P-03319,NR-PWR-03319,Industrial Motor Driver RN-503,Power Systems,Motor Driver,153008,9392,W-08,true,2021-03-07T10:29:10Z,2021-04-19T15:56:19Z
P-03320,NR-SEN-03320,Precision Thermal Camera Module SA-540,Sensors,Thermal Camera Module,184317,1492,W-03,true,2023-10-11T10:01:59Z,2024-10-05T06:35:24Z
P-03321,NR-ACT-03321,Modular Stepper Motor TN-577,Actuators,Stepper Motor,149710,12695,W-03,true,2022-05-06T04:48:00Z,2022-12-14T09:34:01Z
P-03322,NR-CBL-03322,High-Torque EtherCAT Cable UA-614,Cabling and Connectors,EtherCAT Cable,5284,1398,W-06,true,2024-10-15T14:21:54Z,2025-02-05T10:49:45Z
P-03323,NR-CTL-03323,Heavy-Duty IO Expansion Board VN-651,Controllers,IO Expansion Board,595170,5192,W-04,true,2023-03-17T13:03:40Z,2023-04-06T13:51:38Z
P-03324,NR-DRV-03324,Rapid-Cycle Ball Screw WA-688,Drivetrain,Ball Screw,350000,4943,W-07,true,2023-06-16T05:11:28Z,2023-07-27T09:28:45Z
P-03325,NR-EFF-03325,Low-Backlash Tool Changer XN-725,End Effectors,Tool Changer,332214,4745,W-06,true,2023-06-20T08:40:34Z,2024-02-27T01:17:36Z
P-03326,NR-FRM-03326,Compact Mounting Bracket YA-762,Frames and Structure,Mounting Bracket,67160,53571,W-02,true,2024-08-05T02:33:18Z,2025-06-24T23:10:39Z
P-03327,NR-PWR-03327,Quiet-Drive DC-DC Converter ZN-799,Power Systems,DC-DC Converter,174956,1586,W-04,true,2022-02-17T01:57:36Z,2023-01-24T19:25:19Z
P-03328,NR-SEN-03328,Sealed LIDAR Unit AA-836,Sensors,LIDAR Unit,211337,2775,W-06,true,2022-12-18T04:30:59Z,2023-06-05T03:21:46Z
P-03329,NR-ACT-03329,Industrial Servo Motor BN-873,Actuators,Servo Motor,115985,12958,W-08,true,2023-05-01T10:36:02Z,2023-11-20T01:35:33Z
P-03330,NR-CBL-03330,Precision Cable Chain CA-910,Cabling and Connectors,Cable Chain,7961,2012,W-03,true,2023-01-14T09:41:04Z,2024-01-12T23:45:05Z
P-03331,NR-CTL-03331,Modular Motion Controller DN-947,Controllers,Motion Controller,37787,5786,W-08,true,2024-11-06T16:26:29Z,2025-12-10T21:08:49Z
P-03332,NR-DRV-03332,High-Torque Harmonic Reducer EA-984,Drivetrain,Harmonic Reducer,83423,7546,W-07,true,2021-08-29T21:10:31Z,2022-07-05T16:56:25Z
P-03333,NR-EFF-03333,Heavy-Duty Parallel Gripper FN-121,End Effectors,Parallel Gripper,38890,5332,W-02,true,2021-08-16T18:40:26Z,2022-06-24T06:51:24Z
P-03334,NR-FRM-03334,Rapid-Cycle Aluminum Extrusion GA-158,Frames and Structure,Aluminum Extrusion,38110,24974,W-01,true,2022-11-11T16:55:43Z,2022-12-02T13:22:13Z
P-03335,NR-PWR-03335,Low-Backlash Battery Pack HN-195,Power Systems,Battery Pack,167942,9124,W-05,true,2023-03-13T11:51:33Z,2024-02-06T00:21:51Z
P-03336,NR-SEN-03336,Compact Force-Torque Sensor IA-232,Sensors,Force-Torque Sensor,224671,1940,W-07,true,2021-01-17T10:14:40Z,2021-06-22T18:05:30Z
P-03337,NR-ACT-03337,Quiet-Drive Linear Actuator JN-269,Actuators,Linear Actuator,418224,15845,W-02,true,2023-01-04T03:34:22Z,2023-10-16T17:39:57Z
P-03338,NR-CBL-03338,Sealed M12 Connector KA-306,Cabling and Connectors,M12 Connector,6302,1584,W-02,true,2024-09-29T05:09:02Z,2025-02-11T12:28:38Z
P-03339,NR-CTL-03339,Industrial PLC Module LN-343,Controllers,PLC Module,513438,300,W-04,true,2022-07-15T17:42:10Z,2023-01-16T18:29:23Z
P-03340,NR-DRV-03340,Precision Planetary Gearbox MA-380,Drivetrain,Planetary Gearbox,305720,6956,W-01,true,2022-09-12T16:25:35Z,2022-09-26T16:04:40Z
P-03341,NR-EFF-03341,Modular Vacuum Gripper NN-417,End Effectors,Vacuum Gripper,398643,8121,W-04,true,2023-03-23T08:44:09Z,2024-02-28T02:46:57Z
P-03342,NR-FRM-03342,High-Torque Base Plate OA-454,Frames and Structure,Base Plate,71357,30652,W-02,true,2023-03-11T03:34:48Z,2024-01-16T03:19:09Z
P-03343,NR-PWR-03343,Heavy-Duty Power Supply Unit PN-491,Power Systems,Power Supply Unit,5000,9942,W-03,true,2023-01-15T22:29:17Z,2024-01-13T22:19:25Z
P-03344,NR-SEN-03344,Rapid-Cycle Proximity Sensor QA-528,Sensors,Proximity Sensor,84423,639,W-01,true,2022-03-20T02:13:00Z,2022-05-04T07:25:33Z
P-03345,NR-ACT-03345,Low-Backlash Rotary Actuator RN-565,Actuators,Rotary Actuator,215573,14962,W-01,true,2023-07-17T13:35:53Z,2024-05-07T04:23:41Z
P-03346,NR-CBL-03346,Compact Servo Cable SA-602,Cabling and Connectors,Servo Cable,5633,2171,W-03,true,2023-11-07T07:53:10Z,2023-12-19T01:05:11Z
P-03347,NR-CTL-03347,Quiet-Drive Edge Compute Node TN-639,Controllers,Edge Compute Node,424258,5367,W-02,true,2023-06-06T11:22:14Z,2023-06-06T20:45:42Z
P-03348,NR-DRV-03348,Sealed Timing Belt UA-676,Drivetrain,Timing Belt,269789,8876,W-06,true,2024-02-19T17:58:03Z,2024-11-27T00:23:09Z
P-03349,NR-EFF-03349,Industrial Welding Torch VN-713,End Effectors,Welding Torch,330183,6399,W-05,true,2022-06-25T14:57:40Z,2023-02-05T03:25:40Z
P-03350,NR-FRM-03350,Precision Gantry Beam WA-750,Frames and Structure,Gantry Beam,30317,26702,W-06,true,2023-08-18T16:16:11Z,2024-01-02T02:09:37Z
P-03351,NR-PWR-03351,Modular Motor Driver XN-787,Power Systems,Motor Driver,136798,9241,W-08,true,2024-10-07T21:08:17Z,2025-10-08T11:01:29Z
P-03352,NR-SEN-03352,High-Torque Rotary Encoder YA-824,Sensors,Rotary Encoder,86696,2677,W-08,true,2022-12-17T16:36:10Z,2023-09-02T22:23:27Z
P-03353,NR-ACT-03353,Heavy-Duty Stepper Motor ZN-861,Actuators,Stepper Motor,92961,2824,W-02,true,2024-09-08T22:38:33Z,2025-08-25T11:34:38Z
P-03354,NR-CBL-03354,Rapid-Cycle EtherCAT Cable AA-898,Cabling and Connectors,EtherCAT Cable,7617,1240,W-01,true,2022-08-19T20:49:07Z,2023-03-08T04:42:17Z
P-03355,NR-CTL-03355,Low-Backlash IO Expansion Board BN-935,Controllers,IO Expansion Board,398292,3506,W-06,true,2022-03-18T12:14:43Z,2022-06-14T06:49:33Z
P-03356,NR-DRV-03356,Compact Ball Screw CA-972,Drivetrain,Ball Screw,98021,12367,W-04,true,2024-05-17T10:03:09Z,2025-02-26T00:01:09Z
P-03357,NR-EFF-03357,Quiet-Drive Tool Changer DN-109,End Effectors,Tool Changer,473428,9564,W-03,true,2024-12-27T05:59:41Z,2025-06-23T17:12:28Z
P-03358,NR-FRM-03358,Sealed Mounting Bracket EA-146,Frames and Structure,Mounting Bracket,64308,10929,W-01,true,2024-04-13T09:36:20Z,2025-03-26T19:40:14Z
P-03359,NR-PWR-03359,Industrial DC-DC Converter FN-183,Power Systems,DC-DC Converter,105496,10614,W-04,true,2021-01-08T10:54:02Z,2021-09-14T04:25:56Z
P-03360,NR-SEN-03360,Precision Thermal Camera Module GA-220,Sensors,Thermal Camera Module,84952,2996,W-08,true,2023-10-19T01:53:26Z,2023-11-24T03:20:33Z
P-03361,NR-ACT-03361,Modular Servo Motor HN-257,Actuators,Servo Motor,273223,4968,W-02,true,2021-05-03T11:23:51Z,2021-12-03T02:22:26Z
P-03362,NR-CBL-03362,High-Torque Cable Chain IA-294,Cabling and Connectors,Cable Chain,6925,3363,W-07,true,2024-06-27T00:42:06Z,2025-03-16T02:27:53Z
P-03363,NR-CTL-03363,Heavy-Duty Motion Controller JN-331,Controllers,Motion Controller,328596,4622,W-02,true,2022-11-22T01:18:05Z,2023-06-08T12:00:49Z
P-03364,NR-DRV-03364,Rapid-Cycle Harmonic Reducer KA-368,Drivetrain,Harmonic Reducer,176046,8414,W-03,true,2022-02-06T11:13:54Z,2022-11-23T20:57:36Z
P-03365,NR-EFF-03365,Low-Backlash Parallel Gripper LN-405,End Effectors,Parallel Gripper,264974,3497,W-07,true,2021-06-19T18:15:56Z,2021-09-03T05:40:05Z
P-03366,NR-FRM-03366,Compact Aluminum Extrusion MA-442,Frames and Structure,Aluminum Extrusion,47915,26486,W-03,true,2023-03-16T19:21:16Z,2023-12-30T16:54:29Z
P-03367,NR-PWR-03367,Quiet-Drive Battery Pack NN-479,Power Systems,Battery Pack,165637,694,W-02,true,2022-10-22T02:42:38Z,2023-11-23T13:05:27Z
P-03368,NR-SEN-03368,Sealed LIDAR Unit OA-516,Sensors,LIDAR Unit,70301,941,W-06,true,2024-06-25T12:07:53Z,2024-11-01T09:34:02Z
P-03369,NR-ACT-03369,Industrial Linear Actuator PN-553,Actuators,Linear Actuator,323154,13542,W-02,true,2023-11-01T14:35:40Z,2024-04-12T10:39:15Z
P-03370,NR-CBL-03370,Precision M12 Connector QA-590,Cabling and Connectors,M12 Connector,12752,2477,W-02,true,2023-12-13T19:37:20Z,2023-12-20T06:36:31Z
P-03371,NR-CTL-03371,Modular PLC Module RN-627,Controllers,PLC Module,507342,4218,W-04,true,2024-08-26T12:26:36Z,2025-07-17T15:32:49Z
P-03372,NR-DRV-03372,High-Torque Planetary Gearbox SA-664,Drivetrain,Planetary Gearbox,170689,10969,W-04,true,2021-07-28T13:24:55Z,2021-08-04T06:41:54Z
P-03373,NR-EFF-03373,Heavy-Duty Vacuum Gripper TN-701,End Effectors,Vacuum Gripper,199028,8365,W-02,true,2023-03-15T04:42:35Z,2024-03-25T08:09:02Z
P-03374,NR-FRM-03374,Rapid-Cycle Base Plate UA-738,Frames and Structure,Base Plate,62638,21362,W-04,true,2021-08-07T21:22:05Z,2021-09-26T18:50:45Z
P-03375,NR-PWR-03375,Low-Backlash Power Supply Unit VN-775,Power Systems,Power Supply Unit,194687,2713,W-05,false,2022-02-01T17:26:06Z,2022-09-07T05:46:29Z
P-03376,NR-SEN-03376,Compact Force-Torque Sensor WA-812,Sensors,Force-Torque Sensor,85813,2043,W-05,true,2022-01-21T02:37:41Z,2023-01-10T00:52:49Z
P-03377,NR-ACT-03377,Quiet-Drive Rotary Actuator XN-849,Actuators,Rotary Actuator,352960,9600,W-08,true,2024-05-19T01:26:29Z,2024-10-06T01:18:59Z
P-03378,NR-CBL-03378,Sealed Servo Cable YA-886,Cabling and Connectors,Servo Cable,11056,2517,W-06,true,2022-06-06T21:05:15Z,2022-07-13T17:02:49Z
P-03379,NR-CTL-03379,Industrial Edge Compute Node ZN-923,Controllers,Edge Compute Node,534901,2786,W-04,true,2024-10-25T12:39:45Z,2025-03-15T01:25:37Z
P-03380,NR-DRV-03380,Precision Timing Belt AA-960,Drivetrain,Timing Belt,25438,10978,W-03,true,2023-02-22T01:51:54Z,2024-02-10T11:36:20Z
P-03381,NR-EFF-03381,Modular Welding Torch BN-997,End Effectors,Welding Torch,125621,4098,W-07,true,2022-05-29T15:15:36Z,2023-01-12T08:47:36Z
P-03382,NR-FRM-03382,High-Torque Gantry Beam CA-134,Frames and Structure,Gantry Beam,36794,47795,W-02,true,2021-04-18T14:37:04Z,2021-10-18T14:31:22Z
P-03383,NR-PWR-03383,Heavy-Duty Motor Driver DN-171,Power Systems,Motor Driver,122256,11272,W-08,true,2023-06-22T22:22:15Z,2023-12-05T09:30:54Z
P-03384,NR-SEN-03384,Rapid-Cycle Proximity Sensor EA-208,Sensors,Proximity Sensor,21374,2683,W-01,true,2023-07-25T06:40:54Z,2024-06-27T03:00:08Z
P-03385,NR-ACT-03385,Low-Backlash Stepper Motor FN-245,Actuators,Stepper Motor,282054,16603,W-05,false,2023-06-23T05:09:50Z,2023-12-02T09:22:55Z
P-03386,NR-CBL-03386,Compact EtherCAT Cable GA-282,Cabling and Connectors,EtherCAT Cable,7592,4000,W-07,true,2024-07-29T08:30:50Z,2025-03-02T21:43:21Z
P-03387,NR-CTL-03387,Quiet-Drive IO Expansion Board HN-319,Controllers,IO Expansion Board,608237,2413,W-06,true,2022-01-12T13:22:09Z,2022-12-06T06:45:27Z
P-03388,NR-DRV-03388,Sealed Ball Screw IA-356,Drivetrain,Ball Screw,153061,2116,W-03,true,2024-10-10T00:59:44Z,2024-12-03T08:07:41Z
P-03389,NR-EFF-03389,Industrial Tool Changer JN-393,End Effectors,Tool Changer,379879,5716,W-06,true,2021-07-25T12:58:57Z,2022-01-27T22:45:53Z
P-03390,NR-FRM-03390,Precision Mounting Bracket KA-430,Frames and Structure,Mounting Bracket,45709,26317,W-02,true,2022-10-13T17:11:10Z,2023-07-01T03:24:18Z
P-03391,NR-PWR-03391,Modular DC-DC Converter LN-467,Power Systems,DC-DC Converter,71432,5585,W-03,false,2021-06-08T15:59:04Z,2022-03-29T20:43:11Z
P-03392,NR-SEN-03392,High-Torque Rotary Encoder MA-504,Sensors,Rotary Encoder,265540,2060,W-08,true,2022-04-11T06:30:26Z,2022-10-15T16:09:06Z
P-03393,NR-ACT-03393,Heavy-Duty Servo Motor NN-541,Actuators,Servo Motor,233410,14939,W-03,false,2021-10-01T19:28:54Z,2022-10-19T00:06:25Z
P-03394,NR-CBL-03394,Rapid-Cycle Cable Chain OA-578,Cabling and Connectors,Cable Chain,11112,2428,W-01,true,2022-12-11T06:05:54Z,2023-09-10T18:32:12Z
P-03395,NR-CTL-03395,Low-Backlash Motion Controller PN-615,Controllers,Motion Controller,83450,6772,W-03,true,2021-04-29T20:02:59Z,2021-10-09T17:16:12Z
P-03396,NR-DRV-03396,Compact Harmonic Reducer QA-652,Drivetrain,Harmonic Reducer,163930,7378,W-07,true,2023-01-29T12:01:34Z,2023-03-07T09:13:50Z
P-03397,NR-EFF-03397,Quiet-Drive Parallel Gripper RN-689,End Effectors,Parallel Gripper,360638,4366,W-05,true,2022-04-10T04:21:26Z,2023-01-04T11:37:39Z
P-03398,NR-FRM-03398,Sealed Aluminum Extrusion SA-726,Frames and Structure,Aluminum Extrusion,24266,17867,W-01,true,2022-07-04T08:37:57Z,2023-06-05T16:29:39Z
P-03399,NR-PWR-03399,Industrial Battery Pack TN-763,Power Systems,Battery Pack,74141,16579,W-07,true,2021-02-14T14:50:45Z,2021-06-22T23:16:46Z
P-03400,NR-SEN-03400,Precision Thermal Camera Module UA-800,Sensors,Thermal Camera Module,90122,968,W-03,true,2021-04-29T02:28:22Z,2021-09-09T04:46:37Z
P-03401,NR-ACT-03401,Modular Linear Actuator VN-837,Actuators,Linear Actuator,346389,7849,W-02,true,2021-03-06T11:22:01Z,2021-11-06T23:52:33Z
P-03402,NR-CBL-03402,High-Torque M12 Connector WA-874,Cabling and Connectors,M12 Connector,10206,817,W-05,true,2024-01-16T07:51:32Z,2024-09-13T05:42:08Z
P-03403,NR-CTL-03403,Heavy-Duty PLC Module XN-911,Controllers,PLC Module,578810,6941,W-04,false,2024-07-29T23:31:03Z,2025-03-09T13:21:16Z
P-03404,NR-DRV-03404,Rapid-Cycle Planetary Gearbox YA-948,Drivetrain,Planetary Gearbox,155896,7867,W-07,true,2021-05-04T02:22:23Z,2021-10-22T03:33:29Z
P-03405,NR-EFF-03405,Low-Backlash Vacuum Gripper ZN-985,End Effectors,Vacuum Gripper,294648,4558,W-07,true,2024-02-14T14:05:26Z,2024-06-23T18:08:20Z
P-03406,NR-FRM-03406,Compact Base Plate AA-122,Frames and Structure,Base Plate,43884,38733,W-03,true,2022-11-04T00:09:10Z,2023-08-27T10:21:00Z
P-03407,NR-PWR-03407,Quiet-Drive Power Supply Unit BN-159,Power Systems,Power Supply Unit,5000,7309,W-08,true,2024-12-14T21:03:26Z,2025-12-23T02:47:20Z
P-03408,NR-SEN-03408,Sealed LIDAR Unit CA-196,Sensors,LIDAR Unit,116077,1630,W-06,true,2021-08-12T17:38:47Z,2022-08-07T04:16:30Z
P-03409,NR-ACT-03409,Industrial Rotary Actuator DN-233,Actuators,Rotary Actuator,210854,400,W-07,true,2023-02-25T18:17:52Z,2024-03-07T00:15:13Z
P-03410,NR-CBL-03410,Precision Servo Cable EA-270,Cabling and Connectors,Servo Cable,5151,2230,W-03,true,2021-05-05T06:22:33Z,2021-05-10T21:35:04Z
P-03411,NR-CTL-03411,Modular Edge Compute Node FN-307,Controllers,Edge Compute Node,192689,6431,W-05,true,2022-02-18T03:41:58Z,2022-11-14T15:28:44Z
P-03412,NR-DRV-03412,High-Torque Timing Belt GA-344,Drivetrain,Timing Belt,233789,1794,W-02,true,2022-06-16T11:16:28Z,2023-05-12T19:07:15Z
P-03413,NR-EFF-03413,Heavy-Duty Welding Torch HN-381,End Effectors,Welding Torch,395603,12000,W-02,true,2024-08-15T13:21:15Z,2025-08-02T08:19:21Z
P-03414,NR-FRM-03414,Rapid-Cycle Gantry Beam IA-418,Frames and Structure,Gantry Beam,10153,30293,W-03,true,2022-05-29T13:21:01Z,2022-11-10T23:18:56Z
P-03415,NR-PWR-03415,Low-Backlash Motor Driver JN-455,Power Systems,Motor Driver,96790,12632,W-05,true,2021-07-15T11:10:29Z,2022-07-09T12:44:20Z
P-03416,NR-SEN-03416,Compact Force-Torque Sensor KA-492,Sensors,Force-Torque Sensor,173046,2976,W-03,true,2022-06-19T23:49:27Z,2023-06-03T02:10:24Z
P-03417,NR-ACT-03417,Quiet-Drive Stepper Motor LN-529,Actuators,Stepper Motor,253090,10660,W-06,true,2021-03-06T20:52:53Z,2021-07-03T05:41:33Z
P-03418,NR-CBL-03418,Sealed EtherCAT Cable MA-566,Cabling and Connectors,EtherCAT Cable,6023,2795,W-05,true,2024-02-03T11:50:32Z,2024-07-25T15:35:26Z
P-03419,NR-CTL-03419,Industrial IO Expansion Board NN-603,Controllers,IO Expansion Board,849655,4190,W-01,true,2022-04-01T10:13:57Z,2022-06-21T09:48:06Z
P-03420,NR-DRV-03420,Precision Ball Screw OA-640,Drivetrain,Ball Screw,255708,10127,W-06,true,2023-06-26T20:56:41Z,2024-05-19T03:01:35Z
P-03421,NR-EFF-03421,Modular Tool Changer PN-677,End Effectors,Tool Changer,96167,1570,W-06,true,2022-12-16T22:47:39Z,2023-06-15T19:22:14Z
P-03422,NR-FRM-03422,High-Torque Mounting Bracket QA-714,Frames and Structure,Mounting Bracket,4141,25316,W-08,true,2021-01-16T18:45:45Z,2021-09-04T11:36:57Z
P-03423,NR-PWR-03423,Heavy-Duty DC-DC Converter RN-751,Power Systems,DC-DC Converter,175726,8291,W-02,true,2022-11-01T21:34:50Z,2023-11-24T20:12:33Z
P-03424,NR-SEN-03424,Rapid-Cycle Proximity Sensor SA-788,Sensors,Proximity Sensor,152784,1170,W-03,true,2021-04-20T14:24:37Z,2021-08-25T05:35:57Z
P-03425,NR-ACT-03425,Low-Backlash Servo Motor TN-825,Actuators,Servo Motor,201714,18371,W-01,true,2024-11-27T02:15:29Z,2025-11-02T01:38:18Z
P-03426,NR-CBL-03426,Compact Cable Chain UA-862,Cabling and Connectors,Cable Chain,12953,2270,W-05,true,2022-01-07T12:13:47Z,2022-07-29T19:59:00Z
P-03427,NR-CTL-03427,Quiet-Drive Motion Controller VN-899,Controllers,Motion Controller,731401,3591,W-06,false,2022-10-18T03:49:24Z,2023-05-19T10:29:39Z
P-03428,NR-DRV-03428,Sealed Harmonic Reducer WA-936,Drivetrain,Harmonic Reducer,264948,8312,W-02,true,2021-05-13T06:22:14Z,2021-08-21T06:52:58Z
P-03429,NR-EFF-03429,Industrial Parallel Gripper XN-973,End Effectors,Parallel Gripper,290763,5757,W-03,true,2021-02-14T22:48:24Z,2021-05-17T01:57:49Z
P-03430,NR-FRM-03430,Precision Aluminum Extrusion YA-110,Frames and Structure,Aluminum Extrusion,43561,60000,W-02,true,2024-03-25T09:16:51Z,2025-01-11T08:57:36Z
P-03431,NR-PWR-03431,Modular Battery Pack ZN-147,Power Systems,Battery Pack,154488,11588,W-03,true,2023-08-29T05:04:22Z,2023-10-09T15:25:18Z
P-03432,NR-SEN-03432,High-Torque Rotary Encoder AA-184,Sensors,Rotary Encoder,88606,3403,W-02,true,2023-11-13T11:48:40Z,2023-11-26T15:00:36Z
P-03433,NR-ACT-03433,Heavy-Duty Linear Actuator BN-221,Actuators,Linear Actuator,330537,9504,W-07,true,2022-03-12T06:44:39Z,2022-08-12T20:38:44Z
P-03434,NR-CBL-03434,Rapid-Cycle M12 Connector CA-258,Cabling and Connectors,M12 Connector,5777,2985,W-01,true,2022-11-30T19:41:24Z,2023-12-17T04:38:01Z
P-03435,NR-CTL-03435,Low-Backlash PLC Module DN-295,Controllers,PLC Module,651133,7853,W-03,false,2024-12-09T11:51:46Z,2025-10-01T09:41:17Z
P-03436,NR-DRV-03436,Compact Planetary Gearbox EA-332,Drivetrain,Planetary Gearbox,117207,10506,W-02,true,2024-11-24T18:17:49Z,2025-07-12T12:41:25Z
P-03437,NR-EFF-03437,Quiet-Drive Vacuum Gripper FN-369,End Effectors,Vacuum Gripper,168384,8830,W-05,true,2022-07-31T02:25:21Z,2023-05-12T19:32:31Z
P-03438,NR-FRM-03438,Sealed Base Plate GA-406,Frames and Structure,Base Plate,58633,32416,W-06,true,2022-08-24T18:04:01Z,2022-12-06T20:04:39Z
P-03439,NR-PWR-03439,Industrial Power Supply Unit HN-443,Power Systems,Power Supply Unit,47670,6670,W-05,true,2023-03-10T09:17:54Z,2023-12-18T13:00:01Z
P-03440,NR-SEN-03440,Precision Thermal Camera Module IA-480,Sensors,Thermal Camera Module,283794,224,W-05,true,2023-05-19T14:39:06Z,2023-11-09T19:05:21Z
P-03441,NR-ACT-03441,Modular Rotary Actuator JN-517,Actuators,Rotary Actuator,48117,2128,W-01,true,2024-08-18T11:06:22Z,2025-05-30T11:58:56Z
P-03442,NR-CBL-03442,High-Torque Servo Cable KA-554,Cabling and Connectors,Servo Cable,12954,3823,W-06,true,2024-04-16T19:23:39Z,2025-05-10T15:41:44Z
P-03443,NR-CTL-03443,Heavy-Duty Edge Compute Node LN-591,Controllers,Edge Compute Node,652376,7798,W-08,true,2021-05-30T13:36:15Z,2021-07-21T16:27:32Z
P-03444,NR-DRV-03444,Rapid-Cycle Timing Belt MA-628,Drivetrain,Timing Belt,73910,3807,W-06,true,2024-11-11T00:40:22Z,2025-08-28T17:24:03Z
P-03445,NR-EFF-03445,Low-Backlash Welding Torch NN-665,End Effectors,Welding Torch,62389,6326,W-05,true,2024-06-02T16:59:33Z,2024-11-08T13:19:32Z
P-03446,NR-FRM-03446,Compact Gantry Beam OA-702,Frames and Structure,Gantry Beam,75230,37017,W-05,true,2022-08-23T04:34:58Z,2023-03-14T18:03:12Z
P-03447,NR-PWR-03447,Quiet-Drive Motor Driver PN-739,Power Systems,Motor Driver,113889,9332,W-08,true,2021-03-30T01:18:50Z,2021-08-23T12:11:37Z
P-03448,NR-SEN-03448,Sealed LIDAR Unit QA-776,Sensors,LIDAR Unit,184481,1022,W-04,true,2024-12-26T21:03:17Z,2025-03-07T23:53:33Z
P-03449,NR-ACT-03449,Industrial Stepper Motor RN-813,Actuators,Stepper Motor,272162,2586,W-08,true,2022-03-20T20:49:10Z,2022-03-28T07:54:19Z
P-03450,NR-CBL-03450,Precision EtherCAT Cable SA-850,Cabling and Connectors,EtherCAT Cable,7462,1392,W-02,false,2022-11-10T02:11:52Z,2023-05-10T11:54:53Z
P-03451,NR-CTL-03451,Modular IO Expansion Board TN-887,Controllers,IO Expansion Board,360252,8655,W-02,true,2021-05-21T04:55:11Z,2021-10-04T22:18:32Z
P-03452,NR-DRV-03452,High-Torque Ball Screw UA-924,Drivetrain,Ball Screw,188826,6016,W-05,true,2024-07-14T01:32:07Z,2024-11-19T00:59:44Z
P-03453,NR-EFF-03453,Heavy-Duty Tool Changer VN-961,End Effectors,Tool Changer,158355,9144,W-08,true,2022-03-15T13:23:45Z,2023-03-22T04:24:13Z
P-03454,NR-FRM-03454,Rapid-Cycle Mounting Bracket WA-998,Frames and Structure,Mounting Bracket,29395,23132,W-05,true,2023-10-16T03:22:24Z,2024-04-16T23:09:45Z
P-03455,NR-PWR-03455,Low-Backlash DC-DC Converter XN-135,Power Systems,DC-DC Converter,172261,6867,W-04,true,2023-05-11T02:59:27Z,2023-07-17T16:03:00Z
P-03456,NR-SEN-03456,Compact Force-Torque Sensor YA-172,Sensors,Force-Torque Sensor,276264,1337,W-04,true,2024-02-26T03:01:19Z,2024-08-25T06:37:18Z
P-03457,NR-ACT-03457,Quiet-Drive Servo Motor ZN-209,Actuators,Servo Motor,222833,17561,W-01,true,2021-11-10T23:54:03Z,2022-04-26T11:28:14Z
P-03458,NR-CBL-03458,Sealed Cable Chain AA-246,Cabling and Connectors,Cable Chain,3144,1106,W-05,true,2024-10-18T10:34:47Z,2025-10-12T00:55:55Z
P-03459,NR-CTL-03459,Industrial Motion Controller BN-283,Controllers,Motion Controller,258740,5642,W-04,true,2022-03-28T01:11:11Z,2022-07-05T19:08:55Z
P-03460,NR-DRV-03460,Precision Harmonic Reducer CA-320,Drivetrain,Harmonic Reducer,209933,8784,W-05,true,2023-08-20T23:09:27Z,2023-10-27T00:08:13Z
P-03461,NR-EFF-03461,Modular Parallel Gripper DN-357,End Effectors,Parallel Gripper,397401,2955,W-01,false,2021-03-03T06:11:12Z,2021-05-13T22:10:01Z
P-03462,NR-FRM-03462,High-Torque Aluminum Extrusion EA-394,Frames and Structure,Aluminum Extrusion,31396,58783,W-03,true,2023-03-28T13:22:23Z,2023-05-06T23:13:19Z
P-03463,NR-PWR-03463,Heavy-Duty Battery Pack FN-431,Power Systems,Battery Pack,44792,6891,W-07,true,2023-11-19T08:18:44Z,2024-10-04T11:41:29Z
P-03464,NR-SEN-03464,Rapid-Cycle Proximity Sensor GA-468,Sensors,Proximity Sensor,131839,2540,W-04,true,2023-06-09T00:06:45Z,2023-08-31T15:38:39Z
P-03465,NR-ACT-03465,Low-Backlash Linear Actuator HN-505,Actuators,Linear Actuator,134335,1467,W-04,true,2021-04-19T21:39:10Z,2021-10-05T10:02:46Z
P-03466,NR-CBL-03466,Compact M12 Connector IA-542,Cabling and Connectors,M12 Connector,8953,2936,W-02,true,2021-08-24T12:13:27Z,2022-02-21T21:03:53Z
P-03467,NR-CTL-03467,Quiet-Drive PLC Module JN-579,Controllers,PLC Module,491902,300,W-08,true,2022-04-12T15:27:20Z,2022-06-05T09:31:29Z
P-03468,NR-DRV-03468,Sealed Planetary Gearbox KA-616,Drivetrain,Planetary Gearbox,208776,6719,W-08,true,2024-11-02T01:45:19Z,2025-01-12T17:15:55Z
P-03469,NR-EFF-03469,Industrial Vacuum Gripper LN-653,End Effectors,Vacuum Gripper,66423,1878,W-07,true,2022-05-14T17:57:48Z,2022-06-07T04:25:09Z
P-03470,NR-FRM-03470,Precision Base Plate MA-690,Frames and Structure,Base Plate,64793,45656,W-05,true,2024-10-10T10:57:44Z,2025-04-21T20:56:44Z
P-03471,NR-PWR-03471,Modular Power Supply Unit NN-727,Power Systems,Power Supply Unit,112087,16992,W-03,true,2023-02-05T23:49:46Z,2023-04-06T12:00:08Z
P-03472,NR-SEN-03472,High-Torque Rotary Encoder OA-764,Sensors,Rotary Encoder,150613,2813,W-07,true,2024-07-07T17:32:34Z,2025-07-27T22:22:32Z
P-03473,NR-ACT-03473,Heavy-Duty Rotary Actuator PN-801,Actuators,Rotary Actuator,58718,13778,W-06,true,2024-08-28T10:34:18Z,2025-08-20T03:14:41Z
P-03474,NR-CBL-03474,Rapid-Cycle Servo Cable QA-838,Cabling and Connectors,Servo Cable,8489,2327,W-05,true,2021-11-21T14:52:32Z,2022-02-21T00:26:20Z
P-03475,NR-CTL-03475,Low-Backlash Edge Compute Node RN-875,Controllers,Edge Compute Node,135249,7194,W-01,false,2023-02-22T16:05:17Z,2023-04-23T08:17:25Z
P-03476,NR-DRV-03476,Compact Timing Belt SA-912,Drivetrain,Timing Belt,350000,13047,W-05,true,2024-10-12T17:20:38Z,2025-09-19T02:04:33Z
P-03477,NR-EFF-03477,Quiet-Drive Welding Torch TN-949,End Effectors,Welding Torch,500000,4917,W-03,true,2023-06-10T15:19:59Z,2024-03-31T02:33:42Z
P-03478,NR-FRM-03478,Sealed Gantry Beam UA-986,Frames and Structure,Gantry Beam,49419,22458,W-01,true,2022-12-19T03:48:20Z,2023-01-05T19:08:56Z
P-03479,NR-PWR-03479,Industrial Motor Driver VN-123,Power Systems,Motor Driver,209415,9612,W-02,true,2023-07-17T17:04:42Z,2024-05-20T23:52:30Z
P-03480,NR-SEN-03480,Precision Thermal Camera Module WA-160,Sensors,Thermal Camera Module,74584,2474,W-03,false,2022-01-20T23:20:48Z,2022-07-09T10:53:24Z
P-03481,NR-ACT-03481,Modular Stepper Motor XN-197,Actuators,Stepper Motor,218510,9444,W-03,true,2023-11-25T04:30:04Z,2024-07-29T09:35:16Z
P-03482,NR-CBL-03482,High-Torque EtherCAT Cable YA-234,Cabling and Connectors,EtherCAT Cable,7163,1985,W-07,true,2024-09-08T06:58:18Z,2024-10-29T07:44:02Z
P-03483,NR-CTL-03483,Heavy-Duty IO Expansion Board ZN-271,Controllers,IO Expansion Board,451982,5328,W-08,true,2021-10-11T16:02:00Z,2022-03-28T14:20:33Z
P-03484,NR-DRV-03484,Rapid-Cycle Ball Screw AA-308,Drivetrain,Ball Screw,128481,14407,W-03,true,2023-04-11T08:13:43Z,2024-04-26T15:38:34Z
P-03485,NR-EFF-03485,Low-Backlash Tool Changer BN-345,End Effectors,Tool Changer,187213,11972,W-03,true,2023-10-09T10:25:04Z,2024-02-19T07:56:38Z
P-03486,NR-FRM-03486,Compact Mounting Bracket CA-382,Frames and Structure,Mounting Bracket,41729,43676,W-03,true,2023-02-05T16:10:41Z,2023-06-30T12:52:02Z
P-03487,NR-PWR-03487,Quiet-Drive DC-DC Converter DN-419,Power Systems,DC-DC Converter,202427,15863,W-03,true,2024-07-26T12:19:36Z,2024-11-13T07:42:55Z
P-03488,NR-SEN-03488,Sealed LIDAR Unit EA-456,Sensors,LIDAR Unit,117819,751,W-06,true,2022-07-08T03:16:43Z,2023-03-10T20:44:56Z
P-03489,NR-ACT-03489,Industrial Servo Motor FN-493,Actuators,Servo Motor,285647,11182,W-05,true,2022-10-16T17:42:00Z,2022-11-04T07:43:02Z
P-03490,NR-CBL-03490,Precision Cable Chain GA-530,Cabling and Connectors,Cable Chain,15000,1501,W-01,true,2022-01-01T09:10:52Z,2022-11-30T02:29:37Z
P-03491,NR-CTL-03491,Modular Motion Controller HN-567,Controllers,Motion Controller,181994,4726,W-05,true,2023-01-30T16:41:52Z,2023-07-01T12:11:17Z
P-03492,NR-DRV-03492,High-Torque Harmonic Reducer IA-604,Drivetrain,Harmonic Reducer,90028,10453,W-08,true,2022-01-09T15:15:31Z,2022-01-22T20:02:56Z
P-03493,NR-EFF-03493,Heavy-Duty Parallel Gripper JN-641,End Effectors,Parallel Gripper,439811,7001,W-06,true,2022-07-20T14:20:31Z,2023-03-19T07:32:52Z
P-03494,NR-FRM-03494,Rapid-Cycle Aluminum Extrusion KA-678,Frames and Structure,Aluminum Extrusion,5320,46742,W-07,true,2024-02-21T12:39:27Z,2025-02-28T01:11:57Z
P-03495,NR-PWR-03495,Low-Backlash Battery Pack LN-715,Power Systems,Battery Pack,172665,7888,W-04,true,2024-04-06T01:32:24Z,2024-06-13T16:15:08Z
P-03496,NR-SEN-03496,Compact Force-Torque Sensor MA-752,Sensors,Force-Torque Sensor,204445,2403,W-02,true,2022-06-21T06:15:24Z,2022-10-30T06:15:00Z
P-03497,NR-ACT-03497,Quiet-Drive Linear Actuator NN-789,Actuators,Linear Actuator,121590,8390,W-04,true,2022-07-11T16:15:56Z,2023-08-14T10:27:59Z
P-03498,NR-CBL-03498,Sealed M12 Connector OA-826,Cabling and Connectors,M12 Connector,6237,3138,W-08,true,2022-02-23T10:16:23Z,2022-09-07T23:40:39Z
P-03499,NR-CTL-03499,Industrial PLC Module PN-863,Controllers,PLC Module,526527,2658,W-04,true,2024-01-03T20:56:20Z,2024-09-01T21:41:34Z
P-03500,NR-DRV-03500,Precision Planetary Gearbox QA-900,Drivetrain,Planetary Gearbox,145765,1915,W-06,true,2023-04-18T07:56:00Z,2024-02-08T10:11:13Z
P-03501,NR-EFF-03501,Modular Vacuum Gripper RN-937,End Effectors,Vacuum Gripper,332243,7791,W-08,true,2024-09-25T01:43:51Z,2025-07-13T09:12:32Z
P-03502,NR-FRM-03502,High-Torque Base Plate SA-974,Frames and Structure,Base Plate,61867,38503,W-05,true,2024-03-08T12:13:29Z,2024-03-25T16:51:22Z
P-03503,NR-PWR-03503,Heavy-Duty Power Supply Unit TN-111,Power Systems,Power Supply Unit,138924,5116,W-02,true,2022-06-29T16:35:19Z,2023-01-16T05:52:01Z
P-03504,NR-SEN-03504,Rapid-Cycle Proximity Sensor UA-148,Sensors,Proximity Sensor,187216,2543,W-04,true,2024-03-15T20:05:47Z,2024-09-30T06:44:14Z
P-03505,NR-ACT-03505,Low-Backlash Rotary Actuator VN-185,Actuators,Rotary Actuator,450000,5323,W-07,true,2021-05-20T00:58:57Z,2021-12-13T08:41:04Z
P-03506,NR-CBL-03506,Compact Servo Cable WA-222,Cabling and Connectors,Servo Cable,8506,1383,W-03,true,2022-05-04T23:08:12Z,2022-12-09T01:48:37Z
P-03507,NR-CTL-03507,Quiet-Drive Edge Compute Node XN-259,Controllers,Edge Compute Node,886260,4434,W-07,true,2024-05-09T00:07:57Z,2025-04-03T07:54:15Z
P-03508,NR-DRV-03508,Sealed Timing Belt YA-296,Drivetrain,Timing Belt,239304,8033,W-05,true,2021-05-25T00:41:48Z,2022-04-11T07:55:19Z
P-03509,NR-EFF-03509,Industrial Welding Torch ZN-333,End Effectors,Welding Torch,213650,4810,W-07,true,2021-12-09T14:34:08Z,2022-09-27T23:18:31Z
P-03510,NR-FRM-03510,Precision Gantry Beam AA-370,Frames and Structure,Gantry Beam,47787,14266,W-07,true,2023-12-09T14:25:16Z,2024-02-24T11:37:44Z
P-03511,NR-PWR-03511,Modular Motor Driver BN-407,Power Systems,Motor Driver,70327,3257,W-05,true,2024-06-01T07:05:03Z,2024-11-09T14:08:07Z
P-03512,NR-SEN-03512,High-Torque Rotary Encoder CA-444,Sensors,Rotary Encoder,84636,2440,W-06,true,2024-09-20T21:11:38Z,2024-11-02T21:04:55Z
P-03513,NR-ACT-03513,Heavy-Duty Stepper Motor DN-481,Actuators,Stepper Motor,322625,9502,W-03,true,2024-05-12T05:05:26Z,2024-10-09T15:31:23Z
P-03514,NR-CBL-03514,Rapid-Cycle EtherCAT Cable EA-518,Cabling and Connectors,EtherCAT Cable,7302,3740,W-08,true,2024-11-28T04:25:32Z,2025-09-04T08:34:20Z
P-03515,NR-CTL-03515,Low-Backlash IO Expansion Board FN-555,Controllers,IO Expansion Board,567557,4870,W-05,true,2023-12-13T19:22:38Z,2024-07-02T11:04:33Z
P-03516,NR-DRV-03516,Compact Ball Screw GA-592,Drivetrain,Ball Screw,267035,2650,W-05,true,2024-06-21T23:52:29Z,2025-01-03T15:12:47Z
P-03517,NR-EFF-03517,Quiet-Drive Tool Changer HN-629,End Effectors,Tool Changer,181682,5347,W-07,true,2021-02-22T16:51:30Z,2021-03-06T19:35:01Z
P-03518,NR-FRM-03518,Sealed Mounting Bracket IA-666,Frames and Structure,Mounting Bracket,36651,21711,W-02,true,2022-05-29T18:07:10Z,2023-02-14T06:07:49Z
P-03519,NR-PWR-03519,Industrial DC-DC Converter JN-703,Power Systems,DC-DC Converter,149974,7493,W-08,true,2022-07-07T02:15:08Z,2023-01-21T05:20:41Z
P-03520,NR-SEN-03520,Precision Thermal Camera Module KA-740,Sensors,Thermal Camera Module,127465,3171,W-07,true,2022-04-02T05:19:16Z,2022-07-18T13:20:07Z
P-03521,NR-ACT-03521,Modular Servo Motor LN-777,Actuators,Servo Motor,388835,400,W-03,true,2023-12-21T13:25:56Z,2024-09-21T07:24:25Z
P-03522,NR-CBL-03522,High-Torque Cable Chain MA-814,Cabling and Connectors,Cable Chain,8739,1568,W-04,true,2021-01-13T01:01:50Z,2021-01-22T08:22:10Z
P-03523,NR-CTL-03523,Heavy-Duty Motion Controller NN-851,Controllers,Motion Controller,897265,8330,W-03,true,2022-11-26T02:59:40Z,2023-05-04T02:45:39Z
P-03524,NR-DRV-03524,Rapid-Cycle Harmonic Reducer OA-888,Drivetrain,Harmonic Reducer,165479,11655,W-01,true,2022-05-11T10:21:26Z,2022-10-01T10:41:17Z
P-03525,NR-EFF-03525,Low-Backlash Parallel Gripper PN-925,End Effectors,Parallel Gripper,273142,10489,W-06,true,2023-05-06T15:25:01Z,2023-10-30T16:46:05Z
P-03526,NR-FRM-03526,Compact Aluminum Extrusion QA-962,Frames and Structure,Aluminum Extrusion,50084,16285,W-02,true,2023-12-03T23:40:55Z,2024-01-08T20:35:36Z
P-03527,NR-PWR-03527,Quiet-Drive Battery Pack RN-999,Power Systems,Battery Pack,190307,10679,W-05,true,2021-06-10T16:31:00Z,2021-09-16T03:04:23Z
P-03528,NR-SEN-03528,Sealed LIDAR Unit SA-136,Sensors,LIDAR Unit,112385,654,W-06,true,2021-04-27T08:11:02Z,2021-10-30T07:03:57Z
P-03529,NR-ACT-03529,Industrial Linear Actuator TN-173,Actuators,Linear Actuator,316043,12291,W-08,true,2021-05-20T14:18:18Z,2021-12-30T14:50:13Z
P-03530,NR-CBL-03530,Precision M12 Connector UA-210,Cabling and Connectors,M12 Connector,10299,3389,W-02,true,2022-06-29T15:29:12Z,2022-10-23T23:03:35Z
P-03531,NR-CTL-03531,Modular PLC Module VN-247,Controllers,PLC Module,568232,300,W-05,true,2023-01-21T22:12:23Z,2023-06-02T04:15:31Z
P-03532,NR-DRV-03532,High-Torque Planetary Gearbox WA-284,Drivetrain,Planetary Gearbox,106444,1513,W-02,true,2023-10-20T20:14:00Z,2024-11-05T22:42:35Z
P-03533,NR-EFF-03533,Heavy-Duty Vacuum Gripper XN-321,End Effectors,Vacuum Gripper,115604,4389,W-03,true,2021-08-04T04:26:28Z,2022-06-22T04:19:30Z
P-03534,NR-FRM-03534,Rapid-Cycle Base Plate YA-358,Frames and Structure,Base Plate,55283,20675,W-02,false,2023-01-04T18:36:00Z,2023-03-20T05:29:27Z
P-03535,NR-PWR-03535,Low-Backlash Power Supply Unit ZN-395,Power Systems,Power Supply Unit,153842,5509,W-08,true,2024-02-07T09:09:37Z,2024-03-28T16:10:28Z
P-03536,NR-SEN-03536,Compact Force-Torque Sensor AA-432,Sensors,Force-Torque Sensor,229033,269,W-08,false,2023-11-15T18:53:09Z,2024-06-18T09:38:09Z
P-03537,NR-ACT-03537,Quiet-Drive Rotary Actuator BN-469,Actuators,Rotary Actuator,388428,15022,W-04,true,2023-06-16T02:48:55Z,2023-09-17T23:05:10Z
P-03538,NR-CBL-03538,Sealed Servo Cable CA-506,Cabling and Connectors,Servo Cable,10495,2694,W-08,true,2022-09-16T10:37:13Z,2023-04-04T16:16:10Z
P-03539,NR-CTL-03539,Industrial Edge Compute Node DN-543,Controllers,Edge Compute Node,452564,8083,W-03,false,2023-06-24T22:03:11Z,2024-07-21T00:54:09Z
P-03540,NR-DRV-03540,Precision Timing Belt EA-580,Drivetrain,Timing Belt,186084,13817,W-04,true,2022-04-17T08:44:05Z,2022-08-29T07:39:26Z
P-03541,NR-EFF-03541,Modular Welding Torch FN-617,End Effectors,Welding Torch,242923,3580,W-07,true,2024-02-11T14:36:17Z,2024-10-29T23:04:55Z
P-03542,NR-FRM-03542,High-Torque Gantry Beam GA-654,Frames and Structure,Gantry Beam,53242,28472,W-02,false,2023-11-06T10:03:22Z,2024-11-15T11:04:58Z
P-03543,NR-PWR-03543,Heavy-Duty Motor Driver HN-691,Power Systems,Motor Driver,204593,8049,W-05,true,2021-03-29T18:42:00Z,2022-03-28T20:56:55Z
P-03544,NR-SEN-03544,Rapid-Cycle Proximity Sensor IA-728,Sensors,Proximity Sensor,12273,1090,W-03,true,2021-09-26T02:19:06Z,2022-06-12T18:45:41Z
P-03545,NR-ACT-03545,Low-Backlash Stepper Motor JN-765,Actuators,Stepper Motor,290213,9882,W-04,true,2021-09-11T20:54:26Z,2022-01-18T19:19:03Z
P-03546,NR-CBL-03546,Compact EtherCAT Cable KA-802,Cabling and Connectors,EtherCAT Cable,3671,2727,W-07,true,2023-11-01T08:28:18Z,2024-09-11T14:22:02Z
P-03547,NR-CTL-03547,Quiet-Drive IO Expansion Board LN-839,Controllers,IO Expansion Board,425538,4877,W-08,true,2024-01-22T19:26:47Z,2024-06-28T16:38:40Z
P-03548,NR-DRV-03548,Sealed Ball Screw MA-876,Drivetrain,Ball Screw,121009,6759,W-02,true,2022-09-29T16:57:23Z,2023-05-26T12:01:55Z
P-03549,NR-EFF-03549,Industrial Tool Changer NN-913,End Effectors,Tool Changer,67783,9256,W-02,false,2024-04-08T21:05:50Z,2024-04-09T18:47:34Z
P-03550,NR-FRM-03550,Precision Mounting Bracket OA-950,Frames and Structure,Mounting Bracket,47017,21788,W-02,true,2024-03-21T23:29:05Z,2024-04-07T10:12:53Z
P-03551,NR-PWR-03551,Modular DC-DC Converter PN-987,Power Systems,DC-DC Converter,21876,11753,W-05,true,2021-04-05T09:41:50Z,2022-05-08T04:13:46Z
P-03552,NR-SEN-03552,High-Torque Rotary Encoder QA-124,Sensors,Rotary Encoder,154864,860,W-07,true,2024-12-30T00:40:36Z,2025-06-22T15:10:55Z
P-03553,NR-ACT-03553,Heavy-Duty Servo Motor RN-161,Actuators,Servo Motor,298095,16646,W-04,true,2024-10-13T11:34:48Z,2025-11-17T09:04:22Z
P-03554,NR-CBL-03554,Rapid-Cycle Cable Chain SA-198,Cabling and Connectors,Cable Chain,8071,3181,W-01,true,2023-12-11T07:23:40Z,2024-11-13T07:59:57Z
P-03555,NR-CTL-03555,Low-Backlash Motion Controller TN-235,Controllers,Motion Controller,276345,4746,W-01,true,2024-12-21T17:11:09Z,2025-05-07T10:06:30Z
P-03556,NR-DRV-03556,Compact Harmonic Reducer UA-272,Drivetrain,Harmonic Reducer,118605,5262,W-04,true,2023-11-12T18:37:35Z,2024-06-08T17:32:58Z
P-03557,NR-EFF-03557,Quiet-Drive Parallel Gripper VN-309,End Effectors,Parallel Gripper,301690,3328,W-07,true,2023-01-02T12:05:30Z,2023-11-05T10:32:33Z
P-03558,NR-FRM-03558,Sealed Aluminum Extrusion WA-346,Frames and Structure,Aluminum Extrusion,30972,39443,W-05,true,2022-11-25T23:59:37Z,2023-06-24T20:07:07Z
P-03559,NR-PWR-03559,Industrial Battery Pack XN-383,Power Systems,Battery Pack,47113,9158,W-06,true,2024-06-06T19:12:22Z,2024-07-08T03:32:13Z
P-03560,NR-SEN-03560,Precision Thermal Camera Module YA-420,Sensors,Thermal Camera Module,176743,2497,W-03,true,2021-04-05T18:37:20Z,2021-08-28T04:05:53Z
P-03561,NR-ACT-03561,Modular Linear Actuator ZN-457,Actuators,Linear Actuator,169295,12500,W-07,true,2021-07-14T04:36:40Z,2022-05-12T06:58:42Z
P-03562,NR-CBL-03562,High-Torque M12 Connector AA-494,Cabling and Connectors,M12 Connector,3526,157,W-04,true,2024-12-10T02:53:12Z,2025-09-24T10:52:23Z
P-03563,NR-CTL-03563,Heavy-Duty PLC Module BN-531,Controllers,PLC Module,610888,4195,W-02,true,2024-01-17T20:59:27Z,2024-02-12T12:17:46Z
P-03564,NR-DRV-03564,Rapid-Cycle Planetary Gearbox CA-568,Drivetrain,Planetary Gearbox,273676,7526,W-01,true,2021-03-02T22:19:00Z,2021-12-23T22:29:06Z
P-03565,NR-EFF-03565,Low-Backlash Vacuum Gripper DN-605,End Effectors,Vacuum Gripper,262473,7322,W-05,true,2021-08-19T15:56:30Z,2022-03-18T17:58:12Z
P-03566,NR-FRM-03566,Compact Base Plate EA-642,Frames and Structure,Base Plate,9556,35613,W-08,true,2022-06-17T04:58:46Z,2022-11-19T15:13:10Z
P-03567,NR-PWR-03567,Quiet-Drive Power Supply Unit FN-679,Power Systems,Power Supply Unit,41332,9803,W-06,true,2024-05-25T12:13:51Z,2025-02-27T16:50:03Z
P-03568,NR-SEN-03568,Sealed LIDAR Unit GA-716,Sensors,LIDAR Unit,234955,256,W-07,true,2024-04-06T14:24:43Z,2025-02-17T15:42:41Z
P-03569,NR-ACT-03569,Industrial Rotary Actuator HN-753,Actuators,Rotary Actuator,172406,9018,W-06,true,2021-12-25T03:27:30Z,2022-06-11T18:29:01Z
P-03570,NR-CBL-03570,Precision Servo Cable IA-790,Cabling and Connectors,Servo Cable,9583,1981,W-04,true,2021-09-05T12:39:29Z,2022-03-03T20:31:57Z
P-03571,NR-CTL-03571,Modular Edge Compute Node JN-827,Controllers,Edge Compute Node,25000,5647,W-05,true,2021-10-02T12:22:15Z,2022-02-24T04:06:31Z
P-03572,NR-DRV-03572,High-Torque Timing Belt KA-864,Drivetrain,Timing Belt,119126,11739,W-06,true,2024-06-12T03:44:55Z,2024-12-07T08:35:34Z
P-03573,NR-EFF-03573,Heavy-Duty Welding Torch LN-901,End Effectors,Welding Torch,208598,662,W-08,true,2023-12-13T10:10:00Z,2024-08-11T21:53:09Z
P-03574,NR-FRM-03574,Rapid-Cycle Gantry Beam MA-938,Frames and Structure,Gantry Beam,49312,38172,W-03,true,2022-11-24T11:32:34Z,2022-12-03T03:13:03Z
P-03575,NR-PWR-03575,Low-Backlash Motor Driver NN-975,Power Systems,Motor Driver,123222,11981,W-01,true,2023-09-10T04:12:08Z,2024-10-13T21:45:29Z
P-03576,NR-SEN-03576,Compact Force-Torque Sensor OA-112,Sensors,Force-Torque Sensor,168548,2446,W-07,true,2021-05-09T03:25:55Z,2021-08-16T11:20:14Z
P-03577,NR-ACT-03577,Quiet-Drive Stepper Motor PN-149,Actuators,Stepper Motor,152394,16005,W-04,true,2021-12-07T09:24:18Z,2022-11-14T01:30:53Z
P-03578,NR-CBL-03578,Sealed EtherCAT Cable QA-186,Cabling and Connectors,EtherCAT Cable,11254,2725,W-04,true,2023-12-04T08:19:15Z,2024-03-01T15:19:00Z
P-03579,NR-CTL-03579,Industrial IO Expansion Board RN-223,Controllers,IO Expansion Board,236103,4970,W-08,true,2024-10-20T05:30:58Z,2025-08-16T04:06:30Z
P-03580,NR-DRV-03580,Precision Ball Screw SA-260,Drivetrain,Ball Screw,130945,14437,W-02,true,2024-02-05T18:19:05Z,2024-05-27T16:09:13Z
P-03581,NR-EFF-03581,Modular Tool Changer TN-297,End Effectors,Tool Changer,372051,8021,W-03,true,2023-11-05T19:35:06Z,2024-03-07T00:39:06Z
P-03582,NR-FRM-03582,High-Torque Mounting Bracket UA-334,Frames and Structure,Mounting Bracket,36573,31709,W-06,true,2023-09-05T11:43:46Z,2024-08-20T05:58:15Z
P-03583,NR-PWR-03583,Heavy-Duty DC-DC Converter VN-371,Power Systems,DC-DC Converter,179278,18000,W-04,true,2022-07-18T08:55:39Z,2022-12-23T23:05:07Z
P-03584,NR-SEN-03584,Rapid-Cycle Proximity Sensor WA-408,Sensors,Proximity Sensor,138708,3500,W-04,true,2023-06-08T19:53:55Z,2023-07-08T08:34:15Z
P-03585,NR-ACT-03585,Low-Backlash Servo Motor XN-445,Actuators,Servo Motor,254309,17066,W-03,true,2023-11-18T14:05:50Z,2024-05-05T16:11:09Z
P-03586,NR-CBL-03586,Compact Cable Chain YA-482,Cabling and Connectors,Cable Chain,6990,1638,W-04,true,2021-09-14T06:55:55Z,2021-11-26T18:27:41Z
P-03587,NR-CTL-03587,Quiet-Drive Motion Controller ZN-519,Controllers,Motion Controller,286500,3478,W-08,false,2024-05-24T10:40:05Z,2025-03-02T05:50:49Z
P-03588,NR-DRV-03588,Sealed Harmonic Reducer AA-556,Drivetrain,Harmonic Reducer,201858,2015,W-05,true,2021-01-19T03:35:10Z,2021-11-22T19:50:45Z
P-03589,NR-EFF-03589,Industrial Parallel Gripper BN-593,End Effectors,Parallel Gripper,24295,8451,W-06,true,2024-04-07T03:14:08Z,2024-05-05T17:40:34Z
P-03590,NR-FRM-03590,Precision Aluminum Extrusion CA-630,Frames and Structure,Aluminum Extrusion,23289,39647,W-07,true,2023-01-02T17:19:04Z,2023-03-16T10:31:36Z
P-03591,NR-PWR-03591,Modular Battery Pack DN-667,Power Systems,Battery Pack,206717,3035,W-04,true,2023-05-20T04:11:23Z,2024-02-22T12:46:54Z
P-03592,NR-SEN-03592,High-Torque Rotary Encoder EA-704,Sensors,Rotary Encoder,148904,1392,W-01,true,2022-06-05T07:48:25Z,2022-10-27T04:09:25Z
P-03593,NR-ACT-03593,Heavy-Duty Linear Actuator FN-741,Actuators,Linear Actuator,153086,21083,W-02,true,2021-06-10T06:12:33Z,2022-02-17T21:23:23Z
P-03594,NR-CBL-03594,Rapid-Cycle M12 Connector GA-778,Cabling and Connectors,M12 Connector,3926,3351,W-02,true,2022-11-18T06:14:16Z,2023-07-05T08:37:24Z
P-03595,NR-CTL-03595,Low-Backlash PLC Module HN-815,Controllers,PLC Module,552426,7793,W-08,true,2023-07-27T20:13:02Z,2024-02-12T14:13:58Z
P-03596,NR-DRV-03596,Compact Planetary Gearbox IA-852,Drivetrain,Planetary Gearbox,34157,2051,W-01,true,2023-05-15T05:32:23Z,2024-02-09T10:14:17Z
P-03597,NR-EFF-03597,Quiet-Drive Vacuum Gripper JN-889,End Effectors,Vacuum Gripper,168442,10495,W-06,true,2024-04-24T15:51:43Z,2025-02-04T11:54:04Z
P-03598,NR-FRM-03598,Sealed Base Plate KA-926,Frames and Structure,Base Plate,48000,46136,W-02,true,2021-03-25T05:26:04Z,2021-07-19T10:29:52Z
P-03599,NR-PWR-03599,Industrial Power Supply Unit LN-963,Power Systems,Power Supply Unit,125539,7160,W-08,true,2022-12-28T14:42:59Z,2023-06-05T01:59:51Z
P-03600,NR-SEN-03600,Precision Thermal Camera Module MA-100,Sensors,Thermal Camera Module,102262,2339,W-03,true,2022-08-30T15:41:55Z,2023-08-23T21:10:11Z
P-03601,NR-ACT-03601,Modular Rotary Actuator NN-137,Actuators,Rotary Actuator,279988,19295,W-06,true,2024-02-08T13:42:15Z,2024-07-16T09:57:19Z
P-03602,NR-CBL-03602,High-Torque Servo Cable OA-174,Cabling and Connectors,Servo Cable,6697,3159,W-03,true,2023-07-19T13:34:41Z,2023-09-08T07:04:45Z
P-03603,NR-CTL-03603,Heavy-Duty Edge Compute Node PN-211,Controllers,Edge Compute Node,267575,5620,W-03,true,2021-02-21T20:41:35Z,2021-03-01T22:07:31Z
P-03604,NR-DRV-03604,Rapid-Cycle Timing Belt QA-248,Drivetrain,Timing Belt,144362,11817,W-03,true,2024-02-04T18:06:18Z,2024-02-22T13:05:30Z
P-03605,NR-EFF-03605,Low-Backlash Welding Torch RN-285,End Effectors,Welding Torch,253838,4052,W-02,true,2022-04-18T13:39:04Z,2023-03-31T23:26:37Z
P-03606,NR-FRM-03606,Compact Gantry Beam SA-322,Frames and Structure,Gantry Beam,44671,11459,W-06,true,2023-03-10T14:57:50Z,2023-12-13T05:27:21Z
P-03607,NR-PWR-03607,Quiet-Drive Motor Driver TN-359,Power Systems,Motor Driver,62358,4978,W-02,true,2022-11-01T03:21:20Z,2022-12-16T09:45:58Z
P-03608,NR-SEN-03608,Sealed LIDAR Unit UA-396,Sensors,LIDAR Unit,177213,592,W-01,true,2023-02-09T23:07:41Z,2023-04-26T02:15:32Z
P-03609,NR-ACT-03609,Industrial Stepper Motor VN-433,Actuators,Stepper Motor,311373,8997,W-01,true,2023-05-19T17:29:56Z,2023-08-11T04:22:08Z
P-03610,NR-CBL-03610,Precision EtherCAT Cable WA-470,Cabling and Connectors,EtherCAT Cable,11047,2089,W-06,true,2024-01-17T21:55:49Z,2024-08-16T02:30:59Z
P-03611,NR-CTL-03611,Modular IO Expansion Board XN-507,Controllers,IO Expansion Board,25000,7369,W-06,true,2023-02-07T00:36:57Z,2023-07-22T18:49:48Z
P-03612,NR-DRV-03612,High-Torque Ball Screw YA-544,Drivetrain,Ball Screw,92974,100,W-04,true,2024-10-02T10:10:11Z,2024-11-15T15:58:10Z
P-03613,NR-EFF-03613,Heavy-Duty Tool Changer ZN-581,End Effectors,Tool Changer,247158,873,W-05,true,2023-06-09T12:04:33Z,2023-07-02T19:12:45Z
P-03614,NR-FRM-03614,Rapid-Cycle Mounting Bracket AA-618,Frames and Structure,Mounting Bracket,30544,17824,W-08,true,2021-05-17T12:14:40Z,2021-10-13T03:52:21Z
P-03615,NR-PWR-03615,Low-Backlash DC-DC Converter BN-655,Power Systems,DC-DC Converter,24887,11916,W-02,true,2022-11-19T11:11:05Z,2023-01-28T19:32:54Z
P-03616,NR-SEN-03616,Compact Force-Torque Sensor CA-692,Sensors,Force-Torque Sensor,16580,674,W-04,false,2022-03-01T18:32:30Z,2022-09-08T11:12:33Z
P-03617,NR-ACT-03617,Quiet-Drive Servo Motor DN-729,Actuators,Servo Motor,273098,6564,W-02,true,2023-08-20T12:51:39Z,2024-02-03T00:06:34Z
P-03618,NR-CBL-03618,Sealed Cable Chain EA-766,Cabling and Connectors,Cable Chain,3966,1983,W-04,true,2022-01-08T10:17:28Z,2022-02-12T10:37:15Z
P-03619,NR-CTL-03619,Industrial Motion Controller FN-803,Controllers,Motion Controller,178787,4445,W-08,true,2024-05-31T04:44:45Z,2024-10-06T16:01:01Z
P-03620,NR-DRV-03620,Precision Harmonic Reducer GA-840,Drivetrain,Harmonic Reducer,172178,10179,W-08,true,2023-04-01T19:47:45Z,2024-02-10T22:35:56Z
P-03621,NR-EFF-03621,Modular Parallel Gripper HN-877,End Effectors,Parallel Gripper,191762,5037,W-01,true,2021-06-08T15:25:10Z,2022-03-11T21:34:30Z
P-03622,NR-FRM-03622,High-Torque Aluminum Extrusion IA-914,Frames and Structure,Aluminum Extrusion,13223,48032,W-02,true,2023-03-21T12:30:03Z,2023-04-25T11:29:22Z
P-03623,NR-PWR-03623,Heavy-Duty Battery Pack JN-951,Power Systems,Battery Pack,158458,17764,W-04,true,2022-08-17T01:04:28Z,2023-07-14T20:02:11Z
P-03624,NR-SEN-03624,Rapid-Cycle Proximity Sensor KA-988,Sensors,Proximity Sensor,215612,1765,W-01,true,2022-09-18T01:06:46Z,2023-04-07T15:36:23Z
P-03625,NR-ACT-03625,Low-Backlash Linear Actuator LN-125,Actuators,Linear Actuator,119968,13359,W-05,true,2024-10-01T02:45:58Z,2024-12-03T17:50:20Z
P-03626,NR-CBL-03626,Compact M12 Connector MA-162,Cabling and Connectors,M12 Connector,5540,2292,W-08,true,2021-03-10T18:52:04Z,2021-09-11T10:39:28Z
P-03627,NR-CTL-03627,Quiet-Drive PLC Module NN-199,Controllers,PLC Module,404583,688,W-08,true,2022-06-30T11:44:24Z,2023-05-13T23:51:51Z
P-03628,NR-DRV-03628,Sealed Planetary Gearbox OA-236,Drivetrain,Planetary Gearbox,144435,1863,W-06,true,2024-11-03T16:04:25Z,2024-12-08T04:01:09Z
P-03629,NR-EFF-03629,Industrial Vacuum Gripper PN-273,End Effectors,Vacuum Gripper,476937,7539,W-01,true,2023-07-25T10:49:00Z,2024-01-13T13:56:35Z
P-03630,NR-FRM-03630,Precision Base Plate QA-310,Frames and Structure,Base Plate,45125,44269,W-01,true,2023-10-25T14:47:35Z,2024-09-01T03:42:10Z
P-03631,NR-PWR-03631,Modular Power Supply Unit RN-347,Power Systems,Power Supply Unit,240002,9165,W-03,true,2021-01-01T12:04:07Z,2021-01-21T15:06:18Z
P-03632,NR-SEN-03632,High-Torque Rotary Encoder SA-384,Sensors,Rotary Encoder,186949,2448,W-08,true,2023-03-17T16:58:55Z,2023-03-26T16:30:28Z
P-03633,NR-ACT-03633,Heavy-Duty Rotary Actuator TN-421,Actuators,Rotary Actuator,407269,18012,W-04,true,2024-08-22T01:51:21Z,2025-04-07T16:04:02Z
P-03634,NR-CBL-03634,Rapid-Cycle Servo Cable UA-458,Cabling and Connectors,Servo Cable,10341,181,W-08,false,2021-05-24T21:57:56Z,2022-03-12T00:25:01Z
P-03635,NR-CTL-03635,Low-Backlash Edge Compute Node VN-495,Controllers,Edge Compute Node,261503,3874,W-03,true,2023-08-02T20:25:42Z,2023-10-31T21:37:40Z
P-03636,NR-DRV-03636,Compact Timing Belt WA-532,Drivetrain,Timing Belt,210217,11054,W-02,true,2022-07-08T09:39:04Z,2023-03-26T09:56:44Z
P-03637,NR-EFF-03637,Quiet-Drive Welding Torch XN-569,End Effectors,Welding Torch,294683,6985,W-03,true,2023-06-15T09:18:51Z,2024-04-30T05:31:42Z
P-03638,NR-FRM-03638,Sealed Gantry Beam YA-606,Frames and Structure,Gantry Beam,33124,29015,W-01,true,2023-02-05T00:03:29Z,2023-04-05T15:46:05Z
P-03639,NR-PWR-03639,Industrial Motor Driver ZN-643,Power Systems,Motor Driver,51998,9687,W-02,true,2021-08-18T07:02:38Z,2022-01-23T18:01:07Z
P-03640,NR-SEN-03640,Precision Thermal Camera Module AA-680,Sensors,Thermal Camera Module,121600,365,W-06,true,2024-11-27T16:46:17Z,2025-02-14T11:15:00Z
P-03641,NR-ACT-03641,Modular Stepper Motor BN-717,Actuators,Stepper Motor,195734,9870,W-07,true,2021-08-07T06:06:52Z,2021-10-03T21:46:59Z
P-03642,NR-CBL-03642,High-Torque EtherCAT Cable CA-754,Cabling and Connectors,EtherCAT Cable,7881,1199,W-04,true,2021-07-29T08:33:27Z,2021-08-31T01:11:43Z
P-03643,NR-CTL-03643,Heavy-Duty IO Expansion Board DN-791,Controllers,IO Expansion Board,25000,2662,W-06,true,2021-03-23T00:44:41Z,2021-09-04T15:01:55Z
P-03644,NR-DRV-03644,Rapid-Cycle Ball Screw EA-828,Drivetrain,Ball Screw,50077,8320,W-04,true,2023-03-23T03:10:26Z,2023-12-19T00:28:02Z
P-03645,NR-EFF-03645,Low-Backlash Tool Changer FN-865,End Effectors,Tool Changer,108842,9177,W-04,true,2022-08-27T18:17:22Z,2023-07-04T00:08:22Z
P-03646,NR-FRM-03646,Compact Mounting Bracket GA-902,Frames and Structure,Mounting Bracket,64457,44350,W-05,true,2024-05-10T15:47:57Z,2024-08-20T15:33:41Z
P-03647,NR-PWR-03647,Quiet-Drive DC-DC Converter HN-939,Power Systems,DC-DC Converter,111323,2762,W-06,false,2023-07-09T11:58:00Z,2024-04-22T08:25:11Z
P-03648,NR-SEN-03648,Sealed LIDAR Unit IA-976,Sensors,LIDAR Unit,226447,1440,W-08,true,2021-09-19T00:10:39Z,2021-12-13T13:50:49Z
P-03649,NR-ACT-03649,Industrial Servo Motor JN-113,Actuators,Servo Motor,317815,15073,W-05,true,2024-10-28T21:15:16Z,2025-01-31T05:02:16Z
P-03650,NR-CBL-03650,Precision Cable Chain KA-150,Cabling and Connectors,Cable Chain,6679,1544,W-02,true,2023-08-13T17:14:45Z,2024-02-01T21:08:19Z
P-03651,NR-CTL-03651,Modular Motion Controller LN-187,Controllers,Motion Controller,508937,5949,W-07,true,2024-03-04T03:44:40Z,2025-04-02T16:57:45Z
P-03652,NR-DRV-03652,High-Torque Harmonic Reducer MA-224,Drivetrain,Harmonic Reducer,191496,2672,W-07,true,2024-05-09T03:54:17Z,2024-09-03T04:06:05Z
P-03653,NR-EFF-03653,Heavy-Duty Parallel Gripper NN-261,End Effectors,Parallel Gripper,294043,11228,W-05,true,2023-05-13T02:50:14Z,2024-06-08T06:46:00Z
P-03654,NR-FRM-03654,Rapid-Cycle Aluminum Extrusion OA-298,Frames and Structure,Aluminum Extrusion,21200,500,W-04,true,2024-10-01T07:42:03Z,2025-07-28T20:05:49Z
P-03655,NR-PWR-03655,Low-Backlash Battery Pack PN-335,Power Systems,Battery Pack,74174,4800,W-04,true,2021-03-17T04:34:03Z,2021-10-27T01:08:24Z
P-03656,NR-SEN-03656,Compact Force-Torque Sensor QA-372,Sensors,Force-Torque Sensor,111513,2379,W-02,true,2024-03-18T03:04:50Z,2024-04-25T03:38:02Z
P-03657,NR-ACT-03657,Quiet-Drive Linear Actuator RN-409,Actuators,Linear Actuator,338454,3195,W-04,true,2022-09-22T01:33:48Z,2023-04-22T22:52:54Z
P-03658,NR-CBL-03658,Sealed M12 Connector SA-446,Cabling and Connectors,M12 Connector,9072,10,W-07,true,2024-03-06T15:49:01Z,2025-01-16T20:08:52Z
P-03659,NR-CTL-03659,Industrial PLC Module TN-483,Controllers,PLC Module,701808,892,W-03,true,2023-02-16T01:03:53Z,2023-05-06T10:20:19Z
P-03660,NR-DRV-03660,Precision Planetary Gearbox UA-520,Drivetrain,Planetary Gearbox,171505,14273,W-08,true,2023-05-27T00:34:22Z,2024-02-03T23:44:57Z
P-03661,NR-EFF-03661,Modular Vacuum Gripper VN-557,End Effectors,Vacuum Gripper,241478,9888,W-05,true,2022-09-20T11:58:39Z,2022-09-29T11:22:33Z
P-03662,NR-FRM-03662,High-Torque Base Plate WA-594,Frames and Structure,Base Plate,10994,15598,W-08,true,2024-11-17T07:27:55Z,2025-12-11T20:08:41Z
P-03663,NR-PWR-03663,Heavy-Duty Power Supply Unit XN-631,Power Systems,Power Supply Unit,239641,10906,W-05,true,2022-09-11T20:29:15Z,2023-08-13T13:14:58Z
P-03664,NR-SEN-03664,Rapid-Cycle Proximity Sensor YA-668,Sensors,Proximity Sensor,111231,1420,W-06,true,2021-03-05T02:28:57Z,2022-03-18T10:54:01Z
P-03665,NR-ACT-03665,Low-Backlash Rotary Actuator ZN-705,Actuators,Rotary Actuator,225119,18585,W-08,true,2021-08-11T06:13:44Z,2021-08-23T17:54:39Z
P-03666,NR-CBL-03666,Compact Servo Cable AA-742,Cabling and Connectors,Servo Cable,6780,2915,W-06,true,2021-10-06T06:52:57Z,2022-06-08T21:12:15Z
P-03667,NR-CTL-03667,Quiet-Drive Edge Compute Node BN-779,Controllers,Edge Compute Node,651744,1989,W-06,true,2024-03-15T08:31:39Z,2025-01-12T16:36:59Z
P-03668,NR-DRV-03668,Sealed Timing Belt CA-816,Drivetrain,Timing Belt,38453,2872,W-02,true,2021-05-29T16:55:55Z,2022-03-29T04:58:02Z
P-03669,NR-EFF-03669,Industrial Welding Torch DN-853,End Effectors,Welding Torch,500000,3140,W-07,true,2023-09-06T16:39:08Z,2024-07-14T01:06:59Z
P-03670,NR-FRM-03670,Precision Gantry Beam EA-890,Frames and Structure,Gantry Beam,80000,60000,W-01,true,2022-05-13T08:45:26Z,2022-05-24T11:46:44Z
P-03671,NR-PWR-03671,Modular Motor Driver FN-927,Power Systems,Motor Driver,198358,14920,W-04,true,2024-06-07T01:38:50Z,2025-05-19T11:30:37Z
P-03672,NR-SEN-03672,High-Torque Rotary Encoder GA-964,Sensors,Rotary Encoder,183633,1665,W-07,true,2024-04-09T04:15:31Z,2025-02-13T02:29:01Z
P-03673,NR-ACT-03673,Heavy-Duty Stepper Motor HN-101,Actuators,Stepper Motor,61715,14845,W-08,true,2021-07-18T00:36:06Z,2022-02-12T19:02:23Z
P-03674,NR-CBL-03674,Rapid-Cycle EtherCAT Cable IA-138,Cabling and Connectors,EtherCAT Cable,8972,1062,W-05,true,2021-03-13T09:59:25Z,2021-06-18T10:57:56Z
P-03675,NR-CTL-03675,Low-Backlash IO Expansion Board JN-175,Controllers,IO Expansion Board,293243,5941,W-01,true,2024-06-30T04:29:14Z,2025-02-14T14:15:17Z
P-03676,NR-DRV-03676,Compact Ball Screw KA-212,Drivetrain,Ball Screw,207780,7923,W-02,true,2023-02-12T10:27:49Z,2023-05-26T01:40:24Z
P-03677,NR-EFF-03677,Quiet-Drive Tool Changer LN-249,End Effectors,Tool Changer,307781,10604,W-02,true,2022-03-01T21:25:51Z,2022-07-19T04:02:17Z
P-03678,NR-FRM-03678,Sealed Mounting Bracket MA-286,Frames and Structure,Mounting Bracket,58252,26961,W-08,true,2022-08-30T06:37:49Z,2022-09-25T13:34:28Z
P-03679,NR-PWR-03679,Industrial DC-DC Converter NN-323,Power Systems,DC-DC Converter,181397,9116,W-02,true,2024-09-26T19:28:01Z,2024-11-14T08:54:10Z
P-03680,NR-SEN-03680,Precision Thermal Camera Module OA-360,Sensors,Thermal Camera Module,120634,1884,W-01,true,2021-08-22T07:48:57Z,2021-08-28T17:41:40Z
P-03681,NR-ACT-03681,Modular Servo Motor PN-397,Actuators,Servo Motor,65437,2806,W-07,true,2024-04-07T08:02:31Z,2024-06-14T10:04:47Z
P-03682,NR-CBL-03682,High-Torque Cable Chain QA-434,Cabling and Connectors,Cable Chain,8348,2470,W-03,true,2022-10-05T16:11:09Z,2022-10-18T14:43:06Z
P-03683,NR-CTL-03683,Heavy-Duty Motion Controller RN-471,Controllers,Motion Controller,196281,9000,W-05,true,2021-08-21T02:32:41Z,2022-02-25T05:29:14Z
P-03684,NR-DRV-03684,Rapid-Cycle Harmonic Reducer SA-508,Drivetrain,Harmonic Reducer,259699,12383,W-06,true,2021-05-13T08:23:20Z,2021-09-04T10:30:16Z
P-03685,NR-EFF-03685,Low-Backlash Parallel Gripper TN-545,End Effectors,Parallel Gripper,396792,4227,W-04,true,2021-12-18T10:07:20Z,2022-03-13T02:04:57Z
P-03686,NR-FRM-03686,Compact Aluminum Extrusion UA-582,Frames and Structure,Aluminum Extrusion,45177,18696,W-04,true,2021-02-18T02:36:09Z,2022-03-02T04:33:33Z
P-03687,NR-PWR-03687,Quiet-Drive Battery Pack VN-619,Power Systems,Battery Pack,79547,8836,W-01,true,2023-09-14T17:02:43Z,2024-09-10T08:00:58Z
P-03688,NR-SEN-03688,Sealed LIDAR Unit WA-656,Sensors,LIDAR Unit,213533,1062,W-03,true,2022-04-17T20:07:55Z,2022-05-22T21:27:40Z
P-03689,NR-ACT-03689,Industrial Linear Actuator XN-693,Actuators,Linear Actuator,234448,8766,W-05,true,2023-04-05T17:31:25Z,2023-07-29T02:52:50Z
P-03690,NR-CBL-03690,Precision M12 Connector YA-730,Cabling and Connectors,M12 Connector,8002,2696,W-08,true,2023-10-12T14:57:29Z,2023-10-24T15:45:38Z
P-03691,NR-CTL-03691,Modular PLC Module ZN-767,Controllers,PLC Module,845094,3676,W-08,true,2022-04-28T16:56:19Z,2022-09-02T00:29:08Z
P-03692,NR-DRV-03692,High-Torque Planetary Gearbox AA-804,Drivetrain,Planetary Gearbox,255843,6981,W-04,true,2023-08-16T18:43:35Z,2024-07-19T19:48:02Z
P-03693,NR-EFF-03693,Heavy-Duty Vacuum Gripper BN-841,End Effectors,Vacuum Gripper,323836,1928,W-05,true,2022-12-03T15:02:59Z,2023-07-10T20:23:56Z
P-03694,NR-FRM-03694,Rapid-Cycle Base Plate CA-878,Frames and Structure,Base Plate,47491,558,W-05,true,2024-04-06T20:57:06Z,2024-11-26T06:49:14Z
P-03695,NR-PWR-03695,Low-Backlash Power Supply Unit DN-915,Power Systems,Power Supply Unit,5000,8944,W-08,true,2024-03-22T06:17:26Z,2025-04-09T22:56:20Z
P-03696,NR-SEN-03696,Compact Force-Torque Sensor EA-952,Sensors,Force-Torque Sensor,172591,1321,W-05,true,2021-10-16T10:37:49Z,2022-01-24T01:35:53Z
P-03697,NR-ACT-03697,Quiet-Drive Rotary Actuator FN-989,Actuators,Rotary Actuator,185640,8409,W-05,true,2022-12-25T19:32:34Z,2023-05-19T17:23:20Z
P-03698,NR-CBL-03698,Sealed Servo Cable GA-126,Cabling and Connectors,Servo Cable,4538,1709,W-02,true,2022-07-22T19:41:56Z,2023-01-17T18:41:24Z
P-03699,NR-CTL-03699,Industrial Edge Compute Node HN-163,Controllers,Edge Compute Node,210001,3763,W-01,true,2022-02-11T23:54:39Z,2023-01-20T19:50:39Z
P-03700,NR-DRV-03700,Precision Timing Belt IA-200,Drivetrain,Timing Belt,104768,9956,W-03,true,2023-04-07T20:43:17Z,2023-07-16T16:12:40Z
P-03701,NR-EFF-03701,Modular Welding Torch JN-237,End Effectors,Welding Torch,10000,4109,W-04,true,2023-12-18T15:49:22Z,2025-01-10T10:49:29Z
P-03702,NR-FRM-03702,High-Torque Gantry Beam KA-274,Frames and Structure,Gantry Beam,11489,38076,W-05,true,2023-01-05T05:13:23Z,2023-09-05T15:31:59Z
P-03703,NR-PWR-03703,Heavy-Duty Motor Driver LN-311,Power Systems,Motor Driver,151972,15616,W-01,true,2022-08-29T21:13:18Z,2023-06-05T10:23:17Z
P-03704,NR-SEN-03704,Rapid-Cycle Proximity Sensor MA-348,Sensors,Proximity Sensor,127036,1516,W-03,true,2021-05-29T00:21:44Z,2021-06-24T18:51:59Z
P-03705,NR-ACT-03705,Low-Backlash Stepper Motor NN-385,Actuators,Stepper Motor,142136,11744,W-05,true,2022-02-14T01:34:54Z,2022-08-03T20:12:47Z
P-03706,NR-CBL-03706,Compact EtherCAT Cable OA-422,Cabling and Connectors,EtherCAT Cable,14443,2048,W-07,true,2021-05-07T18:59:48Z,2021-12-09T05:25:00Z
P-03707,NR-CTL-03707,Quiet-Drive IO Expansion Board PN-459,Controllers,IO Expansion Board,643379,3690,W-08,true,2022-07-02T15:10:02Z,2023-06-25T23:33:22Z
P-03708,NR-DRV-03708,Sealed Ball Screw QA-496,Drivetrain,Ball Screw,102485,15000,W-08,true,2024-05-21T01:43:13Z,2025-05-27T23:39:48Z
P-03709,NR-EFF-03709,Industrial Tool Changer RN-533,End Effectors,Tool Changer,306416,6939,W-05,true,2024-06-25T18:53:40Z,2024-12-31T13:28:06Z
P-03710,NR-FRM-03710,Precision Mounting Bracket SA-570,Frames and Structure,Mounting Bracket,66970,13257,W-02,true,2022-11-03T07:11:57Z,2023-11-01T08:13:33Z
P-03711,NR-PWR-03711,Modular DC-DC Converter TN-607,Power Systems,DC-DC Converter,141103,9278,W-06,true,2024-05-15T01:19:03Z,2025-01-05T01:09:25Z
P-03712,NR-SEN-03712,High-Torque Rotary Encoder UA-644,Sensors,Rotary Encoder,163180,2490,W-08,true,2024-01-11T04:22:50Z,2024-10-13T15:40:24Z
P-03713,NR-ACT-03713,Heavy-Duty Servo Motor VN-681,Actuators,Servo Motor,299844,3299,W-05,true,2023-03-25T05:13:51Z,2024-04-21T16:43:18Z
P-03714,NR-CBL-03714,Rapid-Cycle Cable Chain WA-718,Cabling and Connectors,Cable Chain,14789,3274,W-05,true,2024-01-09T19:23:56Z,2024-04-20T10:19:03Z
P-03715,NR-CTL-03715,Low-Backlash Motion Controller XN-755,Controllers,Motion Controller,675756,6533,W-04,true,2022-02-01T07:49:23Z,2022-07-20T03:31:40Z
P-03716,NR-DRV-03716,Compact Harmonic Reducer YA-792,Drivetrain,Harmonic Reducer,6000,10331,W-08,true,2023-02-02T19:27:17Z,2023-09-14T20:51:04Z
P-03717,NR-EFF-03717,Quiet-Drive Parallel Gripper ZN-829,End Effectors,Parallel Gripper,222797,5625,W-03,true,2021-09-06T19:52:23Z,2022-01-14T20:02:46Z
P-03718,NR-FRM-03718,Sealed Aluminum Extrusion AA-866,Frames and Structure,Aluminum Extrusion,56394,57966,W-08,true,2021-03-05T14:59:46Z,2022-02-09T14:01:32Z
P-03719,NR-PWR-03719,Industrial Battery Pack BN-903,Power Systems,Battery Pack,194271,9521,W-07,false,2024-02-11T20:49:02Z,2024-07-30T11:01:52Z
P-03720,NR-SEN-03720,Precision Thermal Camera Module CA-940,Sensors,Thermal Camera Module,181368,705,W-05,true,2024-01-29T05:31:18Z,2025-02-17T18:31:13Z
P-03721,NR-ACT-03721,Modular Linear Actuator DN-977,Actuators,Linear Actuator,228078,17182,W-07,true,2022-10-01T16:02:28Z,2023-07-03T01:08:24Z
P-03722,NR-CBL-03722,High-Torque M12 Connector EA-114,Cabling and Connectors,M12 Connector,7390,2054,W-06,true,2024-01-19T21:30:37Z,2024-05-07T01:18:52Z
P-03723,NR-CTL-03723,Heavy-Duty PLC Module FN-151,Controllers,PLC Module,821530,9000,W-04,true,2021-10-09T03:37:28Z,2022-01-15T20:10:39Z
P-03724,NR-DRV-03724,Rapid-Cycle Planetary Gearbox GA-188,Drivetrain,Planetary Gearbox,295178,12371,W-08,true,2023-02-22T01:48:05Z,2024-01-10T16:15:53Z
P-03725,NR-EFF-03725,Low-Backlash Vacuum Gripper HN-225,End Effectors,Vacuum Gripper,355711,3319,W-07,true,2022-02-11T08:44:58Z,2023-01-19T09:43:42Z
P-03726,NR-FRM-03726,Compact Base Plate IA-262,Frames and Structure,Base Plate,51134,38871,W-06,true,2021-11-03T21:37:17Z,2021-11-12T12:25:03Z
P-03727,NR-PWR-03727,Quiet-Drive Power Supply Unit JN-299,Power Systems,Power Supply Unit,209000,5146,W-03,true,2024-07-26T14:33:40Z,2025-06-26T06:54:29Z
P-03728,NR-SEN-03728,Sealed LIDAR Unit KA-336,Sensors,LIDAR Unit,56654,1218,W-01,true,2022-09-15T18:08:19Z,2023-07-21T04:28:51Z
P-03729,NR-ACT-03729,Industrial Rotary Actuator LN-373,Actuators,Rotary Actuator,317570,12073,W-01,false,2021-05-27T19:14:33Z,2021-10-15T22:26:47Z
P-03730,NR-CBL-03730,Precision Servo Cable MA-410,Cabling and Connectors,Servo Cable,9226,3392,W-03,true,2022-06-13T06:02:49Z,2023-01-14T11:53:14Z
P-03731,NR-CTL-03731,Modular Edge Compute Node NN-447,Controllers,Edge Compute Node,25000,540,W-03,true,2023-03-21T02:52:20Z,2023-11-16T08:23:52Z
P-03732,NR-DRV-03732,High-Torque Timing Belt OA-484,Drivetrain,Timing Belt,330852,6774,W-02,true,2022-02-11T01:15:41Z,2022-07-01T21:13:44Z
P-03733,NR-EFF-03733,Heavy-Duty Welding Torch PN-521,End Effectors,Welding Torch,438139,10148,W-03,true,2023-11-26T18:36:27Z,2024-02-03T09:32:17Z
P-03734,NR-FRM-03734,Rapid-Cycle Gantry Beam QA-558,Frames and Structure,Gantry Beam,10835,34066,W-07,true,2024-02-02T13:11:53Z,2024-07-26T17:17:02Z
P-03735,NR-PWR-03735,Low-Backlash Motor Driver RN-595,Power Systems,Motor Driver,138915,5808,W-07,true,2022-10-01T02:36:17Z,2023-06-20T16:19:26Z
P-03736,NR-SEN-03736,Compact Force-Torque Sensor SA-632,Sensors,Force-Torque Sensor,8000,814,W-06,true,2022-02-05T19:16:18Z,2022-06-15T10:53:03Z
P-03737,NR-ACT-03737,Quiet-Drive Stepper Motor TN-669,Actuators,Stepper Motor,305847,13005,W-07,true,2021-11-21T00:11:39Z,2022-10-05T13:15:28Z
P-03738,NR-CBL-03738,Sealed EtherCAT Cable UA-706,Cabling and Connectors,EtherCAT Cable,9605,3434,W-04,true,2021-10-03T08:57:32Z,2022-10-18T01:59:28Z
P-03739,NR-CTL-03739,Industrial IO Expansion Board VN-743,Controllers,IO Expansion Board,275752,6003,W-01,true,2022-07-23T17:28:01Z,2023-01-02T12:41:19Z
P-03740,NR-DRV-03740,Precision Ball Screw WA-780,Drivetrain,Ball Screw,107385,11205,W-06,true,2024-04-19T18:53:34Z,2024-12-15T11:35:02Z
P-03741,NR-EFF-03741,Modular Tool Changer XN-817,End Effectors,Tool Changer,334915,7289,W-01,true,2021-12-08T20:23:14Z,2021-12-27T02:12:48Z
P-03742,NR-FRM-03742,High-Torque Mounting Bracket YA-854,Frames and Structure,Mounting Bracket,68453,24863,W-07,true,2024-05-06T23:25:32Z,2025-05-23T15:34:39Z
P-03743,NR-PWR-03743,Heavy-Duty DC-DC Converter ZN-891,Power Systems,DC-DC Converter,152005,6803,W-06,true,2023-02-01T04:50:28Z,2023-12-13T14:01:06Z
P-03744,NR-SEN-03744,Rapid-Cycle Proximity Sensor AA-928,Sensors,Proximity Sensor,263775,2913,W-01,true,2021-05-08T09:05:24Z,2021-10-29T07:42:20Z
P-03745,NR-ACT-03745,Low-Backlash Servo Motor BN-965,Actuators,Servo Motor,156823,8099,W-04,true,2021-10-12T22:43:00Z,2022-03-16T08:47:49Z
P-03746,NR-CBL-03746,Compact Cable Chain CA-102,Cabling and Connectors,Cable Chain,5265,2400,W-01,true,2022-02-11T07:14:06Z,2022-02-21T05:12:56Z
P-03747,NR-CTL-03747,Quiet-Drive Motion Controller DN-139,Controllers,Motion Controller,835748,6909,W-08,true,2024-12-21T13:26:11Z,2025-10-16T04:32:24Z
P-03748,NR-DRV-03748,Sealed Harmonic Reducer EA-176,Drivetrain,Harmonic Reducer,210068,100,W-01,true,2023-12-30T16:21:16Z,2024-01-14T02:07:02Z
P-03749,NR-EFF-03749,Industrial Parallel Gripper FN-213,End Effectors,Parallel Gripper,189633,9934,W-01,true,2024-11-08T00:17:34Z,2025-11-16T18:39:08Z
P-03750,NR-FRM-03750,Precision Aluminum Extrusion GA-250,Frames and Structure,Aluminum Extrusion,45637,51856,W-03,true,2023-08-11T09:54:29Z,2024-06-02T06:12:48Z
P-03751,NR-PWR-03751,Modular Battery Pack HN-287,Power Systems,Battery Pack,84361,9867,W-05,true,2021-02-26T19:23:43Z,2021-12-30T03:36:31Z
P-03752,NR-SEN-03752,High-Torque Rotary Encoder IA-324,Sensors,Rotary Encoder,250642,2817,W-04,true,2022-11-03T15:07:00Z,2023-06-28T23:01:51Z
P-03753,NR-ACT-03753,Heavy-Duty Linear Actuator JN-361,Actuators,Linear Actuator,243533,14487,W-01,true,2022-08-25T02:41:15Z,2023-07-31T23:06:12Z
P-03754,NR-CBL-03754,Rapid-Cycle M12 Connector KA-398,Cabling and Connectors,M12 Connector,15000,1751,W-04,true,2022-12-30T12:33:37Z,2023-03-20T23:01:37Z
P-03755,NR-CTL-03755,Low-Backlash PLC Module LN-435,Controllers,PLC Module,275457,1524,W-07,true,2023-11-26T11:42:06Z,2024-11-05T07:10:58Z
P-03756,NR-DRV-03756,Compact Planetary Gearbox MA-472,Drivetrain,Planetary Gearbox,140949,6079,W-04,true,2021-07-04T03:40:39Z,2021-10-01T23:12:18Z
P-03757,NR-EFF-03757,Quiet-Drive Vacuum Gripper NN-509,End Effectors,Vacuum Gripper,210993,3764,W-01,true,2022-12-26T18:03:02Z,2024-01-18T10:38:52Z
P-03758,NR-FRM-03758,Sealed Base Plate OA-546,Frames and Structure,Base Plate,50760,56244,W-01,true,2023-06-30T16:33:31Z,2024-05-25T00:41:16Z
P-03759,NR-PWR-03759,Industrial Power Supply Unit PN-583,Power Systems,Power Supply Unit,65032,8872,W-04,true,2021-02-24T06:24:40Z,2021-11-17T16:48:43Z
P-03760,NR-SEN-03760,Precision Thermal Camera Module QA-620,Sensors,Thermal Camera Module,115747,888,W-06,true,2023-01-14T20:47:56Z,2023-08-30T17:06:31Z
P-03761,NR-ACT-03761,Modular Rotary Actuator RN-657,Actuators,Rotary Actuator,359212,400,W-07,false,2022-10-01T00:49:37Z,2023-05-01T16:57:10Z
P-03762,NR-CBL-03762,High-Torque Servo Cable SA-694,Cabling and Connectors,Servo Cable,7069,3162,W-01,true,2021-08-22T14:35:57Z,2022-09-07T04:54:10Z
P-03763,NR-CTL-03763,Heavy-Duty Edge Compute Node TN-731,Controllers,Edge Compute Node,260499,6195,W-08,true,2024-04-03T17:17:10Z,2025-01-01T01:52:44Z
P-03764,NR-DRV-03764,Rapid-Cycle Timing Belt UA-768,Drivetrain,Timing Belt,48420,3759,W-01,true,2023-03-17T01:29:03Z,2024-02-25T06:37:46Z
P-03765,NR-EFF-03765,Low-Backlash Welding Torch VN-805,End Effectors,Welding Torch,187370,3641,W-04,true,2023-09-11T08:26:39Z,2024-04-04T05:51:04Z
P-03766,NR-FRM-03766,Compact Gantry Beam WA-842,Frames and Structure,Gantry Beam,72735,26016,W-08,true,2023-09-04T02:51:07Z,2024-03-07T10:55:41Z
P-03767,NR-PWR-03767,Quiet-Drive Motor Driver XN-879,Power Systems,Motor Driver,117097,13857,W-02,true,2023-10-04T06:46:59Z,2023-11-01T07:20:33Z
P-03768,NR-SEN-03768,Sealed LIDAR Unit YA-916,Sensors,LIDAR Unit,146055,1314,W-01,true,2022-01-10T21:42:55Z,2022-12-20T17:56:04Z
P-03769,NR-ACT-03769,Industrial Stepper Motor ZN-953,Actuators,Stepper Motor,85246,11422,W-04,true,2022-02-28T22:12:47Z,2023-01-04T08:15:07Z
P-03770,NR-CBL-03770,Precision EtherCAT Cable AA-990,Cabling and Connectors,EtherCAT Cable,6605,2662,W-03,true,2021-02-11T22:05:40Z,2021-08-15T00:31:49Z
P-03771,NR-CTL-03771,Modular IO Expansion Board BN-127,Controllers,IO Expansion Board,88162,6098,W-06,true,2021-02-20T13:06:34Z,2022-03-01T22:58:32Z
P-03772,NR-DRV-03772,High-Torque Ball Screw CA-164,Drivetrain,Ball Screw,95700,6985,W-08,true,2023-04-10T00:57:22Z,2024-01-23T21:10:47Z
P-03773,NR-EFF-03773,Heavy-Duty Tool Changer DN-201,End Effectors,Tool Changer,398797,4300,W-02,true,2021-07-07T18:11:50Z,2022-01-16T03:11:14Z
P-03774,NR-FRM-03774,Rapid-Cycle Mounting Bracket EA-238,Frames and Structure,Mounting Bracket,25097,38264,W-03,true,2022-03-06T19:59:04Z,2022-03-29T11:51:22Z
P-03775,NR-PWR-03775,Low-Backlash DC-DC Converter FN-275,Power Systems,DC-DC Converter,60502,9879,W-06,false,2024-09-22T00:01:13Z,2025-04-23T11:20:33Z
P-03776,NR-SEN-03776,Compact Force-Torque Sensor GA-312,Sensors,Force-Torque Sensor,157186,1785,W-07,true,2024-06-13T12:44:07Z,2024-12-30T14:08:51Z
P-03777,NR-ACT-03777,Quiet-Drive Servo Motor HN-349,Actuators,Servo Motor,282323,7215,W-04,true,2024-09-28T06:07:08Z,2025-01-15T21:23:21Z
P-03778,NR-CBL-03778,Sealed Cable Chain IA-386,Cabling and Connectors,Cable Chain,3945,2664,W-06,true,2022-11-02T21:42:01Z,2023-04-11T21:21:39Z
P-03779,NR-CTL-03779,Industrial Motion Controller JN-423,Controllers,Motion Controller,516328,6373,W-08,true,2023-10-04T04:42:26Z,2024-08-30T21:19:55Z
P-03780,NR-DRV-03780,Precision Harmonic Reducer KA-460,Drivetrain,Harmonic Reducer,152544,15000,W-03,true,2024-03-04T04:45:07Z,2024-04-02T04:52:14Z
P-03781,NR-EFF-03781,Modular Parallel Gripper LN-497,End Effectors,Parallel Gripper,258542,11852,W-02,true,2021-11-02T08:30:43Z,2022-11-05T22:31:24Z
P-03782,NR-FRM-03782,High-Torque Aluminum Extrusion MA-534,Frames and Structure,Aluminum Extrusion,39400,43647,W-05,true,2024-01-06T22:42:25Z,2024-08-14T06:49:56Z
P-03783,NR-PWR-03783,Heavy-Duty Battery Pack NN-571,Power Systems,Battery Pack,137177,7559,W-07,true,2023-09-04T00:10:27Z,2024-09-18T00:08:20Z
P-03784,NR-SEN-03784,Rapid-Cycle Proximity Sensor OA-608,Sensors,Proximity Sensor,76799,2151,W-02,true,2023-07-16T08:35:18Z,2024-03-27T01:02:55Z
P-03785,NR-ACT-03785,Low-Backlash Linear Actuator PN-645,Actuators,Linear Actuator,301269,14209,W-08,true,2022-12-18T21:21:55Z,2023-12-23T10:29:00Z
P-03786,NR-CBL-03786,Compact M12 Connector QA-682,Cabling and Connectors,M12 Connector,3861,1553,W-02,false,2024-09-02T16:32:27Z,2024-09-19T13:34:44Z
P-03787,NR-CTL-03787,Quiet-Drive PLC Module RN-719,Controllers,PLC Module,309012,5402,W-05,true,2022-11-26T16:20:51Z,2023-09-11T00:06:22Z
P-03788,NR-DRV-03788,Sealed Planetary Gearbox SA-756,Drivetrain,Planetary Gearbox,152447,15000,W-08,true,2021-02-05T14:46:35Z,2021-10-30T18:15:06Z
P-03789,NR-EFF-03789,Industrial Vacuum Gripper TN-793,End Effectors,Vacuum Gripper,152522,1654,W-02,true,2021-10-16T12:29:49Z,2022-10-14T12:23:11Z
P-03790,NR-FRM-03790,Precision Base Plate UA-830,Frames and Structure,Base Plate,60494,32989,W-02,true,2024-03-20T17:49:29Z,2025-03-21T03:33:37Z
P-03791,NR-PWR-03791,Modular Power Supply Unit VN-867,Power Systems,Power Supply Unit,151505,9796,W-07,true,2023-07-21T14:58:00Z,2023-12-10T05:54:28Z
P-03792,NR-SEN-03792,High-Torque Rotary Encoder WA-904,Sensors,Rotary Encoder,161916,3143,W-02,true,2023-06-05T10:35:38Z,2023-08-29T17:10:44Z
P-03793,NR-ACT-03793,Heavy-Duty Rotary Actuator XN-941,Actuators,Rotary Actuator,320649,15709,W-08,true,2023-09-29T08:43:17Z,2024-05-17T12:18:36Z
P-03794,NR-CBL-03794,Rapid-Cycle Servo Cable YA-978,Cabling and Connectors,Servo Cable,9304,1889,W-02,true,2022-01-21T23:16:40Z,2023-02-12T22:56:48Z
P-03795,NR-CTL-03795,Low-Backlash Edge Compute Node ZN-115,Controllers,Edge Compute Node,243806,6006,W-02,true,2023-12-14T04:42:17Z,2025-01-09T11:02:23Z
P-03796,NR-DRV-03796,Compact Timing Belt AA-152,Drivetrain,Timing Belt,180350,6987,W-06,true,2023-09-03T12:21:45Z,2024-07-13T16:05:21Z
P-03797,NR-EFF-03797,Quiet-Drive Welding Torch BN-189,End Effectors,Welding Torch,320448,3746,W-08,true,2022-02-20T06:42:54Z,2022-03-23T23:49:34Z
P-03798,NR-FRM-03798,Sealed Gantry Beam CA-226,Frames and Structure,Gantry Beam,2000,31230,W-06,true,2023-11-24T11:28:01Z,2024-07-15T13:47:49Z
P-03799,NR-PWR-03799,Industrial Motor Driver DN-263,Power Systems,Motor Driver,34935,11696,W-01,true,2021-12-21T04:22:57Z,2022-07-06T16:58:30Z
P-03800,NR-SEN-03800,Precision Thermal Camera Module EA-300,Sensors,Thermal Camera Module,29830,1598,W-08,true,2024-12-15T05:36:02Z,2025-08-27T10:27:48Z
P-03801,NR-ACT-03801,Modular Stepper Motor FN-337,Actuators,Stepper Motor,143246,4222,W-04,true,2024-09-25T08:49:29Z,2025-04-17T02:49:35Z
P-03802,NR-CBL-03802,High-Torque EtherCAT Cable GA-374,Cabling and Connectors,EtherCAT Cable,4593,1224,W-07,true,2021-10-21T19:43:58Z,2022-01-21T05:31:23Z
P-03803,NR-CTL-03803,Heavy-Duty IO Expansion Board HN-411,Controllers,IO Expansion Board,648792,2598,W-05,true,2024-05-05T19:32:45Z,2025-03-04T16:55:59Z
P-03804,NR-DRV-03804,Rapid-Cycle Ball Screw IA-448,Drivetrain,Ball Screw,199866,4844,W-06,true,2024-03-02T02:00:15Z,2024-11-10T00:02:19Z
P-03805,NR-EFF-03805,Low-Backlash Tool Changer JN-485,End Effectors,Tool Changer,251464,2574,W-04,true,2022-02-20T00:07:10Z,2022-03-24T08:27:27Z
P-03806,NR-FRM-03806,Compact Mounting Bracket KA-522,Frames and Structure,Mounting Bracket,13842,23399,W-08,false,2023-07-02T20:11:52Z,2023-12-17T07:29:53Z
P-03807,NR-PWR-03807,Quiet-Drive DC-DC Converter LN-559,Power Systems,DC-DC Converter,250000,11309,W-06,true,2024-10-10T15:05:03Z,2025-07-26T08:52:04Z
P-03808,NR-SEN-03808,Sealed LIDAR Unit MA-596,Sensors,LIDAR Unit,24440,2421,W-06,true,2023-08-21T01:41:28Z,2023-10-02T01:54:35Z
P-03809,NR-ACT-03809,Industrial Servo Motor NN-633,Actuators,Servo Motor,305720,14799,W-07,true,2023-10-06T03:29:23Z,2023-11-04T11:27:52Z
P-03810,NR-CBL-03810,Precision Cable Chain OA-670,Cabling and Connectors,Cable Chain,11693,1196,W-05,true,2021-12-07T02:51:22Z,2021-12-23T16:29:26Z
P-03811,NR-CTL-03811,Modular Motion Controller PN-707,Controllers,Motion Controller,856102,3629,W-04,true,2022-07-11T11:16:37Z,2023-05-17T19:26:23Z
P-03812,NR-DRV-03812,High-Torque Harmonic Reducer QA-744,Drivetrain,Harmonic Reducer,41721,15000,W-08,true,2023-07-17T18:48:00Z,2023-10-16T22:09:56Z
P-03813,NR-EFF-03813,Heavy-Duty Parallel Gripper RN-781,End Effectors,Parallel Gripper,287269,3830,W-08,true,2023-11-27T09:49:07Z,2024-11-20T23:06:32Z
P-03814,NR-FRM-03814,Rapid-Cycle Aluminum Extrusion SA-818,Frames and Structure,Aluminum Extrusion,44003,38833,W-04,true,2023-09-03T11:52:37Z,2024-06-07T00:06:26Z
P-03815,NR-PWR-03815,Low-Backlash Battery Pack TN-855,Power Systems,Battery Pack,144582,14652,W-03,true,2022-03-30T22:14:14Z,2022-07-08T08:45:21Z
P-03816,NR-SEN-03816,Compact Force-Torque Sensor UA-892,Sensors,Force-Torque Sensor,187022,2984,W-03,true,2024-03-23T14:39:22Z,2025-01-16T06:25:54Z
P-03817,NR-ACT-03817,Quiet-Drive Linear Actuator VN-929,Actuators,Linear Actuator,284121,10057,W-04,true,2024-09-20T11:12:43Z,2024-12-26T03:03:04Z
P-03818,NR-CBL-03818,Sealed M12 Connector WA-966,Cabling and Connectors,M12 Connector,7837,1753,W-02,true,2021-03-28T20:41:23Z,2021-12-23T01:35:54Z
P-03819,NR-CTL-03819,Industrial PLC Module XN-103,Controllers,PLC Module,409690,6363,W-01,true,2023-03-13T21:31:42Z,2023-12-17T16:11:59Z
P-03820,NR-DRV-03820,Precision Planetary Gearbox YA-140,Drivetrain,Planetary Gearbox,27566,9967,W-04,true,2023-07-01T17:41:40Z,2023-10-26T12:37:31Z
P-03821,NR-EFF-03821,Modular Vacuum Gripper ZN-177,End Effectors,Vacuum Gripper,229530,10739,W-05,true,2024-07-13T03:41:32Z,2024-10-02T16:37:24Z
P-03822,NR-FRM-03822,High-Torque Base Plate AA-214,Frames and Structure,Base Plate,35209,34680,W-05,true,2024-08-28T06:49:34Z,2025-01-21T03:33:29Z
P-03823,NR-PWR-03823,Heavy-Duty Power Supply Unit BN-251,Power Systems,Power Supply Unit,138910,200,W-04,true,2024-08-16T11:03:57Z,2024-11-26T14:28:49Z
P-03824,NR-SEN-03824,Rapid-Cycle Proximity Sensor CA-288,Sensors,Proximity Sensor,28425,854,W-02,true,2021-10-14T20:50:37Z,2022-07-23T07:17:07Z
P-03825,NR-ACT-03825,Low-Backlash Rotary Actuator DN-325,Actuators,Rotary Actuator,151742,15741,W-02,true,2024-05-02T00:51:09Z,2024-07-02T14:28:26Z
P-03826,NR-CBL-03826,Compact Servo Cable EA-362,Cabling and Connectors,Servo Cable,5921,2780,W-07,true,2024-12-26T08:40:53Z,2026-01-29T01:19:28Z
P-03827,NR-CTL-03827,Quiet-Drive Edge Compute Node FN-399,Controllers,Edge Compute Node,625856,6252,W-07,true,2022-02-11T16:40:40Z,2023-03-08T11:03:22Z
P-03828,NR-DRV-03828,Sealed Timing Belt GA-436,Drivetrain,Timing Belt,139540,8051,W-02,true,2024-01-06T18:47:54Z,2024-08-22T06:32:48Z
P-03829,NR-EFF-03829,Industrial Welding Torch HN-473,End Effectors,Welding Torch,155651,5885,W-01,true,2024-08-06T03:19:11Z,2025-04-15T20:06:01Z
P-03830,NR-FRM-03830,Precision Gantry Beam IA-510,Frames and Structure,Gantry Beam,39112,12530,W-05,true,2022-03-24T13:24:05Z,2023-02-03T20:34:02Z
P-03831,NR-PWR-03831,Modular Motor Driver JN-547,Power Systems,Motor Driver,123288,7848,W-03,true,2024-12-20T00:25:44Z,2025-11-05T18:48:33Z
P-03832,NR-SEN-03832,High-Torque Rotary Encoder KA-584,Sensors,Rotary Encoder,97008,1297,W-06,true,2024-05-27T15:18:14Z,2024-11-07T00:08:26Z
P-03833,NR-ACT-03833,Heavy-Duty Stepper Motor LN-621,Actuators,Stepper Motor,166327,14776,W-05,true,2023-02-28T19:46:07Z,2023-06-12T23:39:15Z
P-03834,NR-CBL-03834,Rapid-Cycle EtherCAT Cable MA-658,Cabling and Connectors,EtherCAT Cable,5594,1074,W-04,true,2024-04-07T11:39:43Z,2025-03-24T14:02:13Z
P-03835,NR-CTL-03835,Low-Backlash IO Expansion Board NN-695,Controllers,IO Expansion Board,107985,1008,W-06,true,2024-09-19T12:35:59Z,2025-02-06T06:32:43Z
P-03836,NR-DRV-03836,Compact Ball Screw OA-732,Drivetrain,Ball Screw,56966,13137,W-06,true,2023-03-10T23:01:49Z,2024-02-21T10:44:56Z
P-03837,NR-EFF-03837,Quiet-Drive Tool Changer PN-769,End Effectors,Tool Changer,315230,8037,W-03,true,2023-01-01T00:31:38Z,2023-01-30T22:55:04Z
P-03838,NR-FRM-03838,Sealed Mounting Bracket QA-806,Frames and Structure,Mounting Bracket,47944,30818,W-07,true,2024-10-18T18:32:26Z,2025-07-28T15:29:55Z
P-03839,NR-PWR-03839,Industrial DC-DC Converter RN-843,Power Systems,DC-DC Converter,86949,6963,W-02,true,2024-02-20T05:14:25Z,2025-01-08T09:03:41Z
P-03840,NR-SEN-03840,Precision Thermal Camera Module SA-880,Sensors,Thermal Camera Module,98335,1924,W-02,true,2021-07-25T22:38:10Z,2021-12-26T07:53:32Z
P-03841,NR-ACT-03841,Modular Servo Motor TN-917,Actuators,Servo Motor,188949,6768,W-02,true,2023-01-29T23:32:36Z,2023-05-01T04:16:39Z
P-03842,NR-CBL-03842,High-Torque Cable Chain UA-954,Cabling and Connectors,Cable Chain,9632,2786,W-02,true,2021-02-16T09:42:59Z,2021-06-27T11:33:22Z
P-03843,NR-CTL-03843,Heavy-Duty Motion Controller VN-991,Controllers,Motion Controller,501029,2372,W-06,true,2024-05-14T03:22:16Z,2024-05-30T07:30:48Z
P-03844,NR-DRV-03844,Rapid-Cycle Harmonic Reducer WA-128,Drivetrain,Harmonic Reducer,146600,8899,W-07,true,2021-08-26T17:52:30Z,2022-09-11T23:24:20Z
P-03845,NR-EFF-03845,Low-Backlash Parallel Gripper XN-165,End Effectors,Parallel Gripper,339427,8795,W-05,true,2021-04-08T11:37:39Z,2021-11-14T07:37:45Z
P-03846,NR-FRM-03846,Compact Aluminum Extrusion YA-202,Frames and Structure,Aluminum Extrusion,60414,500,W-06,true,2023-02-11T04:29:24Z,2023-03-21T13:50:40Z
P-03847,NR-PWR-03847,Quiet-Drive Battery Pack ZN-239,Power Systems,Battery Pack,174405,10348,W-03,true,2022-01-09T20:26:29Z,2022-08-22T22:31:10Z
P-03848,NR-SEN-03848,Sealed LIDAR Unit AA-276,Sensors,LIDAR Unit,92466,2729,W-06,true,2022-07-19T17:24:01Z,2023-06-22T17:01:32Z
P-03849,NR-ACT-03849,Industrial Linear Actuator BN-313,Actuators,Linear Actuator,319509,400,W-02,false,2023-10-28T19:22:50Z,2024-04-12T13:29:06Z
P-03850,NR-CBL-03850,Precision M12 Connector CA-350,Cabling and Connectors,M12 Connector,9531,3703,W-06,true,2024-08-29T23:05:44Z,2025-07-18T00:01:44Z
P-03851,NR-CTL-03851,Modular PLC Module DN-387,Controllers,PLC Module,399836,5019,W-07,true,2022-04-14T09:33:45Z,2022-06-24T14:11:16Z
P-03852,NR-DRV-03852,High-Torque Planetary Gearbox EA-424,Drivetrain,Planetary Gearbox,265811,8274,W-05,true,2021-05-04T10:23:52Z,2022-05-07T07:51:42Z
P-03853,NR-EFF-03853,Heavy-Duty Vacuum Gripper FN-461,End Effectors,Vacuum Gripper,483442,9522,W-07,true,2024-04-04T21:00:38Z,2024-08-06T02:56:15Z
P-03854,NR-FRM-03854,Rapid-Cycle Base Plate GA-498,Frames and Structure,Base Plate,66833,43370,W-02,true,2021-12-13T12:33:37Z,2022-10-13T04:45:05Z
P-03855,NR-PWR-03855,Low-Backlash Power Supply Unit HN-535,Power Systems,Power Supply Unit,7387,5896,W-01,true,2023-11-05T01:24:26Z,2024-09-26T11:08:10Z
P-03856,NR-SEN-03856,Compact Force-Torque Sensor IA-572,Sensors,Force-Torque Sensor,247154,2017,W-06,true,2021-02-07T23:19:49Z,2021-04-17T07:40:40Z
P-03857,NR-ACT-03857,Quiet-Drive Rotary Actuator JN-609,Actuators,Rotary Actuator,335061,12285,W-07,true,2021-05-25T05:07:33Z,2021-08-17T02:53:33Z
P-03858,NR-CBL-03858,Sealed Servo Cable KA-646,Cabling and Connectors,Servo Cable,5954,2498,W-07,true,2022-03-19T18:53:33Z,2022-04-26T10:46:00Z
P-03859,NR-CTL-03859,Industrial Edge Compute Node LN-683,Controllers,Edge Compute Node,798469,5352,W-05,true,2023-06-06T11:53:34Z,2024-05-08T03:35:47Z
P-03860,NR-DRV-03860,Precision Timing Belt MA-720,Drivetrain,Timing Belt,183036,12502,W-07,true,2023-11-01T02:42:03Z,2024-05-02T13:51:53Z
P-03861,NR-EFF-03861,Modular Welding Torch NN-757,End Effectors,Welding Torch,87197,4941,W-02,true,2021-04-08T12:45:14Z,2021-09-19T14:50:00Z
P-03862,NR-FRM-03862,High-Torque Gantry Beam OA-794,Frames and Structure,Gantry Beam,25332,28108,W-02,true,2024-03-15T06:20:16Z,2025-01-29T10:33:57Z
P-03863,NR-PWR-03863,Heavy-Duty Motor Driver PN-831,Power Systems,Motor Driver,136855,4413,W-01,true,2022-03-01T01:01:35Z,2022-06-13T23:44:40Z
P-03864,NR-SEN-03864,Rapid-Cycle Proximity Sensor QA-868,Sensors,Proximity Sensor,147769,676,W-05,true,2021-05-25T00:17:40Z,2021-10-16T04:01:15Z
P-03865,NR-ACT-03865,Low-Backlash Stepper Motor RN-905,Actuators,Stepper Motor,183636,19762,W-02,true,2023-01-17T19:05:12Z,2023-08-21T19:08:09Z
P-03866,NR-CBL-03866,Compact EtherCAT Cable SA-942,Cabling and Connectors,EtherCAT Cable,11663,3482,W-03,true,2021-02-16T13:57:43Z,2021-09-04T17:02:23Z
P-03867,NR-CTL-03867,Quiet-Drive IO Expansion Board TN-979,Controllers,IO Expansion Board,190146,5289,W-04,true,2023-07-20T22:26:29Z,2024-06-22T02:32:20Z
P-03868,NR-DRV-03868,Sealed Ball Screw UA-116,Drivetrain,Ball Screw,100649,9782,W-02,true,2023-11-28T03:47:24Z,2024-11-30T14:42:56Z
P-03869,NR-EFF-03869,Industrial Tool Changer VN-153,End Effectors,Tool Changer,29312,8093,W-04,true,2021-09-20T04:00:19Z,2022-05-19T19:19:52Z
P-03870,NR-FRM-03870,Precision Mounting Bracket WA-190,Frames and Structure,Mounting Bracket,24830,40695,W-04,true,2022-02-04T14:44:46Z,2022-11-29T21:26:20Z
P-03871,NR-PWR-03871,Modular DC-DC Converter XN-227,Power Systems,DC-DC Converter,144635,6245,W-03,true,2024-06-12T20:55:10Z,2025-02-21T21:19:15Z
P-03872,NR-SEN-03872,High-Torque Rotary Encoder YA-264,Sensors,Rotary Encoder,116173,2577,W-05,true,2021-11-01T10:49:14Z,2022-06-06T06:31:49Z
P-03873,NR-ACT-03873,Heavy-Duty Servo Motor ZN-301,Actuators,Servo Motor,294952,11399,W-02,true,2023-06-26T04:20:32Z,2023-07-04T19:25:57Z
P-03874,NR-CBL-03874,Rapid-Cycle Cable Chain AA-338,Cabling and Connectors,Cable Chain,12616,71,W-05,true,2023-07-05T05:06:02Z,2024-05-02T01:08:50Z
P-03875,NR-CTL-03875,Low-Backlash Motion Controller BN-375,Controllers,Motion Controller,211701,6700,W-03,false,2021-07-09T02:37:01Z,2021-11-27T12:29:35Z
P-03876,NR-DRV-03876,Compact Harmonic Reducer CA-412,Drivetrain,Harmonic Reducer,238279,3423,W-07,true,2024-04-14T10:22:59Z,2024-07-29T09:06:28Z
P-03877,NR-EFF-03877,Quiet-Drive Parallel Gripper DN-449,End Effectors,Parallel Gripper,238957,9852,W-02,true,2021-03-23T11:34:18Z,2021-09-15T10:53:21Z
P-03878,NR-FRM-03878,Sealed Aluminum Extrusion EA-486,Frames and Structure,Aluminum Extrusion,27176,32419,W-07,true,2022-08-24T21:10:38Z,2022-10-13T20:13:23Z
P-03879,NR-PWR-03879,Industrial Battery Pack FN-523,Power Systems,Battery Pack,145633,13505,W-02,true,2023-03-21T01:49:23Z,2023-11-29T21:28:47Z
P-03880,NR-SEN-03880,Precision Thermal Camera Module GA-560,Sensors,Thermal Camera Module,99340,1779,W-05,true,2022-05-25T07:25:55Z,2023-03-20T09:08:17Z
P-03881,NR-ACT-03881,Modular Linear Actuator HN-597,Actuators,Linear Actuator,139037,400,W-01,true,2022-11-30T01:11:34Z,2023-10-06T06:26:43Z
P-03882,NR-CBL-03882,High-Torque M12 Connector IA-634,Cabling and Connectors,M12 Connector,4498,800,W-04,true,2022-12-17T04:00:56Z,2024-01-11T09:43:22Z
P-03883,NR-CTL-03883,Heavy-Duty PLC Module JN-671,Controllers,PLC Module,215302,6806,W-02,true,2022-06-09T00:21:21Z,2022-07-31T03:15:44Z
P-03884,NR-DRV-03884,Rapid-Cycle Planetary Gearbox KA-708,Drivetrain,Planetary Gearbox,204808,5946,W-03,true,2023-01-15T01:34:33Z,2023-12-10T16:00:57Z
P-03885,NR-EFF-03885,Low-Backlash Vacuum Gripper LN-745,End Effectors,Vacuum Gripper,248420,8344,W-04,true,2022-10-06T11:39:15Z,2023-03-29T14:53:03Z
P-03886,NR-FRM-03886,Compact Base Plate MA-782,Frames and Structure,Base Plate,43686,33745,W-01,true,2022-11-06T19:20:49Z,2023-08-09T15:28:51Z
P-03887,NR-PWR-03887,Quiet-Drive Power Supply Unit NN-819,Power Systems,Power Supply Unit,143867,12269,W-02,true,2021-04-06T11:05:14Z,2021-11-19T03:22:00Z
P-03888,NR-SEN-03888,Sealed LIDAR Unit OA-856,Sensors,LIDAR Unit,273587,3500,W-07,true,2022-12-10T05:40:19Z,2023-02-25T17:11:01Z
P-03889,NR-ACT-03889,Industrial Rotary Actuator PN-893,Actuators,Rotary Actuator,271712,9004,W-07,true,2023-09-09T02:43:02Z,2023-11-20T02:33:06Z
P-03890,NR-CBL-03890,Precision Servo Cable QA-930,Cabling and Connectors,Servo Cable,3597,1473,W-07,true,2022-09-28T02:57:18Z,2023-07-15T16:03:14Z
P-03891,NR-CTL-03891,Modular Edge Compute Node RN-967,Controllers,Edge Compute Node,350847,3506,W-07,true,2023-05-01T05:56:48Z,2024-01-04T09:56:32Z
P-03892,NR-DRV-03892,High-Torque Timing Belt SA-104,Drivetrain,Timing Belt,213044,8039,W-01,false,2024-11-18T10:16:11Z,2025-04-11T14:39:27Z
P-03893,NR-EFF-03893,Heavy-Duty Welding Torch TN-141,End Effectors,Welding Torch,350920,2035,W-07,true,2022-10-01T02:06:57Z,2023-03-09T04:05:13Z
P-03894,NR-FRM-03894,Rapid-Cycle Gantry Beam UA-178,Frames and Structure,Gantry Beam,49834,46141,W-03,true,2021-07-20T04:07:35Z,2021-12-28T02:44:58Z
P-03895,NR-PWR-03895,Low-Backlash Motor Driver VN-215,Power Systems,Motor Driver,135258,11015,W-04,true,2024-03-01T17:45:59Z,2025-03-29T07:13:53Z
P-03896,NR-SEN-03896,Compact Force-Torque Sensor WA-252,Sensors,Force-Torque Sensor,132090,1530,W-08,true,2022-07-19T21:07:24Z,2022-11-14T05:51:20Z
P-03897,NR-ACT-03897,Quiet-Drive Stepper Motor XN-289,Actuators,Stepper Motor,263829,12793,W-08,true,2024-10-30T09:09:39Z,2025-06-16T21:09:36Z
P-03898,NR-CBL-03898,Sealed EtherCAT Cable YA-326,Cabling and Connectors,EtherCAT Cable,2163,1181,W-04,true,2021-02-02T12:18:43Z,2021-10-19T17:54:23Z
P-03899,NR-CTL-03899,Industrial IO Expansion Board ZN-363,Controllers,IO Expansion Board,604560,2633,W-04,true,2023-08-22T19:33:14Z,2024-07-21T04:41:30Z
P-03900,NR-DRV-03900,Precision Ball Screw AA-400,Drivetrain,Ball Screw,212741,8582,W-01,true,2024-11-04T15:22:42Z,2025-11-30T22:53:40Z
P-03901,NR-EFF-03901,Modular Tool Changer BN-437,End Effectors,Tool Changer,271125,5267,W-08,true,2023-01-15T07:26:32Z,2023-10-26T19:24:13Z
P-03902,NR-FRM-03902,High-Torque Mounting Bracket CA-474,Frames and Structure,Mounting Bracket,44984,33232,W-04,true,2024-03-12T21:40:13Z,2024-07-09T20:27:27Z
P-03903,NR-PWR-03903,Heavy-Duty DC-DC Converter DN-511,Power Systems,DC-DC Converter,250000,1678,W-07,true,2023-07-02T22:04:26Z,2024-06-20T22:19:27Z
P-03904,NR-SEN-03904,Rapid-Cycle Proximity Sensor EA-548,Sensors,Proximity Sensor,123253,3286,W-04,true,2021-06-21T05:42:46Z,2022-01-26T16:11:49Z
P-03905,NR-ACT-03905,Low-Backlash Servo Motor FN-585,Actuators,Servo Motor,312910,11158,W-06,true,2022-01-17T21:10:27Z,2022-03-23T02:31:36Z
P-03906,NR-CBL-03906,Compact Cable Chain GA-622,Cabling and Connectors,Cable Chain,4577,1318,W-02,true,2021-10-07T00:32:28Z,2022-08-24T09:43:52Z
P-03907,NR-CTL-03907,Quiet-Drive Motion Controller HN-659,Controllers,Motion Controller,281145,5568,W-02,true,2021-11-09T15:00:23Z,2022-09-17T15:21:08Z
P-03908,NR-DRV-03908,Sealed Harmonic Reducer IA-696,Drivetrain,Harmonic Reducer,254093,9539,W-02,true,2021-02-04T10:34:55Z,2021-12-26T12:21:32Z
P-03909,NR-EFF-03909,Industrial Parallel Gripper JN-733,End Effectors,Parallel Gripper,262494,3832,W-05,true,2021-08-21T16:37:07Z,2022-07-14T16:22:25Z
P-03910,NR-FRM-03910,Precision Aluminum Extrusion KA-770,Frames and Structure,Aluminum Extrusion,30726,32425,W-03,true,2022-09-22T10:17:54Z,2023-09-24T20:56:59Z
P-03911,NR-PWR-03911,Modular Battery Pack LN-807,Power Systems,Battery Pack,126939,6619,W-03,true,2021-01-12T23:12:43Z,2021-10-16T16:07:52Z
P-03912,NR-SEN-03912,High-Torque Rotary Encoder MA-844,Sensors,Rotary Encoder,269886,805,W-07,true,2021-03-06T17:32:37Z,2022-01-31T19:43:00Z
P-03913,NR-ACT-03913,Heavy-Duty Linear Actuator NN-881,Actuators,Linear Actuator,148657,8943,W-05,true,2021-10-04T06:00:34Z,2021-12-07T21:30:43Z
P-03914,NR-CBL-03914,Rapid-Cycle M12 Connector OA-918,Cabling and Connectors,M12 Connector,7132,1591,W-05,true,2023-12-06T00:19:01Z,2024-05-11T09:13:49Z
P-03915,NR-CTL-03915,Low-Backlash PLC Module PN-955,Controllers,PLC Module,678327,300,W-07,true,2021-10-19T11:06:14Z,2022-04-15T19:50:00Z
P-03916,NR-DRV-03916,Compact Planetary Gearbox QA-992,Drivetrain,Planetary Gearbox,190399,100,W-05,true,2022-07-30T16:03:10Z,2023-02-27T10:29:35Z
P-03917,NR-EFF-03917,Quiet-Drive Vacuum Gripper RN-129,End Effectors,Vacuum Gripper,59086,5179,W-05,false,2024-09-14T20:29:30Z,2025-08-05T23:49:30Z
P-03918,NR-FRM-03918,Sealed Base Plate SA-166,Frames and Structure,Base Plate,23499,54229,W-02,true,2021-10-20T14:01:41Z,2022-02-10T10:14:51Z
P-03919,NR-PWR-03919,Industrial Power Supply Unit TN-203,Power Systems,Power Supply Unit,188930,3752,W-01,true,2022-02-26T14:53:04Z,2022-07-13T19:38:50Z
P-03920,NR-SEN-03920,Precision Thermal Camera Module UA-240,Sensors,Thermal Camera Module,108522,2177,W-06,true,2023-11-29T17:25:33Z,2024-08-12T18:10:38Z
P-03921,NR-ACT-03921,Modular Rotary Actuator VN-277,Actuators,Rotary Actuator,222886,4166,W-06,true,2022-04-19T03:49:57Z,2022-06-11T14:48:16Z
P-03922,NR-CBL-03922,High-Torque Servo Cable WA-314,Cabling and Connectors,Servo Cable,10956,865,W-08,true,2022-04-19T11:04:44Z,2023-05-16T06:13:42Z
P-03923,NR-CTL-03923,Heavy-Duty Edge Compute Node XN-351,Controllers,Edge Compute Node,649144,5037,W-02,true,2021-10-23T17:11:08Z,2022-06-01T15:24:16Z
P-03924,NR-DRV-03924,Rapid-Cycle Timing Belt YA-388,Drivetrain,Timing Belt,114404,9789,W-08,true,2022-10-10T05:44:55Z,2023-03-16T23:29:05Z
P-03925,NR-EFF-03925,Low-Backlash Welding Torch ZN-425,End Effectors,Welding Torch,256226,5737,W-07,true,2022-07-27T03:23:13Z,2023-03-19T05:17:09Z
P-03926,NR-FRM-03926,Compact Gantry Beam AA-462,Frames and Structure,Gantry Beam,51524,51910,W-03,true,2024-06-27T06:05:11Z,2025-02-01T03:22:29Z
P-03927,NR-PWR-03927,Quiet-Drive Motor Driver BN-499,Power Systems,Motor Driver,204388,14314,W-02,true,2024-12-14T06:28:09Z,2025-11-27T23:56:18Z
P-03928,NR-SEN-03928,Sealed LIDAR Unit CA-536,Sensors,LIDAR Unit,257056,2020,W-02,true,2021-01-17T15:49:10Z,2021-08-15T00:40:46Z
P-03929,NR-ACT-03929,Industrial Stepper Motor DN-573,Actuators,Stepper Motor,183274,12152,W-06,true,2023-12-24T12:32:23Z,2024-05-04T06:25:46Z
P-03930,NR-CBL-03930,Precision EtherCAT Cable EA-610,Cabling and Connectors,EtherCAT Cable,2393,1523,W-02,true,2024-11-30T19:57:29Z,2025-12-01T10:27:20Z
P-03931,NR-CTL-03931,Modular IO Expansion Board FN-647,Controllers,IO Expansion Board,724503,6362,W-07,true,2021-06-18T10:57:47Z,2022-06-06T02:23:06Z
P-03932,NR-DRV-03932,High-Torque Ball Screw GA-684,Drivetrain,Ball Screw,110594,10340,W-05,true,2021-05-27T15:15:14Z,2022-06-15T00:15:53Z
P-03933,NR-EFF-03933,Heavy-Duty Tool Changer HN-721,End Effectors,Tool Changer,340956,5426,W-03,true,2023-12-26T15:45:41Z,2024-02-18T09:32:41Z
P-03934,NR-FRM-03934,Rapid-Cycle Mounting Bracket IA-758,Frames and Structure,Mounting Bracket,70455,27559,W-08,true,2023-07-06T00:11:24Z,2023-09-09T05:21:33Z
P-03935,NR-PWR-03935,Low-Backlash DC-DC Converter JN-795,Power Systems,DC-DC Converter,140303,3093,W-01,true,2023-10-08T10:54:28Z,2023-12-04T15:35:00Z
P-03936,NR-SEN-03936,Compact Force-Torque Sensor KA-832,Sensors,Force-Torque Sensor,103764,1807,W-07,true,2023-02-16T01:13:55Z,2023-03-09T17:52:56Z
P-03937,NR-ACT-03937,Quiet-Drive Servo Motor LN-869,Actuators,Servo Motor,61817,10176,W-08,true,2021-03-09T01:08:07Z,2022-01-02T15:14:11Z
P-03938,NR-CBL-03938,Sealed Cable Chain MA-906,Cabling and Connectors,Cable Chain,4204,3285,W-03,true,2024-09-13T16:10:41Z,2025-06-16T08:47:59Z
P-03939,NR-CTL-03939,Industrial Motion Controller NN-943,Controllers,Motion Controller,749034,300,W-07,true,2024-12-17T20:56:56Z,2025-09-30T04:18:22Z
P-03940,NR-DRV-03940,Precision Harmonic Reducer OA-980,Drivetrain,Harmonic Reducer,53700,8679,W-03,true,2021-01-11T10:02:08Z,2021-08-02T02:40:39Z
P-03941,NR-EFF-03941,Modular Parallel Gripper PN-117,End Effectors,Parallel Gripper,62646,9827,W-07,true,2023-10-04T16:24:10Z,2024-06-09T11:56:03Z
P-03942,NR-FRM-03942,High-Torque Aluminum Extrusion QA-154,Frames and Structure,Aluminum Extrusion,15705,40023,W-05,true,2023-06-22T12:00:31Z,2023-10-24T20:46:19Z
P-03943,NR-PWR-03943,Heavy-Duty Battery Pack RN-191,Power Systems,Battery Pack,39886,13102,W-04,true,2024-06-26T09:36:17Z,2024-08-15T18:35:14Z
P-03944,NR-SEN-03944,Rapid-Cycle Proximity Sensor SA-228,Sensors,Proximity Sensor,210529,2404,W-01,true,2021-02-10T23:52:25Z,2021-08-01T02:11:20Z
P-03945,NR-ACT-03945,Low-Backlash Linear Actuator TN-265,Actuators,Linear Actuator,224452,11369,W-05,true,2024-08-04T14:25:01Z,2024-08-07T07:26:27Z
P-03946,NR-CBL-03946,Compact M12 Connector UA-302,Cabling and Connectors,M12 Connector,8191,1663,W-06,true,2024-09-17T03:50:16Z,2025-02-16T15:13:20Z
P-03947,NR-CTL-03947,Quiet-Drive PLC Module VN-339,Controllers,PLC Module,719762,4564,W-08,true,2023-03-31T06:12:49Z,2023-04-18T23:54:10Z
P-03948,NR-DRV-03948,Sealed Planetary Gearbox WA-376,Drivetrain,Planetary Gearbox,85054,13495,W-04,true,2023-02-02T15:50:57Z,2024-02-22T17:33:31Z
P-03949,NR-EFF-03949,Industrial Vacuum Gripper XN-413,End Effectors,Vacuum Gripper,266204,4858,W-07,true,2022-08-23T03:49:58Z,2023-09-20T14:03:30Z
P-03950,NR-FRM-03950,Precision Base Plate YA-450,Frames and Structure,Base Plate,74845,57550,W-04,true,2022-10-26T00:20:55Z,2023-09-02T15:51:33Z
P-03951,NR-PWR-03951,Modular Power Supply Unit ZN-487,Power Systems,Power Supply Unit,122461,10098,W-05,true,2023-09-15T14:06:06Z,2024-05-19T12:50:13Z
P-03952,NR-SEN-03952,High-Torque Rotary Encoder AA-524,Sensors,Rotary Encoder,221222,1566,W-02,false,2024-06-23T20:12:09Z,2024-10-31T17:45:22Z
P-03953,NR-ACT-03953,Heavy-Duty Rotary Actuator BN-561,Actuators,Rotary Actuator,292629,15271,W-05,false,2022-07-27T06:45:29Z,2023-06-03T22:56:22Z
P-03954,NR-CBL-03954,Rapid-Cycle Servo Cable CA-598,Cabling and Connectors,Servo Cable,8170,4000,W-06,true,2024-02-09T23:00:11Z,2024-06-24T15:47:49Z
P-03955,NR-CTL-03955,Low-Backlash Edge Compute Node DN-635,Controllers,Edge Compute Node,421269,5201,W-07,true,2022-12-27T10:06:42Z,2023-07-21T18:49:01Z
P-03956,NR-DRV-03956,Compact Timing Belt EA-672,Drivetrain,Timing Belt,277951,3447,W-03,true,2021-10-21T19:31:41Z,2022-07-30T20:19:00Z
P-03957,NR-EFF-03957,Quiet-Drive Welding Torch FN-709,End Effectors,Welding Torch,105178,5112,W-01,true,2023-02-11T11:59:21Z,2023-09-03T02:38:15Z
P-03958,NR-FRM-03958,Sealed Gantry Beam GA-746,Frames and Structure,Gantry Beam,2000,28099,W-07,true,2023-08-02T06:32:02Z,2024-02-03T17:18:24Z
P-03959,NR-PWR-03959,Industrial Motor Driver HN-783,Power Systems,Motor Driver,5000,18000,W-03,true,2022-04-22T17:52:21Z,2022-10-07T15:23:23Z
P-03960,NR-SEN-03960,Precision Thermal Camera Module IA-820,Sensors,Thermal Camera Module,85385,1568,W-08,true,2021-10-03T15:34:57Z,2022-07-03T00:30:24Z
P-03961,NR-ACT-03961,Modular Stepper Motor JN-857,Actuators,Stepper Motor,250633,12354,W-05,true,2021-04-06T15:56:36Z,2022-01-26T19:01:32Z
P-03962,NR-CBL-03962,High-Torque EtherCAT Cable KA-894,Cabling and Connectors,EtherCAT Cable,10664,1345,W-08,true,2024-06-12T01:37:03Z,2025-06-28T08:42:12Z
P-03963,NR-CTL-03963,Heavy-Duty IO Expansion Board LN-931,Controllers,IO Expansion Board,534556,5257,W-08,false,2023-06-13T12:51:42Z,2023-11-07T10:51:22Z
P-03964,NR-DRV-03964,Rapid-Cycle Ball Screw MA-968,Drivetrain,Ball Screw,193489,10219,W-05,true,2021-04-29T12:44:10Z,2021-11-06T01:45:06Z
P-03965,NR-EFF-03965,Low-Backlash Tool Changer NN-105,End Effectors,Tool Changer,267851,2709,W-03,true,2023-09-24T08:54:19Z,2024-07-25T20:49:32Z
P-03966,NR-FRM-03966,Compact Mounting Bracket OA-142,Frames and Structure,Mounting Bracket,17947,26853,W-02,true,2022-01-01T17:09:30Z,2022-09-14T14:04:02Z
P-03967,NR-PWR-03967,Quiet-Drive DC-DC Converter PN-179,Power Systems,DC-DC Converter,148672,6777,W-08,true,2023-07-19T07:22:00Z,2024-02-19T06:39:18Z
P-03968,NR-SEN-03968,Sealed LIDAR Unit QA-216,Sensors,LIDAR Unit,183178,25,W-05,true,2021-07-12T10:57:26Z,2021-10-08T19:09:25Z
P-03969,NR-ACT-03969,Industrial Servo Motor RN-253,Actuators,Servo Motor,257321,14113,W-07,true,2022-07-27T06:34:06Z,2022-10-30T04:55:25Z
P-03970,NR-CBL-03970,Precision Cable Chain SA-290,Cabling and Connectors,Cable Chain,3086,2389,W-01,true,2021-08-02T12:19:01Z,2022-01-21T04:34:59Z
P-03971,NR-CTL-03971,Modular Motion Controller TN-327,Controllers,Motion Controller,735686,6203,W-08,true,2024-12-19T21:38:38Z,2024-12-26T04:10:14Z
P-03972,NR-DRV-03972,High-Torque Harmonic Reducer UA-364,Drivetrain,Harmonic Reducer,207870,2902,W-01,true,2024-06-14T00:36:05Z,2025-05-21T07:11:01Z
P-03973,NR-EFF-03973,Heavy-Duty Parallel Gripper VN-401,End Effectors,Parallel Gripper,110439,9636,W-08,true,2023-01-20T07:31:02Z,2024-02-08T18:01:43Z
P-03974,NR-FRM-03974,Rapid-Cycle Aluminum Extrusion WA-438,Frames and Structure,Aluminum Extrusion,35635,4651,W-04,true,2021-11-13T15:42:22Z,2022-01-10T06:13:30Z
P-03975,NR-PWR-03975,Low-Backlash Battery Pack XN-475,Power Systems,Battery Pack,205822,5716,W-01,true,2022-05-11T23:03:19Z,2022-10-19T06:33:09Z
P-03976,NR-SEN-03976,Compact Force-Torque Sensor YA-512,Sensors,Force-Torque Sensor,103380,2594,W-02,true,2022-05-29T07:09:13Z,2023-06-17T17:45:33Z
P-03977,NR-ACT-03977,Quiet-Drive Linear Actuator ZN-549,Actuators,Linear Actuator,104552,19748,W-06,true,2022-12-15T16:41:23Z,2023-04-17T08:33:10Z
P-03978,NR-CBL-03978,Sealed M12 Connector AA-586,Cabling and Connectors,M12 Connector,10432,2251,W-07,true,2021-10-20T04:41:46Z,2022-08-11T18:23:04Z
P-03979,NR-CTL-03979,Industrial PLC Module BN-623,Controllers,PLC Module,101984,2326,W-01,true,2022-10-11T21:11:05Z,2023-03-05T16:55:34Z
P-03980,NR-DRV-03980,Precision Planetary Gearbox CA-660,Drivetrain,Planetary Gearbox,226858,5613,W-08,true,2022-09-25T03:41:52Z,2023-07-15T10:03:52Z
P-03981,NR-EFF-03981,Modular Vacuum Gripper DN-697,End Effectors,Vacuum Gripper,421933,2731,W-08,true,2023-04-15T08:48:17Z,2023-12-16T08:43:20Z
P-03982,NR-FRM-03982,High-Torque Base Plate EA-734,Frames and Structure,Base Plate,32109,43661,W-07,true,2024-12-04T10:11:37Z,2025-07-04T03:33:58Z
P-03983,NR-PWR-03983,Heavy-Duty Power Supply Unit FN-771,Power Systems,Power Supply Unit,124583,11197,W-07,true,2021-08-15T15:48:13Z,2022-08-28T18:07:33Z
P-03984,NR-SEN-03984,Rapid-Cycle Proximity Sensor GA-808,Sensors,Proximity Sensor,172052,617,W-05,true,2022-06-26T20:29:37Z,2023-01-29T02:20:27Z
P-03985,NR-ACT-03985,Low-Backlash Rotary Actuator HN-845,Actuators,Rotary Actuator,266242,8613,W-04,true,2023-03-26T21:26:33Z,2023-05-21T01:02:44Z
P-03986,NR-CBL-03986,Compact Servo Cable IA-882,Cabling and Connectors,Servo Cable,300,1941,W-05,true,2024-12-28T05:36:24Z,2025-03-26T11:43:03Z
P-03987,NR-CTL-03987,Quiet-Drive Edge Compute Node JN-919,Controllers,Edge Compute Node,490935,5883,W-05,true,2022-05-14T14:14:17Z,2022-10-24T19:28:46Z
P-03988,NR-DRV-03988,Sealed Timing Belt KA-956,Drivetrain,Timing Belt,27004,6358,W-06,true,2022-05-20T19:02:33Z,2023-06-12T18:06:30Z
P-03989,NR-EFF-03989,Industrial Welding Torch LN-993,End Effectors,Welding Torch,332012,6523,W-07,true,2021-03-24T15:50:09Z,2021-06-04T12:19:14Z
P-03990,NR-FRM-03990,Precision Gantry Beam MA-130,Frames and Structure,Gantry Beam,66540,9671,W-07,true,2024-09-27T03:38:49Z,2025-01-30T11:49:50Z
P-03991,NR-PWR-03991,Modular Motor Driver NN-167,Power Systems,Motor Driver,88689,11606,W-03,true,2022-03-17T22:02:12Z,2023-02-04T05:02:55Z
P-03992,NR-SEN-03992,High-Torque Rotary Encoder OA-204,Sensors,Rotary Encoder,159873,1757,W-03,false,2024-07-14T04:21:45Z,2025-01-09T05:28:16Z
P-03993,NR-ACT-03993,Heavy-Duty Stepper Motor PN-241,Actuators,Stepper Motor,187497,14640,W-02,true,2023-12-17T20:03:26Z,2024-04-27T13:57:01Z
P-03994,NR-CBL-03994,Rapid-Cycle EtherCAT Cable QA-278,Cabling and Connectors,EtherCAT Cable,9370,2600,W-03,true,2024-07-23T12:13:47Z,2024-09-26T06:10:23Z
P-03995,NR-CTL-03995,Low-Backlash IO Expansion Board RN-315,Controllers,IO Expansion Board,463274,3015,W-06,true,2022-08-21T22:54:01Z,2023-06-15T11:00:06Z
P-03996,NR-DRV-03996,Compact Ball Screw SA-352,Drivetrain,Ball Screw,342487,3219,W-02,true,2022-02-07T15:13:50Z,2023-02-09T11:15:01Z
P-03997,NR-EFF-03997,Quiet-Drive Tool Changer TN-389,End Effectors,Tool Changer,177495,1730,W-08,true,2024-05-21T16:59:35Z,2024-12-01T18:15:41Z
P-03998,NR-FRM-03998,Sealed Mounting Bracket UA-426,Frames and Structure,Mounting Bracket,62305,22140,W-04,true,2023-06-18T00:45:05Z,2024-03-21T16:28:56Z
P-03999,NR-PWR-03999,Industrial DC-DC Converter VN-463,Power Systems,DC-DC Converter,158387,10917,W-08,true,2023-09-10T09:50:11Z,2023-11-15T17:57:00Z
P-04000,NR-SEN-04000,Precision Thermal Camera Module WA-500,Sensors,Thermal Camera Module,153864,1736,W-03,true,2023-09-11T11:58:36Z,2023-12-03T08:53:53Z
P-04001,NR-ACT-04001,Modular Servo Motor XN-537,Actuators,Servo Motor,123026,11624,W-02,true,2024-11-07T13:28:32Z,2025-07-27T15:43:08Z
P-04002,NR-CBL-04002,High-Torque Cable Chain YA-574,Cabling and Connectors,Cable Chain,2650,2580,W-08,true,2024-11-10T12:24:30Z,2025-07-29T07:43:40Z
P-04003,NR-CTL-04003,Heavy-Duty Motion Controller ZN-611,Controllers,Motion Controller,444777,6058,W-05,true,2022-07-13T16:57:52Z,2022-07-23T06:52:08Z
P-04004,NR-DRV-04004,Rapid-Cycle Harmonic Reducer AA-648,Drivetrain,Harmonic Reducer,227840,10175,W-06,true,2022-11-01T16:22:00Z,2023-07-07T20:10:30Z
P-04005,NR-EFF-04005,Low-Backlash Parallel Gripper BN-685,End Effectors,Parallel Gripper,130188,5053,W-01,true,2024-02-04T09:32:11Z,2025-02-06T03:10:17Z
P-04006,NR-FRM-04006,Compact Aluminum Extrusion CA-722,Frames and Structure,Aluminum Extrusion,16986,24449,W-08,true,2024-06-01T09:46:55Z,2025-01-23T13:05:00Z
P-04007,NR-PWR-04007,Quiet-Drive Battery Pack DN-759,Power Systems,Battery Pack,96249,7605,W-07,true,2021-06-09T10:50:49Z,2022-01-15T08:57:53Z
P-04008,NR-SEN-04008,Sealed LIDAR Unit EA-796,Sensors,LIDAR Unit,205711,2732,W-05,true,2022-03-27T19:11:08Z,2022-06-21T08:41:21Z
P-04009,NR-ACT-04009,Industrial Linear Actuator FN-833,Actuators,Linear Actuator,193778,19997,W-07,true,2022-07-17T01:30:58Z,2023-05-21T05:52:18Z
P-04010,NR-CBL-04010,Precision M12 Connector GA-870,Cabling and Connectors,M12 Connector,11594,1240,W-08,true,2021-09-19T14:43:18Z,2022-08-05T18:27:47Z
P-04011,NR-CTL-04011,Modular PLC Module HN-907,Controllers,PLC Module,452329,4859,W-03,true,2024-06-29T01:18:14Z,2024-07-22T18:24:00Z
P-04012,NR-DRV-04012,High-Torque Planetary Gearbox IA-944,Drivetrain,Planetary Gearbox,234746,9533,W-05,true,2023-08-21T00:25:30Z,2024-09-17T02:36:12Z
P-04013,NR-EFF-04013,Heavy-Duty Vacuum Gripper JN-981,End Effectors,Vacuum Gripper,139716,2405,W-06,true,2023-02-21T16:31:23Z,2024-03-26T12:39:57Z
P-04014,NR-FRM-04014,Rapid-Cycle Base Plate KA-118,Frames and Structure,Base Plate,59821,26597,W-08,true,2023-04-25T16:48:35Z,2023-06-22T06:11:13Z
P-04015,NR-PWR-04015,Low-Backlash Power Supply Unit LN-155,Power Systems,Power Supply Unit,114999,6761,W-08,true,2023-07-21T20:19:21Z,2023-10-26T15:29:13Z
P-04016,NR-SEN-04016,Compact Force-Torque Sensor MA-192,Sensors,Force-Torque Sensor,155225,2619,W-06,true,2021-06-08T02:40:39Z,2022-04-27T11:51:40Z
P-04017,NR-ACT-04017,Quiet-Drive Rotary Actuator NN-229,Actuators,Rotary Actuator,199425,15188,W-05,false,2022-05-02T18:42:52Z,2022-09-28T10:27:33Z
P-04018,NR-CBL-04018,Sealed Servo Cable OA-266,Cabling and Connectors,Servo Cable,9316,480,W-07,true,2021-06-02T19:38:47Z,2021-10-28T22:19:48Z
P-04019,NR-CTL-04019,Industrial Edge Compute Node PN-303,Controllers,Edge Compute Node,638571,5364,W-04,true,2022-07-13T03:49:16Z,2023-05-21T21:36:53Z
P-04020,NR-DRV-04020,Precision Timing Belt QA-340,Drivetrain,Timing Belt,228481,3501,W-07,true,2022-01-02T08:06:08Z,2022-08-15T10:44:00Z
P-04021,NR-EFF-04021,Modular Welding Torch RN-377,End Effectors,Welding Torch,293017,8129,W-08,true,2021-08-18T05:07:02Z,2022-03-01T18:58:19Z
P-04022,NR-FRM-04022,High-Torque Gantry Beam SA-414,Frames and Structure,Gantry Beam,4239,52132,W-02,true,2023-09-06T06:06:25Z,2024-03-12T18:17:27Z
P-04023,NR-PWR-04023,Heavy-Duty Motor Driver TN-451,Power Systems,Motor Driver,163433,9084,W-08,true,2024-12-27T00:50:36Z,2025-07-11T15:40:39Z
P-04024,NR-SEN-04024,Rapid-Cycle Proximity Sensor UA-488,Sensors,Proximity Sensor,203049,2668,W-08,true,2024-06-17T19:03:54Z,2025-05-31T21:54:18Z
P-04025,NR-ACT-04025,Low-Backlash Stepper Motor VN-525,Actuators,Stepper Motor,206176,11414,W-06,true,2024-02-11T17:17:01Z,2024-07-14T10:27:48Z
P-04026,NR-CBL-04026,Compact EtherCAT Cable WA-562,Cabling and Connectors,EtherCAT Cable,4633,850,W-06,true,2024-11-14T12:36:05Z,2025-10-11T21:07:05Z
P-04027,NR-CTL-04027,Quiet-Drive IO Expansion Board XN-599,Controllers,IO Expansion Board,338252,300,W-06,true,2023-04-18T10:23:02Z,2024-05-10T04:16:19Z
P-04028,NR-DRV-04028,Sealed Ball Screw YA-636,Drivetrain,Ball Screw,132009,7715,W-05,true,2022-06-10T03:05:36Z,2022-10-26T18:10:01Z
P-04029,NR-EFF-04029,Industrial Tool Changer ZN-673,End Effectors,Tool Changer,318600,587,W-08,true,2024-07-17T08:05:18Z,2025-01-03T04:15:38Z
P-04030,NR-FRM-04030,Precision Mounting Bracket AA-710,Frames and Structure,Mounting Bracket,28279,1038,W-08,true,2021-01-30T00:04:10Z,2022-02-16T23:07:20Z
P-04031,NR-PWR-04031,Modular DC-DC Converter BN-747,Power Systems,DC-DC Converter,160983,8580,W-05,true,2021-08-02T16:57:01Z,2022-04-27T09:58:38Z
P-04032,NR-SEN-04032,High-Torque Rotary Encoder CA-784,Sensors,Rotary Encoder,141121,2674,W-05,true,2022-11-10T15:37:11Z,2023-04-20T17:14:00Z
P-04033,NR-ACT-04033,Heavy-Duty Servo Motor DN-821,Actuators,Servo Motor,128173,7749,W-02,true,2024-03-16T10:16:25Z,2024-09-14T03:06:39Z
P-04034,NR-CBL-04034,Rapid-Cycle Cable Chain EA-858,Cabling and Connectors,Cable Chain,4835,1579,W-01,true,2023-10-19T11:46:27Z,2024-01-07T19:15:13Z
P-04035,NR-CTL-04035,Low-Backlash Motion Controller FN-895,Controllers,Motion Controller,507576,3403,W-05,true,2023-10-04T19:04:33Z,2024-03-01T16:41:44Z
P-04036,NR-DRV-04036,Compact Harmonic Reducer GA-932,Drivetrain,Harmonic Reducer,296603,6578,W-04,true,2022-10-25T12:18:06Z,2022-11-11T02:08:25Z
P-04037,NR-EFF-04037,Quiet-Drive Parallel Gripper HN-969,End Effectors,Parallel Gripper,10000,7241,W-08,true,2023-10-08T20:21:27Z,2024-04-06T05:47:42Z
P-04038,NR-FRM-04038,Sealed Aluminum Extrusion IA-106,Frames and Structure,Aluminum Extrusion,15106,56632,W-06,true,2023-08-13T02:53:15Z,2024-05-24T08:17:05Z
P-04039,NR-PWR-04039,Industrial Battery Pack JN-143,Power Systems,Battery Pack,106850,8289,W-07,true,2023-11-25T23:19:31Z,2024-04-19T06:52:03Z
P-04040,NR-SEN-04040,Precision Thermal Camera Module KA-180,Sensors,Thermal Camera Module,105606,641,W-06,true,2024-01-04T10:55:49Z,2025-01-01T15:14:22Z
P-04041,NR-ACT-04041,Modular Linear Actuator LN-217,Actuators,Linear Actuator,213661,6310,W-03,false,2023-10-16T04:37:34Z,2023-10-18T18:04:39Z
P-04042,NR-CBL-04042,High-Torque M12 Connector MA-254,Cabling and Connectors,M12 Connector,4088,2031,W-03,true,2023-10-21T03:13:40Z,2024-08-26T10:25:27Z
P-04043,NR-CTL-04043,Heavy-Duty PLC Module NN-291,Controllers,PLC Module,527475,6549,W-08,true,2023-12-31T04:02:53Z,2024-11-17T04:48:57Z
P-04044,NR-DRV-04044,Rapid-Cycle Planetary Gearbox OA-328,Drivetrain,Planetary Gearbox,201250,8560,W-05,true,2024-11-17T16:03:44Z,2025-08-23T01:10:40Z
P-04045,NR-EFF-04045,Low-Backlash Vacuum Gripper PN-365,End Effectors,Vacuum Gripper,446492,8360,W-04,true,2024-02-24T07:32:02Z,2024-11-29T03:41:51Z
P-04046,NR-FRM-04046,Compact Base Plate QA-402,Frames and Structure,Base Plate,38914,39229,W-08,true,2022-06-07T23:06:26Z,2022-08-25T06:33:30Z
P-04047,NR-PWR-04047,Quiet-Drive Power Supply Unit RN-439,Power Systems,Power Supply Unit,166837,17221,W-01,true,2024-02-28T10:15:28Z,2024-11-08T17:33:03Z
P-04048,NR-SEN-04048,Sealed LIDAR Unit SA-476,Sensors,LIDAR Unit,102335,1238,W-02,true,2021-11-20T09:06:25Z,2022-08-22T15:21:51Z
P-04049,NR-ACT-04049,Industrial Rotary Actuator TN-513,Actuators,Rotary Actuator,371747,16900,W-05,true,2022-10-01T00:47:21Z,2023-10-22T18:01:24Z
P-04050,NR-CBL-04050,Precision Servo Cable UA-550,Cabling and Connectors,Servo Cable,7019,2448,W-02,false,2024-06-07T03:28:09Z,2025-05-06T06:31:20Z
P-04051,NR-CTL-04051,Modular Edge Compute Node VN-587,Controllers,Edge Compute Node,509994,8274,W-02,true,2022-06-05T16:12:56Z,2022-06-29T07:37:49Z
P-04052,NR-DRV-04052,High-Torque Timing Belt WA-624,Drivetrain,Timing Belt,176863,11880,W-04,true,2024-11-07T19:34:46Z,2025-02-26T09:24:33Z
P-04053,NR-EFF-04053,Heavy-Duty Welding Torch XN-661,End Effectors,Welding Torch,315398,7855,W-06,true,2023-01-27T07:37:17Z,2024-02-21T11:41:52Z
P-04054,NR-FRM-04054,Rapid-Cycle Gantry Beam YA-698,Frames and Structure,Gantry Beam,46012,14029,W-03,false,2021-11-05T16:53:39Z,2022-03-19T16:19:30Z
P-04055,NR-PWR-04055,Low-Backlash Motor Driver ZN-735,Power Systems,Motor Driver,151429,17232,W-07,true,2021-05-05T13:15:51Z,2022-04-13T08:35:35Z
P-04056,NR-SEN-04056,Compact Force-Torque Sensor AA-772,Sensors,Force-Torque Sensor,273404,2357,W-04,true,2024-08-30T01:56:41Z,2025-04-25T16:42:23Z
P-04057,NR-ACT-04057,Quiet-Drive Stepper Motor BN-809,Actuators,Stepper Motor,151007,3289,W-01,true,2024-06-29T12:56:33Z,2024-09-30T18:00:07Z
P-04058,NR-CBL-04058,Sealed EtherCAT Cable CA-846,Cabling and Connectors,EtherCAT Cable,9618,2258,W-04,true,2022-10-20T06:44:36Z,2023-04-27T22:22:13Z
P-04059,NR-CTL-04059,Industrial IO Expansion Board DN-883,Controllers,IO Expansion Board,474469,2099,W-05,true,2022-04-21T01:32:34Z,2022-09-27T22:45:44Z
P-04060,NR-DRV-04060,Precision Ball Screw EA-920,Drivetrain,Ball Screw,196300,15000,W-05,false,2023-02-22T17:34:58Z,2024-01-01T13:23:10Z
P-04061,NR-EFF-04061,Modular Tool Changer FN-957,End Effectors,Tool Changer,302759,7945,W-06,true,2022-06-04T08:41:52Z,2022-12-22T20:33:34Z
P-04062,NR-FRM-04062,High-Torque Mounting Bracket GA-994,Frames and Structure,Mounting Bracket,38912,27203,W-06,true,2023-04-08T06:47:45Z,2023-06-21T11:30:24Z
P-04063,NR-PWR-04063,Heavy-Duty DC-DC Converter HN-131,Power Systems,DC-DC Converter,115615,9048,W-04,true,2022-08-02T05:28:49Z,2022-10-13T05:09:07Z
P-04064,NR-SEN-04064,Rapid-Cycle Proximity Sensor IA-168,Sensors,Proximity Sensor,82235,25,W-03,true,2021-08-26T18:42:42Z,2022-04-20T07:57:50Z
P-04065,NR-ACT-04065,Low-Backlash Servo Motor JN-205,Actuators,Servo Motor,306288,13090,W-05,true,2021-07-29T06:34:31Z,2022-02-17T14:42:23Z
P-04066,NR-CBL-04066,Compact Cable Chain KA-242,Cabling and Connectors,Cable Chain,8952,1943,W-06,true,2023-09-24T13:57:09Z,2024-02-20T08:53:26Z
P-04067,NR-CTL-04067,Quiet-Drive Motion Controller LN-279,Controllers,Motion Controller,494744,5374,W-01,true,2024-08-19T16:46:55Z,2024-08-28T01:05:01Z
P-04068,NR-DRV-04068,Sealed Harmonic Reducer MA-316,Drivetrain,Harmonic Reducer,189313,9440,W-05,true,2023-09-28T18:31:55Z,2024-05-27T15:13:17Z
P-04069,NR-EFF-04069,Industrial Parallel Gripper NN-353,End Effectors,Parallel Gripper,206704,4119,W-03,true,2021-07-21T11:54:47Z,2021-10-10T15:26:25Z
P-04070,NR-FRM-04070,Precision Aluminum Extrusion OA-390,Frames and Structure,Aluminum Extrusion,58780,34041,W-03,true,2022-04-03T01:38:39Z,2023-02-03T22:48:36Z
P-04071,NR-PWR-04071,Modular Battery Pack PN-427,Power Systems,Battery Pack,137011,9108,W-02,true,2021-07-09T10:57:01Z,2022-01-07T12:43:25Z
P-04072,NR-SEN-04072,High-Torque Rotary Encoder QA-464,Sensors,Rotary Encoder,120061,2433,W-08,true,2021-07-26T20:29:23Z,2021-09-01T14:41:38Z
P-04073,NR-ACT-04073,Heavy-Duty Linear Actuator RN-501,Actuators,Linear Actuator,198933,2232,W-06,true,2021-07-18T16:34:37Z,2022-01-14T21:46:11Z
P-04074,NR-CBL-04074,Rapid-Cycle M12 Connector SA-538,Cabling and Connectors,M12 Connector,4813,1469,W-06,true,2021-05-13T04:15:05Z,2022-05-28T02:08:01Z
P-04075,NR-CTL-04075,Low-Backlash PLC Module TN-575,Controllers,PLC Module,188225,7283,W-01,true,2024-11-08T18:26:38Z,2025-10-27T08:46:58Z
P-04076,NR-DRV-04076,Compact Planetary Gearbox UA-612,Drivetrain,Planetary Gearbox,80362,7786,W-04,true,2024-09-05T08:53:44Z,2024-10-24T17:52:57Z
P-04077,NR-EFF-04077,Quiet-Drive Vacuum Gripper VN-649,End Effectors,Vacuum Gripper,283220,9395,W-01,true,2021-11-28T00:18:55Z,2022-02-01T06:38:48Z
P-04078,NR-FRM-04078,Sealed Base Plate WA-686,Frames and Structure,Base Plate,16080,26247,W-02,true,2024-05-27T13:44:17Z,2024-09-29T10:05:28Z
P-04079,NR-PWR-04079,Industrial Power Supply Unit XN-723,Power Systems,Power Supply Unit,197825,10470,W-01,true,2022-07-16T04:13:44Z,2022-10-14T23:34:19Z
P-04080,NR-SEN-04080,Precision Thermal Camera Module YA-760,Sensors,Thermal Camera Module,99310,1366,W-07,true,2024-06-09T22:36:37Z,2024-08-14T13:41:55Z
P-04081,NR-ACT-04081,Modular Rotary Actuator ZN-797,Actuators,Rotary Actuator,114867,3650,W-07,true,2023-04-17T14:38:03Z,2023-05-11T09:27:08Z
P-04082,NR-CBL-04082,High-Torque Servo Cable AA-834,Cabling and Connectors,Servo Cable,300,2028,W-05,true,2024-02-05T18:36:47Z,2024-03-07T21:12:03Z
P-04083,NR-CTL-04083,Heavy-Duty Edge Compute Node BN-871,Controllers,Edge Compute Node,466444,7732,W-03,true,2023-01-23T13:58:39Z,2023-09-28T08:32:14Z
P-04084,NR-DRV-04084,Rapid-Cycle Timing Belt CA-908,Drivetrain,Timing Belt,58630,7224,W-06,true,2023-04-18T19:47:33Z,2023-12-27T11:37:32Z
P-04085,NR-EFF-04085,Low-Backlash Welding Torch DN-945,End Effectors,Welding Torch,263868,9019,W-02,true,2024-10-30T22:06:02Z,2025-06-04T13:41:21Z
P-04086,NR-FRM-04086,Compact Gantry Beam EA-982,Frames and Structure,Gantry Beam,53329,12415,W-06,true,2022-11-28T00:49:26Z,2023-01-30T01:34:22Z
P-04087,NR-PWR-04087,Quiet-Drive Motor Driver FN-119,Power Systems,Motor Driver,103038,5651,W-06,true,2021-12-21T00:52:07Z,2022-08-21T22:30:10Z
P-04088,NR-SEN-04088,Sealed LIDAR Unit GA-156,Sensors,LIDAR Unit,243336,248,W-01,true,2021-03-26T17:29:59Z,2022-03-25T10:30:51Z
P-04089,NR-ACT-04089,Industrial Stepper Motor HN-193,Actuators,Stepper Motor,274233,10716,W-01,true,2023-05-19T06:07:34Z,2023-12-22T01:01:12Z
P-04090,NR-CBL-04090,Precision EtherCAT Cable IA-230,Cabling and Connectors,EtherCAT Cable,9844,3403,W-04,true,2023-10-06T00:01:58Z,2024-07-02T11:44:30Z
P-04091,NR-CTL-04091,Modular IO Expansion Board JN-267,Controllers,IO Expansion Board,391384,1067,W-07,true,2024-12-26T12:46:14Z,2025-01-23T12:04:04Z
P-04092,NR-DRV-04092,High-Torque Ball Screw KA-304,Drivetrain,Ball Screw,6000,10263,W-03,true,2023-12-22T03:35:38Z,2025-01-16T02:26:49Z
P-04093,NR-EFF-04093,Heavy-Duty Tool Changer LN-341,End Effectors,Tool Changer,362332,3463,W-02,true,2024-10-26T04:46:34Z,2025-02-08T09:16:00Z
P-04094,NR-FRM-04094,Rapid-Cycle Mounting Bracket MA-378,Frames and Structure,Mounting Bracket,75502,26073,W-03,true,2022-12-09T15:27:34Z,2023-03-28T06:13:55Z
P-04095,NR-PWR-04095,Low-Backlash DC-DC Converter NN-415,Power Systems,DC-DC Converter,123923,8555,W-02,true,2024-03-20T13:19:38Z,2024-11-16T14:46:34Z
P-04096,NR-SEN-04096,Compact Force-Torque Sensor OA-452,Sensors,Force-Torque Sensor,8000,1842,W-02,true,2022-04-04T08:04:51Z,2023-02-10T23:49:46Z
P-04097,NR-ACT-04097,Quiet-Drive Servo Motor PN-489,Actuators,Servo Motor,325250,14802,W-03,true,2021-01-25T06:30:35Z,2021-08-30T08:33:21Z
P-04098,NR-CBL-04098,Sealed Cable Chain QA-526,Cabling and Connectors,Cable Chain,14012,3175,W-03,true,2022-09-28T03:12:48Z,2023-10-08T15:50:51Z
P-04099,NR-CTL-04099,Industrial Motion Controller RN-563,Controllers,Motion Controller,660821,5763,W-06,true,2022-11-05T06:27:37Z,2023-02-11T04:49:01Z
P-04100,NR-DRV-04100,Precision Harmonic Reducer SA-600,Drivetrain,Harmonic Reducer,186929,4423,W-04,true,2022-02-06T23:18:58Z,2022-12-25T20:48:55Z
P-04101,NR-EFF-04101,Modular Parallel Gripper TN-637,End Effectors,Parallel Gripper,195524,6349,W-08,false,2023-02-19T22:55:27Z,2024-02-14T17:20:06Z
P-04102,NR-FRM-04102,High-Torque Aluminum Extrusion UA-674,Frames and Structure,Aluminum Extrusion,37824,30772,W-06,true,2022-12-21T14:59:10Z,2023-01-27T03:14:42Z
P-04103,NR-PWR-04103,Heavy-Duty Battery Pack VN-711,Power Systems,Battery Pack,95946,2982,W-01,true,2021-02-15T06:43:30Z,2022-02-10T08:29:52Z
P-04104,NR-SEN-04104,Rapid-Cycle Proximity Sensor WA-748,Sensors,Proximity Sensor,156253,2507,W-07,true,2024-04-15T07:31:00Z,2025-04-25T09:08:17Z
P-04105,NR-ACT-04105,Low-Backlash Linear Actuator XN-785,Actuators,Linear Actuator,186443,7729,W-04,true,2023-09-20T18:53:55Z,2023-11-04T02:19:56Z
P-04106,NR-CBL-04106,Compact M12 Connector YA-822,Cabling and Connectors,M12 Connector,7017,4000,W-08,true,2022-11-19T02:31:48Z,2023-12-12T15:08:29Z
P-04107,NR-CTL-04107,Quiet-Drive PLC Module ZN-859,Controllers,PLC Module,723475,3497,W-06,true,2023-06-11T01:44:41Z,2023-10-14T00:05:29Z
P-04108,NR-DRV-04108,Sealed Planetary Gearbox AA-896,Drivetrain,Planetary Gearbox,174166,8324,W-06,true,2024-12-23T07:25:16Z,2025-05-21T04:01:23Z
P-04109,NR-EFF-04109,Industrial Vacuum Gripper BN-933,End Effectors,Vacuum Gripper,391640,7363,W-04,true,2022-01-20T09:59:51Z,2022-03-26T10:59:02Z
P-04110,NR-FRM-04110,Precision Base Plate CA-970,Frames and Structure,Base Plate,58270,500,W-01,true,2021-05-31T12:35:43Z,2022-07-01T17:38:00Z
P-04111,NR-PWR-04111,Modular Power Supply Unit DN-107,Power Systems,Power Supply Unit,136035,6490,W-03,true,2024-10-26T06:35:28Z,2025-10-29T22:19:37Z
P-04112,NR-SEN-04112,High-Torque Rotary Encoder EA-144,Sensors,Rotary Encoder,205360,1990,W-04,true,2022-12-17T01:00:36Z,2023-07-15T09:18:30Z
P-04113,NR-ACT-04113,Heavy-Duty Rotary Actuator FN-181,Actuators,Rotary Actuator,299885,21035,W-01,true,2024-06-06T04:17:35Z,2025-06-05T11:00:53Z
P-04114,NR-CBL-04114,Rapid-Cycle Servo Cable GA-218,Cabling and Connectors,Servo Cable,4840,4000,W-04,true,2021-08-03T11:42:37Z,2022-04-05T07:30:33Z
P-04115,NR-CTL-04115,Low-Backlash Edge Compute Node HN-255,Controllers,Edge Compute Node,728397,6360,W-04,true,2021-04-24T11:06:34Z,2022-01-10T20:59:20Z
P-04116,NR-DRV-04116,Compact Timing Belt IA-292,Drivetrain,Timing Belt,171975,12846,W-06,true,2024-11-30T09:56:39Z,2024-12-21T09:36:53Z
P-04117,NR-EFF-04117,Quiet-Drive Welding Torch JN-329,End Effectors,Welding Torch,236479,5533,W-08,true,2022-01-21T00:23:25Z,2022-11-29T06:25:23Z
P-04118,NR-FRM-04118,Sealed Gantry Beam KA-366,Frames and Structure,Gantry Beam,33233,22137,W-03,true,2021-07-19T18:21:40Z,2021-12-03T21:14:04Z
P-04119,NR-PWR-04119,Industrial Motor Driver LN-403,Power Systems,Motor Driver,209209,12142,W-02,true,2024-09-05T02:58:03Z,2025-07-31T07:45:40Z
P-04120,NR-SEN-04120,Precision Thermal Camera Module MA-440,Sensors,Thermal Camera Module,170692,851,W-04,true,2022-07-22T20:13:19Z,2022-12-25T07:35:36Z
P-04121,NR-ACT-04121,Modular Stepper Motor NN-477,Actuators,Stepper Motor,82184,8215,W-01,true,2021-07-06T06:54:30Z,2021-10-10T08:43:24Z
P-04122,NR-CBL-04122,High-Torque EtherCAT Cable OA-514,Cabling and Connectors,EtherCAT Cable,8523,1589,W-04,true,2023-08-23T23:02:21Z,2024-04-21T14:02:49Z
P-04123,NR-CTL-04123,Heavy-Duty IO Expansion Board PN-551,Controllers,IO Expansion Board,447243,5842,W-03,true,2024-08-15T00:16:09Z,2025-04-27T21:40:12Z
P-04124,NR-DRV-04124,Rapid-Cycle Ball Screw QA-588,Drivetrain,Ball Screw,141521,11227,W-02,true,2021-08-28T13:52:45Z,2022-07-06T09:56:08Z
P-04125,NR-EFF-04125,Low-Backlash Tool Changer RN-625,End Effectors,Tool Changer,63038,5190,W-05,true,2021-06-15T09:21:16Z,2022-01-10T21:08:29Z
P-04126,NR-FRM-04126,Compact Mounting Bracket SA-662,Frames and Structure,Mounting Bracket,56305,14497,W-07,false,2021-10-12T05:42:22Z,2022-03-09T23:35:49Z
P-04127,NR-PWR-04127,Quiet-Drive DC-DC Converter TN-699,Power Systems,DC-DC Converter,165299,12158,W-03,true,2024-07-06T08:01:04Z,2025-04-02T11:43:13Z
P-04128,NR-SEN-04128,Sealed LIDAR Unit UA-736,Sensors,LIDAR Unit,41986,1668,W-06,true,2021-09-24T06:03:44Z,2022-10-23T19:33:33Z
P-04129,NR-ACT-04129,Industrial Servo Motor VN-773,Actuators,Servo Motor,134694,10652,W-03,true,2024-09-17T22:31:14Z,2025-10-09T00:39:26Z
P-04130,NR-CBL-04130,Precision Cable Chain WA-810,Cabling and Connectors,Cable Chain,6723,843,W-06,true,2022-07-15T08:19:32Z,2023-02-01T17:02:26Z
P-04131,NR-CTL-04131,Modular Motion Controller XN-847,Controllers,Motion Controller,559588,722,W-04,true,2022-03-12T17:45:05Z,2023-03-15T09:50:26Z
P-04132,NR-DRV-04132,High-Torque Harmonic Reducer YA-884,Drivetrain,Harmonic Reducer,79412,7755,W-01,true,2022-03-01T19:48:07Z,2022-12-30T03:35:29Z
P-04133,NR-EFF-04133,Heavy-Duty Parallel Gripper ZN-921,End Effectors,Parallel Gripper,240127,9999,W-08,true,2022-03-15T13:20:33Z,2022-04-25T14:54:18Z
P-04134,NR-FRM-04134,Rapid-Cycle Aluminum Extrusion AA-958,Frames and Structure,Aluminum Extrusion,43458,30843,W-05,true,2023-04-29T16:54:30Z,2024-04-01T02:31:46Z
P-04135,NR-PWR-04135,Low-Backlash Battery Pack BN-995,Power Systems,Battery Pack,198356,14306,W-05,true,2022-07-22T00:25:26Z,2022-12-30T11:49:28Z
P-04136,NR-SEN-04136,Compact Force-Torque Sensor CA-132,Sensors,Force-Torque Sensor,56044,1785,W-06,true,2024-09-06T06:21:03Z,2025-04-19T17:04:06Z
P-04137,NR-ACT-04137,Quiet-Drive Linear Actuator DN-169,Actuators,Linear Actuator,171770,6867,W-05,true,2021-02-04T09:24:47Z,2021-08-20T19:22:04Z
P-04138,NR-CBL-04138,Sealed M12 Connector EA-206,Cabling and Connectors,M12 Connector,9773,2093,W-04,true,2022-07-05T06:34:06Z,2022-12-06T03:42:31Z
P-04139,NR-CTL-04139,Industrial PLC Module FN-243,Controllers,PLC Module,410449,4258,W-08,true,2024-07-19T08:36:50Z,2025-01-08T05:17:52Z
P-04140,NR-DRV-04140,Precision Planetary Gearbox GA-280,Drivetrain,Planetary Gearbox,254747,11637,W-01,true,2022-11-16T01:49:07Z,2023-03-07T09:34:13Z
P-04141,NR-EFF-04141,Modular Vacuum Gripper HN-317,End Effectors,Vacuum Gripper,202105,7039,W-01,true,2022-04-06T19:52:00Z,2022-09-10T04:13:05Z
P-04142,NR-FRM-04142,High-Torque Base Plate IA-354,Frames and Structure,Base Plate,54860,40740,W-03,true,2022-08-01T11:12:33Z,2022-09-16T01:46:52Z
P-04143,NR-PWR-04143,Heavy-Duty Power Supply Unit JN-391,Power Systems,Power Supply Unit,101190,6500,W-02,true,2023-09-13T20:24:04Z,2024-10-12T19:49:03Z
P-04144,NR-SEN-04144,Rapid-Cycle Proximity Sensor KA-428,Sensors,Proximity Sensor,205751,1493,W-05,true,2022-12-16T11:24:09Z,2023-09-20T03:27:14Z
P-04145,NR-ACT-04145,Low-Backlash Rotary Actuator LN-465,Actuators,Rotary Actuator,371124,21369,W-02,true,2024-08-15T05:40:07Z,2025-09-07T02:42:07Z
P-04146,NR-CBL-04146,Compact Servo Cable MA-502,Cabling and Connectors,Servo Cable,5232,1579,W-05,true,2022-06-07T03:35:03Z,2023-01-31T01:19:19Z
P-04147,NR-CTL-04147,Quiet-Drive Edge Compute Node NN-539,Controllers,Edge Compute Node,174628,2444,W-07,true,2022-07-04T23:32:08Z,2023-06-24T11:47:53Z
P-04148,NR-DRV-04148,Sealed Timing Belt OA-576,Drivetrain,Timing Belt,159322,100,W-07,true,2021-10-27T21:15:50Z,2022-01-20T16:47:56Z
P-04149,NR-EFF-04149,Industrial Welding Torch PN-613,End Effectors,Welding Torch,10000,6339,W-02,true,2021-06-15T09:30:14Z,2021-12-09T22:34:37Z
P-04150,NR-FRM-04150,Precision Gantry Beam QA-650,Frames and Structure,Gantry Beam,48336,36417,W-07,true,2021-09-08T17:28:48Z,2022-02-21T09:15:22Z
P-04151,NR-PWR-04151,Modular Motor Driver RN-687,Power Systems,Motor Driver,93552,7315,W-08,true,2021-06-09T00:20:00Z,2022-06-02T14:28:49Z
P-04152,NR-SEN-04152,High-Torque Rotary Encoder SA-724,Sensors,Rotary Encoder,41255,2629,W-01,true,2022-03-06T22:50:28Z,2022-04-07T08:36:10Z
P-04153,NR-ACT-04153,Heavy-Duty Stepper Motor TN-761,Actuators,Stepper Motor,189145,22000,W-01,true,2021-06-04T06:08:22Z,2021-08-05T23:46:50Z
P-04154,NR-CBL-04154,Rapid-Cycle EtherCAT Cable UA-798,Cabling and Connectors,EtherCAT Cable,9503,2836,W-08,false,2021-01-25T17:06:05Z,2021-10-24T17:34:57Z
P-04155,NR-CTL-04155,Low-Backlash IO Expansion Board VN-835,Controllers,IO Expansion Board,580612,4698,W-04,true,2023-07-26T21:14:10Z,2023-11-29T15:55:41Z
P-04156,NR-DRV-04156,Compact Ball Screw WA-872,Drivetrain,Ball Screw,322346,9066,W-01,true,2022-06-10T20:34:00Z,2023-03-14T18:20:30Z
P-04157,NR-EFF-04157,Quiet-Drive Tool Changer XN-909,End Effectors,Tool Changer,398202,12000,W-02,true,2024-12-17T15:36:57Z,2025-11-08T20:57:51Z
P-04158,NR-FRM-04158,Sealed Mounting Bracket YA-946,Frames and Structure,Mounting Bracket,6369,31850,W-05,true,2021-11-23T12:39:57Z,2022-07-28T19:03:26Z
P-04159,NR-PWR-04159,Industrial DC-DC Converter ZN-983,Power Systems,DC-DC Converter,114058,6144,W-01,true,2024-09-29T09:55:21Z,2025-09-19T05:24:52Z
P-04160,NR-SEN-04160,Precision Thermal Camera Module AA-120,Sensors,Thermal Camera Module,198641,3196,W-08,true,2021-12-02T11:08:50Z,2022-10-23T07:31:51Z
P-04161,NR-ACT-04161,Modular Servo Motor BN-157,Actuators,Servo Motor,250180,4156,W-05,true,2022-06-20T11:48:59Z,2022-09-21T11:04:07Z
P-04162,NR-CBL-04162,High-Torque Cable Chain CA-194,Cabling and Connectors,Cable Chain,9586,2143,W-07,true,2024-03-21T07:43:56Z,2024-07-27T14:03:13Z
P-04163,NR-CTL-04163,Heavy-Duty Motion Controller DN-231,Controllers,Motion Controller,593251,5239,W-06,false,2023-12-19T14:37:12Z,2024-10-13T22:21:57Z
P-04164,NR-DRV-04164,Rapid-Cycle Harmonic Reducer EA-268,Drivetrain,Harmonic Reducer,285456,6242,W-03,false,2024-12-10T04:21:53Z,2025-09-02T19:18:41Z
P-04165,NR-EFF-04165,Low-Backlash Parallel Gripper FN-305,End Effectors,Parallel Gripper,284925,9470,W-05,true,2023-01-11T01:34:43Z,2023-07-23T04:18:36Z
P-04166,NR-FRM-04166,Compact Aluminum Extrusion GA-342,Frames and Structure,Aluminum Extrusion,44446,32464,W-05,true,2023-06-02T00:55:24Z,2023-10-31T03:30:45Z
P-04167,NR-PWR-04167,Quiet-Drive Battery Pack HN-379,Power Systems,Battery Pack,189180,11055,W-06,true,2023-06-02T21:25:10Z,2024-03-09T13:29:44Z
P-04168,NR-SEN-04168,Sealed LIDAR Unit IA-416,Sensors,LIDAR Unit,250585,2149,W-04,true,2024-08-13T09:57:43Z,2025-02-06T07:15:21Z
P-04169,NR-ACT-04169,Industrial Linear Actuator JN-453,Actuators,Linear Actuator,277783,12954,W-03,false,2024-10-13T03:36:48Z,2025-05-14T20:54:48Z
P-04170,NR-CBL-04170,Precision M12 Connector KA-490,Cabling and Connectors,M12 Connector,13293,1413,W-04,true,2024-04-06T19:01:58Z,2024-08-08T23:57:12Z
P-04171,NR-CTL-04171,Modular PLC Module LN-527,Controllers,PLC Module,366062,2458,W-07,true,2024-07-12T12:22:40Z,2024-08-02T07:58:21Z
P-04172,NR-DRV-04172,High-Torque Planetary Gearbox MA-564,Drivetrain,Planetary Gearbox,90509,6937,W-05,true,2021-04-02T07:55:49Z,2022-04-03T23:55:52Z
P-04173,NR-EFF-04173,Heavy-Duty Vacuum Gripper NN-601,End Effectors,Vacuum Gripper,271900,6643,W-07,true,2021-09-01T07:17:41Z,2021-12-04T11:20:47Z
P-04174,NR-FRM-04174,Rapid-Cycle Base Plate OA-638,Frames and Structure,Base Plate,3702,26210,W-07,true,2022-01-17T01:50:59Z,2022-09-25T05:30:43Z
P-04175,NR-PWR-04175,Low-Backlash Power Supply Unit PN-675,Power Systems,Power Supply Unit,32208,5829,W-08,true,2021-04-28T02:36:10Z,2022-01-07T18:12:59Z
P-04176,NR-SEN-04176,Compact Force-Torque Sensor QA-712,Sensors,Force-Torque Sensor,213203,25,W-08,true,2021-06-28T15:03:21Z,2022-06-21T02:37:34Z
P-04177,NR-ACT-04177,Quiet-Drive Rotary Actuator RN-749,Actuators,Rotary Actuator,109391,18516,W-04,true,2021-11-02T10:14:00Z,2021-11-13T02:44:58Z
P-04178,NR-CBL-04178,Sealed Servo Cable SA-786,Cabling and Connectors,Servo Cable,9604,859,W-07,true,2024-09-03T17:58:11Z,2024-09-06T02:21:50Z
P-04179,NR-CTL-04179,Industrial Edge Compute Node TN-823,Controllers,Edge Compute Node,597078,3485,W-03,true,2021-01-19T07:27:36Z,2021-05-30T19:26:27Z
P-04180,NR-DRV-04180,Precision Timing Belt UA-860,Drivetrain,Timing Belt,312385,5848,W-06,true,2024-12-19T23:37:46Z,2025-01-07T15:22:15Z
P-04181,NR-EFF-04181,Modular Welding Torch VN-897,End Effectors,Welding Torch,395613,7111,W-06,true,2022-06-28T00:06:56Z,2023-07-09T09:36:25Z
P-04182,NR-FRM-04182,High-Torque Gantry Beam WA-934,Frames and Structure,Gantry Beam,27660,50363,W-08,true,2021-01-08T14:09:48Z,2021-09-28T17:28:17Z
P-04183,NR-PWR-04183,Heavy-Duty Motor Driver XN-971,Power Systems,Motor Driver,102854,8187,W-03,true,2023-08-19T23:33:51Z,2024-07-24T23:35:38Z
P-04184,NR-SEN-04184,Rapid-Cycle Proximity Sensor YA-108,Sensors,Proximity Sensor,178726,2348,W-07,true,2023-11-18T22:09:12Z,2024-09-19T10:39:22Z
P-04185,NR-ACT-04185,Low-Backlash Stepper Motor ZN-145,Actuators,Stepper Motor,279748,13634,W-02,false,2021-06-12T03:43:02Z,2021-09-17T02:54:11Z
P-04186,NR-CBL-04186,Compact EtherCAT Cable AA-182,Cabling and Connectors,EtherCAT Cable,6319,3487,W-07,true,2024-11-28T09:30:57Z,2025-05-22T21:48:55Z
P-04187,NR-CTL-04187,Quiet-Drive IO Expansion Board BN-219,Controllers,IO Expansion Board,361556,3244,W-07,true,2023-11-26T10:01:12Z,2024-06-14T18:47:47Z
P-04188,NR-DRV-04188,Sealed Ball Screw CA-256,Drivetrain,Ball Screw,218279,6390,W-04,true,2022-02-10T02:58:05Z,2022-07-10T07:48:38Z
P-04189,NR-EFF-04189,Industrial Tool Changer DN-293,End Effectors,Tool Changer,405609,4334,W-03,true,2024-11-05T16:57:04Z,2025-06-16T06:21:24Z
P-04190,NR-FRM-04190,Precision Mounting Bracket EA-330,Frames and Structure,Mounting Bracket,67765,46422,W-01,true,2021-02-22T01:25:40Z,2022-01-31T01:49:02Z
P-04191,NR-PWR-04191,Modular DC-DC Converter FN-367,Power Systems,DC-DC Converter,40829,6792,W-04,true,2024-02-17T23:42:41Z,2024-11-23T12:46:23Z
P-04192,NR-SEN-04192,High-Torque Rotary Encoder GA-404,Sensors,Rotary Encoder,76289,1568,W-02,false,2021-05-14T15:55:08Z,2021-06-26T01:45:45Z
P-04193,NR-ACT-04193,Heavy-Duty Servo Motor HN-441,Actuators,Servo Motor,75411,17227,W-02,true,2021-08-23T22:29:38Z,2022-07-22T23:44:46Z
P-04194,NR-CBL-04194,Rapid-Cycle Cable Chain IA-478,Cabling and Connectors,Cable Chain,7252,2428,W-06,true,2023-10-12T14:01:56Z,2024-09-26T02:57:01Z
P-04195,NR-CTL-04195,Low-Backlash Motion Controller JN-515,Controllers,Motion Controller,25000,3563,W-05,true,2021-03-23T09:03:02Z,2021-05-18T16:09:43Z
P-04196,NR-DRV-04196,Compact Harmonic Reducer KA-552,Drivetrain,Harmonic Reducer,246034,6930,W-08,true,2021-06-20T03:00:09Z,2022-05-21T00:24:33Z
P-04197,NR-EFF-04197,Quiet-Drive Parallel Gripper LN-589,End Effectors,Parallel Gripper,248165,3298,W-02,true,2022-02-06T20:17:53Z,2022-08-17T13:52:27Z
P-04198,NR-FRM-04198,Sealed Aluminum Extrusion MA-626,Frames and Structure,Aluminum Extrusion,61877,28902,W-03,true,2021-01-05T06:15:53Z,2021-08-20T15:03:43Z
P-04199,NR-PWR-04199,Industrial Battery Pack NN-663,Power Systems,Battery Pack,211057,10629,W-01,true,2021-04-17T01:22:18Z,2022-05-17T09:05:22Z
P-04200,NR-SEN-04200,Precision Thermal Camera Module OA-700,Sensors,Thermal Camera Module,191061,1047,W-03,false,2024-10-30T00:00:39Z,2025-02-15T09:37:50Z
P-04201,NR-ACT-04201,Modular Linear Actuator PN-737,Actuators,Linear Actuator,241364,981,W-07,true,2024-02-01T15:48:54Z,2024-06-04T04:27:01Z
P-04202,NR-CBL-04202,High-Torque M12 Connector QA-774,Cabling and Connectors,M12 Connector,5183,2134,W-04,true,2021-07-03T00:16:06Z,2021-10-20T12:23:18Z
P-04203,NR-CTL-04203,Heavy-Duty PLC Module RN-811,Controllers,PLC Module,159636,8100,W-04,false,2021-08-28T16:41:29Z,2022-03-10T05:31:16Z
P-04204,NR-DRV-04204,Rapid-Cycle Planetary Gearbox SA-848,Drivetrain,Planetary Gearbox,287018,7694,W-02,true,2023-02-25T23:05:15Z,2023-11-23T23:32:49Z
P-04205,NR-EFF-04205,Low-Backlash Vacuum Gripper TN-885,End Effectors,Vacuum Gripper,269208,4650,W-03,true,2022-04-19T16:47:13Z,2022-09-07T18:35:28Z
P-04206,NR-FRM-04206,Compact Base Plate UA-922,Frames and Structure,Base Plate,30596,42682,W-03,true,2023-04-19T07:41:20Z,2023-04-19T23:21:00Z
P-04207,NR-PWR-04207,Quiet-Drive Power Supply Unit VN-959,Power Systems,Power Supply Unit,166637,6273,W-05,true,2021-11-27T15:53:56Z,2022-10-09T23:51:25Z
P-04208,NR-SEN-04208,Sealed LIDAR Unit WA-996,Sensors,LIDAR Unit,141192,1543,W-04,true,2024-11-02T00:18:19Z,2025-05-29T16:38:07Z
P-04209,NR-ACT-04209,Industrial Rotary Actuator XN-133,Actuators,Rotary Actuator,446476,16461,W-07,true,2022-09-23T04:11:14Z,2023-06-13T00:00:24Z
P-04210,NR-CBL-04210,Precision Servo Cable YA-170,Cabling and Connectors,Servo Cable,6574,1580,W-04,true,2024-12-25T08:28:55Z,2025-07-20T17:07:06Z
P-04211,NR-CTL-04211,Modular Edge Compute Node ZN-207,Controllers,Edge Compute Node,217026,2456,W-01,true,2024-05-31T22:52:01Z,2025-05-09T15:15:26Z
P-04212,NR-DRV-04212,High-Torque Timing Belt AA-244,Drivetrain,Timing Belt,186242,6744,W-04,true,2022-10-25T01:31:21Z,2022-11-28T05:18:21Z
P-04213,NR-EFF-04213,Heavy-Duty Welding Torch BN-281,End Effectors,Welding Torch,351492,6443,W-06,true,2022-03-08T20:27:34Z,2022-09-10T23:10:36Z
P-04214,NR-FRM-04214,Rapid-Cycle Gantry Beam CA-318,Frames and Structure,Gantry Beam,41329,46393,W-03,true,2024-02-14T01:45:06Z,2024-04-15T16:50:49Z
P-04215,NR-PWR-04215,Low-Backlash Motor Driver DN-355,Power Systems,Motor Driver,115976,2613,W-02,true,2022-03-17T17:32:24Z,2022-08-17T17:25:29Z
P-04216,NR-SEN-04216,Compact Force-Torque Sensor EA-392,Sensors,Force-Torque Sensor,94430,2367,W-07,true,2024-11-15T07:06:36Z,2025-11-06T08:53:41Z
P-04217,NR-ACT-04217,Quiet-Drive Stepper Motor FN-429,Actuators,Stepper Motor,28058,15467,W-01,true,2024-01-05T15:24:50Z,2025-01-20T01:48:45Z
P-04218,NR-CBL-04218,Sealed EtherCAT Cable GA-466,Cabling and Connectors,EtherCAT Cable,9796,211,W-04,true,2022-08-06T00:11:56Z,2023-08-30T14:34:21Z
P-04219,NR-CTL-04219,Industrial IO Expansion Board HN-503,Controllers,IO Expansion Board,359534,5076,W-04,true,2023-04-18T15:21:02Z,2024-05-10T14:11:24Z
P-04220,NR-DRV-04220,Precision Ball Screw IA-540,Drivetrain,Ball Screw,153627,10338,W-04,true,2024-10-02T17:27:42Z,2025-04-02T09:03:02Z
P-04221,NR-EFF-04221,Modular Tool Changer JN-577,End Effectors,Tool Changer,190344,4456,W-07,true,2021-11-18T22:27:48Z,2022-06-07T12:23:10Z
P-04222,NR-FRM-04222,High-Torque Mounting Bracket KA-614,Frames and Structure,Mounting Bracket,36314,21838,W-05,true,2024-01-14T18:47:37Z,2024-07-02T17:34:21Z
P-04223,NR-PWR-04223,Heavy-Duty DC-DC Converter LN-651,Power Systems,DC-DC Converter,55387,6378,W-08,true,2023-05-25T21:07:48Z,2023-06-13T08:59:17Z
P-04224,NR-SEN-04224,Rapid-Cycle Proximity Sensor MA-688,Sensors,Proximity Sensor,266614,1883,W-02,true,2021-08-04T07:50:14Z,2021-08-09T13:07:29Z
P-04225,NR-ACT-04225,Low-Backlash Servo Motor NN-725,Actuators,Servo Motor,211179,15381,W-08,true,2022-06-30T10:11:46Z,2023-05-22T13:52:35Z
P-04226,NR-CBL-04226,Compact Cable Chain OA-762,Cabling and Connectors,Cable Chain,1385,2517,W-08,true,2024-07-09T16:13:10Z,2025-02-01T05:18:03Z
P-04227,NR-CTL-04227,Quiet-Drive Motion Controller PN-799,Controllers,Motion Controller,874921,8062,W-08,true,2022-04-06T21:48:39Z,2022-12-08T01:58:00Z
P-04228,NR-DRV-04228,Sealed Harmonic Reducer QA-836,Drivetrain,Harmonic Reducer,78300,10006,W-08,true,2024-10-17T14:02:54Z,2025-01-02T06:31:10Z
P-04229,NR-EFF-04229,Industrial Parallel Gripper RN-873,End Effectors,Parallel Gripper,70274,9241,W-04,true,2023-10-12T06:10:21Z,2024-08-18T11:13:58Z
P-04230,NR-FRM-04230,Precision Aluminum Extrusion SA-910,Frames and Structure,Aluminum Extrusion,6758,31638,W-02,true,2022-09-13T14:23:07Z,2023-06-29T21:13:16Z
P-04231,NR-PWR-04231,Modular Battery Pack TN-947,Power Systems,Battery Pack,167089,2612,W-04,true,2022-01-27T00:21:03Z,2023-02-04T08:27:50Z
P-04232,NR-SEN-04232,High-Torque Rotary Encoder UA-984,Sensors,Rotary Encoder,176286,1716,W-06,true,2023-02-16T22:20:40Z,2023-11-09T14:06:50Z
P-04233,NR-ACT-04233,Heavy-Duty Linear Actuator VN-121,Actuators,Linear Actuator,267523,8802,W-02,true,2024-09-29T18:04:10Z,2025-06-05T19:31:01Z
P-04234,NR-CBL-04234,Rapid-Cycle M12 Connector WA-158,Cabling and Connectors,M12 Connector,8909,1835,W-04,true,2023-06-10T11:25:35Z,2024-06-29T00:54:24Z
P-04235,NR-CTL-04235,Low-Backlash PLC Module XN-195,Controllers,PLC Module,174005,4117,W-01,false,2022-12-29T01:02:16Z,2023-10-05T02:58:30Z
P-04236,NR-DRV-04236,Compact Planetary Gearbox YA-232,Drivetrain,Planetary Gearbox,157024,10401,W-07,true,2021-04-30T14:57:14Z,2022-02-05T15:40:52Z
P-04237,NR-EFF-04237,Quiet-Drive Vacuum Gripper ZN-269,End Effectors,Vacuum Gripper,210104,3210,W-02,true,2023-04-13T23:20:55Z,2024-04-11T00:33:43Z
P-04238,NR-FRM-04238,Sealed Base Plate AA-306,Frames and Structure,Base Plate,43973,19678,W-01,true,2022-03-05T04:12:14Z,2022-04-01T03:04:42Z
P-04239,NR-PWR-04239,Industrial Power Supply Unit BN-343,Power Systems,Power Supply Unit,229298,12120,W-08,true,2024-08-30T06:27:16Z,2025-07-31T15:38:46Z
P-04240,NR-SEN-04240,Precision Thermal Camera Module CA-380,Sensors,Thermal Camera Module,159968,1991,W-03,true,2021-05-17T06:26:32Z,2021-12-02T20:12:33Z
P-04241,NR-ACT-04241,Modular Rotary Actuator DN-417,Actuators,Rotary Actuator,233769,14745,W-07,false,2024-06-29T00:11:34Z,2024-12-31T16:41:40Z
P-04242,NR-CBL-04242,High-Torque Servo Cable EA-454,Cabling and Connectors,Servo Cable,7687,2204,W-08,true,2021-06-24T01:05:26Z,2022-07-23T20:40:48Z
P-04243,NR-CTL-04243,Heavy-Duty Edge Compute Node FN-491,Controllers,Edge Compute Node,458827,5101,W-07,true,2023-04-07T02:05:10Z,2023-12-14T06:23:14Z
P-04244,NR-DRV-04244,Rapid-Cycle Timing Belt GA-528,Drivetrain,Timing Belt,122217,11196,W-02,true,2022-03-26T19:11:38Z,2022-12-27T21:48:20Z
P-04245,NR-EFF-04245,Low-Backlash Welding Torch HN-565,End Effectors,Welding Torch,324730,8506,W-05,true,2021-10-27T14:14:32Z,2022-09-12T15:44:57Z
P-04246,NR-FRM-04246,Compact Gantry Beam IA-602,Frames and Structure,Gantry Beam,5477,8227,W-08,true,2023-03-24T21:23:01Z,2023-09-04T20:57:46Z
P-04247,NR-PWR-04247,Quiet-Drive Motor Driver JN-639,Power Systems,Motor Driver,68251,18000,W-01,true,2022-12-10T19:13:26Z,2023-02-17T22:09:36Z
P-04248,NR-SEN-04248,Sealed LIDAR Unit KA-676,Sensors,LIDAR Unit,117990,1116,W-07,false,2024-11-20T15:26:42Z,2025-10-22T04:59:47Z
P-04249,NR-ACT-04249,Industrial Stepper Motor LN-713,Actuators,Stepper Motor,313355,10522,W-07,true,2023-04-23T21:56:04Z,2024-01-24T23:05:36Z
P-04250,NR-CBL-04250,Precision EtherCAT Cable MA-750,Cabling and Connectors,EtherCAT Cable,6161,407,W-05,true,2021-04-17T02:06:03Z,2022-04-12T11:13:36Z
P-04251,NR-CTL-04251,Modular IO Expansion Board NN-787,Controllers,IO Expansion Board,179471,601,W-07,true,2022-08-25T07:11:01Z,2022-09-29T23:00:45Z
P-04252,NR-DRV-04252,High-Torque Ball Screw OA-824,Drivetrain,Ball Screw,136848,2832,W-06,true,2024-11-24T03:42:04Z,2025-10-25T19:50:25Z
P-04253,NR-EFF-04253,Heavy-Duty Tool Changer PN-861,End Effectors,Tool Changer,422713,10335,W-04,true,2022-10-16T20:28:49Z,2023-02-24T10:28:35Z
P-04254,NR-FRM-04254,Rapid-Cycle Mounting Bracket QA-898,Frames and Structure,Mounting Bracket,24665,22131,W-07,true,2023-03-27T21:16:26Z,2024-01-02T23:20:50Z
P-04255,NR-PWR-04255,Low-Backlash DC-DC Converter RN-935,Power Systems,DC-DC Converter,164006,4710,W-05,true,2023-01-18T19:23:19Z,2023-02-25T13:34:30Z
P-04256,NR-SEN-04256,Compact Force-Torque Sensor SA-972,Sensors,Force-Torque Sensor,280130,2721,W-03,true,2024-12-16T13:20:36Z,2026-01-04T14:37:08Z
P-04257,NR-ACT-04257,Quiet-Drive Servo Motor TN-109,Actuators,Servo Motor,289950,4396,W-04,true,2023-08-22T08:53:43Z,2024-04-21T08:03:34Z
P-04258,NR-CBL-04258,Sealed Cable Chain UA-146,Cabling and Connectors,Cable Chain,11385,715,W-01,true,2021-10-19T20:24:08Z,2022-10-07T15:14:23Z
P-04259,NR-CTL-04259,Industrial Motion Controller VN-183,Controllers,Motion Controller,725793,8709,W-03,true,2024-05-30T07:43:50Z,2025-03-10T01:59:04Z
P-04260,NR-DRV-04260,Precision Harmonic Reducer WA-220,Drivetrain,Harmonic Reducer,104924,3870,W-01,true,2024-02-10T14:00:58Z,2024-12-03T19:53:23Z
P-04261,NR-EFF-04261,Modular Parallel Gripper XN-257,End Effectors,Parallel Gripper,304439,8299,W-04,true,2021-10-12T01:58:12Z,2022-02-05T23:34:28Z
P-04262,NR-FRM-04262,High-Torque Aluminum Extrusion YA-294,Frames and Structure,Aluminum Extrusion,59925,33539,W-01,true,2023-09-10T00:59:37Z,2024-03-11T05:01:45Z
P-04263,NR-PWR-04263,Heavy-Duty Battery Pack ZN-331,Power Systems,Battery Pack,5000,1387,W-03,true,2021-08-30T19:23:00Z,2022-04-11T11:08:20Z
P-04264,NR-SEN-04264,Rapid-Cycle Proximity Sensor AA-368,Sensors,Proximity Sensor,168582,2189,W-03,true,2023-11-13T09:30:07Z,2024-01-23T08:16:16Z
P-04265,NR-ACT-04265,Low-Backlash Linear Actuator BN-405,Actuators,Linear Actuator,250325,10939,W-04,true,2022-05-03T14:14:57Z,2023-01-01T23:52:30Z
P-04266,NR-CBL-04266,Compact M12 Connector CA-442,Cabling and Connectors,M12 Connector,12294,1545,W-03,true,2022-03-02T02:34:33Z,2022-07-04T02:12:03Z
P-04267,NR-CTL-04267,Quiet-Drive PLC Module DN-479,Controllers,PLC Module,883419,6346,W-06,true,2022-06-23T07:23:43Z,2022-07-31T13:51:34Z
P-04268,NR-DRV-04268,Sealed Planetary Gearbox EA-516,Drivetrain,Planetary Gearbox,95701,7822,W-08,true,2022-01-19T07:34:38Z,2022-06-11T07:22:55Z
P-04269,NR-EFF-04269,Industrial Vacuum Gripper FN-553,End Effectors,Vacuum Gripper,15414,5509,W-07,true,2022-02-16T15:50:57Z,2022-09-14T05:50:25Z
P-04270,NR-FRM-04270,Precision Base Plate GA-590,Frames and Structure,Base Plate,80000,31087,W-06,true,2024-11-10T10:32:49Z,2024-11-19T18:42:08Z
P-04271,NR-PWR-04271,Modular Power Supply Unit HN-627,Power Systems,Power Supply Unit,100505,9498,W-08,true,2022-05-26T09:03:38Z,2022-11-29T23:26:03Z
P-04272,NR-SEN-04272,High-Torque Rotary Encoder IA-664,Sensors,Rotary Encoder,189588,1590,W-08,true,2023-09-26T23:21:47Z,2024-03-16T07:51:47Z
P-04273,NR-ACT-04273,Heavy-Duty Rotary Actuator JN-701,Actuators,Rotary Actuator,130949,11532,W-08,true,2021-04-11T18:35:17Z,2022-03-17T15:30:13Z
P-04274,NR-CBL-04274,Rapid-Cycle Servo Cable KA-738,Cabling and Connectors,Servo Cable,10056,2677,W-02,true,2022-04-27T13:03:54Z,2022-07-19T10:49:47Z
P-04275,NR-CTL-04275,Low-Backlash Edge Compute Node LN-775,Controllers,Edge Compute Node,340320,9000,W-04,true,2022-09-24T03:27:46Z,2023-08-22T13:47:14Z
P-04276,NR-DRV-04276,Compact Timing Belt MA-812,Drivetrain,Timing Belt,320637,12389,W-08,true,2024-05-25T15:21:03Z,2024-09-01T16:48:37Z
P-04277,NR-EFF-04277,Quiet-Drive Welding Torch NN-849,End Effectors,Welding Torch,194826,4913,W-08,true,2021-04-18T03:32:31Z,2022-01-11T16:42:36Z
P-04278,NR-FRM-04278,Sealed Gantry Beam OA-886,Frames and Structure,Gantry Beam,67047,37954,W-06,true,2024-07-14T03:31:36Z,2025-01-03T00:46:57Z
P-04279,NR-PWR-04279,Industrial Motor Driver PN-923,Power Systems,Motor Driver,75516,4728,W-04,true,2023-08-20T03:55:49Z,2024-05-02T22:03:38Z
P-04280,NR-SEN-04280,Precision Thermal Camera Module QA-960,Sensors,Thermal Camera Module,8000,1713,W-08,true,2021-12-01T07:55:22Z,2022-01-24T14:24:29Z
P-04281,NR-ACT-04281,Modular Stepper Motor RN-997,Actuators,Stepper Motor,304808,4797,W-04,true,2024-11-28T13:16:05Z,2025-02-23T11:38:52Z
P-04282,NR-CBL-04282,High-Torque EtherCAT Cable SA-134,Cabling and Connectors,EtherCAT Cable,6984,1559,W-06,true,2022-01-12T14:05:15Z,2022-10-21T06:01:48Z
P-04283,NR-CTL-04283,Heavy-Duty IO Expansion Board TN-171,Controllers,IO Expansion Board,333386,7613,W-03,true,2024-05-30T22:15:46Z,2024-10-18T07:52:05Z
P-04284,NR-DRV-04284,Rapid-Cycle Ball Screw UA-208,Drivetrain,Ball Screw,299722,10635,W-03,true,2021-10-18T10:51:42Z,2022-03-05T03:30:48Z
P-04285,NR-EFF-04285,Low-Backlash Tool Changer VN-245,End Effectors,Tool Changer,500000,7491,W-06,true,2024-01-27T00:51:30Z,2024-10-05T15:04:24Z
P-04286,NR-FRM-04286,Compact Mounting Bracket WA-282,Frames and Structure,Mounting Bracket,36123,27616,W-07,true,2021-10-22T12:25:06Z,2022-08-24T10:45:45Z
P-04287,NR-PWR-04287,Quiet-Drive DC-DC Converter XN-319,Power Systems,DC-DC Converter,127182,12201,W-02,true,2021-11-23T15:15:30Z,2022-03-28T04:44:09Z
P-04288,NR-SEN-04288,Sealed LIDAR Unit YA-356,Sensors,LIDAR Unit,153261,644,W-07,true,2022-01-28T20:08:46Z,2022-05-23T07:01:37Z
P-04289,NR-ACT-04289,Industrial Servo Motor ZN-393,Actuators,Servo Motor,334537,18789,W-04,true,2022-12-21T20:22:37Z,2023-04-17T13:10:01Z
P-04290,NR-CBL-04290,Precision Cable Chain AA-430,Cabling and Connectors,Cable Chain,11567,3806,W-06,true,2023-02-17T01:46:21Z,2023-08-21T16:37:02Z
P-04291,NR-CTL-04291,Modular Motion Controller BN-467,Controllers,Motion Controller,360013,6846,W-02,true,2023-02-28T00:25:51Z,2024-02-09T11:10:11Z
P-04292,NR-DRV-04292,High-Torque Harmonic Reducer CA-504,Drivetrain,Harmonic Reducer,244531,6006,W-04,true,2023-07-24T12:42:25Z,2024-01-10T02:06:02Z
P-04293,NR-EFF-04293,Heavy-Duty Parallel Gripper DN-541,End Effectors,Parallel Gripper,332112,10646,W-03,true,2021-03-09T17:26:56Z,2021-04-12T10:14:59Z
P-04294,NR-FRM-04294,Rapid-Cycle Aluminum Extrusion EA-578,Frames and Structure,Aluminum Extrusion,64298,17254,W-06,true,2021-08-07T06:36:58Z,2022-04-29T23:56:35Z
P-04295,NR-PWR-04295,Low-Backlash Battery Pack FN-615,Power Systems,Battery Pack,6441,8297,W-05,true,2024-10-06T08:20:04Z,2025-06-20T05:08:01Z
P-04296,NR-SEN-04296,Compact Force-Torque Sensor GA-652,Sensors,Force-Torque Sensor,139266,2578,W-07,true,2021-09-15T09:41:16Z,2022-05-13T11:05:56Z
P-04297,NR-ACT-04297,Quiet-Drive Linear Actuator HN-689,Actuators,Linear Actuator,386935,9431,W-07,true,2024-06-02T01:52:05Z,2025-04-25T04:48:38Z
P-04298,NR-CBL-04298,Sealed M12 Connector IA-726,Cabling and Connectors,M12 Connector,5969,1469,W-03,true,2022-07-04T11:09:17Z,2023-05-21T08:04:02Z
P-04299,NR-CTL-04299,Industrial PLC Module JN-763,Controllers,PLC Module,627766,2549,W-03,true,2024-03-08T20:30:24Z,2025-01-21T22:43:10Z
P-04300,NR-DRV-04300,Precision Planetary Gearbox KA-800,Drivetrain,Planetary Gearbox,170643,4213,W-04,true,2021-11-13T22:09:20Z,2022-07-15T11:45:02Z
P-04301,NR-EFF-04301,Modular Vacuum Gripper LN-837,End Effectors,Vacuum Gripper,457860,5230,W-05,true,2024-02-07T14:23:34Z,2025-03-01T17:25:47Z
P-04302,NR-FRM-04302,High-Torque Base Plate MA-874,Frames and Structure,Base Plate,17811,43813,W-08,true,2023-05-30T17:55:58Z,2024-03-06T02:10:06Z
P-04303,NR-PWR-04303,Heavy-Duty Power Supply Unit NN-911,Power Systems,Power Supply Unit,181136,6732,W-04,true,2024-05-05T10:49:17Z,2024-10-30T01:28:00Z
P-04304,NR-SEN-04304,Rapid-Cycle Proximity Sensor OA-948,Sensors,Proximity Sensor,131970,852,W-06,true,2023-06-04T11:36:39Z,2024-04-06T09:57:20Z
P-04305,NR-ACT-04305,Low-Backlash Rotary Actuator PN-985,Actuators,Rotary Actuator,221619,4718,W-06,true,2023-05-27T01:42:58Z,2023-09-28T03:46:52Z
P-04306,NR-CBL-04306,Compact Servo Cable QA-122,Cabling and Connectors,Servo Cable,10743,3912,W-04,true,2022-02-17T12:59:21Z,2022-11-07T11:18:01Z
P-04307,NR-CTL-04307,Quiet-Drive Edge Compute Node RN-159,Controllers,Edge Compute Node,167349,8526,W-07,true,2021-11-04T12:29:16Z,2022-10-22T11:59:11Z
P-04308,NR-DRV-04308,Sealed Timing Belt SA-196,Drivetrain,Timing Belt,138735,5463,W-03,true,2022-03-01T02:46:00Z,2022-04-24T13:16:38Z
P-04309,NR-EFF-04309,Industrial Welding Torch TN-233,End Effectors,Welding Torch,192851,12000,W-04,true,2021-10-15T05:01:49Z,2022-10-16T17:12:50Z
P-04310,NR-FRM-04310,Precision Gantry Beam UA-270,Frames and Structure,Gantry Beam,48503,31961,W-02,true,2023-07-07T01:22:35Z,2023-10-25T22:18:31Z
P-04311,NR-PWR-04311,Modular Motor Driver VN-307,Power Systems,Motor Driver,188920,13389,W-01,true,2024-03-22T06:48:37Z,2024-07-15T17:00:22Z
P-04312,NR-SEN-04312,High-Torque Rotary Encoder WA-344,Sensors,Rotary Encoder,77676,3500,W-04,true,2021-09-16T04:13:14Z,2022-06-30T00:06:40Z
P-04313,NR-ACT-04313,Heavy-Duty Stepper Motor XN-381,Actuators,Stepper Motor,401440,12961,W-08,true,2024-10-26T15:17:19Z,2025-02-07T00:12:09Z
P-04314,NR-CBL-04314,Rapid-Cycle EtherCAT Cable YA-418,Cabling and Connectors,EtherCAT Cable,6866,1925,W-05,true,2023-11-04T02:28:54Z,2024-07-16T04:42:05Z
P-04315,NR-CTL-04315,Low-Backlash IO Expansion Board ZN-455,Controllers,IO Expansion Board,485930,5339,W-01,true,2021-11-26T23:30:15Z,2022-07-13T09:08:32Z
P-04316,NR-DRV-04316,Compact Ball Screw AA-492,Drivetrain,Ball Screw,178836,3767,W-05,true,2022-11-12T21:04:17Z,2023-12-10T17:29:29Z
P-04317,NR-EFF-04317,Quiet-Drive Tool Changer BN-529,End Effectors,Tool Changer,313106,8166,W-06,false,2022-08-10T02:14:02Z,2023-04-06T19:05:52Z
P-04318,NR-FRM-04318,Sealed Mounting Bracket CA-566,Frames and Structure,Mounting Bracket,35739,20504,W-03,true,2023-05-28T19:14:39Z,2024-01-24T00:57:13Z
P-04319,NR-PWR-04319,Industrial DC-DC Converter DN-603,Power Systems,DC-DC Converter,142971,13519,W-08,true,2024-02-29T20:04:35Z,2024-12-02T08:02:35Z
P-04320,NR-SEN-04320,Precision Thermal Camera Module EA-640,Sensors,Thermal Camera Module,164999,1674,W-06,true,2021-10-08T19:30:07Z,2022-06-25T09:24:06Z
P-04321,NR-ACT-04321,Modular Servo Motor FN-677,Actuators,Servo Motor,259039,5654,W-03,true,2022-08-09T15:42:46Z,2023-06-01T01:26:34Z
P-04322,NR-CBL-04322,High-Torque Cable Chain GA-714,Cabling and Connectors,Cable Chain,1087,1226,W-02,true,2024-04-23T16:13:53Z,2024-08-12T13:20:54Z
P-04323,NR-CTL-04323,Heavy-Duty Motion Controller HN-751,Controllers,Motion Controller,296029,7781,W-04,true,2023-09-09T18:56:18Z,2024-05-03T01:04:51Z
P-04324,NR-DRV-04324,Rapid-Cycle Harmonic Reducer IA-788,Drivetrain,Harmonic Reducer,142319,100,W-07,true,2021-03-27T05:02:20Z,2021-10-23T07:11:14Z
P-04325,NR-EFF-04325,Low-Backlash Parallel Gripper JN-825,End Effectors,Parallel Gripper,176569,6467,W-03,true,2022-01-26T13:04:42Z,2022-12-26T20:45:22Z
P-04326,NR-FRM-04326,Compact Aluminum Extrusion KA-862,Frames and Structure,Aluminum Extrusion,33045,33777,W-08,true,2022-04-09T08:01:11Z,2023-02-03T09:49:44Z
P-04327,NR-PWR-04327,Quiet-Drive Battery Pack LN-899,Power Systems,Battery Pack,143950,9826,W-04,true,2022-09-07T22:33:58Z,2023-01-17T01:20:41Z
P-04328,NR-SEN-04328,Sealed LIDAR Unit MA-936,Sensors,LIDAR Unit,61897,1747,W-08,true,2023-08-16T00:54:02Z,2023-12-25T14:56:30Z
P-04329,NR-ACT-04329,Industrial Linear Actuator NN-973,Actuators,Linear Actuator,221201,15263,W-08,true,2024-03-17T03:51:34Z,2024-09-24T02:04:52Z
P-04330,NR-CBL-04330,Precision M12 Connector OA-110,Cabling and Connectors,M12 Connector,4865,394,W-04,true,2022-10-26T16:48:50Z,2023-07-05T08:47:12Z
P-04331,NR-CTL-04331,Modular PLC Module PN-147,Controllers,PLC Module,381706,5110,W-06,true,2024-08-13T13:48:53Z,2025-02-06T13:23:52Z
P-04332,NR-DRV-04332,High-Torque Planetary Gearbox QA-184,Drivetrain,Planetary Gearbox,156809,4980,W-06,true,2023-04-26T18:46:22Z,2023-05-18T06:22:46Z
P-04333,NR-EFF-04333,Heavy-Duty Vacuum Gripper RN-221,End Effectors,Vacuum Gripper,371602,8766,W-03,true,2022-10-16T17:36:22Z,2022-12-08T15:23:57Z
P-04334,NR-FRM-04334,Rapid-Cycle Base Plate SA-258,Frames and Structure,Base Plate,50428,10073,W-06,true,2023-02-07T03:29:48Z,2023-08-18T13:00:06Z
P-04335,NR-PWR-04335,Low-Backlash Power Supply Unit TN-295,Power Systems,Power Supply Unit,70601,4606,W-06,true,2023-11-13T03:58:56Z,2024-03-14T16:42:00Z
P-04336,NR-SEN-04336,Compact Force-Torque Sensor UA-332,Sensors,Force-Torque Sensor,224195,3077,W-02,true,2021-05-29T19:41:26Z,2022-06-23T02:15:18Z
P-04337,NR-ACT-04337,Quiet-Drive Rotary Actuator VN-369,Actuators,Rotary Actuator,238690,7807,W-04,true,2022-01-09T13:00:31Z,2022-03-27T18:04:26Z
P-04338,NR-CBL-04338,Sealed Servo Cable WA-406,Cabling and Connectors,Servo Cable,5967,2530,W-02,true,2024-07-07T02:23:54Z,2025-05-09T21:19:17Z
P-04339,NR-CTL-04339,Industrial Edge Compute Node XN-443,Controllers,Edge Compute Node,245801,2138,W-03,true,2021-01-08T13:35:33Z,2021-05-26T09:11:10Z
P-04340,NR-DRV-04340,Precision Timing Belt YA-480,Drivetrain,Timing Belt,264958,9606,W-07,true,2023-05-04T06:03:04Z,2024-03-30T11:36:08Z
P-04341,NR-EFF-04341,Modular Welding Torch ZN-517,End Effectors,Welding Torch,222484,6154,W-01,true,2022-06-25T02:35:26Z,2022-07-09T05:15:49Z
P-04342,NR-FRM-04342,High-Torque Gantry Beam AA-554,Frames and Structure,Gantry Beam,79002,8502,W-04,true,2022-12-11T03:32:03Z,2023-12-23T14:26:42Z
P-04343,NR-PWR-04343,Heavy-Duty Motor Driver BN-591,Power Systems,Motor Driver,86811,5721,W-06,true,2021-01-09T20:37:46Z,2021-04-01T13:40:41Z
P-04344,NR-SEN-04344,Rapid-Cycle Proximity Sensor CA-628,Sensors,Proximity Sensor,96067,731,W-02,false,2022-08-08T10:25:41Z,2023-05-01T15:49:09Z
P-04345,NR-ACT-04345,Low-Backlash Stepper Motor DN-665,Actuators,Stepper Motor,356791,1855,W-06,true,2024-08-13T07:54:37Z,2025-04-10T06:21:43Z
P-04346,NR-CBL-04346,Compact EtherCAT Cable EA-702,Cabling and Connectors,EtherCAT Cable,4865,1862,W-02,true,2023-03-04T17:50:51Z,2024-03-12T07:34:57Z
P-04347,NR-CTL-04347,Quiet-Drive IO Expansion Board FN-739,Controllers,IO Expansion Board,827776,7800,W-07,true,2023-02-05T13:24:06Z,2023-09-30T00:40:01Z
P-04348,NR-DRV-04348,Sealed Ball Screw GA-776,Drivetrain,Ball Screw,138899,8278,W-04,false,2021-04-02T00:06:33Z,2022-03-19T05:39:17Z
P-04349,NR-EFF-04349,Industrial Tool Changer HN-813,End Effectors,Tool Changer,395311,6305,W-02,true,2024-08-03T17:52:48Z,2025-02-17T10:23:39Z
P-04350,NR-FRM-04350,Precision Mounting Bracket IA-850,Frames and Structure,Mounting Bracket,66736,37072,W-03,true,2023-04-28T02:51:13Z,2023-10-02T02:22:21Z
P-04351,NR-PWR-04351,Modular DC-DC Converter JN-887,Power Systems,DC-DC Converter,107546,15984,W-07,true,2021-11-15T07:02:50Z,2022-03-25T13:47:03Z
P-04352,NR-SEN-04352,High-Torque Rotary Encoder KA-924,Sensors,Rotary Encoder,235880,2602,W-01,true,2024-08-30T16:55:06Z,2025-02-13T11:07:21Z
P-04353,NR-ACT-04353,Heavy-Duty Servo Motor LN-961,Actuators,Servo Motor,306099,18713,W-07,true,2024-02-18T09:05:31Z,2024-11-16T11:13:01Z
P-04354,NR-CBL-04354,Rapid-Cycle Cable Chain MA-998,Cabling and Connectors,Cable Chain,9203,3012,W-01,true,2023-10-16T08:19:30Z,2023-11-18T16:37:04Z
P-04355,NR-CTL-04355,Low-Backlash Motion Controller NN-135,Controllers,Motion Controller,532667,4027,W-03,true,2022-12-27T23:02:37Z,2023-09-22T22:57:39Z
P-04356,NR-DRV-04356,Compact Harmonic Reducer OA-172,Drivetrain,Harmonic Reducer,170079,5334,W-08,true,2022-08-24T01:33:28Z,2023-09-11T20:23:16Z
P-04357,NR-EFF-04357,Quiet-Drive Parallel Gripper PN-209,End Effectors,Parallel Gripper,230748,4836,W-01,true,2023-02-25T07:46:23Z,2023-05-22T09:32:46Z
P-04358,NR-FRM-04358,Sealed Aluminum Extrusion QA-246,Frames and Structure,Aluminum Extrusion,56758,40574,W-02,true,2024-02-27T14:39:30Z,2025-01-12T04:21:12Z
P-04359,NR-PWR-04359,Industrial Battery Pack RN-283,Power Systems,Battery Pack,115000,200,W-06,true,2021-05-29T21:34:21Z,2022-02-12T14:52:17Z
P-04360,NR-SEN-04360,Precision Thermal Camera Module SA-320,Sensors,Thermal Camera Module,181541,2572,W-05,true,2022-11-03T13:41:38Z,2023-10-13T05:03:55Z
P-04361,NR-ACT-04361,Modular Linear Actuator TN-357,Actuators,Linear Actuator,234460,12156,W-06,true,2023-06-10T16:52:07Z,2024-01-28T20:08:30Z
P-04362,NR-CBL-04362,High-Torque M12 Connector UA-394,Cabling and Connectors,M12 Connector,12486,2766,W-04,true,2024-08-24T12:07:27Z,2024-09-11T11:46:56Z
P-04363,NR-CTL-04363,Heavy-Duty PLC Module VN-431,Controllers,PLC Module,395277,7835,W-07,true,2021-05-01T13:16:29Z,2021-12-05T19:42:57Z
P-04364,NR-DRV-04364,Rapid-Cycle Planetary Gearbox WA-468,Drivetrain,Planetary Gearbox,183570,6254,W-02,true,2022-05-16T18:09:02Z,2023-01-20T02:19:45Z
P-04365,NR-EFF-04365,Low-Backlash Vacuum Gripper XN-505,End Effectors,Vacuum Gripper,349934,6112,W-05,true,2022-03-29T09:13:21Z,2023-02-13T01:29:55Z
P-04366,NR-FRM-04366,Compact Base Plate YA-542,Frames and Structure,Base Plate,60140,23276,W-06,true,2023-02-23T06:13:22Z,2023-09-05T19:56:37Z
P-04367,NR-PWR-04367,Quiet-Drive Power Supply Unit ZN-579,Power Systems,Power Supply Unit,50120,11484,W-06,true,2023-05-19T13:58:17Z,2023-11-12T01:41:34Z
P-04368,NR-SEN-04368,Sealed LIDAR Unit AA-616,Sensors,LIDAR Unit,259807,1732,W-07,true,2022-04-02T21:24:58Z,2022-05-04T05:21:42Z
P-04369,NR-ACT-04369,Industrial Rotary Actuator BN-653,Actuators,Rotary Actuator,163082,16651,W-01,true,2024-10-23T13:46:17Z,2024-10-29T14:46:23Z
P-04370,NR-CBL-04370,Precision Servo Cable CA-690,Cabling and Connectors,Servo Cable,14499,3092,W-06,true,2023-09-24T03:11:34Z,2024-09-01T23:32:56Z
P-04371,NR-CTL-04371,Modular Edge Compute Node DN-727,Controllers,Edge Compute Node,479336,8141,W-04,true,2021-07-03T00:04:58Z,2022-01-02T12:15:13Z
P-04372,NR-DRV-04372,High-Torque Timing Belt EA-764,Drivetrain,Timing Belt,233554,10126,W-06,true,2021-04-09T04:40:27Z,2021-09-06T07:37:42Z
P-04373,NR-EFF-04373,Heavy-Duty Welding Torch FN-801,End Effectors,Welding Torch,250435,9200,W-03,true,2023-04-10T19:03:29Z,2023-05-04T21:34:31Z
P-04374,NR-FRM-04374,Rapid-Cycle Gantry Beam GA-838,Frames and Structure,Gantry Beam,65255,39385,W-03,true,2021-10-05T17:02:03Z,2022-05-28T22:32:46Z
P-04375,NR-PWR-04375,Low-Backlash Motor Driver HN-875,Power Systems,Motor Driver,178962,10096,W-07,true,2023-09-19T03:44:14Z,2024-04-18T07:54:14Z
P-04376,NR-SEN-04376,Compact Force-Torque Sensor IA-912,Sensors,Force-Torque Sensor,205116,986,W-02,true,2022-12-17T23:09:38Z,2023-01-25T01:01:53Z
P-04377,NR-ACT-04377,Quiet-Drive Stepper Motor JN-949,Actuators,Stepper Motor,189987,7455,W-01,true,2024-08-25T13:22:30Z,2025-08-02T06:19:30Z
P-04378,NR-CBL-04378,Sealed EtherCAT Cable KA-986,Cabling and Connectors,EtherCAT Cable,300,1108,W-05,false,2023-09-07T20:15:40Z,2023-11-16T09:52:16Z
P-04379,NR-CTL-04379,Industrial IO Expansion Board LN-123,Controllers,IO Expansion Board,744471,9000,W-06,true,2022-11-27T16:20:58Z,2022-12-17T06:51:15Z
P-04380,NR-DRV-04380,Precision Ball Screw MA-160,Drivetrain,Ball Screw,152267,10477,W-06,true,2023-04-23T14:27:46Z,2023-07-26T04:11:33Z
P-04381,NR-EFF-04381,Modular Tool Changer NN-197,End Effectors,Tool Changer,15274,3003,W-01,false,2024-08-04T21:50:14Z,2025-03-06T00:33:10Z
P-04382,NR-FRM-04382,High-Torque Mounting Bracket OA-234,Frames and Structure,Mounting Bracket,48598,18120,W-01,true,2023-12-16T23:01:54Z,2024-10-24T07:02:16Z
P-04383,NR-PWR-04383,Heavy-Duty DC-DC Converter PN-271,Power Systems,DC-DC Converter,65518,10114,W-07,true,2022-06-10T13:46:55Z,2022-09-18T23:06:27Z
P-04384,NR-SEN-04384,Rapid-Cycle Proximity Sensor QA-308,Sensors,Proximity Sensor,145696,2633,W-01,true,2021-03-02T14:25:05Z,2021-06-29T15:44:13Z
P-04385,NR-ACT-04385,Low-Backlash Servo Motor RN-345,Actuators,Servo Motor,262173,5483,W-08,true,2024-12-18T18:57:32Z,2025-12-29T01:55:06Z
P-04386,NR-CBL-04386,Compact Cable Chain SA-382,Cabling and Connectors,Cable Chain,10470,1189,W-07,true,2021-08-26T00:14:13Z,2022-02-01T17:33:52Z
P-04387,NR-CTL-04387,Quiet-Drive Motion Controller TN-419,Controllers,Motion Controller,305851,4087,W-07,false,2022-04-20T07:39:53Z,2023-04-06T11:43:15Z
P-04388,NR-DRV-04388,Sealed Harmonic Reducer UA-456,Drivetrain,Harmonic Reducer,126864,7483,W-04,true,2022-05-17T03:13:29Z,2022-10-11T09:33:37Z
P-04389,NR-EFF-04389,Industrial Parallel Gripper VN-493,End Effectors,Parallel Gripper,249237,5048,W-05,true,2023-09-28T22:28:11Z,2024-02-17T18:07:20Z
P-04390,NR-FRM-04390,Precision Aluminum Extrusion WA-530,Frames and Structure,Aluminum Extrusion,17717,26616,W-02,true,2022-07-15T10:08:29Z,2023-08-09T08:40:59Z
P-04391,NR-PWR-04391,Modular Battery Pack XN-567,Power Systems,Battery Pack,5000,9189,W-08,true,2024-09-23T10:50:25Z,2025-02-18T03:56:52Z
P-04392,NR-SEN-04392,High-Torque Rotary Encoder YA-604,Sensors,Rotary Encoder,179607,3124,W-08,true,2023-09-02T00:50:48Z,2023-09-14T09:10:29Z
P-04393,NR-ACT-04393,Heavy-Duty Linear Actuator ZN-641,Actuators,Linear Actuator,353599,21139,W-04,true,2023-08-10T08:11:02Z,2024-02-14T20:02:19Z
P-04394,NR-CBL-04394,Rapid-Cycle M12 Connector AA-678,Cabling and Connectors,M12 Connector,4338,1544,W-05,true,2023-08-01T01:13:33Z,2024-03-27T13:00:10Z
P-04395,NR-CTL-04395,Low-Backlash PLC Module BN-715,Controllers,PLC Module,480292,2872,W-06,true,2023-11-19T04:39:34Z,2024-11-06T12:50:37Z
P-04396,NR-DRV-04396,Compact Planetary Gearbox CA-752,Drivetrain,Planetary Gearbox,179060,12304,W-02,true,2022-09-03T08:19:20Z,2023-05-30T17:12:20Z
P-04397,NR-EFF-04397,Quiet-Drive Vacuum Gripper DN-789,End Effectors,Vacuum Gripper,316725,7682,W-01,true,2023-05-09T20:00:13Z,2024-03-28T04:32:46Z
P-04398,NR-FRM-04398,Sealed Base Plate EA-826,Frames and Structure,Base Plate,30508,17369,W-05,true,2022-06-03T01:25:11Z,2022-11-25T09:39:41Z
P-04399,NR-PWR-04399,Industrial Power Supply Unit FN-863,Power Systems,Power Supply Unit,185974,1422,W-06,true,2023-09-07T20:45:44Z,2024-01-08T14:47:46Z
P-04400,NR-SEN-04400,Precision Thermal Camera Module GA-900,Sensors,Thermal Camera Module,186135,1904,W-07,true,2022-02-24T16:39:23Z,2022-04-11T14:22:20Z
P-04401,NR-ACT-04401,Modular Rotary Actuator HN-937,Actuators,Rotary Actuator,356368,16739,W-06,true,2022-09-11T19:50:49Z,2023-02-11T06:07:19Z
P-04402,NR-CBL-04402,High-Torque Servo Cable IA-974,Cabling and Connectors,Servo Cable,7458,3528,W-04,true,2024-09-19T04:39:11Z,2025-08-08T00:02:32Z
P-04403,NR-CTL-04403,Heavy-Duty Edge Compute Node JN-111,Controllers,Edge Compute Node,494396,5945,W-08,true,2021-12-04T07:54:44Z,2022-05-04T18:11:52Z
P-04404,NR-DRV-04404,Rapid-Cycle Timing Belt KA-148,Drivetrain,Timing Belt,163517,8266,W-01,true,2022-07-19T00:13:20Z,2022-10-18T00:51:51Z
P-04405,NR-EFF-04405,Low-Backlash Welding Torch LN-185,End Effectors,Welding Torch,239346,150,W-04,true,2024-09-15T11:01:54Z,2025-04-29T02:10:00Z
P-04406,NR-FRM-04406,Compact Gantry Beam MA-222,Frames and Structure,Gantry Beam,48478,27739,W-04,true,2022-02-16T21:03:09Z,2022-09-10T16:34:32Z
P-04407,NR-PWR-04407,Quiet-Drive Motor Driver NN-259,Power Systems,Motor Driver,106316,14653,W-05,true,2021-09-16T23:02:51Z,2021-11-18T21:59:24Z
P-04408,NR-SEN-04408,Sealed LIDAR Unit OA-296,Sensors,LIDAR Unit,93199,974,W-05,true,2023-08-30T14:50:12Z,2024-04-19T19:59:33Z
P-04409,NR-ACT-04409,Industrial Stepper Motor PN-333,Actuators,Stepper Motor,139196,15629,W-01,true,2023-08-28T09:54:50Z,2023-11-22T19:38:33Z
P-04410,NR-CBL-04410,Precision EtherCAT Cable QA-370,Cabling and Connectors,EtherCAT Cable,13421,3532,W-03,true,2023-09-24T19:36:53Z,2024-02-06T16:27:07Z
P-04411,NR-CTL-04411,Modular IO Expansion Board RN-407,Controllers,IO Expansion Board,725117,2804,W-06,true,2023-07-16T05:08:07Z,2024-08-08T10:28:09Z
P-04412,NR-DRV-04412,High-Torque Ball Screw SA-444,Drivetrain,Ball Screw,231005,7415,W-04,true,2022-05-18T02:05:30Z,2022-10-31T14:56:25Z
P-04413,NR-EFF-04413,Heavy-Duty Tool Changer TN-481,End Effectors,Tool Changer,156175,2705,W-07,true,2023-09-30T04:50:00Z,2023-12-31T01:16:09Z
P-04414,NR-FRM-04414,Rapid-Cycle Mounting Bracket UA-518,Frames and Structure,Mounting Bracket,16588,52720,W-03,true,2024-06-11T13:07:55Z,2024-09-12T03:43:42Z
P-04415,NR-PWR-04415,Low-Backlash DC-DC Converter VN-555,Power Systems,DC-DC Converter,115446,18000,W-07,true,2021-12-09T03:11:18Z,2022-07-13T00:43:18Z
P-04416,NR-SEN-04416,Compact Force-Torque Sensor WA-592,Sensors,Force-Torque Sensor,60048,1902,W-04,true,2022-12-25T04:29:55Z,2023-05-07T09:47:38Z
P-04417,NR-ACT-04417,Quiet-Drive Servo Motor XN-629,Actuators,Servo Motor,221205,20047,W-05,true,2023-02-21T15:37:01Z,2023-05-03T22:42:28Z
P-04418,NR-CBL-04418,Sealed Cable Chain YA-666,Cabling and Connectors,Cable Chain,10029,2788,W-03,true,2022-01-06T16:05:54Z,2023-01-13T06:08:11Z
P-04419,NR-CTL-04419,Industrial Motion Controller ZN-703,Controllers,Motion Controller,140017,3931,W-08,true,2022-04-25T07:08:58Z,2022-10-01T23:35:21Z
P-04420,NR-DRV-04420,Precision Harmonic Reducer AA-740,Drivetrain,Harmonic Reducer,169624,100,W-06,true,2023-09-09T15:06:06Z,2024-07-28T13:28:48Z
P-04421,NR-EFF-04421,Modular Parallel Gripper BN-777,End Effectors,Parallel Gripper,382564,6332,W-06,true,2021-02-11T03:25:50Z,2021-12-01T10:46:31Z
P-04422,NR-FRM-04422,High-Torque Aluminum Extrusion CA-814,Frames and Structure,Aluminum Extrusion,50497,11610,W-01,true,2022-11-24T15:23:02Z,2023-07-23T01:05:48Z
P-04423,NR-PWR-04423,Heavy-Duty Battery Pack DN-851,Power Systems,Battery Pack,28699,3376,W-08,true,2024-05-21T05:37:22Z,2024-07-09T20:05:14Z
P-04424,NR-SEN-04424,Rapid-Cycle Proximity Sensor EA-888,Sensors,Proximity Sensor,69747,1643,W-01,true,2021-01-14T21:50:14Z,2021-12-10T19:34:35Z
P-04425,NR-ACT-04425,Low-Backlash Linear Actuator FN-925,Actuators,Linear Actuator,397931,15551,W-03,true,2023-06-23T00:44:41Z,2023-06-30T00:18:23Z
P-04426,NR-CBL-04426,Compact M12 Connector GA-962,Cabling and Connectors,M12 Connector,13965,3290,W-04,true,2024-02-04T14:00:44Z,2024-07-01T22:42:43Z
P-04427,NR-CTL-04427,Quiet-Drive PLC Module HN-999,Controllers,PLC Module,519792,4969,W-06,true,2021-10-18T21:03:07Z,2022-10-27T04:02:38Z
P-04428,NR-DRV-04428,Sealed Planetary Gearbox IA-136,Drivetrain,Planetary Gearbox,278456,14913,W-03,true,2024-08-29T01:02:53Z,2025-09-30T06:55:58Z
P-04429,NR-EFF-04429,Industrial Vacuum Gripper JN-173,End Effectors,Vacuum Gripper,424858,5073,W-01,true,2021-04-04T07:52:01Z,2022-02-02T02:41:55Z
P-04430,NR-FRM-04430,Precision Base Plate KA-210,Frames and Structure,Base Plate,52683,22740,W-07,true,2021-02-26T23:45:51Z,2022-02-20T21:48:31Z
P-04431,NR-PWR-04431,Modular Power Supply Unit LN-247,Power Systems,Power Supply Unit,51074,3984,W-05,true,2022-02-10T20:47:49Z,2022-06-18T04:36:41Z
P-04432,NR-SEN-04432,High-Torque Rotary Encoder MA-284,Sensors,Rotary Encoder,179504,1825,W-02,true,2022-03-09T06:27:17Z,2022-10-04T17:46:28Z
P-04433,NR-ACT-04433,Heavy-Duty Rotary Actuator NN-321,Actuators,Rotary Actuator,303547,15274,W-03,true,2023-01-29T14:32:44Z,2023-06-10T07:44:38Z
P-04434,NR-CBL-04434,Rapid-Cycle Servo Cable OA-358,Cabling and Connectors,Servo Cable,7797,3927,W-05,true,2022-07-04T20:45:54Z,2023-04-16T20:46:21Z
P-04435,NR-CTL-04435,Low-Backlash Edge Compute Node PN-395,Controllers,Edge Compute Node,627727,7623,W-07,true,2024-01-06T21:47:31Z,2024-08-06T03:44:16Z
P-04436,NR-DRV-04436,Compact Timing Belt QA-432,Drivetrain,Timing Belt,104707,8430,W-04,true,2021-11-28T09:53:40Z,2022-12-13T20:00:43Z
P-04437,NR-EFF-04437,Quiet-Drive Welding Torch RN-469,End Effectors,Welding Torch,205476,2196,W-02,true,2021-02-14T14:33:50Z,2021-11-05T16:53:18Z
P-04438,NR-FRM-04438,Sealed Gantry Beam SA-506,Frames and Structure,Gantry Beam,32249,45838,W-02,true,2023-07-23T08:08:04Z,2024-01-01T15:43:14Z
P-04439,NR-PWR-04439,Industrial Motor Driver TN-543,Power Systems,Motor Driver,77117,12130,W-05,true,2023-08-31T01:04:46Z,2023-11-16T11:42:55Z
P-04440,NR-SEN-04440,Precision Thermal Camera Module UA-580,Sensors,Thermal Camera Module,247929,2052,W-05,true,2023-04-12T20:20:34Z,2023-07-02T03:25:38Z
P-04441,NR-ACT-04441,Modular Stepper Motor VN-617,Actuators,Stepper Motor,156676,19686,W-07,true,2022-01-03T04:57:24Z,2022-09-25T01:39:35Z
P-04442,NR-CBL-04442,High-Torque EtherCAT Cable WA-654,Cabling and Connectors,EtherCAT Cable,11512,1825,W-07,true,2023-04-05T11:23:01Z,2024-01-06T15:35:21Z
P-04443,NR-CTL-04443,Heavy-Duty IO Expansion Board XN-691,Controllers,IO Expansion Board,496470,1590,W-08,true,2021-01-24T10:09:41Z,2021-12-15T23:34:04Z
P-04444,NR-DRV-04444,Rapid-Cycle Ball Screw YA-728,Drivetrain,Ball Screw,195661,10648,W-04,true,2022-09-03T04:29:20Z,2022-09-16T11:05:25Z
P-04445,NR-EFF-04445,Low-Backlash Tool Changer ZN-765,End Effectors,Tool Changer,345778,4618,W-01,true,2021-05-16T06:18:02Z,2021-06-29T11:44:51Z
P-04446,NR-FRM-04446,Compact Mounting Bracket AA-802,Frames and Structure,Mounting Bracket,54729,36767,W-01,true,2021-08-01T11:27:06Z,2022-05-23T09:22:43Z
P-04447,NR-PWR-04447,Quiet-Drive DC-DC Converter BN-839,Power Systems,DC-DC Converter,94168,15127,W-07,true,2024-09-23T12:23:30Z,2025-01-02T23:59:29Z
P-04448,NR-SEN-04448,Sealed LIDAR Unit CA-876,Sensors,LIDAR Unit,195044,1129,W-05,true,2022-06-27T05:08:58Z,2022-12-26T01:42:12Z
P-04449,NR-ACT-04449,Industrial Servo Motor DN-913,Actuators,Servo Motor,186737,15901,W-01,true,2022-03-06T09:40:39Z,2022-09-12T01:22:28Z
P-04450,NR-CBL-04450,Precision Cable Chain EA-950,Cabling and Connectors,Cable Chain,3680,2206,W-04,true,2022-11-26T19:08:41Z,2023-10-16T23:13:49Z
P-04451,NR-CTL-04451,Modular Motion Controller FN-987,Controllers,Motion Controller,900000,2287,W-07,true,2021-12-14T05:01:12Z,2022-12-26T13:44:49Z
P-04452,NR-DRV-04452,High-Torque Harmonic Reducer GA-124,Drivetrain,Harmonic Reducer,224481,5548,W-02,true,2024-03-10T22:44:48Z,2024-07-09T02:44:41Z
P-04453,NR-EFF-04453,Heavy-Duty Parallel Gripper HN-161,End Effectors,Parallel Gripper,218813,7660,W-05,true,2024-03-02T11:51:53Z,2024-10-14T02:03:18Z
P-04454,NR-FRM-04454,Rapid-Cycle Aluminum Extrusion IA-198,Frames and Structure,Aluminum Extrusion,10739,43071,W-03,true,2023-02-03T22:39:31Z,2023-10-14T02:01:44Z
P-04455,NR-PWR-04455,Low-Backlash Battery Pack JN-235,Power Systems,Battery Pack,144639,489,W-05,true,2023-09-13T17:13:23Z,2024-01-27T18:21:53Z
P-04456,NR-SEN-04456,Compact Force-Torque Sensor KA-272,Sensors,Force-Torque Sensor,86037,991,W-07,true,2021-09-09T19:50:37Z,2022-02-19T04:21:45Z
P-04457,NR-ACT-04457,Quiet-Drive Linear Actuator LN-309,Actuators,Linear Actuator,257408,5907,W-08,true,2023-06-28T10:57:08Z,2023-08-08T10:00:37Z
P-04458,NR-CBL-04458,Sealed M12 Connector MA-346,Cabling and Connectors,M12 Connector,11914,3444,W-04,true,2022-11-11T21:01:21Z,2022-11-12T14:11:57Z
P-04459,NR-CTL-04459,Industrial PLC Module NN-383,Controllers,PLC Module,621572,5263,W-03,true,2024-01-15T22:26:29Z,2024-03-19T17:47:37Z
P-04460,NR-DRV-04460,Precision Planetary Gearbox OA-420,Drivetrain,Planetary Gearbox,243421,6455,W-03,true,2022-05-12T21:56:49Z,2023-05-12T19:23:04Z
P-04461,NR-EFF-04461,Modular Vacuum Gripper PN-457,End Effectors,Vacuum Gripper,321404,4728,W-05,true,2021-11-10T08:31:48Z,2022-11-19T19:02:50Z
P-04462,NR-FRM-04462,High-Torque Base Plate QA-494,Frames and Structure,Base Plate,30590,38179,W-05,true,2022-10-11T03:29:03Z,2022-12-04T18:24:06Z
P-04463,NR-PWR-04463,Heavy-Duty Power Supply Unit RN-531,Power Systems,Power Supply Unit,90059,15691,W-08,true,2021-04-03T12:12:51Z,2022-05-05T12:13:10Z
P-04464,NR-SEN-04464,Rapid-Cycle Proximity Sensor SA-568,Sensors,Proximity Sensor,144535,1909,W-04,true,2024-10-07T00:33:31Z,2025-08-19T15:05:11Z
P-04465,NR-ACT-04465,Low-Backlash Rotary Actuator TN-605,Actuators,Rotary Actuator,350632,14246,W-03,true,2021-10-21T09:02:28Z,2022-10-04T23:43:07Z
P-04466,NR-CBL-04466,Compact Servo Cable UA-642,Cabling and Connectors,Servo Cable,9079,2498,W-05,true,2023-07-27T02:07:49Z,2023-12-20T13:46:27Z
P-04467,NR-CTL-04467,Quiet-Drive Edge Compute Node VN-679,Controllers,Edge Compute Node,280971,1844,W-02,true,2024-01-11T21:29:44Z,2024-03-03T03:01:04Z
P-04468,NR-DRV-04468,Sealed Timing Belt WA-716,Drivetrain,Timing Belt,23741,8353,W-03,true,2022-01-16T22:02:56Z,2022-06-23T01:47:54Z
P-04469,NR-EFF-04469,Industrial Welding Torch XN-753,End Effectors,Welding Torch,454651,5631,W-03,true,2024-06-20T08:55:48Z,2025-04-06T15:17:23Z
P-04470,NR-FRM-04470,Precision Gantry Beam YA-790,Frames and Structure,Gantry Beam,38838,36372,W-07,true,2023-10-11T22:06:13Z,2024-09-09T19:44:45Z
P-04471,NR-PWR-04471,Modular Motor Driver ZN-827,Power Systems,Motor Driver,163951,10038,W-06,true,2024-11-27T02:39:06Z,2025-04-30T20:19:01Z
P-04472,NR-SEN-04472,High-Torque Rotary Encoder AA-864,Sensors,Rotary Encoder,224356,2273,W-01,true,2023-11-29T19:05:25Z,2024-01-20T16:35:41Z
P-04473,NR-ACT-04473,Heavy-Duty Stepper Motor BN-901,Actuators,Stepper Motor,311560,11985,W-02,true,2024-01-29T10:56:12Z,2024-12-15T09:27:34Z
P-04474,NR-CBL-04474,Rapid-Cycle EtherCAT Cable CA-938,Cabling and Connectors,EtherCAT Cable,3584,2014,W-06,true,2024-08-18T13:45:52Z,2025-07-07T17:16:15Z
P-04475,NR-CTL-04475,Low-Backlash IO Expansion Board DN-975,Controllers,IO Expansion Board,165558,9000,W-08,true,2022-06-26T12:31:23Z,2023-02-13T14:28:09Z
P-04476,NR-DRV-04476,Compact Ball Screw EA-112,Drivetrain,Ball Screw,90911,14328,W-08,true,2023-02-23T08:20:03Z,2023-05-20T10:17:40Z
P-04477,NR-EFF-04477,Quiet-Drive Tool Changer FN-149,End Effectors,Tool Changer,87124,2568,W-04,true,2024-04-13T12:16:24Z,2024-07-08T18:11:43Z
P-04478,NR-FRM-04478,Sealed Mounting Bracket GA-186,Frames and Structure,Mounting Bracket,45891,33253,W-01,true,2023-06-11T23:39:52Z,2024-02-11T18:11:26Z
P-04479,NR-PWR-04479,Industrial DC-DC Converter HN-223,Power Systems,DC-DC Converter,96507,11454,W-06,true,2024-02-11T11:24:34Z,2024-05-26T13:28:29Z
P-04480,NR-SEN-04480,Precision Thermal Camera Module IA-260,Sensors,Thermal Camera Module,173666,2377,W-02,true,2023-11-21T08:19:42Z,2024-01-14T14:06:37Z
P-04481,NR-ACT-04481,Modular Servo Motor JN-297,Actuators,Servo Motor,172881,18498,W-01,true,2024-05-05T04:17:28Z,2024-05-27T07:25:04Z
P-04482,NR-CBL-04482,High-Torque Cable Chain KA-334,Cabling and Connectors,Cable Chain,5656,2127,W-03,true,2021-08-04T07:55:31Z,2022-06-28T13:30:10Z
P-04483,NR-CTL-04483,Heavy-Duty Motion Controller LN-371,Controllers,Motion Controller,697132,4858,W-03,true,2021-07-11T12:48:37Z,2022-02-27T04:25:43Z
P-04484,NR-DRV-04484,Rapid-Cycle Harmonic Reducer MA-408,Drivetrain,Harmonic Reducer,142922,11711,W-03,true,2024-12-19T15:48:48Z,2025-11-10T22:24:08Z
P-04485,NR-EFF-04485,Low-Backlash Parallel Gripper NN-445,End Effectors,Parallel Gripper,407359,5108,W-03,true,2022-02-01T02:10:33Z,2022-05-17T13:51:12Z
P-04486,NR-FRM-04486,Compact Aluminum Extrusion OA-482,Frames and Structure,Aluminum Extrusion,2664,39112,W-02,true,2021-09-28T17:03:57Z,2022-05-05T15:34:13Z
P-04487,NR-PWR-04487,Quiet-Drive Battery Pack PN-519,Power Systems,Battery Pack,202260,11004,W-05,true,2022-06-20T17:55:55Z,2022-10-29T00:37:23Z
P-04488,NR-SEN-04488,Sealed LIDAR Unit QA-556,Sensors,LIDAR Unit,132624,1321,W-06,true,2021-11-17T09:22:34Z,2022-11-04T23:37:45Z
P-04489,NR-ACT-04489,Industrial Linear Actuator RN-593,Actuators,Linear Actuator,181074,11819,W-01,true,2023-04-15T05:17:37Z,2023-11-06T15:19:35Z
P-04490,NR-CBL-04490,Precision M12 Connector SA-630,Cabling and Connectors,M12 Connector,1498,1678,W-08,true,2024-10-15T02:13:27Z,2025-06-05T05:32:10Z
P-04491,NR-CTL-04491,Modular PLC Module TN-667,Controllers,PLC Module,561926,2855,W-03,true,2024-02-01T14:28:44Z,2024-10-17T21:12:48Z
P-04492,NR-DRV-04492,High-Torque Planetary Gearbox UA-704,Drivetrain,Planetary Gearbox,155305,6567,W-01,true,2024-06-22T09:18:52Z,2025-04-24T02:14:49Z
P-04493,NR-EFF-04493,Heavy-Duty Vacuum Gripper VN-741,End Effectors,Vacuum Gripper,198602,4018,W-04,true,2024-04-07T04:48:21Z,2024-12-12T20:41:23Z
P-04494,NR-FRM-04494,Rapid-Cycle Base Plate WA-778,Frames and Structure,Base Plate,63414,52116,W-03,true,2021-04-23T16:52:16Z,2022-02-05T09:39:05Z
P-04495,NR-PWR-04495,Low-Backlash Power Supply Unit XN-815,Power Systems,Power Supply Unit,187533,17019,W-04,true,2022-07-22T18:00:56Z,2023-04-05T06:01:06Z
P-04496,NR-SEN-04496,Compact Force-Torque Sensor YA-852,Sensors,Force-Torque Sensor,148553,3500,W-02,true,2023-01-01T00:06:48Z,2024-01-15T02:21:24Z
P-04497,NR-ACT-04497,Quiet-Drive Rotary Actuator ZN-889,Actuators,Rotary Actuator,150998,8293,W-04,true,2023-11-30T21:16:12Z,2024-07-21T21:11:06Z
P-04498,NR-CBL-04498,Sealed Servo Cable AA-926,Cabling and Connectors,Servo Cable,1477,3664,W-02,true,2021-08-11T12:51:01Z,2022-05-05T12:06:31Z
P-04499,NR-CTL-04499,Industrial Edge Compute Node BN-963,Controllers,Edge Compute Node,759032,2610,W-02,true,2023-12-10T17:30:59Z,2024-08-07T04:38:39Z
P-04500,NR-DRV-04500,Precision Timing Belt CA-100,Drivetrain,Timing Belt,129832,3969,W-05,true,2023-02-09T09:38:18Z,2023-08-15T20:02:51Z
P-04501,NR-EFF-04501,Modular Welding Torch DN-137,End Effectors,Welding Torch,225284,11806,W-08,true,2021-06-14T10:13:13Z,2022-05-01T16:23:02Z
P-04502,NR-FRM-04502,High-Torque Gantry Beam EA-174,Frames and Structure,Gantry Beam,64525,42903,W-03,true,2023-07-02T12:03:45Z,2023-10-09T12:53:04Z
P-04503,NR-PWR-04503,Heavy-Duty Motor Driver FN-211,Power Systems,Motor Driver,159967,2123,W-04,true,2022-06-28T18:49:06Z,2023-07-07T17:21:04Z
P-04504,NR-SEN-04504,Rapid-Cycle Proximity Sensor GA-248,Sensors,Proximity Sensor,133637,2248,W-06,true,2021-10-06T08:23:50Z,2022-10-31T21:58:32Z
P-04505,NR-ACT-04505,Low-Backlash Stepper Motor HN-285,Actuators,Stepper Motor,194014,3427,W-07,true,2024-03-27T01:19:09Z,2025-01-31T10:38:15Z
P-04506,NR-CBL-04506,Compact EtherCAT Cable IA-322,Cabling and Connectors,EtherCAT Cable,300,2140,W-04,true,2022-07-06T13:28:46Z,2022-08-16T03:06:20Z
P-04507,NR-CTL-04507,Quiet-Drive IO Expansion Board JN-359,Controllers,IO Expansion Board,60275,6754,W-03,true,2024-02-28T18:26:40Z,2025-02-26T08:23:12Z
P-04508,NR-DRV-04508,Sealed Ball Screw KA-396,Drivetrain,Ball Screw,236819,9652,W-03,true,2021-05-06T18:03:59Z,2022-03-30T00:56:06Z
P-04509,NR-EFF-04509,Industrial Tool Changer LN-433,End Effectors,Tool Changer,10000,10492,W-04,false,2023-05-29T17:49:26Z,2023-12-01T18:41:08Z
P-04510,NR-FRM-04510,Precision Mounting Bracket MA-470,Frames and Structure,Mounting Bracket,12642,42039,W-01,true,2023-09-21T00:05:50Z,2023-10-01T23:53:27Z
P-04511,NR-PWR-04511,Modular DC-DC Converter NN-507,Power Systems,DC-DC Converter,58471,16826,W-03,true,2022-10-05T01:42:40Z,2023-01-03T14:40:45Z
P-04512,NR-SEN-04512,High-Torque Rotary Encoder OA-544,Sensors,Rotary Encoder,172445,1509,W-04,true,2022-10-08T04:28:46Z,2023-03-03T02:48:38Z
P-04513,NR-ACT-04513,Heavy-Duty Servo Motor PN-581,Actuators,Servo Motor,264919,15077,W-01,true,2023-03-05T10:30:22Z,2023-06-28T20:26:14Z
P-04514,NR-CBL-04514,Rapid-Cycle Cable Chain QA-618,Cabling and Connectors,Cable Chain,4139,2979,W-08,true,2021-05-07T15:26:31Z,2021-08-28T12:29:02Z
P-04515,NR-CTL-04515,Low-Backlash Motion Controller RN-655,Controllers,Motion Controller,316129,2862,W-01,true,2024-10-17T15:28:19Z,2025-06-16T21:31:26Z
P-04516,NR-DRV-04516,Compact Harmonic Reducer SA-692,Drivetrain,Harmonic Reducer,42300,5306,W-03,true,2023-05-10T17:57:45Z,2024-01-02T00:08:58Z
P-04517,NR-EFF-04517,Quiet-Drive Parallel Gripper TN-729,End Effectors,Parallel Gripper,97669,5457,W-06,true,2021-05-13T11:16:07Z,2022-04-08T11:11:07Z
P-04518,NR-FRM-04518,Sealed Aluminum Extrusion UA-766,Frames and Structure,Aluminum Extrusion,47118,28043,W-05,true,2021-03-21T03:33:46Z,2021-10-08T23:54:18Z
P-04519,NR-PWR-04519,Industrial Battery Pack VN-803,Power Systems,Battery Pack,111878,4833,W-08,true,2022-06-24T21:24:10Z,2022-08-24T22:15:41Z
P-04520,NR-SEN-04520,Precision Thermal Camera Module WA-840,Sensors,Thermal Camera Module,119574,1981,W-01,true,2021-07-28T09:13:00Z,2022-08-07T06:57:55Z
P-04521,NR-ACT-04521,Modular Linear Actuator XN-877,Actuators,Linear Actuator,204025,18234,W-04,true,2022-08-30T13:08:48Z,2023-02-04T20:14:40Z
P-04522,NR-CBL-04522,High-Torque M12 Connector YA-914,Cabling and Connectors,M12 Connector,13709,1723,W-08,true,2023-02-20T11:11:05Z,2024-01-16T18:22:07Z
P-04523,NR-CTL-04523,Heavy-Duty PLC Module ZN-951,Controllers,PLC Module,491319,9000,W-02,true,2022-07-18T14:56:17Z,2023-04-13T06:57:13Z
P-04524,NR-DRV-04524,Rapid-Cycle Planetary Gearbox AA-988,Drivetrain,Planetary Gearbox,190691,11202,W-03,true,2021-09-27T22:52:02Z,2022-02-24T14:05:22Z
P-04525,NR-EFF-04525,Low-Backlash Vacuum Gripper BN-125,End Effectors,Vacuum Gripper,333962,6220,W-06,true,2023-09-24T00:40:14Z,2024-06-24T01:04:10Z
P-04526,NR-FRM-04526,Compact Base Plate CA-162,Frames and Structure,Base Plate,22170,31123,W-07,true,2023-08-03T11:21:12Z,2024-03-30T18:45:50Z
P-04527,NR-PWR-04527,Quiet-Drive Power Supply Unit DN-199,Power Systems,Power Supply Unit,128665,8841,W-02,true,2024-07-25T22:28:51Z,2024-08-22T09:10:04Z
P-04528,NR-SEN-04528,Sealed LIDAR Unit EA-236,Sensors,LIDAR Unit,178760,3167,W-08,true,2021-12-05T15:41:17Z,2022-03-14T15:43:59Z
P-04529,NR-ACT-04529,Industrial Rotary Actuator FN-273,Actuators,Rotary Actuator,184870,17337,W-03,true,2023-12-16T06:41:03Z,2024-10-07T03:51:57Z
P-04530,NR-CBL-04530,Precision Servo Cable GA-310,Cabling and Connectors,Servo Cable,9392,3713,W-01,true,2021-12-23T03:44:26Z,2022-09-14T10:31:10Z
P-04531,NR-CTL-04531,Modular Edge Compute Node HN-347,Controllers,Edge Compute Node,510182,3893,W-04,true,2022-01-13T05:32:16Z,2022-01-15T19:09:49Z
P-04532,NR-DRV-04532,High-Torque Timing Belt IA-384,Drivetrain,Timing Belt,142739,3912,W-02,true,2022-10-04T16:41:37Z,2023-01-20T11:00:06Z
P-04533,NR-EFF-04533,Heavy-Duty Welding Torch JN-421,End Effectors,Welding Torch,171739,2843,W-03,true,2023-10-30T11:02:48Z,2023-12-19T05:29:25Z
P-04534,NR-FRM-04534,Rapid-Cycle Gantry Beam KA-458,Frames and Structure,Gantry Beam,38855,23850,W-05,true,2021-05-03T02:29:51Z,2022-04-30T13:09:43Z
P-04535,NR-PWR-04535,Low-Backlash Motor Driver LN-495,Power Systems,Motor Driver,44654,9690,W-01,true,2022-10-21T12:05:27Z,2023-08-16T11:51:04Z
P-04536,NR-SEN-04536,Compact Force-Torque Sensor MA-532,Sensors,Force-Torque Sensor,96927,2301,W-05,true,2023-02-27T18:44:18Z,2023-04-25T23:26:40Z
P-04537,NR-ACT-04537,Quiet-Drive Stepper Motor NN-569,Actuators,Stepper Motor,194978,8634,W-01,true,2022-03-11T18:43:23Z,2022-11-27T23:34:22Z
P-04538,NR-CBL-04538,Sealed EtherCAT Cable OA-606,Cabling and Connectors,EtherCAT Cable,10107,2047,W-06,true,2024-01-20T00:22:24Z,2024-06-02T09:56:03Z
P-04539,NR-CTL-04539,Industrial IO Expansion Board PN-643,Controllers,IO Expansion Board,316092,2085,W-02,true,2023-02-02T01:41:44Z,2023-11-09T15:27:18Z
P-04540,NR-DRV-04540,Precision Ball Screw QA-680,Drivetrain,Ball Screw,201785,12722,W-08,true,2021-06-17T05:42:00Z,2021-11-20T06:10:08Z
P-04541,NR-EFF-04541,Modular Tool Changer RN-717,End Effectors,Tool Changer,307196,7939,W-05,true,2023-12-07T17:59:20Z,2024-11-19T21:17:54Z
P-04542,NR-FRM-04542,High-Torque Mounting Bracket SA-754,Frames and Structure,Mounting Bracket,57692,26363,W-02,true,2023-06-24T04:18:07Z,2024-03-16T01:18:12Z
P-04543,NR-PWR-04543,Heavy-Duty DC-DC Converter TN-791,Power Systems,DC-DC Converter,233574,11467,W-01,true,2022-09-18T17:47:01Z,2023-10-13T03:09:47Z
P-04544,NR-SEN-04544,Rapid-Cycle Proximity Sensor UA-828,Sensors,Proximity Sensor,129015,1849,W-02,true,2024-08-26T01:09:50Z,2025-07-01T04:44:17Z
P-04545,NR-ACT-04545,Low-Backlash Servo Motor VN-865,Actuators,Servo Motor,189788,15071,W-08,true,2023-07-27T17:02:57Z,2023-09-21T19:52:03Z
P-04546,NR-CBL-04546,Compact Cable Chain WA-902,Cabling and Connectors,Cable Chain,5480,2003,W-02,true,2024-10-29T06:20:10Z,2025-03-09T17:21:11Z
P-04547,NR-CTL-04547,Quiet-Drive Motion Controller XN-939,Controllers,Motion Controller,863900,2093,W-03,true,2022-03-06T14:03:03Z,2023-03-04T03:55:37Z
P-04548,NR-DRV-04548,Sealed Harmonic Reducer YA-976,Drivetrain,Harmonic Reducer,95028,8928,W-06,true,2024-02-02T14:51:30Z,2024-04-08T13:28:34Z
P-04549,NR-EFF-04549,Industrial Parallel Gripper ZN-113,End Effectors,Parallel Gripper,159338,7579,W-06,true,2021-08-02T20:33:48Z,2022-09-01T13:03:09Z
P-04550,NR-FRM-04550,Precision Aluminum Extrusion AA-150,Frames and Structure,Aluminum Extrusion,50617,25074,W-05,true,2024-06-04T10:57:03Z,2025-03-31T20:06:10Z
P-04551,NR-PWR-04551,Modular Battery Pack BN-187,Power Systems,Battery Pack,189070,12731,W-03,true,2024-01-06T12:21:18Z,2024-01-24T22:06:59Z
P-04552,NR-SEN-04552,High-Torque Rotary Encoder CA-224,Sensors,Rotary Encoder,294635,366,W-05,true,2022-02-14T09:29:51Z,2022-10-02T16:42:23Z
P-04553,NR-ACT-04553,Heavy-Duty Linear Actuator DN-261,Actuators,Linear Actuator,311177,21015,W-08,true,2022-05-12T20:29:38Z,2023-05-03T14:34:31Z
P-04554,NR-CBL-04554,Rapid-Cycle M12 Connector EA-298,Cabling and Connectors,M12 Connector,1016,2229,W-05,true,2021-04-30T08:12:52Z,2021-10-31T23:30:32Z
P-04555,NR-CTL-04555,Low-Backlash PLC Module FN-335,Controllers,PLC Module,698879,3330,W-08,true,2022-06-13T01:44:52Z,2022-06-25T20:30:20Z
P-04556,NR-DRV-04556,Compact Planetary Gearbox GA-372,Drivetrain,Planetary Gearbox,214297,100,W-05,true,2023-06-25T01:40:06Z,2023-09-03T06:55:12Z
P-04557,NR-EFF-04557,Quiet-Drive Vacuum Gripper HN-409,End Effectors,Vacuum Gripper,201638,2310,W-06,true,2023-03-12T21:46:49Z,2023-08-05T13:11:04Z
P-04558,NR-FRM-04558,Sealed Base Plate IA-446,Frames and Structure,Base Plate,49388,38150,W-08,false,2024-03-21T15:16:39Z,2024-08-14T20:52:23Z
P-04559,NR-PWR-04559,Industrial Power Supply Unit JN-483,Power Systems,Power Supply Unit,119503,9621,W-07,true,2022-03-19T09:15:19Z,2022-05-25T22:18:47Z
P-04560,NR-SEN-04560,Precision Thermal Camera Module KA-520,Sensors,Thermal Camera Module,199850,2557,W-07,true,2023-05-23T21:55:24Z,2024-02-02T00:59:14Z
P-04561,NR-ACT-04561,Modular Rotary Actuator LN-557,Actuators,Rotary Actuator,179536,6318,W-03,true,2024-12-25T02:38:03Z,2025-11-30T13:54:03Z
P-04562,NR-CBL-04562,High-Torque Servo Cable MA-594,Cabling and Connectors,Servo Cable,11242,3122,W-07,true,2024-11-04T01:06:02Z,2025-04-26T15:20:34Z
P-04563,NR-CTL-04563,Heavy-Duty Edge Compute Node NN-631,Controllers,Edge Compute Node,771397,3119,W-03,true,2021-09-03T08:33:12Z,2021-09-12T05:11:13Z
P-04564,NR-DRV-04564,Rapid-Cycle Timing Belt OA-668,Drivetrain,Timing Belt,183924,2664,W-03,true,2023-01-11T13:59:51Z,2023-12-10T11:52:25Z
P-04565,NR-EFF-04565,Low-Backlash Welding Torch PN-705,End Effectors,Welding Torch,386293,5643,W-08,true,2022-11-21T09:59:55Z,2023-05-14T01:10:59Z
P-04566,NR-FRM-04566,Compact Gantry Beam QA-742,Frames and Structure,Gantry Beam,36849,41085,W-06,false,2022-08-07T01:30:47Z,2023-05-14T22:10:26Z
P-04567,NR-PWR-04567,Quiet-Drive Motor Driver RN-779,Power Systems,Motor Driver,125141,9193,W-07,true,2023-12-19T00:07:38Z,2023-12-20T22:55:25Z
P-04568,NR-SEN-04568,Sealed LIDAR Unit SA-816,Sensors,LIDAR Unit,92393,2805,W-06,true,2022-03-22T20:13:26Z,2022-08-20T08:40:11Z
P-04569,NR-ACT-04569,Industrial Stepper Motor TN-853,Actuators,Stepper Motor,125639,7881,W-04,true,2022-08-31T13:01:17Z,2023-08-16T12:39:12Z
P-04570,NR-CBL-04570,Precision EtherCAT Cable UA-890,Cabling and Connectors,EtherCAT Cable,8479,2716,W-05,true,2023-07-17T09:29:14Z,2023-07-21T18:34:46Z
P-04571,NR-CTL-04571,Modular IO Expansion Board VN-927,Controllers,IO Expansion Board,158588,2723,W-07,true,2022-10-24T07:30:36Z,2023-11-12T21:51:14Z
P-04572,NR-DRV-04572,High-Torque Ball Screw WA-964,Drivetrain,Ball Screw,176500,4783,W-05,true,2023-03-15T21:12:28Z,2024-04-09T06:36:21Z
P-04573,NR-EFF-04573,Heavy-Duty Tool Changer XN-101,End Effectors,Tool Changer,198051,6736,W-02,true,2021-05-27T19:56:45Z,2021-09-10T22:19:30Z
P-04574,NR-FRM-04574,Rapid-Cycle Mounting Bracket YA-138,Frames and Structure,Mounting Bracket,75306,24849,W-01,true,2022-10-14T18:49:14Z,2023-01-22T00:48:37Z
P-04575,NR-PWR-04575,Low-Backlash DC-DC Converter ZN-175,Power Systems,DC-DC Converter,56051,18000,W-06,true,2023-05-26T10:41:24Z,2024-02-05T00:56:15Z
P-04576,NR-SEN-04576,Compact Force-Torque Sensor AA-212,Sensors,Force-Torque Sensor,91924,1689,W-02,true,2022-08-23T19:03:08Z,2022-11-26T16:05:48Z
P-04577,NR-ACT-04577,Quiet-Drive Servo Motor BN-249,Actuators,Servo Motor,305859,4765,W-03,true,2021-01-21T04:31:47Z,2021-02-21T22:41:13Z
P-04578,NR-CBL-04578,Sealed Cable Chain CA-286,Cabling and Connectors,Cable Chain,15000,2360,W-07,false,2024-12-08T06:33:58Z,2025-01-04T09:33:43Z
P-04579,NR-CTL-04579,Industrial Motion Controller DN-323,Controllers,Motion Controller,210396,5451,W-07,true,2022-11-17T02:42:46Z,2023-05-16T03:38:19Z
P-04580,NR-DRV-04580,Precision Harmonic Reducer EA-360,Drivetrain,Harmonic Reducer,83452,3144,W-01,true,2022-09-17T07:21:14Z,2023-03-16T11:43:14Z
P-04581,NR-EFF-04581,Modular Parallel Gripper FN-397,End Effectors,Parallel Gripper,329453,2266,W-08,true,2022-03-06T05:00:07Z,2022-05-26T11:31:50Z
P-04582,NR-FRM-04582,High-Torque Aluminum Extrusion GA-434,Frames and Structure,Aluminum Extrusion,47234,49101,W-08,true,2022-08-11T03:29:05Z,2023-09-01T19:21:05Z
P-04583,NR-PWR-04583,Heavy-Duty Battery Pack HN-471,Power Systems,Battery Pack,166732,10390,W-07,true,2021-01-21T14:49:42Z,2021-10-20T14:08:58Z
P-04584,NR-SEN-04584,Rapid-Cycle Proximity Sensor IA-508,Sensors,Proximity Sensor,107945,3500,W-05,true,2024-01-08T12:31:55Z,2024-05-23T13:26:30Z
P-04585,NR-ACT-04585,Low-Backlash Linear Actuator JN-545,Actuators,Linear Actuator,206836,12771,W-05,false,2023-06-25T13:00:15Z,2023-07-28T01:08:14Z
P-04586,NR-CBL-04586,Compact M12 Connector KA-582,Cabling and Connectors,M12 Connector,8785,2883,W-03,true,2021-01-23T08:53:21Z,2021-09-08T13:50:45Z
P-04587,NR-CTL-04587,Quiet-Drive PLC Module LN-619,Controllers,PLC Module,607016,7116,W-03,true,2022-05-03T00:37:56Z,2023-04-16T08:55:08Z
P-04588,NR-DRV-04588,Sealed Planetary Gearbox MA-656,Drivetrain,Planetary Gearbox,76225,3334,W-05,true,2021-12-21T14:29:45Z,2022-04-08T23:22:35Z
P-04589,NR-EFF-04589,Industrial Vacuum Gripper NN-693,End Effectors,Vacuum Gripper,257980,9777,W-07,true,2022-12-29T10:00:17Z,2023-10-27T17:00:41Z
P-04590,NR-FRM-04590,Precision Base Plate OA-730,Frames and Structure,Base Plate,44184,27017,W-01,true,2024-07-31T07:00:38Z,2025-04-05T23:37:16Z
P-04591,NR-PWR-04591,Modular Power Supply Unit PN-767,Power Systems,Power Supply Unit,220335,3954,W-01,true,2024-07-15T14:38:01Z,2025-03-13T04:38:59Z
P-04592,NR-SEN-04592,High-Torque Rotary Encoder QA-804,Sensors,Rotary Encoder,204175,1825,W-08,true,2023-04-10T03:45:28Z,2024-04-02T07:56:47Z
P-04593,NR-ACT-04593,Heavy-Duty Rotary Actuator RN-841,Actuators,Rotary Actuator,195463,19017,W-07,true,2021-06-05T05:16:47Z,2022-07-06T18:18:46Z
P-04594,NR-CBL-04594,Rapid-Cycle Servo Cable SA-878,Cabling and Connectors,Servo Cable,8544,2700,W-02,true,2024-09-17T12:47:52Z,2025-08-31T06:49:43Z
P-04595,NR-CTL-04595,Low-Backlash Edge Compute Node TN-915,Controllers,Edge Compute Node,424545,3331,W-08,true,2021-09-17T04:23:57Z,2021-09-20T14:41:52Z
P-04596,NR-DRV-04596,Compact Timing Belt UA-952,Drivetrain,Timing Belt,99658,8154,W-01,true,2023-05-06T20:12:42Z,2024-01-14T19:46:23Z
P-04597,NR-EFF-04597,Quiet-Drive Welding Torch VN-989,End Effectors,Welding Torch,319509,7489,W-01,true,2022-12-31T23:17:23Z,2024-01-31T14:21:03Z
P-04598,NR-FRM-04598,Sealed Gantry Beam WA-126,Frames and Structure,Gantry Beam,25670,37169,W-02,true,2022-12-04T15:41:47Z,2023-12-22T19:20:36Z
P-04599,NR-PWR-04599,Industrial Motor Driver XN-163,Power Systems,Motor Driver,157404,10147,W-08,true,2024-09-20T14:24:20Z,2025-03-16T10:27:37Z
P-04600,NR-SEN-04600,Precision Thermal Camera Module YA-200,Sensors,Thermal Camera Module,193632,1946,W-08,true,2022-11-12T04:21:22Z,2023-06-09T18:05:31Z
P-04601,NR-ACT-04601,Modular Stepper Motor ZN-237,Actuators,Stepper Motor,358347,12534,W-06,true,2024-07-22T14:52:14Z,2024-08-01T16:04:33Z
P-04602,NR-CBL-04602,High-Torque EtherCAT Cable AA-274,Cabling and Connectors,EtherCAT Cable,7800,2160,W-06,true,2023-01-20T00:46:05Z,2023-04-16T01:33:45Z
P-04603,NR-CTL-04603,Heavy-Duty IO Expansion Board BN-311,Controllers,IO Expansion Board,202272,2900,W-06,true,2023-01-04T10:59:13Z,2023-05-20T08:36:56Z
P-04604,NR-DRV-04604,Rapid-Cycle Ball Screw CA-348,Drivetrain,Ball Screw,121362,9912,W-04,true,2024-12-05T11:54:48Z,2025-10-15T23:20:09Z
P-04605,NR-EFF-04605,Low-Backlash Tool Changer DN-385,End Effectors,Tool Changer,208325,11648,W-07,true,2023-12-21T07:49:49Z,2024-09-28T15:44:39Z
P-04606,NR-FRM-04606,Compact Mounting Bracket EA-422,Frames and Structure,Mounting Bracket,67695,44041,W-08,true,2022-07-08T15:31:27Z,2022-11-23T16:03:23Z
P-04607,NR-PWR-04607,Quiet-Drive DC-DC Converter FN-459,Power Systems,DC-DC Converter,67454,14691,W-02,true,2024-07-03T10:00:02Z,2024-10-24T23:40:30Z
P-04608,NR-SEN-04608,Sealed LIDAR Unit GA-496,Sensors,LIDAR Unit,218132,1681,W-07,true,2023-07-27T13:44:25Z,2023-09-03T06:25:01Z
P-04609,NR-ACT-04609,Industrial Servo Motor HN-533,Actuators,Servo Motor,179298,1615,W-01,true,2024-03-29T13:35:59Z,2024-06-17T14:08:16Z
P-04610,NR-CBL-04610,Precision Cable Chain IA-570,Cabling and Connectors,Cable Chain,8990,1217,W-05,true,2022-01-23T19:50:40Z,2022-07-23T04:48:12Z
P-04611,NR-CTL-04611,Modular Motion Controller JN-607,Controllers,Motion Controller,268958,4111,W-07,true,2022-03-22T14:30:43Z,2023-02-12T04:27:04Z
P-04612,NR-DRV-04612,High-Torque Harmonic Reducer KA-644,Drivetrain,Harmonic Reducer,154373,7585,W-02,true,2022-10-05T16:08:45Z,2022-10-12T20:29:35Z
P-04613,NR-EFF-04613,Heavy-Duty Parallel Gripper LN-681,End Effectors,Parallel Gripper,406023,5391,W-03,false,2024-08-28T03:46:30Z,2025-02-17T15:07:23Z
P-04614,NR-FRM-04614,Rapid-Cycle Aluminum Extrusion MA-718,Frames and Structure,Aluminum Extrusion,40006,43381,W-03,true,2023-01-24T05:11:04Z,2023-09-29T19:07:49Z
P-04615,NR-PWR-04615,Low-Backlash Battery Pack NN-755,Power Systems,Battery Pack,62833,8829,W-01,true,2022-04-10T18:48:23Z,2023-01-03T01:20:35Z
P-04616,NR-SEN-04616,Compact Force-Torque Sensor OA-792,Sensors,Force-Torque Sensor,74302,2689,W-04,true,2023-06-18T00:31:34Z,2023-10-13T02:20:04Z
P-04617,NR-ACT-04617,Quiet-Drive Linear Actuator PN-829,Actuators,Linear Actuator,238030,18744,W-01,true,2024-04-10T01:50:06Z,2024-12-15T10:08:36Z
P-04618,NR-CBL-04618,Sealed M12 Connector QA-866,Cabling and Connectors,M12 Connector,4456,2274,W-04,true,2024-09-19T09:14:31Z,2025-06-08T07:54:50Z
P-04619,NR-CTL-04619,Industrial PLC Module RN-903,Controllers,PLC Module,388735,452,W-04,true,2023-04-12T17:41:54Z,2023-04-18T14:33:25Z
P-04620,NR-DRV-04620,Precision Planetary Gearbox SA-940,Drivetrain,Planetary Gearbox,203906,5309,W-07,false,2023-11-19T01:04:49Z,2024-03-10T22:29:10Z
P-04621,NR-EFF-04621,Modular Vacuum Gripper TN-977,End Effectors,Vacuum Gripper,138759,6722,W-06,true,2024-01-17T02:41:45Z,2025-02-17T05:03:57Z
P-04622,NR-FRM-04622,High-Torque Base Plate UA-114,Frames and Structure,Base Plate,56993,22429,W-02,false,2022-01-25T19:37:11Z,2023-02-03T17:35:40Z
P-04623,NR-PWR-04623,Heavy-Duty Power Supply Unit VN-151,Power Systems,Power Supply Unit,31072,13068,W-01,true,2021-02-08T04:36:44Z,2021-07-20T14:50:59Z
P-04624,NR-SEN-04624,Rapid-Cycle Proximity Sensor WA-188,Sensors,Proximity Sensor,127170,1030,W-05,true,2024-03-22T14:49:44Z,2025-03-02T09:43:56Z
P-04625,NR-ACT-04625,Low-Backlash Rotary Actuator XN-225,Actuators,Rotary Actuator,234710,2878,W-02,true,2023-06-06T16:52:38Z,2023-10-31T16:00:35Z
P-04626,NR-CBL-04626,Compact Servo Cable YA-262,Cabling and Connectors,Servo Cable,13356,1127,W-01,true,2023-06-08T10:23:53Z,2024-01-12T07:37:43Z
P-04627,NR-CTL-04627,Quiet-Drive Edge Compute Node ZN-299,Controllers,Edge Compute Node,790542,6727,W-04,true,2023-12-27T01:11:23Z,2024-06-17T04:43:25Z
P-04628,NR-DRV-04628,Sealed Timing Belt AA-336,Drivetrain,Timing Belt,270113,12341,W-05,true,2024-04-02T06:50:45Z,2025-01-31T13:44:10Z
P-04629,NR-EFF-04629,Industrial Welding Torch BN-373,End Effectors,Welding Torch,290874,8094,W-04,true,2021-05-28T06:08:40Z,2022-06-22T00:22:36Z
P-04630,NR-FRM-04630,Precision Gantry Beam CA-410,Frames and Structure,Gantry Beam,29587,40702,W-07,true,2023-04-18T13:12:11Z,2023-08-24T01:51:47Z
P-04631,NR-PWR-04631,Modular Motor Driver DN-447,Power Systems,Motor Driver,73099,17737,W-01,true,2024-04-04T15:56:09Z,2024-04-07T11:02:53Z
P-04632,NR-SEN-04632,High-Torque Rotary Encoder EA-484,Sensors,Rotary Encoder,204353,1962,W-07,true,2021-11-12T09:19:55Z,2022-03-15T12:14:07Z
P-04633,NR-ACT-04633,Heavy-Duty Stepper Motor FN-521,Actuators,Stepper Motor,117054,11016,W-07,true,2022-04-16T07:52:55Z,2022-04-23T08:59:18Z
P-04634,NR-CBL-04634,Rapid-Cycle EtherCAT Cable GA-558,Cabling and Connectors,EtherCAT Cable,6216,3018,W-05,true,2021-06-05T18:01:41Z,2022-05-03T03:01:51Z
P-04635,NR-CTL-04635,Low-Backlash IO Expansion Board HN-595,Controllers,IO Expansion Board,584846,2380,W-08,true,2021-05-24T12:07:14Z,2021-10-22T17:34:19Z
P-04636,NR-DRV-04636,Compact Ball Screw IA-632,Drivetrain,Ball Screw,262467,12439,W-02,true,2022-10-12T01:41:33Z,2023-02-23T03:32:43Z
P-04637,NR-EFF-04637,Quiet-Drive Tool Changer JN-669,End Effectors,Tool Changer,328979,3626,W-05,true,2023-08-30T01:40:19Z,2024-02-09T10:27:08Z
P-04638,NR-FRM-04638,Sealed Mounting Bracket KA-706,Frames and Structure,Mounting Bracket,35266,44291,W-05,true,2023-06-15T17:56:37Z,2023-10-25T18:56:41Z
P-04639,NR-PWR-04639,Industrial DC-DC Converter LN-743,Power Systems,DC-DC Converter,173045,4607,W-08,true,2024-05-14T10:26:12Z,2024-12-25T06:43:49Z
P-04640,NR-SEN-04640,Precision Thermal Camera Module MA-780,Sensors,Thermal Camera Module,19879,2999,W-04,true,2021-05-02T05:19:21Z,2022-03-06T06:57:41Z
P-04641,NR-ACT-04641,Modular Servo Motor NN-817,Actuators,Servo Motor,238340,12139,W-08,true,2021-06-10T04:52:59Z,2022-06-09T13:20:40Z
P-04642,NR-CBL-04642,High-Torque Cable Chain OA-854,Cabling and Connectors,Cable Chain,9666,2840,W-01,true,2021-01-23T04:27:10Z,2021-07-25T04:39:47Z
P-04643,NR-CTL-04643,Heavy-Duty Motion Controller PN-891,Controllers,Motion Controller,782090,3498,W-08,true,2021-03-18T06:38:09Z,2021-10-24T20:26:21Z
P-04644,NR-DRV-04644,Rapid-Cycle Harmonic Reducer QA-928,Drivetrain,Harmonic Reducer,204185,2139,W-01,true,2023-09-09T07:03:06Z,2023-11-18T10:27:24Z
P-04645,NR-EFF-04645,Low-Backlash Parallel Gripper RN-965,End Effectors,Parallel Gripper,10000,10492,W-04,true,2024-01-04T20:27:24Z,2024-06-25T17:27:20Z
P-04646,NR-FRM-04646,Compact Aluminum Extrusion SA-102,Frames and Structure,Aluminum Extrusion,59536,12813,W-06,true,2021-04-05T20:35:48Z,2021-06-20T21:58:56Z
P-04647,NR-PWR-04647,Quiet-Drive Battery Pack TN-139,Power Systems,Battery Pack,93294,11203,W-04,true,2024-03-13T18:48:37Z,2024-07-03T09:08:58Z
P-04648,NR-SEN-04648,Sealed LIDAR Unit UA-176,Sensors,LIDAR Unit,85487,1637,W-06,true,2022-03-27T15:52:18Z,2022-03-29T17:28:04Z
P-04649,NR-ACT-04649,Industrial Linear Actuator VN-213,Actuators,Linear Actuator,137082,10190,W-02,true,2024-10-22T10:25:25Z,2025-07-22T20:05:31Z
P-04650,NR-CBL-04650,Precision M12 Connector WA-250,Cabling and Connectors,M12 Connector,13873,2878,W-07,true,2023-03-30T17:47:59Z,2024-02-25T09:27:40Z
P-04651,NR-CTL-04651,Modular PLC Module XN-287,Controllers,PLC Module,650902,5676,W-08,true,2024-02-24T04:44:19Z,2024-04-10T21:43:16Z
P-04652,NR-DRV-04652,High-Torque Planetary Gearbox YA-324,Drivetrain,Planetary Gearbox,213080,10924,W-05,true,2023-07-08T07:12:54Z,2023-07-21T23:04:09Z
P-04653,NR-EFF-04653,Heavy-Duty Vacuum Gripper ZN-361,End Effectors,Vacuum Gripper,168811,3645,W-05,true,2024-07-12T06:57:58Z,2024-10-02T14:03:36Z
P-04654,NR-FRM-04654,Rapid-Cycle Base Plate AA-398,Frames and Structure,Base Plate,67132,17425,W-05,true,2022-03-08T00:19:11Z,2022-05-03T09:31:16Z
P-04655,NR-PWR-04655,Low-Backlash Power Supply Unit BN-435,Power Systems,Power Supply Unit,189484,8075,W-05,true,2022-03-24T05:19:35Z,2022-11-27T08:17:50Z
P-04656,NR-SEN-04656,Compact Force-Torque Sensor CA-472,Sensors,Force-Torque Sensor,300000,1615,W-04,true,2021-08-18T03:14:53Z,2021-10-16T06:50:34Z
P-04657,NR-ACT-04657,Quiet-Drive Rotary Actuator DN-509,Actuators,Rotary Actuator,199043,11974,W-06,true,2022-03-02T08:12:43Z,2022-06-29T02:01:57Z
P-04658,NR-CBL-04658,Sealed Servo Cable EA-546,Cabling and Connectors,Servo Cable,12705,966,W-02,true,2024-02-28T11:44:25Z,2024-09-12T23:11:21Z
P-04659,NR-CTL-04659,Industrial Edge Compute Node FN-583,Controllers,Edge Compute Node,483542,4350,W-03,true,2023-09-25T16:24:32Z,2023-10-07T13:50:21Z
P-04660,NR-DRV-04660,Precision Timing Belt GA-620,Drivetrain,Timing Belt,122321,1777,W-02,true,2022-01-14T20:36:46Z,2022-02-03T16:36:32Z
P-04661,NR-EFF-04661,Modular Welding Torch HN-657,End Effectors,Welding Torch,429482,5822,W-08,true,2022-11-05T18:17:41Z,2023-10-17T00:29:52Z
P-04662,NR-FRM-04662,High-Torque Gantry Beam IA-694,Frames and Structure,Gantry Beam,61185,40613,W-06,true,2023-10-18T16:54:12Z,2024-03-21T10:16:10Z
P-04663,NR-PWR-04663,Heavy-Duty Motor Driver JN-731,Power Systems,Motor Driver,139313,3934,W-07,true,2023-06-13T02:14:08Z,2024-02-14T03:37:04Z
P-04664,NR-SEN-04664,Rapid-Cycle Proximity Sensor KA-768,Sensors,Proximity Sensor,79947,2872,W-02,true,2024-11-28T18:54:41Z,2025-04-06T14:17:19Z
P-04665,NR-ACT-04665,Low-Backlash Stepper Motor LN-805,Actuators,Stepper Motor,183899,19976,W-06,true,2024-06-28T21:31:47Z,2024-11-15T15:09:32Z
P-04666,NR-CBL-04666,Compact EtherCAT Cable MA-842,Cabling and Connectors,EtherCAT Cable,2172,1933,W-08,true,2023-10-13T07:03:33Z,2024-03-01T21:05:56Z
P-04667,NR-CTL-04667,Quiet-Drive IO Expansion Board NN-879,Controllers,IO Expansion Board,740335,5500,W-07,true,2024-08-05T06:18:12Z,2025-07-13T09:35:01Z
P-04668,NR-DRV-04668,Sealed Ball Screw OA-916,Drivetrain,Ball Screw,253588,4190,W-06,false,2021-09-03T07:47:05Z,2022-07-24T06:15:43Z
P-04669,NR-EFF-04669,Industrial Tool Changer PN-953,End Effectors,Tool Changer,197285,4959,W-08,true,2024-03-25T10:39:04Z,2024-05-08T18:03:47Z
P-04670,NR-FRM-04670,Precision Mounting Bracket QA-990,Frames and Structure,Mounting Bracket,27115,31775,W-05,true,2024-11-27T02:57:51Z,2025-01-15T07:59:35Z
P-04671,NR-PWR-04671,Modular DC-DC Converter RN-127,Power Systems,DC-DC Converter,137031,15090,W-01,true,2024-06-25T05:46:04Z,2024-11-03T07:47:18Z
P-04672,NR-SEN-04672,High-Torque Rotary Encoder SA-164,Sensors,Rotary Encoder,74336,2832,W-03,true,2023-07-22T14:49:21Z,2024-05-26T07:30:52Z
P-04673,NR-ACT-04673,Heavy-Duty Servo Motor TN-201,Actuators,Servo Motor,307596,2445,W-07,true,2023-02-25T18:38:47Z,2023-10-02T14:11:06Z
P-04674,NR-CBL-04674,Rapid-Cycle Cable Chain UA-238,Cabling and Connectors,Cable Chain,5895,3618,W-02,true,2022-09-03T11:31:43Z,2023-06-06T01:06:31Z
P-04675,NR-CTL-04675,Low-Backlash Motion Controller VN-275,Controllers,Motion Controller,449750,7576,W-06,true,2024-02-11T02:24:57Z,2024-11-13T21:29:33Z
P-04676,NR-DRV-04676,Compact Harmonic Reducer WA-312,Drivetrain,Harmonic Reducer,176659,6819,W-08,false,2023-03-24T01:02:33Z,2024-02-06T04:31:45Z
P-04677,NR-EFF-04677,Quiet-Drive Parallel Gripper XN-349,End Effectors,Parallel Gripper,110751,1827,W-04,true,2023-10-16T01:36:59Z,2024-04-23T23:30:40Z
P-04678,NR-FRM-04678,Sealed Aluminum Extrusion YA-386,Frames and Structure,Aluminum Extrusion,53484,12794,W-03,true,2024-06-15T14:42:31Z,2024-07-01T10:07:49Z
P-04679,NR-PWR-04679,Industrial Battery Pack ZN-423,Power Systems,Battery Pack,117058,10426,W-02,true,2023-03-06T01:20:05Z,2024-03-24T23:34:08Z
P-04680,NR-SEN-04680,Precision Thermal Camera Module AA-460,Sensors,Thermal Camera Module,118971,1098,W-01,true,2021-07-03T04:19:05Z,2021-10-08T11:17:01Z
P-04681,NR-ACT-04681,Modular Linear Actuator BN-497,Actuators,Linear Actuator,335980,7997,W-06,true,2023-08-13T06:21:14Z,2023-09-22T15:26:20Z
P-04682,NR-CBL-04682,High-Torque M12 Connector CA-534,Cabling and Connectors,M12 Connector,4631,2091,W-06,true,2021-12-26T15:06:47Z,2022-03-19T21:52:03Z
P-04683,NR-CTL-04683,Heavy-Duty PLC Module DN-571,Controllers,PLC Module,374160,2355,W-01,true,2024-08-19T19:31:48Z,2024-08-27T11:48:50Z
P-04684,NR-DRV-04684,Rapid-Cycle Planetary Gearbox EA-608,Drivetrain,Planetary Gearbox,310993,8632,W-02,true,2023-11-22T17:22:04Z,2024-12-18T06:56:12Z
P-04685,NR-EFF-04685,Low-Backlash Vacuum Gripper FN-645,End Effectors,Vacuum Gripper,151304,150,W-06,true,2024-12-21T00:50:42Z,2026-01-03T02:46:17Z
P-04686,NR-FRM-04686,Compact Base Plate GA-682,Frames and Structure,Base Plate,41603,13273,W-07,true,2022-09-21T22:19:25Z,2023-07-11T18:48:17Z
P-04687,NR-PWR-04687,Quiet-Drive Power Supply Unit HN-719,Power Systems,Power Supply Unit,189884,7488,W-01,true,2024-02-08T09:52:40Z,2024-03-24T12:01:34Z
P-04688,NR-SEN-04688,Sealed LIDAR Unit IA-756,Sensors,LIDAR Unit,169625,76,W-08,true,2021-08-18T21:05:08Z,2021-08-24T01:36:37Z
P-04689,NR-ACT-04689,Industrial Rotary Actuator JN-793,Actuators,Rotary Actuator,105401,8777,W-07,true,2023-07-13T01:49:52Z,2023-12-23T17:40:27Z
P-04690,NR-CBL-04690,Precision Servo Cable KA-830,Cabling and Connectors,Servo Cable,5525,2001,W-01,true,2023-11-20T19:52:00Z,2024-06-26T21:27:33Z
P-04691,NR-CTL-04691,Modular Edge Compute Node LN-867,Controllers,Edge Compute Node,615017,4695,W-05,true,2021-07-01T16:50:05Z,2022-05-10T01:31:30Z
P-04692,NR-DRV-04692,High-Torque Timing Belt MA-904,Drivetrain,Timing Belt,263783,7977,W-02,true,2022-11-17T07:31:17Z,2023-09-03T09:27:37Z
P-04693,NR-EFF-04693,Heavy-Duty Welding Torch NN-941,End Effectors,Welding Torch,439531,10973,W-06,true,2023-05-19T06:01:52Z,2023-06-28T02:42:01Z
P-04694,NR-FRM-04694,Rapid-Cycle Gantry Beam OA-978,Frames and Structure,Gantry Beam,47588,54162,W-01,true,2022-12-31T22:24:35Z,2023-02-23T21:56:15Z
P-04695,NR-PWR-04695,Low-Backlash Motor Driver PN-115,Power Systems,Motor Driver,93745,9730,W-07,true,2022-01-15T04:52:49Z,2023-01-28T20:15:14Z
P-04696,NR-SEN-04696,Compact Force-Torque Sensor QA-152,Sensors,Force-Torque Sensor,110667,2214,W-04,true,2021-12-09T02:09:27Z,2021-12-17T23:07:02Z
P-04697,NR-ACT-04697,Quiet-Drive Stepper Motor RN-189,Actuators,Stepper Motor,271080,18507,W-01,true,2022-07-24T15:22:42Z,2022-11-07T00:03:51Z
P-04698,NR-CBL-04698,Sealed EtherCAT Cable SA-226,Cabling and Connectors,EtherCAT Cable,7196,10,W-05,true,2023-10-13T02:52:52Z,2024-07-07T15:40:45Z
P-04699,NR-CTL-04699,Industrial IO Expansion Board TN-263,Controllers,IO Expansion Board,574622,7375,W-01,true,2022-03-27T22:24:48Z,2022-04-20T09:17:33Z
P-04700,NR-DRV-04700,Precision Ball Screw UA-300,Drivetrain,Ball Screw,232909,9122,W-04,true,2022-04-19T03:34:45Z,2023-04-07T18:56:01Z
P-04701,NR-EFF-04701,Modular Tool Changer VN-337,End Effectors,Tool Changer,351771,5753,W-07,true,2024-09-12T14:38:08Z,2025-08-27T18:26:36Z
P-04702,NR-FRM-04702,High-Torque Mounting Bracket WA-374,Frames and Structure,Mounting Bracket,44311,27044,W-03,true,2022-10-10T19:17:50Z,2023-10-02T04:20:24Z
P-04703,NR-PWR-04703,Heavy-Duty DC-DC Converter XN-411,Power Systems,DC-DC Converter,46120,7816,W-03,true,2022-08-28T20:21:45Z,2023-05-17T03:09:50Z
P-04704,NR-SEN-04704,Rapid-Cycle Proximity Sensor YA-448,Sensors,Proximity Sensor,8000,810,W-04,true,2021-05-27T04:00:53Z,2021-06-20T11:50:40Z
P-04705,NR-ACT-04705,Low-Backlash Servo Motor ZN-485,Actuators,Servo Motor,135429,3242,W-08,true,2023-01-01T08:09:48Z,2023-06-10T00:42:44Z
P-04706,NR-CBL-04706,Compact Cable Chain AA-522,Cabling and Connectors,Cable Chain,10775,1455,W-08,true,2023-03-18T01:34:34Z,2023-04-02T17:43:53Z
P-04707,NR-CTL-04707,Quiet-Drive Motion Controller BN-559,Controllers,Motion Controller,434165,5658,W-01,false,2022-05-03T10:14:44Z,2023-04-01T21:14:59Z
P-04708,NR-DRV-04708,Sealed Harmonic Reducer CA-596,Drivetrain,Harmonic Reducer,128895,5425,W-08,true,2024-08-21T22:52:09Z,2024-12-25T10:19:29Z
P-04709,NR-EFF-04709,Industrial Parallel Gripper DN-633,End Effectors,Parallel Gripper,343814,150,W-07,true,2024-05-30T16:07:31Z,2024-07-22T18:20:40Z
P-04710,NR-FRM-04710,Precision Aluminum Extrusion EA-670,Frames and Structure,Aluminum Extrusion,31976,16214,W-04,true,2023-02-26T12:15:14Z,2024-02-20T19:37:42Z
P-04711,NR-PWR-04711,Modular Battery Pack FN-707,Power Systems,Battery Pack,153925,13250,W-02,true,2021-07-04T10:00:21Z,2021-07-29T07:27:11Z
P-04712,NR-SEN-04712,High-Torque Rotary Encoder GA-744,Sensors,Rotary Encoder,141585,3475,W-08,false,2024-11-25T19:39:16Z,2025-10-17T17:10:44Z
P-04713,NR-ACT-04713,Heavy-Duty Linear Actuator HN-781,Actuators,Linear Actuator,15000,14940,W-06,true,2024-06-11T01:47:32Z,2025-06-16T14:51:14Z
P-04714,NR-CBL-04714,Rapid-Cycle M12 Connector IA-818,Cabling and Connectors,M12 Connector,6057,822,W-08,true,2021-08-12T00:42:05Z,2021-11-11T10:11:56Z
P-04715,NR-CTL-04715,Low-Backlash PLC Module JN-855,Controllers,PLC Module,590107,6834,W-07,true,2021-09-13T16:54:54Z,2022-04-02T07:07:49Z
P-04716,NR-DRV-04716,Compact Planetary Gearbox KA-892,Drivetrain,Planetary Gearbox,64221,4942,W-06,true,2022-09-21T02:41:10Z,2022-10-11T04:14:53Z
P-04717,NR-EFF-04717,Quiet-Drive Vacuum Gripper LN-929,End Effectors,Vacuum Gripper,189186,4195,W-05,true,2023-05-21T07:58:55Z,2024-02-05T07:53:09Z
P-04718,NR-FRM-04718,Sealed Base Plate MA-966,Frames and Structure,Base Plate,50075,23384,W-06,true,2024-05-19T16:19:27Z,2024-12-21T16:29:22Z
P-04719,NR-PWR-04719,Industrial Power Supply Unit NN-103,Power Systems,Power Supply Unit,156521,18000,W-01,true,2022-05-14T10:42:40Z,2023-02-24T14:22:20Z
P-04720,NR-SEN-04720,Precision Thermal Camera Module OA-140,Sensors,Thermal Camera Module,8000,838,W-01,true,2021-07-11T11:22:08Z,2022-06-14T12:13:07Z
P-04721,NR-ACT-04721,Modular Rotary Actuator PN-177,Actuators,Rotary Actuator,234283,956,W-08,true,2024-12-03T05:23:02Z,2025-02-15T09:13:28Z
P-04722,NR-CBL-04722,High-Torque Servo Cable QA-214,Cabling and Connectors,Servo Cable,7237,2849,W-07,true,2024-02-15T14:15:42Z,2024-09-13T15:38:59Z
P-04723,NR-CTL-04723,Heavy-Duty Edge Compute Node RN-251,Controllers,Edge Compute Node,693607,5181,W-08,true,2022-01-06T09:45:04Z,2022-04-11T23:19:58Z
P-04724,NR-DRV-04724,Rapid-Cycle Timing Belt SA-288,Drivetrain,Timing Belt,263588,8778,W-05,true,2023-08-02T08:33:38Z,2024-08-14T01:14:27Z
P-04725,NR-EFF-04725,Low-Backlash Welding Torch TN-325,End Effectors,Welding Torch,323279,8637,W-02,true,2023-05-23T18:01:20Z,2024-06-17T16:15:42Z
P-04726,NR-FRM-04726,Compact Gantry Beam UA-362,Frames and Structure,Gantry Beam,31805,18929,W-07,true,2024-12-06T06:38:44Z,2025-05-15T09:14:04Z
P-04727,NR-PWR-04727,Quiet-Drive Motor Driver VN-399,Power Systems,Motor Driver,125309,5661,W-05,true,2024-02-25T20:56:48Z,2024-06-20T18:16:18Z
P-04728,NR-SEN-04728,Sealed LIDAR Unit WA-436,Sensors,LIDAR Unit,210214,1251,W-08,true,2024-06-16T02:14:57Z,2025-05-01T08:43:56Z
P-04729,NR-ACT-04729,Industrial Stepper Motor XN-473,Actuators,Stepper Motor,62814,16707,W-01,false,2022-11-23T20:03:15Z,2023-09-04T06:59:13Z
P-04730,NR-CBL-04730,Precision EtherCAT Cable YA-510,Cabling and Connectors,EtherCAT Cable,674,1901,W-02,false,2023-01-23T08:34:12Z,2023-03-16T08:10:33Z
P-04731,NR-CTL-04731,Modular IO Expansion Board ZN-547,Controllers,IO Expansion Board,816162,2426,W-07,true,2023-07-01T19:47:52Z,2023-10-20T19:11:04Z
P-04732,NR-DRV-04732,High-Torque Ball Screw AA-584,Drivetrain,Ball Screw,94871,12215,W-05,true,2023-12-13T20:26:29Z,2025-01-01T18:26:47Z
P-04733,NR-EFF-04733,Heavy-Duty Tool Changer BN-621,End Effectors,Tool Changer,103430,7026,W-03,true,2021-01-04T03:24:12Z,2021-03-28T02:38:28Z
P-04734,NR-FRM-04734,Rapid-Cycle Mounting Bracket CA-658,Frames and Structure,Mounting Bracket,2000,35495,W-03,true,2024-12-07T12:13:38Z,2025-04-09T01:55:56Z
P-04735,NR-PWR-04735,Low-Backlash DC-DC Converter DN-695,Power Systems,DC-DC Converter,37979,18000,W-06,true,2021-07-07T20:07:55Z,2021-12-10T22:38:10Z
P-04736,NR-SEN-04736,Compact Force-Torque Sensor EA-732,Sensors,Force-Torque Sensor,214676,1240,W-07,true,2022-12-24T02:47:52Z,2023-09-23T14:50:20Z
P-04737,NR-ACT-04737,Quiet-Drive Servo Motor FN-769,Actuators,Servo Motor,345367,18680,W-04,true,2021-08-30T22:45:48Z,2022-08-13T19:51:42Z
P-04738,NR-CBL-04738,Sealed Cable Chain GA-806,Cabling and Connectors,Cable Chain,2532,1290,W-06,true,2022-10-30T22:36:37Z,2023-04-14T09:02:46Z
P-04739,NR-CTL-04739,Industrial Motion Controller HN-843,Controllers,Motion Controller,451874,2721,W-08,true,2024-03-28T06:57:29Z,2024-11-12T21:53:18Z
P-04740,NR-DRV-04740,Precision Harmonic Reducer IA-880,Drivetrain,Harmonic Reducer,235699,12729,W-07,true,2023-08-02T16:50:59Z,2023-08-20T23:11:29Z
P-04741,NR-EFF-04741,Modular Parallel Gripper JN-917,End Effectors,Parallel Gripper,222781,4192,W-01,true,2024-01-23T09:03:38Z,2024-12-04T15:51:41Z
P-04742,NR-FRM-04742,High-Torque Aluminum Extrusion KA-954,Frames and Structure,Aluminum Extrusion,30778,32155,W-05,true,2022-11-13T00:51:15Z,2022-12-09T22:41:40Z
P-04743,NR-PWR-04743,Heavy-Duty Battery Pack LN-991,Power Systems,Battery Pack,162530,12332,W-01,false,2022-09-08T13:53:39Z,2023-03-07T21:11:45Z
P-04744,NR-SEN-04744,Rapid-Cycle Proximity Sensor MA-128,Sensors,Proximity Sensor,96950,1418,W-05,false,2022-02-28T15:20:02Z,2023-03-10T09:38:26Z
P-04745,NR-ACT-04745,Low-Backlash Linear Actuator NN-165,Actuators,Linear Actuator,312017,15203,W-08,true,2022-12-28T01:40:44Z,2024-01-30T01:00:03Z
P-04746,NR-CBL-04746,Compact M12 Connector OA-202,Cabling and Connectors,M12 Connector,10584,3219,W-02,true,2021-02-03T07:26:04Z,2021-12-03T20:07:09Z
P-04747,NR-CTL-04747,Quiet-Drive PLC Module PN-239,Controllers,PLC Module,426362,3676,W-07,true,2024-06-17T04:06:16Z,2024-11-07T16:42:48Z
P-04748,NR-DRV-04748,Sealed Planetary Gearbox QA-276,Drivetrain,Planetary Gearbox,153412,8399,W-01,true,2023-08-28T02:10:07Z,2024-08-28T03:10:41Z
P-04749,NR-EFF-04749,Industrial Vacuum Gripper RN-313,End Effectors,Vacuum Gripper,291174,11940,W-02,true,2023-11-10T22:32:05Z,2023-12-23T23:41:29Z
P-04750,NR-FRM-04750,Precision Base Plate SA-350,Frames and Structure,Base Plate,53318,8735,W-01,true,2022-09-23T14:43:21Z,2023-06-01T11:21:00Z
P-04751,NR-PWR-04751,Modular Power Supply Unit TN-387,Power Systems,Power Supply Unit,126214,9500,W-01,true,2021-10-05T16:39:16Z,2022-05-09T09:39:32Z
P-04752,NR-SEN-04752,High-Torque Rotary Encoder UA-424,Sensors,Rotary Encoder,261725,3500,W-02,true,2022-10-02T19:45:38Z,2023-05-06T09:29:57Z
P-04753,NR-ACT-04753,Heavy-Duty Rotary Actuator VN-461,Actuators,Rotary Actuator,246400,14980,W-06,true,2023-02-17T14:56:26Z,2024-01-20T23:33:00Z
P-04754,NR-CBL-04754,Rapid-Cycle Servo Cable WA-498,Cabling and Connectors,Servo Cable,11175,1426,W-07,true,2024-10-13T17:44:31Z,2024-12-05T09:17:20Z
P-04755,NR-CTL-04755,Low-Backlash Edge Compute Node XN-535,Controllers,Edge Compute Node,499237,9000,W-02,false,2022-12-05T20:11:47Z,2023-05-29T02:24:31Z
P-04756,NR-DRV-04756,Compact Timing Belt YA-572,Drivetrain,Timing Belt,201664,9993,W-04,true,2024-03-22T06:45:37Z,2025-01-15T04:52:30Z
P-04757,NR-EFF-04757,Quiet-Drive Welding Torch ZN-609,End Effectors,Welding Torch,223215,8624,W-05,true,2021-06-21T05:03:30Z,2022-02-21T02:43:47Z
P-04758,NR-FRM-04758,Sealed Gantry Beam AA-646,Frames and Structure,Gantry Beam,56395,41160,W-08,true,2023-02-13T04:34:07Z,2023-02-19T17:07:59Z
P-04759,NR-PWR-04759,Industrial Motor Driver BN-683,Power Systems,Motor Driver,26512,17510,W-03,true,2022-09-12T00:19:28Z,2023-09-29T17:08:28Z
P-04760,NR-SEN-04760,Precision Thermal Camera Module CA-720,Sensors,Thermal Camera Module,198207,1324,W-02,true,2021-10-24T15:11:52Z,2022-07-18T13:43:24Z
P-04761,NR-ACT-04761,Modular Stepper Motor DN-757,Actuators,Stepper Motor,362673,8077,W-02,true,2024-12-20T00:27:57Z,2025-08-23T23:44:21Z
P-04762,NR-CBL-04762,High-Torque EtherCAT Cable EA-794,Cabling and Connectors,EtherCAT Cable,3060,1499,W-05,true,2022-11-01T08:34:44Z,2022-11-20T17:47:09Z
P-04763,NR-CTL-04763,Heavy-Duty IO Expansion Board FN-831,Controllers,IO Expansion Board,771067,5335,W-07,true,2021-04-08T17:24:10Z,2022-01-18T03:56:56Z
P-04764,NR-DRV-04764,Rapid-Cycle Ball Screw GA-868,Drivetrain,Ball Screw,309681,11039,W-04,true,2022-07-19T06:15:21Z,2022-09-15T22:43:36Z
P-04765,NR-EFF-04765,Low-Backlash Tool Changer HN-905,End Effectors,Tool Changer,309618,4595,W-04,true,2021-12-05T11:08:24Z,2022-01-26T10:33:49Z
P-04766,NR-FRM-04766,Compact Mounting Bracket IA-942,Frames and Structure,Mounting Bracket,47118,22370,W-06,true,2024-09-10T20:38:29Z,2025-03-24T22:56:27Z
P-04767,NR-PWR-04767,Quiet-Drive DC-DC Converter JN-979,Power Systems,DC-DC Converter,146942,5342,W-06,true,2023-08-28T23:46:44Z,2024-09-14T12:53:14Z
P-04768,NR-SEN-04768,Sealed LIDAR Unit KA-116,Sensors,LIDAR Unit,115890,2000,W-04,true,2022-10-10T14:17:46Z,2022-12-18T20:43:31Z
P-04769,NR-ACT-04769,Industrial Servo Motor LN-153,Actuators,Servo Motor,101124,16148,W-05,true,2024-12-28T22:07:47Z,2025-11-29T02:26:36Z
P-04770,NR-CBL-04770,Precision Cable Chain MA-190,Cabling and Connectors,Cable Chain,7998,1257,W-01,true,2023-11-15T19:20:09Z,2024-06-06T01:57:48Z
P-04771,NR-CTL-04771,Modular Motion Controller NN-227,Controllers,Motion Controller,771670,2502,W-02,true,2023-03-04T08:20:21Z,2023-05-16T23:10:28Z
P-04772,NR-DRV-04772,High-Torque Harmonic Reducer OA-264,Drivetrain,Harmonic Reducer,183929,7517,W-01,true,2021-06-17T23:46:09Z,2021-10-26T08:13:51Z
P-04773,NR-EFF-04773,Heavy-Duty Parallel Gripper PN-301,End Effectors,Parallel Gripper,140080,4481,W-04,true,2024-07-29T00:07:12Z,2025-02-09T00:24:34Z
P-04774,NR-FRM-04774,Rapid-Cycle Aluminum Extrusion QA-338,Frames and Structure,Aluminum Extrusion,41783,55672,W-07,true,2024-04-02T07:30:30Z,2024-07-04T01:01:19Z
P-04775,NR-PWR-04775,Low-Backlash Battery Pack RN-375,Power Systems,Battery Pack,174913,318,W-07,true,2024-12-09T10:01:14Z,2025-06-21T09:29:38Z
P-04776,NR-SEN-04776,Compact Force-Torque Sensor SA-412,Sensors,Force-Torque Sensor,166331,1770,W-01,true,2023-04-22T17:15:12Z,2023-05-01T23:26:18Z
P-04777,NR-ACT-04777,Quiet-Drive Linear Actuator TN-449,Actuators,Linear Actuator,156392,18104,W-04,true,2022-02-20T23:12:56Z,2022-03-05T10:56:53Z
P-04778,NR-CBL-04778,Sealed M12 Connector UA-486,Cabling and Connectors,M12 Connector,8707,2765,W-07,true,2021-02-21T18:40:56Z,2021-05-20T00:12:59Z
P-04779,NR-CTL-04779,Industrial PLC Module VN-523,Controllers,PLC Module,305446,322,W-07,true,2024-01-09T06:18:55Z,2024-06-29T04:41:33Z
P-04780,NR-DRV-04780,Precision Planetary Gearbox WA-560,Drivetrain,Planetary Gearbox,111158,12032,W-03,true,2023-07-08T13:35:40Z,2023-08-07T02:38:45Z
P-04781,NR-EFF-04781,Modular Vacuum Gripper XN-597,End Effectors,Vacuum Gripper,47946,412,W-03,false,2021-06-01T00:22:34Z,2022-04-16T04:42:22Z
P-04782,NR-FRM-04782,High-Torque Base Plate YA-634,Frames and Structure,Base Plate,33438,11849,W-01,true,2021-08-01T23:20:14Z,2021-09-29T07:02:53Z
P-04783,NR-PWR-04783,Heavy-Duty Power Supply Unit ZN-671,Power Systems,Power Supply Unit,208911,18000,W-02,true,2022-11-27T23:17:21Z,2023-10-21T18:24:46Z
P-04784,NR-SEN-04784,Rapid-Cycle Proximity Sensor AA-708,Sensors,Proximity Sensor,160569,1284,W-02,true,2023-12-01T18:22:48Z,2024-08-27T01:38:30Z
P-04785,NR-ACT-04785,Low-Backlash Rotary Actuator BN-745,Actuators,Rotary Actuator,33687,6855,W-02,true,2021-03-22T02:50:16Z,2022-03-12T02:37:40Z
P-04786,NR-CBL-04786,Compact Servo Cable CA-782,Cabling and Connectors,Servo Cable,8855,1289,W-03,true,2023-12-09T06:05:56Z,2024-08-14T14:33:46Z
P-04787,NR-CTL-04787,Quiet-Drive Edge Compute Node DN-819,Controllers,Edge Compute Node,117601,2197,W-08,true,2023-06-19T00:25:37Z,2023-10-12T11:11:33Z
P-04788,NR-DRV-04788,Sealed Timing Belt EA-856,Drivetrain,Timing Belt,239261,7558,W-01,true,2022-07-28T21:52:40Z,2023-06-18T00:02:16Z
P-04789,NR-EFF-04789,Industrial Welding Torch FN-893,End Effectors,Welding Torch,367288,5532,W-01,true,2022-08-30T23:57:33Z,2023-06-02T06:52:47Z
P-04790,NR-FRM-04790,Precision Gantry Beam GA-930,Frames and Structure,Gantry Beam,2350,31924,W-04,true,2022-03-20T08:50:19Z,2022-12-13T14:52:57Z
P-04791,NR-PWR-04791,Modular Motor Driver HN-967,Power Systems,Motor Driver,157933,6030,W-04,true,2021-06-06T00:11:19Z,2022-04-11T02:14:45Z
P-04792,NR-SEN-04792,High-Torque Rotary Encoder IA-104,Sensors,Rotary Encoder,151317,2006,W-07,true,2024-01-30T20:46:39Z,2024-10-07T17:13:27Z
P-04793,NR-ACT-04793,Heavy-Duty Stepper Motor JN-141,Actuators,Stepper Motor,316176,21700,W-06,true,2021-02-05T16:16:09Z,2022-02-07T02:34:54Z
P-04794,NR-CBL-04794,Rapid-Cycle EtherCAT Cable KA-178,Cabling and Connectors,EtherCAT Cable,15000,1929,W-06,true,2021-05-27T01:30:42Z,2021-10-18T19:18:48Z
P-04795,NR-CTL-04795,Low-Backlash IO Expansion Board LN-215,Controllers,IO Expansion Board,67408,7032,W-07,true,2024-12-19T11:45:27Z,2025-09-27T11:17:23Z
P-04796,NR-DRV-04796,Compact Ball Screw MA-252,Drivetrain,Ball Screw,102533,7755,W-03,true,2024-03-04T16:03:54Z,2024-03-15T00:23:19Z
P-04797,NR-EFF-04797,Quiet-Drive Tool Changer NN-289,End Effectors,Tool Changer,163294,689,W-03,true,2022-05-01T03:05:31Z,2022-05-29T04:43:48Z
P-04798,NR-FRM-04798,Sealed Mounting Bracket OA-326,Frames and Structure,Mounting Bracket,22407,28632,W-07,true,2023-11-16T02:05:11Z,2024-11-18T02:50:42Z
P-04799,NR-PWR-04799,Industrial DC-DC Converter PN-363,Power Systems,DC-DC Converter,70608,8710,W-07,true,2021-01-24T13:51:49Z,2021-12-27T04:28:38Z
P-04800,NR-SEN-04800,Precision Thermal Camera Module QA-400,Sensors,Thermal Camera Module,100205,1219,W-04,true,2023-10-29T23:02:58Z,2024-09-16T03:14:11Z
P-04801,NR-ACT-04801,Modular Servo Motor RN-437,Actuators,Servo Motor,331482,400,W-02,true,2021-08-04T16:56:22Z,2022-02-07T02:43:38Z
P-04802,NR-CBL-04802,High-Torque Cable Chain SA-474,Cabling and Connectors,Cable Chain,5335,2380,W-01,true,2021-12-25T08:58:05Z,2022-07-10T21:46:39Z
P-04803,NR-CTL-04803,Heavy-Duty Motion Controller TN-511,Controllers,Motion Controller,568985,5679,W-07,false,2023-09-14T02:20:26Z,2024-09-13T09:21:30Z
P-04804,NR-DRV-04804,Rapid-Cycle Harmonic Reducer UA-548,Drivetrain,Harmonic Reducer,259253,1601,W-05,true,2024-05-02T00:11:17Z,2024-08-14T05:52:58Z
P-04805,NR-EFF-04805,Low-Backlash Parallel Gripper VN-585,End Effectors,Parallel Gripper,273229,5728,W-07,true,2023-11-20T03:34:51Z,2023-12-10T21:58:18Z
P-04806,NR-FRM-04806,Compact Aluminum Extrusion WA-622,Frames and Structure,Aluminum Extrusion,18943,39431,W-08,true,2021-01-28T13:01:36Z,2021-05-12T06:00:41Z
P-04807,NR-PWR-04807,Quiet-Drive Battery Pack XN-659,Power Systems,Battery Pack,126877,2558,W-02,true,2021-12-13T17:51:55Z,2022-09-23T01:22:42Z
P-04808,NR-SEN-04808,Sealed LIDAR Unit YA-696,Sensors,LIDAR Unit,124655,1155,W-05,true,2023-08-24T03:10:47Z,2023-10-20T00:09:49Z
P-04809,NR-ACT-04809,Industrial Linear Actuator ZN-733,Actuators,Linear Actuator,307152,11922,W-07,true,2021-07-12T03:43:52Z,2022-06-12T01:34:36Z
P-04810,NR-CBL-04810,Precision M12 Connector AA-770,Cabling and Connectors,M12 Connector,10855,594,W-06,true,2023-09-17T18:37:02Z,2023-10-26T13:30:52Z
P-04811,NR-CTL-04811,Modular PLC Module BN-807,Controllers,PLC Module,637548,3181,W-01,false,2022-02-04T05:56:10Z,2023-02-04T20:18:48Z
P-04812,NR-DRV-04812,High-Torque Planetary Gearbox CA-844,Drivetrain,Planetary Gearbox,56715,8144,W-05,true,2021-06-01T14:31:33Z,2021-08-02T08:00:39Z
P-04813,NR-EFF-04813,Heavy-Duty Vacuum Gripper DN-881,End Effectors,Vacuum Gripper,232044,5177,W-08,true,2023-03-03T03:57:49Z,2023-09-13T14:19:07Z
P-04814,NR-FRM-04814,Rapid-Cycle Base Plate EA-918,Frames and Structure,Base Plate,41426,46965,W-05,true,2024-05-15T21:08:57Z,2024-07-20T20:24:42Z
P-04815,NR-PWR-04815,Low-Backlash Power Supply Unit FN-955,Power Systems,Power Supply Unit,85788,5321,W-05,true,2024-03-15T15:27:23Z,2024-12-09T05:29:40Z
P-04816,NR-SEN-04816,Compact Force-Torque Sensor GA-992,Sensors,Force-Torque Sensor,124939,1320,W-05,true,2022-05-20T02:19:40Z,2022-10-31T13:30:30Z
P-04817,NR-ACT-04817,Quiet-Drive Rotary Actuator HN-129,Actuators,Rotary Actuator,15221,4212,W-06,true,2021-07-19T01:43:50Z,2022-04-24T18:10:18Z
P-04818,NR-CBL-04818,Sealed Servo Cable IA-166,Cabling and Connectors,Servo Cable,10862,1237,W-06,true,2022-12-10T08:27:53Z,2023-11-29T16:25:15Z
P-04819,NR-CTL-04819,Industrial Edge Compute Node JN-203,Controllers,Edge Compute Node,459133,7013,W-07,true,2021-06-15T16:13:38Z,2022-03-10T01:58:38Z
P-04820,NR-DRV-04820,Precision Timing Belt KA-240,Drivetrain,Timing Belt,193274,9124,W-01,true,2022-11-03T01:13:51Z,2022-11-30T02:47:45Z
P-04821,NR-EFF-04821,Modular Welding Torch LN-277,End Effectors,Welding Torch,272000,8934,W-03,true,2022-09-08T12:45:04Z,2023-09-23T11:50:40Z
P-04822,NR-FRM-04822,High-Torque Gantry Beam MA-314,Frames and Structure,Gantry Beam,18659,25643,W-07,true,2024-05-02T13:05:34Z,2024-05-14T19:53:48Z
P-04823,NR-PWR-04823,Heavy-Duty Motor Driver NN-351,Power Systems,Motor Driver,133068,1177,W-02,true,2024-10-30T10:28:03Z,2025-05-09T23:07:42Z
P-04824,NR-SEN-04824,Rapid-Cycle Proximity Sensor OA-388,Sensors,Proximity Sensor,95503,2517,W-05,true,2023-01-08T13:58:27Z,2023-02-21T01:28:26Z
P-04825,NR-ACT-04825,Low-Backlash Stepper Motor PN-425,Actuators,Stepper Motor,336663,6371,W-07,true,2021-10-03T23:34:45Z,2022-06-25T07:50:47Z
P-04826,NR-CBL-04826,Compact EtherCAT Cable QA-462,Cabling and Connectors,EtherCAT Cable,7937,3438,W-07,true,2024-12-21T11:14:42Z,2025-08-24T20:53:14Z
P-04827,NR-CTL-04827,Quiet-Drive IO Expansion Board RN-499,Controllers,IO Expansion Board,429100,5481,W-08,true,2023-12-30T17:54:02Z,2025-01-02T01:38:39Z
P-04828,NR-DRV-04828,Sealed Ball Screw SA-536,Drivetrain,Ball Screw,118423,5865,W-04,true,2023-03-28T02:03:53Z,2023-05-20T02:18:17Z
P-04829,NR-EFF-04829,Industrial Tool Changer TN-573,End Effectors,Tool Changer,49129,5451,W-06,true,2022-10-06T12:54:58Z,2022-12-06T10:55:58Z
P-04830,NR-FRM-04830,Precision Mounting Bracket UA-610,Frames and Structure,Mounting Bracket,68506,8763,W-08,true,2022-03-28T09:28:16Z,2022-12-08T04:23:06Z
P-04831,NR-PWR-04831,Modular DC-DC Converter VN-647,Power Systems,DC-DC Converter,208053,8291,W-07,true,2023-05-21T08:34:19Z,2024-02-05T19:18:53Z
P-04832,NR-SEN-04832,High-Torque Rotary Encoder WA-684,Sensors,Rotary Encoder,153525,1227,W-06,false,2021-03-22T05:59:22Z,2021-05-29T02:57:22Z
P-04833,NR-ACT-04833,Heavy-Duty Servo Motor XN-721,Actuators,Servo Motor,143776,7126,W-03,true,2022-10-19T08:40:48Z,2023-02-03T06:27:49Z
P-04834,NR-CBL-04834,Rapid-Cycle Cable Chain YA-758,Cabling and Connectors,Cable Chain,5673,2389,W-05,true,2022-07-03T11:44:55Z,2023-02-15T08:08:10Z
P-04835,NR-CTL-04835,Low-Backlash Motion Controller ZN-795,Controllers,Motion Controller,490369,1866,W-01,true,2023-06-05T18:18:37Z,2023-08-11T11:30:06Z
P-04836,NR-DRV-04836,Compact Harmonic Reducer AA-832,Drivetrain,Harmonic Reducer,149495,2980,W-07,true,2024-05-18T21:33:58Z,2024-08-31T20:51:33Z
P-04837,NR-EFF-04837,Quiet-Drive Parallel Gripper BN-869,End Effectors,Parallel Gripper,408576,6551,W-01,true,2021-02-16T20:22:55Z,2021-05-03T12:22:17Z
P-04838,NR-FRM-04838,Sealed Aluminum Extrusion CA-906,Frames and Structure,Aluminum Extrusion,40413,20949,W-01,true,2023-07-16T02:06:19Z,2023-08-29T21:52:25Z
P-04839,NR-PWR-04839,Industrial Battery Pack DN-943,Power Systems,Battery Pack,84993,11491,W-03,true,2023-06-30T14:07:46Z,2024-03-20T19:49:12Z
P-04840,NR-SEN-04840,Precision Thermal Camera Module EA-980,Sensors,Thermal Camera Module,268342,2855,W-01,true,2022-09-10T13:18:35Z,2023-08-22T10:23:36Z
P-04841,NR-ACT-04841,Modular Linear Actuator FN-117,Actuators,Linear Actuator,369649,16028,W-04,true,2021-01-13T07:22:35Z,2021-01-14T12:32:53Z
P-04842,NR-CBL-04842,High-Torque M12 Connector GA-154,Cabling and Connectors,M12 Connector,6459,633,W-04,true,2023-01-22T11:24:45Z,2023-06-13T22:06:02Z
P-04843,NR-CTL-04843,Heavy-Duty PLC Module HN-191,Controllers,PLC Module,416497,7807,W-01,true,2024-10-29T19:14:50Z,2025-06-14T09:07:45Z
P-04844,NR-DRV-04844,Rapid-Cycle Planetary Gearbox IA-228,Drivetrain,Planetary Gearbox,276078,3384,W-03,true,2023-12-30T06:27:48Z,2024-04-08T02:02:17Z
P-04845,NR-EFF-04845,Low-Backlash Vacuum Gripper JN-265,End Effectors,Vacuum Gripper,89844,2363,W-03,true,2022-06-21T10:52:48Z,2022-09-18T18:01:14Z
P-04846,NR-FRM-04846,Compact Base Plate KA-302,Frames and Structure,Base Plate,16046,35568,W-05,true,2021-04-10T08:04:38Z,2021-08-28T04:17:31Z
P-04847,NR-PWR-04847,Quiet-Drive Power Supply Unit LN-339,Power Systems,Power Supply Unit,57086,1817,W-02,true,2022-01-01T02:00:48Z,2022-09-12T11:55:31Z
P-04848,NR-SEN-04848,Sealed LIDAR Unit MA-376,Sensors,LIDAR Unit,162756,2680,W-06,true,2023-11-23T02:28:45Z,2024-12-03T02:02:31Z
P-04849,NR-ACT-04849,Industrial Rotary Actuator NN-413,Actuators,Rotary Actuator,157302,11253,W-06,true,2024-07-17T23:37:33Z,2025-04-04T00:52:12Z
P-04850,NR-CBL-04850,Precision Servo Cable OA-450,Cabling and Connectors,Servo Cable,3519,1776,W-07,true,2021-04-19T02:50:12Z,2021-04-26T04:00:30Z
P-04851,NR-CTL-04851,Modular Edge Compute Node PN-487,Controllers,Edge Compute Node,365778,7638,W-01,true,2022-02-03T20:44:03Z,2022-02-04T15:33:08Z
P-04852,NR-DRV-04852,High-Torque Timing Belt QA-524,Drivetrain,Timing Belt,81726,8336,W-07,true,2021-02-16T08:44:34Z,2022-01-03T02:25:21Z
P-04853,NR-EFF-04853,Heavy-Duty Welding Torch RN-561,End Effectors,Welding Torch,409761,8299,W-08,true,2022-02-15T10:06:23Z,2022-12-18T16:54:50Z
P-04854,NR-FRM-04854,Rapid-Cycle Gantry Beam SA-598,Frames and Structure,Gantry Beam,17057,44781,W-01,true,2023-02-12T21:29:27Z,2023-09-12T21:38:03Z
P-04855,NR-PWR-04855,Low-Backlash Motor Driver TN-635,Power Systems,Motor Driver,20067,10357,W-07,true,2024-03-12T04:04:28Z,2024-07-22T10:17:30Z
P-04856,NR-SEN-04856,Compact Force-Torque Sensor UA-672,Sensors,Force-Torque Sensor,140920,2371,W-07,true,2023-10-17T17:37:01Z,2024-04-25T00:22:22Z
P-04857,NR-ACT-04857,Quiet-Drive Stepper Motor VN-709,Actuators,Stepper Motor,268605,2579,W-07,true,2024-03-22T05:17:06Z,2024-08-22T09:50:13Z
P-04858,NR-CBL-04858,Sealed EtherCAT Cable WA-746,Cabling and Connectors,EtherCAT Cable,300,3958,W-04,true,2024-10-04T14:08:44Z,2025-07-13T01:54:06Z
P-04859,NR-CTL-04859,Industrial IO Expansion Board XN-783,Controllers,IO Expansion Board,353423,6748,W-08,true,2022-05-13T09:01:25Z,2022-05-21T13:07:50Z
P-04860,NR-DRV-04860,Precision Ball Screw YA-820,Drivetrain,Ball Screw,69170,8310,W-06,true,2023-10-25T02:48:48Z,2024-11-15T20:55:56Z
P-04861,NR-EFF-04861,Modular Tool Changer ZN-857,End Effectors,Tool Changer,339049,10117,W-04,true,2024-07-30T15:52:32Z,2025-05-26T11:34:03Z
P-04862,NR-FRM-04862,High-Torque Mounting Bracket AA-894,Frames and Structure,Mounting Bracket,37452,54032,W-04,true,2022-08-12T13:34:38Z,2022-10-20T01:08:18Z
P-04863,NR-PWR-04863,Heavy-Duty DC-DC Converter BN-931,Power Systems,DC-DC Converter,121368,15968,W-01,true,2023-11-08T02:05:51Z,2024-05-09T19:25:57Z
P-04864,NR-SEN-04864,Rapid-Cycle Proximity Sensor CA-968,Sensors,Proximity Sensor,228403,2470,W-03,true,2024-11-24T18:39:28Z,2025-11-02T14:54:03Z
P-04865,NR-ACT-04865,Low-Backlash Servo Motor DN-105,Actuators,Servo Motor,147974,18426,W-08,true,2024-09-09T14:18:53Z,2024-10-09T07:20:37Z
P-04866,NR-CBL-04866,Compact Cable Chain EA-142,Cabling and Connectors,Cable Chain,6494,1824,W-04,true,2022-09-15T18:34:31Z,2023-03-03T21:01:20Z
P-04867,NR-CTL-04867,Quiet-Drive Motion Controller FN-179,Controllers,Motion Controller,540544,4644,W-08,true,2021-08-14T09:27:48Z,2021-11-14T03:23:02Z
P-04868,NR-DRV-04868,Sealed Harmonic Reducer GA-216,Drivetrain,Harmonic Reducer,185555,6354,W-06,true,2021-03-29T17:57:57Z,2022-03-10T15:34:40Z
P-04869,NR-EFF-04869,Industrial Parallel Gripper HN-253,End Effectors,Parallel Gripper,10000,5683,W-08,true,2024-07-27T18:28:15Z,2025-08-21T05:47:39Z
P-04870,NR-FRM-04870,Precision Aluminum Extrusion IA-290,Frames and Structure,Aluminum Extrusion,51262,36570,W-08,true,2024-10-17T15:59:20Z,2025-03-18T10:43:13Z
P-04871,NR-PWR-04871,Modular Battery Pack JN-327,Power Systems,Battery Pack,193022,4257,W-05,true,2023-11-09T02:10:58Z,2024-05-18T10:16:34Z
P-04872,NR-SEN-04872,High-Torque Rotary Encoder KA-364,Sensors,Rotary Encoder,98865,1257,W-03,true,2023-09-04T12:13:45Z,2024-01-09T06:16:47Z
P-04873,NR-ACT-04873,Heavy-Duty Linear Actuator LN-401,Actuators,Linear Actuator,246659,3966,W-02,true,2022-12-30T06:37:24Z,2023-02-15T19:16:19Z
P-04874,NR-CBL-04874,Rapid-Cycle M12 Connector MA-438,Cabling and Connectors,M12 Connector,6081,2728,W-07,true,2021-10-10T22:55:45Z,2022-08-05T08:34:30Z
P-04875,NR-CTL-04875,Low-Backlash PLC Module NN-475,Controllers,PLC Module,232715,2784,W-03,true,2023-12-30T07:40:57Z,2024-05-20T12:33:16Z
P-04876,NR-DRV-04876,Compact Planetary Gearbox OA-512,Drivetrain,Planetary Gearbox,350000,6107,W-05,true,2021-07-17T17:48:28Z,2022-01-25T19:34:27Z
P-04877,NR-EFF-04877,Quiet-Drive Vacuum Gripper PN-549,End Effectors,Vacuum Gripper,294011,10544,W-01,true,2021-07-19T21:56:20Z,2022-05-19T16:28:33Z
P-04878,NR-FRM-04878,Sealed Base Plate QA-586,Frames and Structure,Base Plate,28176,29676,W-07,true,2021-09-01T06:37:14Z,2021-10-21T05:58:41Z
P-04879,NR-PWR-04879,Industrial Power Supply Unit RN-623,Power Systems,Power Supply Unit,127685,16594,W-02,true,2023-02-16T06:59:34Z,2024-02-25T16:40:32Z
P-04880,NR-SEN-04880,Precision Thermal Camera Module SA-660,Sensors,Thermal Camera Module,188071,1997,W-02,true,2021-09-26T09:45:59Z,2022-07-14T05:16:33Z
P-04881,NR-ACT-04881,Modular Rotary Actuator TN-697,Actuators,Rotary Actuator,366527,13987,W-02,true,2023-01-05T15:46:52Z,2023-12-10T02:26:16Z
P-04882,NR-CBL-04882,High-Torque Servo Cable UA-734,Cabling and Connectors,Servo Cable,3633,122,W-04,true,2021-09-01T03:09:10Z,2021-12-30T15:08:40Z
P-04883,NR-CTL-04883,Heavy-Duty Edge Compute Node VN-771,Controllers,Edge Compute Node,501659,6699,W-04,true,2022-05-18T00:24:30Z,2023-06-02T19:15:34Z
P-04884,NR-DRV-04884,Rapid-Cycle Timing Belt WA-808,Drivetrain,Timing Belt,92634,1002,W-03,true,2024-05-02T15:28:55Z,2024-08-28T05:03:44Z
P-04885,NR-EFF-04885,Low-Backlash Welding Torch XN-845,End Effectors,Welding Torch,272183,2370,W-02,true,2021-12-13T02:28:17Z,2022-06-14T01:12:31Z
P-04886,NR-FRM-04886,Compact Gantry Beam YA-882,Frames and Structure,Gantry Beam,34244,36739,W-02,true,2023-02-13T09:18:17Z,2023-05-05T01:35:04Z
P-04887,NR-PWR-04887,Quiet-Drive Motor Driver ZN-919,Power Systems,Motor Driver,36036,15781,W-03,true,2023-07-19T22:25:28Z,2024-06-02T08:16:24Z
P-04888,NR-SEN-04888,Sealed LIDAR Unit AA-956,Sensors,LIDAR Unit,99632,3500,W-07,true,2022-04-27T06:17:11Z,2023-05-19T17:16:43Z
P-04889,NR-ACT-04889,Industrial Stepper Motor BN-993,Actuators,Stepper Motor,223664,15526,W-01,true,2022-12-08T14:09:55Z,2023-04-04T18:58:09Z
P-04890,NR-CBL-04890,Precision EtherCAT Cable CA-130,Cabling and Connectors,EtherCAT Cable,9848,1553,W-07,true,2021-07-10T22:11:05Z,2022-04-11T10:27:48Z
P-04891,NR-CTL-04891,Modular IO Expansion Board DN-167,Controllers,IO Expansion Board,452041,3966,W-02,true,2023-01-16T22:31:21Z,2023-09-19T10:54:16Z
P-04892,NR-DRV-04892,High-Torque Ball Screw EA-204,Drivetrain,Ball Screw,117161,9386,W-02,true,2024-03-06T16:39:50Z,2024-11-24T13:14:24Z
P-04893,NR-EFF-04893,Heavy-Duty Tool Changer FN-241,End Effectors,Tool Changer,83797,4930,W-05,true,2021-06-19T03:03:15Z,2021-06-20T07:10:22Z
P-04894,NR-FRM-04894,Rapid-Cycle Mounting Bracket GA-278,Frames and Structure,Mounting Bracket,15153,22154,W-01,true,2023-02-04T00:28:12Z,2023-08-24T23:07:26Z
P-04895,NR-PWR-04895,Low-Backlash DC-DC Converter HN-315,Power Systems,DC-DC Converter,126003,13855,W-01,true,2024-06-14T08:10:02Z,2025-05-11T19:42:35Z
P-04896,NR-SEN-04896,Compact Force-Torque Sensor IA-352,Sensors,Force-Torque Sensor,55643,2904,W-05,true,2022-05-29T09:43:07Z,2022-12-03T13:20:29Z
P-04897,NR-ACT-04897,Quiet-Drive Servo Motor JN-389,Actuators,Servo Motor,305570,9657,W-03,true,2024-03-01T09:07:40Z,2025-01-12T14:42:00Z
P-04898,NR-CBL-04898,Sealed Cable Chain KA-426,Cabling and Connectors,Cable Chain,10063,1897,W-06,true,2024-08-29T22:12:45Z,2024-12-22T19:12:46Z
P-04899,NR-CTL-04899,Industrial Motion Controller LN-463,Controllers,Motion Controller,705927,8270,W-08,true,2021-09-22T12:04:17Z,2022-10-17T10:00:14Z
P-04900,NR-DRV-04900,Precision Harmonic Reducer MA-500,Drivetrain,Harmonic Reducer,325231,13132,W-02,true,2021-12-06T13:08:24Z,2022-12-18T04:45:54Z
P-04901,NR-EFF-04901,Modular Parallel Gripper NN-537,End Effectors,Parallel Gripper,216372,9697,W-07,true,2022-05-02T13:47:05Z,2022-06-10T15:02:54Z
P-04902,NR-FRM-04902,High-Torque Aluminum Extrusion OA-574,Frames and Structure,Aluminum Extrusion,35813,38245,W-07,true,2024-11-11T23:16:25Z,2024-11-15T00:03:55Z
P-04903,NR-PWR-04903,Heavy-Duty Battery Pack PN-611,Power Systems,Battery Pack,126991,11453,W-04,true,2023-01-13T20:37:20Z,2023-12-11T13:44:09Z
P-04904,NR-SEN-04904,Rapid-Cycle Proximity Sensor QA-648,Sensors,Proximity Sensor,168959,2058,W-06,true,2023-01-27T05:40:00Z,2024-01-12T10:59:34Z
P-04905,NR-ACT-04905,Low-Backlash Linear Actuator RN-685,Actuators,Linear Actuator,257391,22000,W-02,true,2023-04-08T10:00:18Z,2023-12-10T16:52:26Z
P-04906,NR-CBL-04906,Compact M12 Connector SA-722,Cabling and Connectors,M12 Connector,3260,1344,W-08,true,2022-04-08T23:41:44Z,2023-04-20T10:57:38Z
P-04907,NR-CTL-04907,Quiet-Drive PLC Module TN-759,Controllers,PLC Module,619722,4422,W-08,true,2023-08-12T19:29:25Z,2024-07-20T12:26:00Z
P-04908,NR-DRV-04908,Sealed Planetary Gearbox UA-796,Drivetrain,Planetary Gearbox,113772,3938,W-04,true,2023-02-25T23:44:54Z,2023-11-22T00:16:40Z
P-04909,NR-EFF-04909,Industrial Vacuum Gripper VN-833,End Effectors,Vacuum Gripper,458844,2640,W-07,true,2021-06-25T21:34:32Z,2022-01-08T12:55:07Z
P-04910,NR-FRM-04910,Precision Base Plate WA-870,Frames and Structure,Base Plate,55767,27296,W-01,true,2022-11-07T23:13:16Z,2023-05-15T20:01:15Z
P-04911,NR-PWR-04911,Modular Power Supply Unit XN-907,Power Systems,Power Supply Unit,157535,5856,W-03,true,2023-01-12T17:25:59Z,2024-01-18T00:20:17Z
P-04912,NR-SEN-04912,High-Torque Rotary Encoder YA-944,Sensors,Rotary Encoder,100599,1829,W-03,true,2021-12-12T06:27:25Z,2023-01-10T12:36:15Z
P-04913,NR-ACT-04913,Heavy-Duty Rotary Actuator ZN-981,Actuators,Rotary Actuator,214374,17082,W-01,true,2024-06-19T18:41:55Z,2024-08-15T06:04:17Z
P-04914,NR-CBL-04914,Rapid-Cycle Servo Cable AA-118,Cabling and Connectors,Servo Cable,9463,10,W-08,true,2024-03-20T08:00:09Z,2025-03-19T16:11:35Z
P-04915,NR-CTL-04915,Low-Backlash Edge Compute Node BN-155,Controllers,Edge Compute Node,336760,6854,W-05,true,2021-10-19T02:44:41Z,2021-11-19T13:32:28Z
P-04916,NR-DRV-04916,Compact Timing Belt CA-192,Drivetrain,Timing Belt,164750,6862,W-05,true,2021-01-20T02:24:04Z,2021-09-25T09:50:18Z
P-04917,NR-EFF-04917,Quiet-Drive Welding Torch DN-229,End Effectors,Welding Torch,209139,10805,W-07,true,2022-05-16T08:10:45Z,2023-02-23T07:36:17Z
P-04918,NR-FRM-04918,Sealed Gantry Beam EA-266,Frames and Structure,Gantry Beam,37311,43071,W-04,true,2022-03-07T16:35:40Z,2022-10-28T23:22:20Z
P-04919,NR-PWR-04919,Industrial Motor Driver FN-303,Power Systems,Motor Driver,172789,7437,W-08,true,2024-02-23T14:14:32Z,2025-02-22T03:31:41Z
P-04920,NR-SEN-04920,Precision Thermal Camera Module GA-340,Sensors,Thermal Camera Module,185309,2044,W-04,true,2024-10-04T05:31:08Z,2024-11-16T04:50:40Z
P-04921,NR-ACT-04921,Modular Stepper Motor HN-377,Actuators,Stepper Motor,261111,2147,W-01,true,2022-08-01T15:55:08Z,2022-12-30T22:18:18Z
P-04922,NR-CBL-04922,High-Torque EtherCAT Cable IA-414,Cabling and Connectors,EtherCAT Cable,10169,1336,W-06,true,2024-11-09T17:40:11Z,2024-11-25T09:02:26Z
P-04923,NR-CTL-04923,Heavy-Duty IO Expansion Board JN-451,Controllers,IO Expansion Board,25000,1427,W-04,true,2024-02-09T09:10:27Z,2024-05-12T14:50:55Z
P-04924,NR-DRV-04924,Rapid-Cycle Ball Screw KA-488,Drivetrain,Ball Screw,19202,2912,W-04,true,2024-04-01T16:31:19Z,2024-12-10T06:59:50Z
P-04925,NR-EFF-04925,Low-Backlash Tool Changer LN-525,End Effectors,Tool Changer,157600,3473,W-02,true,2024-05-07T04:52:33Z,2025-05-11T23:53:13Z
P-04926,NR-FRM-04926,Compact Mounting Bracket MA-562,Frames and Structure,Mounting Bracket,62705,28604,W-01,true,2023-07-03T09:50:38Z,2024-07-01T14:04:49Z
P-04927,NR-PWR-04927,Quiet-Drive DC-DC Converter NN-599,Power Systems,DC-DC Converter,49821,10714,W-01,true,2024-08-06T12:09:08Z,2025-06-01T09:43:46Z
P-04928,NR-SEN-04928,Sealed LIDAR Unit OA-636,Sensors,LIDAR Unit,73403,2355,W-08,true,2022-05-22T06:33:09Z,2023-02-06T10:58:13Z
P-04929,NR-ACT-04929,Industrial Servo Motor PN-673,Actuators,Servo Motor,422744,9769,W-04,true,2022-03-31T03:05:26Z,2022-11-01T14:58:22Z
P-04930,NR-CBL-04930,Precision Cable Chain QA-710,Cabling and Connectors,Cable Chain,13059,1967,W-06,true,2023-07-23T00:02:35Z,2024-05-28T11:32:51Z
P-04931,NR-CTL-04931,Modular Motion Controller RN-747,Controllers,Motion Controller,627930,7139,W-02,true,2021-01-27T17:55:24Z,2022-01-05T15:01:17Z
P-04932,NR-DRV-04932,High-Torque Harmonic Reducer SA-784,Drivetrain,Harmonic Reducer,74817,3749,W-07,true,2021-08-18T11:15:55Z,2022-08-01T22:30:14Z
P-04933,NR-EFF-04933,Heavy-Duty Parallel Gripper TN-821,End Effectors,Parallel Gripper,142809,5787,W-06,true,2022-06-01T14:58:18Z,2023-01-23T23:20:14Z
P-04934,NR-FRM-04934,Rapid-Cycle Aluminum Extrusion UA-858,Frames and Structure,Aluminum Extrusion,25753,8868,W-01,true,2021-04-16T03:34:56Z,2022-04-07T12:28:22Z
P-04935,NR-PWR-04935,Low-Backlash Battery Pack VN-895,Power Systems,Battery Pack,88910,10167,W-05,true,2024-05-30T03:49:40Z,2025-01-30T09:29:19Z
P-04936,NR-SEN-04936,Compact Force-Torque Sensor WA-932,Sensors,Force-Torque Sensor,44578,1306,W-08,true,2023-02-26T01:49:11Z,2024-03-21T01:40:27Z
P-04937,NR-ACT-04937,Quiet-Drive Linear Actuator XN-969,Actuators,Linear Actuator,190082,17148,W-01,true,2023-12-09T22:30:47Z,2023-12-11T15:53:38Z
P-04938,NR-CBL-04938,Sealed M12 Connector YA-106,Cabling and Connectors,M12 Connector,3663,3239,W-04,true,2023-01-12T08:00:22Z,2023-05-02T13:52:10Z
P-04939,NR-CTL-04939,Industrial PLC Module ZN-143,Controllers,PLC Module,321212,5233,W-07,true,2022-12-06T09:25:20Z,2022-12-25T01:28:30Z
P-04940,NR-DRV-04940,Precision Planetary Gearbox AA-180,Drivetrain,Planetary Gearbox,88283,12955,W-05,true,2022-10-08T07:31:38Z,2023-09-21T14:56:54Z
P-04941,NR-EFF-04941,Modular Vacuum Gripper BN-217,End Effectors,Vacuum Gripper,343663,10758,W-01,true,2023-05-01T12:37:50Z,2023-11-05T18:01:35Z
P-04942,NR-FRM-04942,High-Torque Base Plate CA-254,Frames and Structure,Base Plate,8849,21802,W-05,true,2023-03-20T20:51:27Z,2023-12-04T23:35:43Z
P-04943,NR-PWR-04943,Heavy-Duty Power Supply Unit DN-291,Power Systems,Power Supply Unit,140232,14800,W-08,true,2024-02-01T07:39:01Z,2024-06-12T20:46:47Z
P-04944,NR-SEN-04944,Rapid-Cycle Proximity Sensor EA-328,Sensors,Proximity Sensor,134870,2335,W-02,true,2021-01-04T22:02:25Z,2021-12-01T21:11:23Z
P-04945,NR-ACT-04945,Low-Backlash Rotary Actuator FN-365,Actuators,Rotary Actuator,179510,4734,W-01,true,2021-02-21T18:58:21Z,2022-01-04T16:35:20Z
P-04946,NR-CBL-04946,Compact Servo Cable GA-402,Cabling and Connectors,Servo Cable,2457,1454,W-02,false,2022-10-23T07:04:45Z,2023-01-27T07:34:05Z
P-04947,NR-CTL-04947,Quiet-Drive Edge Compute Node HN-439,Controllers,Edge Compute Node,347270,5248,W-08,true,2023-11-02T16:41:33Z,2024-09-19T01:48:07Z
P-04948,NR-DRV-04948,Sealed Timing Belt IA-476,Drivetrain,Timing Belt,261208,8619,W-04,true,2024-12-21T23:19:07Z,2025-09-19T17:51:12Z
P-04949,NR-EFF-04949,Industrial Welding Torch JN-513,End Effectors,Welding Torch,131980,4807,W-03,true,2024-03-16T08:56:09Z,2024-11-25T11:20:45Z
P-04950,NR-FRM-04950,Precision Gantry Beam KA-550,Frames and Structure,Gantry Beam,32017,56518,W-08,true,2024-03-22T07:00:43Z,2025-02-28T12:58:14Z
P-04951,NR-PWR-04951,Modular Motor Driver LN-587,Power Systems,Motor Driver,38274,9861,W-03,false,2022-04-02T04:35:27Z,2022-05-02T13:27:11Z
P-04952,NR-SEN-04952,High-Torque Rotary Encoder MA-624,Sensors,Rotary Encoder,202205,2958,W-02,true,2023-04-20T18:15:57Z,2023-12-25T10:25:14Z
P-04953,NR-ACT-04953,Heavy-Duty Stepper Motor NN-661,Actuators,Stepper Motor,278406,4982,W-06,true,2023-01-23T12:53:26Z,2024-02-18T21:20:52Z
P-04954,NR-CBL-04954,Rapid-Cycle EtherCAT Cable OA-698,Cabling and Connectors,EtherCAT Cable,6745,2914,W-06,true,2021-03-14T04:20:31Z,2021-03-30T17:01:58Z
P-04955,NR-CTL-04955,Low-Backlash IO Expansion Board PN-735,Controllers,IO Expansion Board,760821,8893,W-02,true,2021-05-14T01:09:24Z,2022-02-25T07:38:01Z
P-04956,NR-DRV-04956,Compact Ball Screw QA-772,Drivetrain,Ball Screw,267852,9070,W-01,true,2021-07-01T15:56:29Z,2022-05-13T01:35:01Z
P-04957,NR-EFF-04957,Quiet-Drive Tool Changer RN-809,End Effectors,Tool Changer,147005,8559,W-01,true,2023-11-24T04:03:18Z,2024-02-21T03:59:28Z
P-04958,NR-FRM-04958,Sealed Mounting Bracket SA-846,Frames and Structure,Mounting Bracket,64748,41116,W-01,false,2021-05-19T18:33:24Z,2021-11-15T03:55:23Z
P-04959,NR-PWR-04959,Industrial DC-DC Converter TN-883,Power Systems,DC-DC Converter,120784,8446,W-02,true,2023-10-14T13:58:48Z,2024-07-17T07:46:47Z
P-04960,NR-SEN-04960,Precision Thermal Camera Module UA-920,Sensors,Thermal Camera Module,174391,1833,W-05,true,2022-04-13T09:12:40Z,2022-05-09T17:27:57Z
P-04961,NR-ACT-04961,Modular Servo Motor VN-957,Actuators,Servo Motor,363603,9037,W-06,true,2023-01-12T20:38:28Z,2023-01-30T19:19:35Z
P-04962,NR-CBL-04962,High-Torque Cable Chain WA-994,Cabling and Connectors,Cable Chain,1208,3175,W-07,true,2022-08-21T04:28:36Z,2023-04-19T02:26:46Z
P-04963,NR-CTL-04963,Heavy-Duty Motion Controller XN-131,Controllers,Motion Controller,315696,3488,W-05,true,2023-10-06T09:06:37Z,2024-07-02T21:35:53Z
P-04964,NR-DRV-04964,Rapid-Cycle Harmonic Reducer YA-168,Drivetrain,Harmonic Reducer,166491,281,W-05,true,2021-12-16T22:27:40Z,2022-10-18T18:20:03Z
P-04965,NR-EFF-04965,Low-Backlash Parallel Gripper ZN-205,End Effectors,Parallel Gripper,275729,8088,W-04,true,2024-09-14T18:48:34Z,2025-01-20T17:50:23Z
P-04966,NR-FRM-04966,Compact Aluminum Extrusion AA-242,Frames and Structure,Aluminum Extrusion,35202,42680,W-04,true,2023-03-25T23:18:04Z,2023-09-13T13:45:22Z
P-04967,NR-PWR-04967,Quiet-Drive Battery Pack BN-279,Power Systems,Battery Pack,129507,10720,W-02,true,2023-11-04T12:28:40Z,2024-03-26T10:04:19Z
P-04968,NR-SEN-04968,Sealed LIDAR Unit CA-316,Sensors,LIDAR Unit,146966,3013,W-07,true,2022-01-20T22:05:00Z,2022-02-17T06:35:36Z
P-04969,NR-ACT-04969,Industrial Linear Actuator DN-353,Actuators,Linear Actuator,254998,2537,W-08,true,2023-07-09T04:05:24Z,2023-07-23T06:57:23Z
P-04970,NR-CBL-04970,Precision M12 Connector EA-390,Cabling and Connectors,M12 Connector,6214,4000,W-05,true,2021-09-15T10:22:09Z,2022-05-19T00:20:49Z
P-04971,NR-CTL-04971,Modular PLC Module FN-427,Controllers,PLC Module,487367,4840,W-08,true,2022-11-11T16:18:19Z,2022-12-21T05:42:11Z
P-04972,NR-DRV-04972,High-Torque Planetary Gearbox GA-464,Drivetrain,Planetary Gearbox,84713,5812,W-04,true,2023-02-13T07:56:25Z,2023-02-24T03:16:18Z
P-04973,NR-EFF-04973,Heavy-Duty Vacuum Gripper HN-501,End Effectors,Vacuum Gripper,393048,5045,W-01,true,2022-09-24T03:24:58Z,2022-12-12T20:54:00Z
P-04974,NR-FRM-04974,Rapid-Cycle Base Plate IA-538,Frames and Structure,Base Plate,41627,33029,W-07,true,2021-06-18T16:13:31Z,2021-11-05T23:28:13Z
P-04975,NR-PWR-04975,Low-Backlash Power Supply Unit JN-575,Power Systems,Power Supply Unit,71945,7802,W-07,true,2022-05-21T16:04:40Z,2022-12-10T11:30:11Z
P-04976,NR-SEN-04976,Compact Force-Torque Sensor KA-612,Sensors,Force-Torque Sensor,218642,1385,W-03,true,2021-12-26T19:56:51Z,2022-03-23T14:14:11Z
P-04977,NR-ACT-04977,Quiet-Drive Rotary Actuator LN-649,Actuators,Rotary Actuator,289266,15335,W-02,true,2022-11-17T15:39:27Z,2023-09-26T05:35:04Z
P-04978,NR-CBL-04978,Sealed Servo Cable MA-686,Cabling and Connectors,Servo Cable,4292,1398,W-01,true,2021-09-09T08:21:14Z,2022-06-11T19:36:31Z
P-04979,NR-CTL-04979,Industrial Edge Compute Node NN-723,Controllers,Edge Compute Node,810913,2963,W-06,true,2022-07-20T05:40:57Z,2022-08-18T01:44:19Z
P-04980,NR-DRV-04980,Precision Timing Belt OA-760,Drivetrain,Timing Belt,63858,5756,W-04,true,2024-11-04T21:59:06Z,2025-05-03T18:12:21Z
P-04981,NR-EFF-04981,Modular Welding Torch PN-797,End Effectors,Welding Torch,224360,5027,W-05,true,2021-05-27T02:21:08Z,2022-04-21T15:54:46Z
P-04982,NR-FRM-04982,High-Torque Gantry Beam QA-834,Frames and Structure,Gantry Beam,56311,33001,W-01,true,2024-07-08T15:59:59Z,2024-09-10T17:39:01Z
P-04983,NR-PWR-04983,Heavy-Duty Motor Driver RN-871,Power Systems,Motor Driver,114855,18000,W-02,true,2024-10-24T21:41:55Z,2025-09-14T02:27:40Z
P-04984,NR-SEN-04984,Rapid-Cycle Proximity Sensor SA-908,Sensors,Proximity Sensor,83412,3225,W-05,true,2022-07-29T17:49:10Z,2022-12-20T17:05:25Z
P-04985,NR-ACT-04985,Low-Backlash Stepper Motor TN-945,Actuators,Stepper Motor,152046,13075,W-01,true,2023-02-17T01:45:10Z,2023-06-08T11:33:46Z
P-04986,NR-CBL-04986,Compact EtherCAT Cable UA-982,Cabling and Connectors,EtherCAT Cable,2375,970,W-03,true,2022-07-28T09:26:16Z,2023-02-12T23:21:34Z
P-04987,NR-CTL-04987,Quiet-Drive IO Expansion Board VN-119,Controllers,IO Expansion Board,742708,6328,W-03,true,2024-12-18T20:28:33Z,2025-12-13T09:41:32Z
P-04988,NR-DRV-04988,Sealed Ball Screw WA-156,Drivetrain,Ball Screw,116402,6537,W-04,true,2021-07-29T18:32:36Z,2021-08-15T00:28:58Z
P-04989,NR-EFF-04989,Industrial Tool Changer XN-193,End Effectors,Tool Changer,76672,2818,W-03,true,2023-07-13T02:28:38Z,2024-05-12T17:11:07Z
P-04990,NR-FRM-04990,Precision Mounting Bracket YA-230,Frames and Structure,Mounting Bracket,69870,20039,W-07,true,2024-06-22T18:43:42Z,2025-06-26T21:31:02Z
P-04991,NR-PWR-04991,Modular DC-DC Converter ZN-267,Power Systems,DC-DC Converter,125444,8827,W-05,true,2023-11-16T22:23:29Z,2024-02-18T23:12:37Z
P-04992,NR-SEN-04992,High-Torque Rotary Encoder AA-304,Sensors,Rotary Encoder,132745,2389,W-05,true,2021-09-22T15:22:04Z,2022-08-26T18:31:02Z
P-04993,NR-ACT-04993,Heavy-Duty Servo Motor BN-341,Actuators,Servo Motor,208057,7907,W-07,true,2022-05-21T17:23:02Z,2023-02-20T01:54:52Z
P-04994,NR-CBL-04994,Rapid-Cycle Cable Chain CA-378,Cabling and Connectors,Cable Chain,6801,2360,W-02,true,2022-10-31T08:35:52Z,2023-02-26T18:12:29Z
P-04995,NR-CTL-04995,Low-Backlash Motion Controller DN-415,Controllers,Motion Controller,535354,3354,W-06,true,2024-09-02T18:16:43Z,2025-06-09T10:45:16Z
P-04996,NR-DRV-04996,Compact Harmonic Reducer EA-452,Drivetrain,Harmonic Reducer,85342,13481,W-02,true,2021-07-25T20:51:11Z,2022-05-03T01:32:25Z
P-04997,NR-EFF-04997,Quiet-Drive Parallel Gripper FN-489,End Effectors,Parallel Gripper,289977,192,W-05,true,2022-09-17T10:16:17Z,2023-10-13T08:47:46Z
P-04998,NR-FRM-04998,Sealed Aluminum Extrusion GA-526,Frames and Structure,Aluminum Extrusion,25985,16648,W-07,true,2023-03-28T11:28:36Z,2023-08-09T00:21:15Z
P-04999,NR-PWR-04999,Industrial Battery Pack HN-563,Power Systems,Battery Pack,106033,4579,W-05,true,2022-08-31T20:24:29Z,2023-01-24T23:43:44Z
P-05000,NR-SEN-05000,Precision Thermal Camera Module IA-600,Sensors,Thermal Camera Module,159185,1977,W-03,true,2021-11-26T03:52:57Z,2022-12-10T18:09:01Z
